BOR,AN,420,FI_EJ,LIT_MED,JLI_MED,SEJHC_MED,SEJ0_MED,JOU_MED,LIT_CHI,JLI_CHI,SEJHC_CHI,SEJ0_CHI,JOU_CHI,LIT_OBS,JLI_OBS,SEJHC_OBS,SEJ0_OBS,JOU_OBS,LIT_MCO,JLI_MCO,SEJHC_MCO,SEJ0_MCO,JOU_MCO,PLA_MED,SEJHP_MED,PLAN_MED,SEJN_MED,SEA_MED,PLA_CHI,SEJHP_CHI,PLA_OBS,SEJHP_OBS,PLAN_OBS,SEJN_OBS,PLA_MCO,SEJHP_MCO,PLAN_MCO,SEJN_MCO,SEA_MCO,PCAR,PDER,PEND,PGAS,PNEU,PPED,PPNE,PRHU,POPH,DEND,DNEU,DPED,DOPH,ACTCLI_PM,ACTCLI_SAG,ACTTEC_PM,ACTTEC_DEN,ACTTEC_SAG,ACTTEC_PNM
MCO,2018,10000024,10780054,272,96534,15033,1108,85835,73,25176,3969,134,17556,43,15695,3867,813,13070,388,137405,22869,2055,116461,14,2462,,,39403,20,5242,4,0,,,38,7704,,,39403,1,1,1,1,1,1,1,1,1,180,205,65,,94461,6465,67430,559,11723,8534
MCO,2018,10000032,10780062,66,24090,3861,337,20250,17,6205,1060,27,5002,10,3650,554,56,1803,93,33945,5475,420,27055,4,74,,,903,5,1323,0,96,,,9,1493,,,903,1,0,1,1,1,1,1,1,0,182,47,91,,17843,1334,18844,0,2272,2782
MCO,2018,10000065,10780096,59,21535,2241,25,19092,,,0,0,0,,,0,0,0,59,21535,2241,25,19092,,0,,,3,,0,,0,,,,0,,,3,,,1,,,,1,,,,,,,,,,,,
MCO,2018,10000099,10780120,9,3285,148,1,1870,,,0,0,0,,,0,0,0,9,3285,148,1,1870,,0,,,0,,0,,0,,,,0,,,0,0,0,0,0,0,0,0,0,0,,,,,,,,,,
MCO,2018,10000107,10780138,15,5475,201,1,2384,,,0,0,0,,,0,0,0,15,5475,201,1,2384,0,0,,,0,,0,,0,,,0,0,,,0,0,0,0,0,0,0,0,0,0,,,,,,,,,,
MCO,2018,10000115,10009132,12,4380,125,0,2934,,,0,0,0,,,0,0,0,12,4380,125,0,2934,,0,,,0,,0,,0,,,,0,,,0,0,0,0,0,0,0,0,0,0,,,,,,,,,,
MCO,2018,10000131,10009132,8,2920,199,1,2853,,,0,0,0,,,0,0,0,8,2920,199,1,2853,,0,,,0,,0,,0,,,,0,,,0,0,0,0,0,0,0,0,0,0,,,,,,,,,,
MCO,2018,10000180,10007987,10,3650,318,2,2680,,,0,0,0,,,0,0,0,10,3650,318,2,2680,,0,,,0,,0,,0,,,,0,,,0,0,0,0,0,0,0,0,0,0,,,,,,,,,,
MCO,2018,10000214,10007987,20,7300,265,1,4038,,,0,0,0,,,0,0,0,20,7300,265,1,4038,,0,,,0,,0,,0,,,,0,,,0,0,0,0,0,0,0,1,,0,,,,,1021,,,,,2738
MCO,2018,10005239,10008407,60,23364,4504,370,21479,26,9490,1262,78,5235,21,7665,957,119,3149,107,40519,6723,567,29863,7,753,,,176,7,1589,1,115,,,15,2457,,,176,1,0,1,1,1,1,0,0,1,,,,,23167,5738,30193,0,5408,7625
MCO,2018,10007300,10007292,0,0,0,0,0,0,0,0,0,0,0,0,0,0,0,0,0,0,0,0,,0,,,0,2,2361,,0,,,2,2361,,,0,,,,,,,,,,,,,,,,,,,
MCO,2018,10780195,10000156,68,24820,4297,1515,14414,69,25185,5985,219,17934,,,0,0,0,137,50005,10282,1734,32348,,3,,,2767,31,9709,,0,,,31,9712,,,2767,,,,,,,,,,,,,,,,,,,
MCO,2018,10780203,10010718,26,9490,3020,359,11395,46,16790,1903,148,6372,15,5475,782,22,3221,87,31755,5705,529,20988,2,829,,,215,26,5025,,0,,,28,5854,,,215,,,,,,,,,,,,,,,,,,,
MCO,2018,10780294,690000278,,,0,0,0,,,0,0,0,,,0,0,0,,,0,0,0,1,31,,,7991,,0,,0,,,1,31,,,7991,,,,,,,,,,,,,,,,,,,
MCO,2018,20000089,20000022,28,10220,1189,84,9127,0,0,0,0,0,0,0,0,0,0,28,10220,1189,84,9127,0,0,0,0,4,0,0,0,0,0,0,0,0,0,0,4,1,1,1,0,0,1,0,1,1,200,0,20,160,11226,,6040,,656,1117
MCO,2018,20000097,20000048,38,13870,708,12,10718,,,0,0,0,,,0,0,0,38,13870,708,12,10718,8,283,,,0,,0,,0,,,8,283,,,0,0,1,0,0,0,0,0,0,1,,,,300,846,,513,,,
MCO,2018,20000105,20000055,15,3644,379,6,3585,,,0,0,0,,,0,0,0,15,3644,379,6,3585,,0,,,0,,0,,0,,,,0,,,0,1,0,0,0,0,0,0,1,0,,,,,891,4,868,,3,
MCO,2018,20000162,20000063,287,104347,17553,1170,96107,86,30783,5059,355,20215,18,6570,1837,86,7006,391,141700,24449,1611,123328,21,2950,2,362,45362,26,6126,0,791,0,0,49,9867,2,362,45362,1,1,1,1,1,1,1,1,1,,112,,,109359,501,56772,0,3572,14463
MCO,2018,20000246,20000071,36,13140,619,5,7742,,,0,0,0,,,0,0,0,36,13140,619,5,7742,,0,,,0,,0,,0,,,,0,,,0,,,,,,,,,,,,,,953,46,22,,42,36
MCO,2018,20000360,20014742,,,0,0,0,30,10710,1276,14,3734,,,0,0,0,30,10710,1276,14,3734,0,1663,,,0,18,3943,,0,,,18,5606,,,0,,,,,,,,,,,,,,,,,,,
MCO,2018,20000394,20000253,139,50735,6763,484,44159,42,15075,2728,153,11125,20,7300,1329,105,5122,201,73110,10820,742,60406,11,966,,,8294,11,1648,0,233,,,22,2847,,,8294,1,0,1,1,1,1,1,1,1,50,41,15,138,,,,,,
MCO,2018,20000519,20000261,191,69715,13131,2421,59059,45,11199,2767,100,12024,25,9125,2289,389,7351,261,90039,18187,2910,78434,8,0,,,14035,14,2682,,0,,,22,2682,,,14035,1,,1,1,1,1,1,1,1,35,90,25,60,71887,1384,71005,361,4349,26733
MCO,2018,20000535,20000287,125,45625,5034,211,36599,14,5110,699,43,3830,20,7300,818,45,3321,159,58035,6551,299,43750,5,487,1,413,1763,21,2558,1,226,,,28,3271,1,413,1763,,,,,,,,,,15,,30,0,31158,711,28600,,1252,6746
MCO,2018,20001061,20004404,135,49275,7670,1064,40682,15,5475,1076,66,4068,18,6570,807,4,3381,168,61320,9553,1134,48131,4,124,2,109,149,10,2779,0,193,,,16,3096,2,109,149,1,1,1,1,1,1,1,0,1,8,40,17,,36430,2474,26405,627,1962,14997
MCO,2018,20001087,20004495,60,21900,2993,1095,16571,,,0,0,0,,,0,0,0,60,21900,2993,1095,16571,4,606,,,0,,0,,0,,,4,606,,,0,1,1,1,0,0,1,1,0,0,,,,,,,,,,
MCO,2018,20010047,20001632,35,12775,1905,268,12501,68,24820,4226,118,12173,17,6205,854,21,3172,120,43800,6985,407,27846,4,9,,,4252,40,9333,0,0,,,44,9342,,,4252,,,,,,,,,,,,,,,,,,,
MCO,2018,30000061,30780092,235,85775,10176,861,71984,60,21900,3161,238,16318,25,9215,1491,6,5928,320,116890,14828,1105,94230,15,583,,,24536,9,2114,2,242,,,26,2939,,,24536,1,0,1,1,1,1,1,0,1,,,55,308,54758,6064,62499,1841,3466,15978
MCO,2018,30000079,30780100,261,87601,14762,2423,85048,33,11967,1633,64,8342,33,11595,1764,73,5889,327,111163,18159,2560,99279,2,1164,,,10519,4,678,3,566,,,9,2408,,,10519,1,1,1,1,1,1,1,1,1,,,,,47880,2901,53251,0,4177,12771
MCO,2018,30000087,30780118,239,84461,14372,2385,75445,74,25728,3944,233,19667,23,8395,1911,265,5580,336,118584,20227,2883,100692,13,1392,,,12675,21,5792,,0,,,34,7184,,,12675,1,1,1,1,1,1,1,1,1,86,198,33,0,58991,4133,64132,,5062,8260
MCO,2018,30000095,30780126,8,2920,93,0,1807,,,0,0,0,,,0,0,0,8,2920,93,0,1807,,0,,,0,,0,,0,,,,0,,,0,0,0,0,0,0,0,0,0,0,,,,,,,,,,
MCO,2018,30007942,30002158,10,365,181,1,3449,0,0,0,0,0,0,0,0,0,0,10,365,181,1,3449,0,0,0,0,0,0,0,0,0,0,0,0,0,0,0,0,0,0,0,0,0,0,0,0,0,,,,,478,0,0,0,0,0
MCO,2018,30780548,30000194,10,3650,294,66,1160,57,20805,1943,36,4446,,,0,0,0,67,24455,2237,102,5606,0,0,,,47,26,5778,,0,,,26,5778,,,47,,,,,,,,,,,,,,,,,,,
MCO,2018,30781116,30000426,90,32850,2569,25,26861,83,30295,4358,39,17802,0,0,0,0,0,173,63145,6927,64,44663,3,0,,,6948,33,7415,0,0,,,36,7415,,,6948,,,,,,,,,,,,,,,,,,,
MCO,2018,30785430,30785422,30,10950,2130,7,8499,64,21376,2042,3,5613,0,0,0,0,0,94,32326,4172,10,14112,3,2,,,1083,27,5220,0,0,,,30,5222,,,1083,0,0,0,0,0,0,0,0,0,,,,,0,0,0,,0,0
MCO,2018,40000036,40780132,5,1382,129,8,1368,,,0,0,0,,,0,0,0,5,1382,129,8,1368,,0,,,0,,0,,0,,,,0,,,0,,,,,,,,,,,,,,,,,,,
MCO,2018,40000044,40780140,4,1460,105,6,912,,,0,0,0,,,0,0,0,4,1460,105,6,912,,0,,,0,,0,,0,,,,0,,,0,0,0,0,0,0,0,0,0,0,,,,,,,,,,
MCO,2018,40000093,40780215,127,45225,7562,830,40491,41,14965,2040,103,9771,18,6570,1117,94,3940,186,66760,10719,1027,54202,10,77,,,4769,10,1850,1,469,,,21,2396,,,4769,1,0,1,1,0,1,0,0,1,90,,21,115,21958,1240,12747,1,4121,2232
MCO,2018,40000119,40780231,4,1460,208,1,1172,0,0,0,0,0,0,0,0,0,0,4,1460,208,1,1172,0,0,0,0,0,0,0,0,0,0,0,0,0,0,0,0,0,0,0,0,0,0,0,0,0,,,,,,,,,,
MCO,2018,40000127,40780249,4,1460,86,2,930,,,0,0,0,,,0,0,0,4,1460,86,2,930,,0,,,0,,0,,0,,,,0,,,0,0,0,0,0,0,0,0,0,0,,,,,,,,,,
MCO,2018,40000135,50002948,34,11770,2031,356,10459,0,0,0,0,0,0,0,0,0,0,34,11770,2031,356,10459,1,3,1,3,1,0,0,0,0,,,2,3,1,3,1,1,1,1,1,1,1,1,1,1,,,,,7728,781,22007,0,432,288
MCO,2018,40000911,40788879,117,42705,4901,726,38522,30,9570,1421,33,6019,17,6205,677,114,2026,164,58480,6999,873,46567,17,533,,,1718,16,2934,1,231,,,34,3698,,,1718,1,0,0,1,0,1,1,1,0,,,7,,22144,586,17413,75,1430,2564
MCO,2018,40780470,40000192,,,0,0,0,47,16121,702,3,2338,,,0,0,0,47,16121,702,3,2338,,0,,,0,20,5424,,0,,,20,5424,,,0,,,,,,,,,,,,,,,,,,,
MCO,2018,50000090,50006931,29,10585,223,0,771,29,10585,1801,0,3622,,,0,0,0,58,21170,2024,0,4393,29,20,,,499,25,10281,,0,,,54,10301,,,499,,,,,,,,,,,,,,,,,,,
MCO,2018,50000223,50000108,4,1460,63,1,1284,,,0,0,0,,,0,0,0,4,1460,63,1,1284,,0,,,0,,0,,0,,,,0,,,0,0,0,0,0,0,0,0,0,0,,,,,,,,,,
MCO,2018,50000231,50000116,44,16060,3249,797,13491,26,9299,1811,76,5993,9,3285,737,185,2011,79,28644,5797,1058,21495,5,280,,,4446,5,1956,,0,,,10,2236,,,4446,1,1,1,1,1,1,1,1,1,,,,,22929,1675,19795,2,1501,3093
MCO,2018,50000256,50000124,28,10220,1181,182,7931,,,0,0,0,,,0,0,0,28,10220,1181,182,7931,,0,,,11,,0,,0,,,,0,,,11,0,0,0,0,0,1,0,0,0,,,,,1376,771,6937,,593,
MCO,2018,50000330,50007145,5,1198,67,0,1100,,,0,0,0,,,0,0,0,5,1198,67,0,1100,,0,,,0,,0,,0,,,,0,,,0,,,,,,,,,,,,,,,,,,,
MCO,2018,50000348,50002948,168,61141,10046,1247,53691,60,22544,4090,128,14886,18,7174,1899,84,6631,246,90859,16035,1459,75208,3,127,1,73,13409,14,2675,3,153,0,0,21,2955,1,73,13409,1,1,1,1,1,1,1,1,1,,,,,43900,3773,47997,134,1823,5315
MCO,2018,50007533,130784127,,,0,0,0,,,0,0,0,,,0,0,0,,,0,0,0,,0,,,10436,,0,,0,,,,0,,,10436,0,0,0,0,0,0,0,0,0,,,,,,,,,,
MCO,2018,60000163,60780327,4,1460,51,9,373,,,0,0,0,,,0,0,0,4,1460,51,9,373,,0,,,0,,0,,0,,,,0,,,0,0,0,0,0,0,0,0,0,0,,,,,,,,,,
MCO,2018,60000304,60780657,5,1825,181,3,1942,,,0,0,0,,,0,0,0,5,1825,181,3,1942,,0,,,0,,0,,0,,,,0,,,0,,,,,,,,,,,,,,,,,,,
MCO,2018,60000411,60780780,6,2190,88,0,1361,,,0,0,0,,,0,0,0,6,2190,88,0,1361,,0,,,0,,0,,0,,,,0,,,0,0,0,0,0,0,0,0,0,0,,,,,,,,,,
MCO,2018,60000478,60780897,167,60955,8927,857,48494,61,22265,2467,80,11215,32,11680,2913,94,11573,260,94900,14307,1031,71282,7,590,,,2668,16,2196,2,313,,,25,3099,,,2668,1,1,1,1,1,1,1,1,1,,,,,129563,,,,,
MCO,2018,60000486,60780905,12,4380,316,14,3776,,,0,0,0,,,0,0,0,12,4380,316,14,3776,,0,,,0,,0,,0,,,,0,,,0,0,0,0,0,0,0,0,0,0,,,,,,,,,,
MCO,2018,60000494,60780921,5,1825,80,3,1114,,,0,0,0,,,0,0,0,5,1825,80,3,1114,,0,,,0,,0,,0,,,,0,,,0,0,0,0,0,0,0,0,0,0,,,,,,,,,,
MCO,2018,60000510,60780954,242,82997,12049,987,74902,57,23682,3397,248,16841,22,8030,1490,84,5108,321,114709,16936,1319,96851,22,606,0,0,2651,14,2404,3,449,,,39,3459,0,0,2651,1,1,1,1,1,1,1,1,1,125,45,76,70,62412,2458,37485,23,4144,9698
MCO,2018,60000528,60780962,93,31726,4884,62,29923,36,13140,2181,633,6449,0,0,0,0,0,129,44866,7065,695,36372,44,812,0,0,59391,13,1064,0,0,0,0,57,1876,0,0,59391,1,1,0,1,0,0,1,0,0,,,,,53631,0,46782,0,0,10911
MCO,2018,60000536,60006889,8,2920,124,2,1602,,,0,0,0,,,0,0,0,8,2920,124,2,1602,,0,,,0,,0,,0,,,,0,,,0,,,,,,,,,,,,,,,,,,,
MCO,2018,60000544,60780988,248,89147,15102,2267,75008,71,25915,3822,90,19254,28,10220,1992,91,7876,347,125282,20916,2448,102138,27,2825,,,11683,17,3033,5,858,,,49,6716,,,11683,1,1,1,1,1,1,1,1,1,,,,,74675,1357,47283,948,4217,12302
MCO,2018,60002102,60791761,53,19345,2859,652,19182,42,15330,1757,215,9276,,,0,0,0,95,34675,4616,867,28458,,0,,,15,9,2057,,198,,,9,2255,,,15,1,1,0,1,1,0,0,0,0,,,,,15556,944,15018,,1272,2953
MCO,2018,60010899,60785011,,,10,0,43,15,2455,316,15,805,,,0,0,0,15,2455,326,15,848,,0,,,0,8,2617,,0,,,8,2617,,,0,,,,,,,,,,,,,,11925,,10670,,,4516
MCO,2018,60021417,60000221,30,10950,876,0,8027,46,16790,2882,0,8361,,,0,0,0,76,27740,3758,0,16388,,18,,,216,55,14959,1,54,,,56,15031,,,216,,,,,,,,,,,,,,,,,,,
MCO,2018,60780442,60000213,,,0,0,0,30,10950,1625,13,1888,,,0,0,0,30,10950,1625,13,1888,,0,,,0,10,4505,,0,,,10,4505,,,0,0,0,0,0,0,0,0,0,0,,,,,,,,,,
MCO,2018,60780491,60790797,56,20440,3217,26,19722,72,26280,4030,98,16442,,,0,0,0,128,46720,7247,124,36164,10,5572,,,0,23,4641,,0,,,33,10213,,,0,,,,,,,,,,,,,,,,,,,
MCO,2018,60780517,60000239,67,24455,3870,737,17225,83,29200,20626,16211,17992,34,12410,1463,26,4999,184,66065,25959,16974,40216,4,31,,,8560,42,114,2,241,,,48,386,,,8560,,,,,,,,,,,,,,,,,,,
MCO,2018,60780590,60000270,,,0,0,0,54,19710,1894,0,5851,,,0,0,0,54,19710,1894,0,5851,,0,,,373,10,6459,0,34,,,10,6493,,,373,,,,,,,,,,,,,,,,,,,
MCO,2018,60780665,60000312,0,620,38,0,414,0,2544,201,0,929,,,0,0,0,0,3164,239,0,1343,,0,,,0,0,1801,,0,,,0,1801,,,0,,,,,,,,,,,,,,,,,,,
MCO,2018,60780699,60000346,,,0,0,0,4,325,1600,1600,0,0,0,0,0,0,4,325,1600,1600,0,,0,,,0,13,329,4,68,2,3,19,397,2,3,0,,,,,,,,,,1,,,7,,,,,,
MCO,2018,60780715,60000361,66,24090,7370,34,35974,160,58400,6766,47,23019,30,10950,1488,4,6043,256,93440,15624,85,65036,0,0,,,8802,61,19680,,0,,,61,19680,,,8802,,,,,,,,,,,,,,,,,,,
MCO,2018,60780723,60004959,16,5840,2130,6,7533,71,25915,2078,3,6916,,,0,0,0,87,31755,4208,9,14449,0,3,,,4230,31,10358,,0,,,31,10361,,,4230,,,,,,,,,,,,,,,,,,,
MCO,2018,60780756,60000403,6,2190,261,1,1701,40,14600,2095,0,4787,53,19345,2456,54,10322,99,36135,4812,55,16810,,0,,,67,15,7535,0,131,,,15,7666,,,67,,,,,,,,,,,,,,,,,,,
MCO,2018,60780947,60800174,76,25207,7244,1546,21488,24,9796,2825,394,6277,,,0,0,0,100,35003,10069,1940,27765,7,1144,,,430,14,2778,,0,,,21,3922,,,430,1,1,1,1,1,1,1,1,1,,,,,55929,0,58899,4745,0,12588
MCO,2018,60781200,60000635,36,13140,2858,8,18338,61,22265,1374,4,4673,0,,82,81,2,97,35405,4314,93,23013,,0,,,74,19,6574,0,115,,,19,6689,,,74,0,0,0,0,0,0,0,0,0,,,,,,,,,,
MCO,2018,60785003,60785011,348,121088,20696,4171,95801,220,80149,16236,479,66932,0,0,0,0,0,568,201237,36932,4650,162733,41,5234,,,31612,30,6366,0,0,,,71,11600,,,31612,,,,,,,,,,,,,,145335,0,121977,1022,1,78050
MCO,2018,60785219,60780608,124,45260,4693,47,31848,,,0,0,0,,,0,0,0,124,45260,4693,47,31848,20,81,,,8185,,0,,0,,,20,81,,,8185,,,,,,,,,,,,,,,,,,,
MCO,2018,60788957,60785011,50,18250,2053,9,17769,,,0,0,0,,,0,0,0,50,18250,2053,9,17769,4,2403,,,66,,0,,0,,,4,2403,,,66,,,,,,,,,,,,,,17438,,24039,12211,,2478
MCO,2018,60789195,60785011,310,112391,14001,3812,91332,60,23928,2626,56,15059,74,27010,5706,1034,22038,444,163329,22333,4902,128429,50,2477,1,6,15569,10,1219,11,557,,,72,4253,1,6,15569,,,,,,,,,,,,,,112254,7217,44327,144,23428,63452
MCO,2018,60791811,60010808,91,33215,2587,9,29009,,,0,0,0,,,0,0,0,91,33215,2587,9,29009,4,826,0,0,135,,0,,0,,,4,826,0,0,135,1,1,1,1,1,0,1,1,1,,,,,2402,0,1598,0,0,0
MCO,2018,60791860,60790797,,,0,0,0,,,0,0,0,,,0,0,0,,,0,0,0,,0,,,25743,,0,,0,,,,0,,,25743,,,,,,,,,,,,,,,,,,,
MCO,2018,60792900,60790797,,,0,0,0,,,0,0,0,,,0,0,0,,,0,0,0,,0,,,3164,,0,,0,,,,0,,,3164,,,,,,,,,,,,,,,,,,,
MCO,2018,60792926,330058918,,,0,0,0,,,0,0,0,,,0,0,0,,,0,0,0,,0,,,9157,,0,,0,,,,0,,,9157,0,0,0,0,0,0,0,0,0,,,,,,,,,,
MCO,2018,60794013,60790797,44,16060,2094,15,14011,24,8760,3071,1091,5437,,,0,0,0,68,24820,5165,1106,19448,,0,,,1,,0,,0,,,,0,,,1,1,0,0,0,0,0,0,0,0,,,,,3115,,8315,,,1
MCO,2018,60800166,60780608,15,5475,590,1,4515,83,30295,3891,8,15093,,,0,0,0,98,35770,4481,9,19608,,0,,,214,35,12363,,0,,,35,12363,,,214,,,,,,,,,,,,,,,,,,,
MCO,2018,70000013,70002878,64,23360,2357,220,23332,20,7300,1081,39,4737,9,3285,395,134,905,93,33945,3833,393,28974,8,98,,,1187,10,1203,,0,,,18,1301,,,1187,1,0,1,1,1,0,1,1,1,150,30,,60,,,,,,
MCO,2018,70000021,70780101,15,5475,260,0,3489,,,0,0,0,,,0,0,0,15,5475,260,0,3489,0,7,0,0,0,,0,,0,,,0,7,0,0,0,0,0,0,0,0,0,0,0,0,,,,,,,,,,
MCO,2018,70000039,70780119,16,5840,194,0,2130,,,0,0,0,,,0,0,0,16,5840,194,0,2130,,0,,,0,,0,,0,,,,0,,,0,0,0,0,0,0,0,0,0,0,,,,,,,,,,
MCO,2018,70000047,70780127,9,3242,222,3,3187,,,0,0,0,,,0,0,0,9,3242,222,3,3187,0,0,,,0,,0,,0,,,0,0,,,0,0,0,0,0,0,0,0,0,0,,,,,,,,,,
MCO,2018,70000062,70005558,8,2920,151,0,2638,,,0,0,0,,,0,0,0,8,2920,151,0,2638,,0,,,0,,0,,0,,,,0,,,0,,,,,,,,,,,,,,,,,,,
MCO,2018,70000070,70780150,20,7300,433,18,5863,,,0,0,0,,,0,0,0,20,7300,433,18,5863,,0,,,0,,0,,0,,,,0,,,0,0,0,0,0,0,0,0,0,0,,,,,228,,2101,,,
MCO,2018,70000096,70780184,8,3040,472,244,2479,,,0,0,0,,,0,0,0,8,3040,472,244,2479,6,0,,,37,,0,,0,,,6,0,,,37,1,1,0,1,1,0,0,0,0,,60,,,710,670,588,0,1160,237
MCO,2018,70000112,70780218,15,5475,262,0,4287,,,0,0,0,,,0,0,0,15,5475,262,0,4287,3,3,,,0,,0,,0,,,3,3,,,0,0,0,0,0,0,0,0,0,0,,,,,0,0,0,0,0,0
MCO,2018,70000146,70004742,8,2920,82,0,915,,,0,0,0,,,0,0,0,8,2920,82,0,915,,0,,,0,,0,,0,,,,0,,,0,,,,,,,,,,,,,,,,,,,
MCO,2018,70000179,70780358,145,52925,9980,2228,44244,34,12410,1924,231,10515,20,7300,1033,112,3505,199,72635,12937,2571,58264,10,235,,,14575,16,3760,1,136,,,27,4131,,,14575,1,0,0,1,1,1,1,1,1,,,,,38694,4225,78235,6,1203,20215
MCO,2018,70000187,70780366,12,4380,400,14,3219,0,0,0,0,0,0,0,0,0,0,12,4380,400,14,3219,0,0,0,0,0,0,0,0,0,0,0,0,0,0,0,0,0,0,0,0,0,0,0,0,0,,,,,,,0,0,0,0
MCO,2018,70000195,70780374,38,13870,1421,12,11206,,,0,0,0,,,0,0,0,38,13870,1421,12,11206,0,0,,,0,,0,,0,,,0,0,,,0,0,0,0,0,0,0,0,0,0,,,,,954,823,422,0,1821,0
MCO,2018,70000203,70780382,11,4015,210,8,2378,,,0,0,0,,,0,0,0,11,4015,210,8,2378,,0,,,3,,0,,0,,,,0,,,3,0,0,0,0,0,0,0,0,0,,,,,,,,,,
MCO,2018,70000484,70005566,10,3650,631,1,3384,,,0,0,0,,,0,0,0,10,3650,631,1,3384,,0,,,0,,0,,0,,,,0,,,0,0,0,1,0,0,0,0,0,0,,,,,,,,,,
MCO,2018,70000609,70005566,140,51100,7459,871,43272,34,12410,2184,134,9398,16,5840,941,80,3300,190,69350,10584,1085,55970,10,469,,,3678,9,2185,1,255,,,20,2909,,,3678,1,1,0,1,1,1,1,1,1,,,,,,,,,,
MCO,2018,70780168,70000088,4,1460,55,0,387,55,20075,1304,13,4010,0,0,0,0,0,59,21535,1359,13,4397,0,0,0,0,11,6,4634,0,0,0,0,6,4634,0,0,11,0,0,0,0,0,0,0,0,0,,,,,,,,,,
MCO,2018,70780408,70000229,0,0,1,0,7,0,3666,379,18,807,0,0,0,0,0,0,3666,380,18,814,0,0,,,3,0,1723,0,0,,,0,1723,,,3,,,,,,,,,,,,,,,,,,,
MCO,2018,70780424,70000245,22,6570,1151,77,5566,126,45990,6621,377,31723,26,9490,982,27,4083,174,62050,8754,481,41372,1,156,,,9,20,8518,,0,,,21,8674,,,9,,,,,,,,,,,,,,,,,,,
MCO,2018,80000110,80000037,122,44206,6435,1296,33027,19,6935,1050,73,3776,16,5840,1034,124,3357,157,56981,8519,1493,40160,5,470,,,150,4,715,2,156,,,11,1341,,,150,,,,,,,,,,,,,,17734,2647,15902,13,2970,3622
MCO,2018,80000219,80001969,41,14965,3331,1219,15868,25,9125,1522,90,7596,0,,0,0,0,66,24090,4853,1309,23464,1,46,,,8,10,2311,,0,,,11,2357,,,8,1,1,1,1,0,0,1,1,1,7,10,,60,14519,3324,26807,217,1514,27818
MCO,2018,80000276,80001969,24,8760,2016,844,8505,,,0,0,0,,,0,0,0,24,8760,2016,844,8505,,0,,,2,,0,,0,,,,0,,,2,0,0,0,1,0,0,1,0,0,,,,,4831,335,5291,0,117,6519
MCO,2018,80000284,80000060,15,5475,227,17,3878,,,0,0,0,,,0,0,0,15,5475,227,17,3878,,0,,,0,,0,,0,,,,0,,,0,1,0,0,0,0,0,1,1,0,,,,,1413,92,5300,,29,2063
MCO,2018,80000300,80000078,8,2920,190,0,2039,,,0,0,0,,,0,0,0,8,2920,190,0,2039,0,0,,,0,,0,,0,,,0,0,,,0,0,0,0,0,0,0,0,0,0,,,,,,,,,,
MCO,2018,80000425,80000615,314,109074,15065,2419,90855,70,24756,4017,178,19719,42,15330,2283,84,8362,426,149160,21365,2681,118936,32,2691,0,0,16709,15,1996,4,868,,,51,5555,0,0,16709,1,1,1,1,1,1,1,1,0,,,,,65407,5302,78862,552,4503,30037
MCO,2018,80010267,80010242,,,0,0,0,,,0,0,0,,,0,0,0,,,0,0,0,9,1,,,1405,,0,,0,,,9,1,,,1405,,,,,,,,,,,,,,,,,,,
MCO,2018,80010465,80010242,,,0,0,0,4,1460,159,1,647,,,0,0,0,4,1460,159,1,647,,0,,,0,7,628,,0,,,7,628,,,0,0,0,0,0,0,0,0,0,0,,,,,,,,,,
MCO,2018,80010473,80010242,17,6205,688,8,4479,59,21535,1826,14,7570,,,0,0,0,76,27740,2514,22,12049,10,3065,,,300,18,4298,,0,,,28,7363,,,300,0,0,0,0,0,0,0,0,0,,,,,,,,,,
MCO,2018,90000175,90781774,154,55080,9367,2111,42987,63,22995,3821,355,18724,25,9125,1377,98,5757,242,87200,14565,2564,67468,20,1108,,,9757,15,3564,2,244,,,37,4916,,,9757,1,0,1,1,1,1,1,1,1,60,90,60,,50992,3410,62418,,570,12323
MCO,2018,90000183,90781816,53,19345,2477,627,16583,15,5475,904,80,3968,4,1460,292,106,682,72,26280,3673,813,21233,2,18,,,424,8,1649,,0,,,10,1667,,,424,,,,,,,,,,,,,,16148,516,28718,1151,5945,7067
MCO,2018,90001629,90781774,23,8395,640,7,6908,,,0,0,0,,,0,0,0,23,8395,640,7,6908,,0,,,0,5,1039,,0,,,5,1039,,,0,1,0,0,0,0,1,0,0,0,,,10,,2725,373,4341,,210,2
MCO,2018,100000082,100001148,,,0,0,0,46,16790,1088,83,3248,,,0,0,0,46,16790,1088,83,3248,,0,,,0,15,2732,,0,,,15,2732,,,0,,,,,,,,,,,,,,,,,,,
MCO,2018,100000090,100000017,335,119848,15628,800,111342,95,34885,4924,79,29048,45,16965,3129,15,12627,475,171698,23681,894,153017,40,3267,,,29996,10,2864,0,861,,,50,6992,,,29996,1,1,1,1,1,1,1,1,1,90,90,60,180,95686,10963,101541,558,2918,24196
MCO,2018,100000116,100000041,8,2920,159,3,2350,,,0,0,0,,,0,0,0,8,2920,159,3,2350,,0,,,0,,0,,0,,,,0,,,0,0,0,0,0,0,0,0,0,0,,,,,,,,,,
MCO,2018,100000124,100009075,18,6570,809,21,3422,100,36500,3500,35,11656,,,0,0,0,118,43070,4309,56,15078,,0,,,394,11,4327,,0,,,11,4327,,,394,,,,,,,,,,,,,,,,,,,
MCO,2018,100000140,100000058,10,3650,225,3,2393,,,0,0,0,,,0,0,0,10,3650,225,3,2393,,0,,,0,,0,,0,,,,0,,,0,,,,,,,,,,,,,,,,,,,
MCO,2018,100000157,100009075,,,0,0,0,68,24820,644,11,1044,,,0,0,0,68,24820,644,11,1044,,0,,,49,20,4367,,0,,,20,4367,,,49,,,,,,,,,,,,,,,,,,,
MCO,2018,100000199,100006279,54,19710,2738,415,17881,,,0,0,0,18,6570,813,121,2731,72,26280,3551,536,20612,2,303,,,111,,0,2,82,,,4,385,,,111,1,0,0,1,1,1,1,1,0,,,,,6920,5700,,,,
MCO,2018,100000801,100006279,5,1825,92,1,1018,,,0,0,0,,,0,0,0,5,1825,92,1,1018,,0,,,0,,0,,0,,,,0,,,0,0,0,0,0,0,0,0,0,0,,,,,88,,,,,
MCO,2018,100002351,100000561,8,2920,358,0,2939,0,15801,2073,0,5796,0,3435,240,3,1007,8,22156,2671,3,9742,,19,,,4077,0,4021,,30,,,0,4070,,,4077,,,,,,,,,,,,,,,,,,,
MCO,2018,100009364,100000017,12,4380,294,13,3416,0,,0,0,0,0,,0,0,0,12,4380,294,13,3416,,0,,,0,,0,,0,,,,0,,,0,0,0,0,0,0,0,0,0,0,,,,,,,,,,
MCO,2018,100009380,100000017,12,4380,213,0,2745,,,0,0,0,,,0,0,0,12,4380,213,0,2745,6,433,,,0,,0,,0,,,6,433,,,0,0,0,0,0,0,0,0,0,0,,,,,,,,,,
MCO,2018,100010818,100010792,,,,,,69,9384,1457,0,4084,15,2040,272,29,917,84,11424,1729,29,5001,,8,,,612,25,2870,15,37,,,40,2915,,,612,,,,,,,,,,,,,,,,,,,
MCO,2018,110000023,110780061,280,100575,14959,1304,83031,57,19088,2939,152,16497,35,12941,2494,178,9234,372,132604,20392,1634,108762,23,3244,0,0,31979,5,1702,3,855,0,0,31,5801,0,0,31979,1,1,1,1,1,1,1,1,1,150,82,31,150,70929,3802,50529,360,4450,15294
MCO,2018,110000049,110780087,25,9125,1854,531,8883,,,0,0,0,,,0,0,0,25,9125,1854,531,8883,,0,,,5,,0,,0,,,,0,,,5,,,,,,,,,,,,,,,,,,,
MCO,2018,110000056,110780137,188,65422,10008,1009,58529,49,15721,2606,122,12187,19,8427,1731,380,5294,256,89570,14345,1511,76010,14,828,,,1890,14,3172,0,43,,,28,4043,,,1890,1,0,1,1,1,1,1,1,1,,,,,43603,2334,37101,,2970,3759
MCO,2018,110000189,110780707,30,10950,548,10,7938,,,0,0,0,,,0,0,0,30,10950,548,10,7938,,0,,,0,,0,,0,,,,0,,,0,0,0,1,0,0,0,0,0,0,,,,,,,,,,
MCO,2018,110000247,110780772,28,10220,722,8,7197,,,0,0,0,,,0,0,0,28,10220,722,8,7197,2,312,,,41,,0,,0,,,2,312,,,41,1,1,1,1,0,0,1,0,0,,,,,7374,,1727,,,
MCO,2018,110004413,340000264,,,0,0,0,,,0,0,0,,,0,0,0,,,0,0,0,,0,,,2235,,0,,0,,,,0,,,2235,0,0,0,0,0,0,0,0,0,,,,,,,,,,
MCO,2018,110004421,340000264,,,0,0,0,,,0,0,0,,,0,0,0,,,0,0,0,,0,,,1700,,0,,0,,,,0,,,1700,0,0,0,0,0,0,0,0,0,,,,,,,,,,
MCO,2018,110004439,340000264,,,0,0,0,,,0,0,0,,,0,0,0,,,0,0,0,,0,,,1826,,0,,0,,,,0,,,1826,0,0,0,0,0,0,0,0,0,,,,,,,,,,
MCO,2018,110005311,340000264,,,0,0,0,,,0,0,0,,,0,0,0,,,0,0,0,,0,,,5712,,0,,0,,,,0,,,5712,,,,,,,,,,,,,,,,,,,
MCO,2018,110780228,110000114,87,31755,5706,1007,25475,54,19710,3086,119,12925,14,5110,674,26,2433,155,56575,9466,1152,40833,10,928,,,19306,32,9582,1,181,,,43,10691,,,19306,,,,,,,,,,,,,,,,,,,
MCO,2018,110780236,110780707,12,4380,251,0,4133,,,0,0,0,,,0,0,0,12,4380,251,0,4133,,0,,,0,,0,,0,,,,0,,,0,0,0,0,0,0,0,0,0,0,,,,,,,,,,
MCO,2018,110780483,110000155,47,17155,2395,485,11308,23,8395,2287,201,6195,,,0,0,0,70,25550,4682,686,17503,4,5,,,1436,30,9168,,39,,,34,9212,,,1436,,,,,,,,,,,,,,,,,,,
MCO,2018,120000039,120780044,227,81999,11456,504,70560,60,20830,3864,198,14998,24,8760,2005,346,7091,311,111589,17325,1048,92649,27,4908,3,198,32719,22,4490,1,4,,,53,9402,3,198,32719,1,1,0,1,1,1,1,1,0,,28,60,,69878,4646,65788,98,4196,16338
MCO,2018,120000054,120780069,65,23269,3240,354,18759,36,11173,2073,47,8550,12,4380,918,203,2909,113,38822,6231,604,30218,4,57,,,2014,26,4940,,0,,,30,4997,,,2014,1,0,1,1,1,1,1,1,0,,,,,26260,2367,22933,,280,2420
MCO,2018,120000070,120780085,35,12775,1820,346,12350,13,3900,1380,732,2806,,,0,0,0,48,16675,3200,1078,15156,,0,,,64,,0,,0,,,,0,,,64,1,0,0,0,0,1,1,0,0,,,4,,6046,1040,16636,,,1252
MCO,2018,120000088,120780093,6,2108,157,7,2080,,,0,0,0,,,0,0,0,6,2108,157,7,2080,,0,,,0,,0,,0,,,,0,,,0,0,0,0,0,0,0,0,0,0,,,,,,,,,,
MCO,2018,120000096,120780101,13,4745,139,0,2872,,,0,0,0,,,0,0,0,13,4745,139,0,2872,,0,,,0,,0,,0,,,,0,,,0,,,,,,,,,,,,,,,,,,,
MCO,2018,120001748,340000264,,,0,0,0,,,0,0,0,,,0,0,0,,,0,0,0,,0,,,6599,,0,,0,,,,0,,,6599,0,0,0,0,0,0,0,0,0,,,,,405,,37,,,
MCO,2018,120004569,120004528,39,14235,2701,370,14304,23,8395,1191,74,4326,12,4380,545,62,1625,74,27010,4437,506,20255,6,452,,,984,14,3856,2,117,,,22,4425,,,984,1,1,0,1,1,1,0,1,1,,,,,27360,3076,13262,67,219,3140
MCO,2018,120004668,120004619,35,12775,2143,460,12268,5,1825,313,14,1195,6,2190,318,78,893,46,16790,2774,552,14356,3,539,,,59,3,748,2,35,,,8,1322,,,59,1,0,0,1,1,1,0,0,1,,3,1,260,12888,1024,40251,,1918,10858
MCO,2018,130000409,130041916,306,110288,20698,3899,105580,105,38165,5854,155,27654,52,17872,3089,125,12029,463,166325,29641,4179,145263,39,6280,,,20080,29,4237,12,2124,,,80,12641,,,20080,1,1,1,1,1,1,1,1,1,105,90,59,81,108707,6681,84832,1709,4370,20789
MCO,2018,130000516,130781339,37,13505,983,8,9933,,,0,0,0,,,0,0,0,37,13505,983,8,9933,15,2563,,,0,,0,,0,,,15,2563,,,0,1,1,0,1,1,0,0,0,1,15,70,,15,4764,,,103,,
MCO,2018,130000565,130781446,110,41062,7117,1219,32023,24,8760,1284,41,5803,19,6362,1487,57,5952,153,56184,9888,1317,43778,8,527,,,762,8,1650,2,378,,,18,2555,,,762,1,1,1,1,1,1,1,0,1,,,,,43944,2061,30593,4,1529,4645
MCO,2018,130001225,130782634,160,58400,10311,807,53695,37,13505,2466,68,10613,25,9125,1656,68,6741,222,81030,14433,943,71049,10,1875,0,0,2894,4,1269,2,233,0,0,16,3377,0,0,2894,1,1,1,1,1,1,1,1,1,80,10,21,110,41584,6410,22019,525,2587,3955
MCO,2018,130001258,130028228,0,3604,192,2,3019,,,0,0,0,,,0,0,0,0,3604,192,2,3019,,0,,,0,,0,,0,,,,0,,,0,0,0,0,0,0,0,1,1,0,,,,,1645,,,215,,
MCO,2018,130001647,130784127,205,73408,11279,8,69682,47,17153,3337,7,14428,,,0,0,0,252,90561,14616,15,84110,2,1699,,,65132,20,6664,,0,,,22,8363,,,65132,0,1,1,1,0,0,1,0,0,,,,,97047,,45380,,,3065
MCO,2018,130002215,130785512,57,20735,3364,330,18904,26,8350,1408,170,7266,20,6250,1975,665,4648,103,35335,6747,1165,30818,,0,,,88,6,586,,0,,,6,586,,,88,1,0,1,1,1,1,1,1,1,,,,,28716,,,,,
MCO,2018,130002694,130043458,26,9490,580,14,4062,,,0,0,0,,,0,0,0,26,9490,580,14,4062,,0,,,0,,0,,0,,,,0,,,0,0,0,0,0,0,0,0,0,0,,,,,0,0,,,,
MCO,2018,130002827,130789274,129,46355,7207,1045,44534,20,7300,1483,57,6907,23,8395,1447,243,4767,172,62050,10137,1345,56208,0,50,0,0,2399,6,3229,0,0,0,0,6,3279,0,0,2399,1,1,1,1,1,1,1,1,1,,,,,52657,3386,48626,2239,3064,28389
MCO,2018,130002835,130789316,157,55684,10707,2048,42935,39,13145,2070,62,8754,37,13505,2947,150,10779,233,82334,15724,2260,62468,10,1577,0,0,14731,15,1206,1,1395,0,0,26,4178,0,0,14731,1,0,1,1,0,1,1,0,1,97,,8,25,79603,3234,64885,10,8241,7835
MCO,2018,130008253,130001084,,,0,0,0,39,14235,1239,64,3886,45,16425,1943,135,7129,84,30660,3182,199,11015,,0,,,435,18,4959,,0,,,18,4959,,,435,0,0,0,0,0,0,0,0,0,,,,,,,,,,
MCO,2018,130034531,130006562,,,0,0,0,,,0,0,0,,,0,0,0,,,0,0,0,,0,,,22071,,0,,0,,,,0,,,22071,,,,,,,,,,,,,,,,,,,
MCO,2018,130037922,130037823,64,17520,984,34,7299,52,18980,2882,40,10170,,,0,0,0,116,36500,3866,74,17469,16,4328,,,265,20,285,,0,,,36,4613,,,265,,,,,,,,,,,,,,,,,,,
MCO,2018,130041767,130041262,47,17155,2931,278,10756,,,0,0,0,,,0,0,0,47,17155,2931,278,10756,,0,,,0,,0,,0,,,,0,,,0,,,,,,,,,,,,,,,,,,,
MCO,2018,130042096,130042062,42,15330,3177,55,8640,,,0,0,0,,,0,0,0,42,15330,3177,55,8640,2,260,,,0,,0,,0,,,2,260,,,0,,,,,,,,,,,,,,,,,,,
MCO,2018,130043664,130002157,165,60225,9804,1149,58080,229,83585,8733,13,39724,,,0,0,0,394,143810,18537,1162,97804,45,13565,,,8229,34,10367,,0,,,79,23932,,,8229,1,1,1,1,1,1,1,1,1,83,18,105,111,,,,,,
MCO,2018,130044753,130810336,,,0,0,0,21,5708,915,42,1004,,,0,0,0,21,5708,915,42,1004,,0,,,0,36,11824,,0,,,36,11824,,,0,,,,,,,,,,,,,,,,,,,
MCO,2018,130780521,130786049,441,152963,24107,2879,130689,202,73164,9035,78,57523,57,20737,4039,168,20344,700,246864,37181,3125,208556,42,6772,,,27088,35,5799,14,1133,,,91,13704,,,27088,1,0,1,1,0,1,1,1,1,180,,,75,166145,16331,132332,10,4948,30073
MCO,2018,130781255,220020739,34,11524,836,16,8946,,,0,0,0,,,0,0,0,34,11524,836,16,8946,8,269,,,4,,0,,0,,,8,269,,,4,0,0,0,0,0,0,0,0,0,,,,,595,,,,,
MCO,2018,130781289,130002447,24,8160,605,3,6421,16,5440,630,0,950,0,0,0,0,0,40,13600,1235,3,7371,,2241,,,8366,18,3609,,0,,,18,5850,,,8366,,,,,,,,,,,,,,,,,,,
MCO,2018,130781370,130000532,12,4380,488,17,2031,35,9763,1406,28,5408,0,,10,0,20,47,14143,1904,45,7459,8,42,,,234,18,5294,0,4,,,26,5340,,,234,,,,,,,,,,,,,,,,,,,
MCO,2018,130781479,130000599,109,39785,4304,21,32597,90,32850,4983,203,20972,,,105,2,427,199,72635,9392,226,53996,5,445,,,3533,41,9495,1,10,,,47,9950,,,3533,,,,,,,,,,,,,,,,,,,
MCO,2018,130781867,130000813,,,0,0,0,37,13505,931,4,2683,,,0,0,0,37,13505,931,4,2683,,1,,,4486,27,5896,,0,,,27,5897,,,4486,,,,,,,,,,,,,,,,,,,
MCO,2018,130782071,130002454,32,11680,1480,213,10081,30,10950,1422,24,4639,,,0,0,0,62,22630,2902,237,14720,,0,,,32,30,6350,,0,,,30,6350,,,32,,,,,,,,,,,,,,,,,,,
MCO,2018,130782147,130000979,64,23360,5936,1399,28434,85,31025,3410,460,12355,,,0,0,0,149,54385,9346,1859,40789,,0,,,40,34,7021,,0,,,34,7021,,,40,,,,,,,,,,,,,,45521,,,,,
MCO,2018,130782162,130000987,15,5355,808,0,3642,61,21777,1101,0,3179,,,0,0,0,76,27132,1909,0,6821,,2514,,,3,16,3636,,0,,,16,6150,,,3,,,,,,,,,,,,,,,,,,,
MCO,2018,130782675,130001233,,,0,0,0,19,6935,1063,55,2557,,,0,0,0,19,6935,1063,55,2557,,0,,,63,39,7140,,0,,,39,7140,,,63,,,,,,,,,,,,,,,,,,,
MCO,2018,130783152,130001365,12,4214,407,4,4211,0,0,0,0,0,0,0,0,0,0,12,4214,407,4,4211,0,0,0,0,0,0,0,0,0,0,0,0,0,0,0,0,0,0,0,0,0,0,0,0,0,,,,,,,,,,
MCO,2018,130783236,130786049,197,71707,11541,197,85492,149,53354,3266,59,15181,104,31898,5403,246,25320,450,156959,20210,502,125993,41,6227,,,37082,20,2158,22,3420,,,83,11805,,,37082,1,1,1,0,0,0,0,0,0,,,,,154638,6288,75004,64,4477,16190
MCO,2018,130783293,130786049,604,205475,35847,3779,197397,342,122942,12763,143,83693,,,0,0,0,946,328417,48610,3922,281090,88,16415,,,37474,27,2049,,0,,,115,18464,,,37474,1,,0,1,1,0,1,0,1,,,,,208050,2,166692,14093,5,33372
MCO,2018,130783327,130001415,57,20805,3257,79,17454,44,16060,3026,406,6734,40,14600,2946,17,13838,141,51465,9229,502,38026,0,0,,,24446,40,8997,0,380,,,40,9377,,,24446,,,,,,,,,,,,,,,,,,,
MCO,2018,130783665,130043722,29,10585,1003,5,6384,20,7300,609,3,1878,,,0,0,0,49,17885,1612,8,8262,5,131,,,55,18,5504,1,240,,,24,5875,,,55,1,1,1,1,1,1,1,1,1,62,12,2,4,43344,,,,,37561
MCO,2018,130783723,130001456,,,0,0,0,66,24090,5117,1,10695,,,0,0,0,66,24090,5117,1,10695,,0,,,5,54,16831,,0,,,54,16831,,,5,,,,,,,,,,,,,,,,,,,
MCO,2018,130784051,130037823,97,35405,5005,39,37285,196,71450,6967,21,45061,,,0,0,0,293,106855,11972,60,82346,22,143,0,0,15345,18,2342,,0,,,40,2485,0,0,15345,0,0,0,0,0,0,0,0,0,,,,,,,,,,
MCO,2018,130784226,130804032,14,5110,441,0,1279,,,0,0,0,,,0,0,0,14,5110,441,0,1279,11,1599,,,0,,0,,0,,,11,1599,,,0,0,0,0,0,1,1,0,0,0,,,,,2705,,414,,,185
MCO,2018,130784234,130786049,49,17801,1862,18,14376,34,11612,1496,10,6902,,,0,0,0,83,29413,3358,28,21278,45,6065,,,12690,4,546,,0,,,49,6611,,,12690,0,0,1,0,1,0,0,1,0,,,,,80395,1,36749,151,2,5636
MCO,2018,130784481,130006562,,,0,0,0,,,0,0,0,,,0,0,0,,,0,0,0,,0,,,49214,,0,,0,,,,0,,,49214,,,,,,,,,,,,,,,,,,,
MCO,2018,130784713,130038847,85,31025,5511,193,39330,75,27375,2673,113,11790,103,37595,6160,2094,16137,263,95995,14344,2400,67257,,49,,,5589,38,9252,,0,,,38,9301,,,5589,,,,,,,,,,,,,,87,,,,,
MCO,2018,130784903,130002041,43,15695,1475,3,12080,,,0,0,0,,,0,0,0,43,15695,1475,3,12080,,0,,,0,8,3763,,0,,,8,3763,,,0,0,0,0,0,0,0,0,0,0,,,,,,,,,,
MCO,2018,130785389,130002173,,,0,0,0,57,18900,1654,36,5343,,,0,0,0,57,18900,1654,36,5343,,0,,,0,30,9091,,0,,,30,9091,,,0,,,,,,,,,,,,,,,,,,,
MCO,2018,130785652,130014228,405,147825,24098,2274,125428,206,75190,9189,220,48610,80,29200,6520,130,24718,691,252215,39807,2624,198756,24,2280,,,12260,55,14179,,0,,,79,16459,,,12260,1,1,1,1,1,1,1,1,1,90,30,18,90,186518,12655,151633,407,20543,35975
MCO,2018,130785678,130002249,50,18250,2266,19,26636,40,14600,578,15,2469,,,0,0,0,90,32850,2844,34,29105,,0,,,1769,25,5544,,12,,,25,5556,,,1769,,,,,,,,,,,,,,,,,,,
MCO,2018,130786361,130002447,56,19040,2830,174,19449,120,40800,6934,0,25299,,,0,0,0,176,59840,9764,174,44748,14,5918,,,236,21,8461,,0,,,35,14379,,,236,,,,,,,,,,,,,,,,,,,
MCO,2018,130786445,130002488,12,4380,923,22,4709,20,7300,509,30,1108,62,22630,3175,18,17250,94,34310,4607,70,23067,2,119,,,3,4,672,,0,,,6,791,,,3,0,0,0,0,0,0,0,0,0,,,,,4061,5040,,,,
MCO,2018,130786742,750821092,85,31025,5655,731,26398,50,18250,2197,73,10066,0,0,0,0,0,135,49275,7852,804,36464,2,0,,,192,6,2235,,0,,,8,2235,,,192,1,1,0,1,0,0,1,0,1,,30,,38,25858,,66608,1295,,8138
MCO,2018,130789159,920030269,33,12045,964,1,9552,,,0,0,0,,,0,0,0,33,12045,964,1,9552,,0,,,0,,0,,0,,,,0,,,0,0,0,0,0,0,0,0,0,0,,,,,,,,,,
MCO,2018,130804297,130786049,123,43393,7431,709,36836,89,30886,5189,396,19755,,,0,0,0,212,74279,12620,1105,56591,43,5421,,,5983,10,1394,,0,,,53,6815,,,5983,1,0,1,1,1,1,1,0,0,,,,,71193,1637,37185,1,1987,20442
MCO,2018,130809015,130001928,43,15695,993,12,12413,,,0,0,0,,,0,0,0,43,15695,993,12,12413,5,854,,,13,,0,,0,,,5,854,,,13,1,1,0,0,1,0,0,0,1,,20,,10,1324,,604,23,,
MCO,2018,130809809,130007156,,,0,0,0,,,0,0,0,,,0,0,0,,,0,0,0,,0,,,21180,,0,,0,,,,0,,,21180,,,,,,,,,,,,,,,,,,,
MCO,2018,130810740,130007362,47,17155,1534,38,10127,62,22630,3524,34,11567,0,0,0,0,0,109,39785,5058,72,21694,0,0,,,0,19,18850,0,0,,,19,18850,,,0,,,,,,,,,,,,,,,,,,,
MCO,2018,130811102,130007487,24,7978,385,1,7882,,,0,0,0,,,0,0,0,24,7978,385,1,7882,,0,,,0,,0,,0,,,,0,,,0,,,,,,,,,,,,,,,,,,,
MCO,2018,140000027,140000035,218,80110,13767,2119,69468,37,13270,2295,122,10771,32,11680,1935,122,7714,287,105060,17997,2363,87953,13,1106,,,11653,10,2039,2,260,,,25,3405,,,11653,1,1,1,1,1,1,1,1,0,,,,,47164,5898,39107,1036,6300,2845
MCO,2018,140000209,140000100,632,218809,35734,5373,194250,345,117789,18191,1816,94418,80,29200,4652,203,22670,1057,365798,58577,7392,311338,116,12994,0,0,38536,36,7487,2,268,0,0,154,20749,0,0,38536,1,1,1,1,1,1,1,1,1,148,101,55,35,240314,15445,170064,1442,3450,67941
MCO,2018,140000233,140000118,89,31549,5143,639,28874,15,4425,1114,23,3333,,,0,0,0,104,35974,6257,662,32207,2,250,,,55,8,1398,,29,,,10,1677,,,55,1,1,1,1,0,1,1,1,1,18,,43,41,31472,3160,37798,,9592,14609
MCO,2018,140000290,140000449,4,1460,39,0,402,50,18250,2601,110,9993,,,0,0,0,54,19710,2640,110,10395,,0,,,85,34,4230,,0,,,34,4230,,,85,,,,,,,,,,,,,,,,,,,
MCO,2018,140000340,140025800,12,4380,202,4,3223,,,0,0,0,,,0,0,0,12,4380,202,4,3223,,0,,,0,,0,,0,,,,0,,,0,0,0,0,,,,,,,,,,,,,,,,
MCO,2018,140000373,140000159,74,27207,3540,215,26502,0,0,0,0,0,0,0,0,0,0,74,27207,3540,215,26502,5,215,1,11,735,0,0,0,0,,,6,215,1,11,735,1,0,1,1,1,1,1,0,0,30,90,6,,4645,0,7947,0,0,84
MCO,2018,140000555,140000639,117,39394,3784,43,31442,38,12288,1832,89,7208,,,0,0,0,155,51682,5616,132,38650,5,1170,,,73168,10,2395,,0,,,15,3565,,,73168,0,1,0,1,0,0,1,1,0,,,,,57428,,40361,254,,17397
MCO,2018,140002452,140025800,53,19345,2652,911,17058,,,0,0,0,,,0,0,0,53,19345,2652,911,17058,5,879,,,115,6,3907,,0,,,11,4786,,,115,1,0,0,1,1,0,0,,1,,,,,13031,0,7435,98,,378
MCO,2018,140004383,140000100,46,16790,1312,2,14611,,,0,0,0,,,0,0,0,46,16790,1312,2,14611,4,392,0,0,0,,0,,0,,,4,392,0,0,0,0,0,0,0,0,0,0,0,0,,,,,7803,7,1338,0,1,2559
MCO,2018,140016759,140003146,30,10950,6421,2802,18472,108,39420,6396,9,20298,44,16060,2085,68,9498,182,66430,14902,2879,48268,,0,,,4473,30,10296,0,0,,,30,10296,,,4473,,,,,,,,,,,,,,,,,,,
MCO,2018,140017237,140003278,78,28470,7188,489,22987,144,52560,9303,327,36137,,,0,0,0,222,81030,16491,816,59124,1,1,,,15739,80,21610,,0,,,81,21611,,,15739,,,,,,,,,,,,,,,,,,,
MCO,2018,140018730,140000423,4,1460,50,1,412,34,12410,1869,128,4679,,,0,0,0,38,13870,1919,129,5091,,0,,,7,20,5071,,0,,,20,5071,,,7,,,,,,,,,,,,,,20,,,,,
MCO,2018,140024886,140000092,106,37786,7143,1561,33092,29,10585,1897,201,7883,16,5840,736,55,2610,151,54211,9776,1817,43585,5,491,,,1682,10,2708,,194,,,15,3393,,,1682,1,1,1,1,0,1,1,1,1,150,,7,12,38634,2057,28821,,604,14624
MCO,2018,140026410,140026279,76,27740,3935,668,24672,,,0,0,0,0,,61,61,0,76,27740,3996,729,24672,,2,1,8,38,,0,,0,,,1,2,1,8,38,1,1,1,0,0,1,0,0,0,,,,,6202,2269,6366,,2270,40
MCO,2018,140026709,140000415,6,2190,187,0,1304,26,9490,1767,178,5873,,,0,0,0,32,11680,1954,178,7177,,0,,,1,7,3298,,0,,,7,3298,,,1,,,,,,,,,,,,,,,,,,,
MCO,2018,150000024,150780047,15,5475,137,3,2433,0,0,0,0,0,0,0,0,0,0,15,5475,137,3,2433,0,0,0,0,0,0,0,0,0,0,0,0,0,0,0,0,0,0,0,0,0,0,0,0,0,,,,,0,0,0,0,0,0
MCO,2018,150000032,150780088,71,25903,2640,135,22818,22,8030,1086,56,5156,15,5475,557,150,1544,108,39408,4283,341,29518,5,430,0,0,492,4,441,0,81,0,0,9,952,0,0,492,1,0,,1,0,0,0,0,0,,,,,11446,1178,21078,1,1012,874
MCO,2018,150000040,150780096,218,72242,11147,819,64170,60,21842,2962,172,13371,24,7849,1640,353,5328,302,101933,15749,1344,82869,20,1919,,,4216,12,2746,0,0,,,32,4665,,,4216,1,1,1,1,1,1,1,1,1,110,130,45,200,45968,6900,84301,46,20841,32625
MCO,2018,150000164,150780468,40,14600,1903,255,13720,,,0,0,0,,,0,0,0,40,14600,1903,255,13720,,0,,,41,,0,,0,,,,0,,,41,1,1,0,1,0,1,1,0,0,,,40,,2678,1694,13176,,1508,2076
MCO,2018,150000180,150780500,25,9125,434,28,6336,,,0,0,0,,,0,0,0,25,9125,434,28,6336,,0,,,0,,0,,0,,,,0,,,0,1,1,0,0,0,0,0,,0,,,,,855,,750,,,
MCO,2018,150780120,150000065,10,3650,364,0,1382,,,0,0,0,,,0,0,0,10,3650,364,0,1382,,0,,,0,,0,,0,,,,0,,,0,0,0,0,0,0,0,0,0,0,,,,,,,,,,
MCO,2018,150780732,150000271,81,29565,1607,5,20350,129,47085,3476,91,14142,1,1,1,0,1,211,76651,5084,96,34493,4,5,,,16548,10,6444,1,4,,,15,6453,,,16548,,,,,,,,,,,,,,,,,,,
MCO,2018,160000170,160000204,8,2920,170,0,850,63,20223,3524,995,7422,,,0,0,0,71,23143,3694,995,8272,,0,,,0,32,6964,,0,,,32,6964,,,0,,,,,,,,,,,,,,,,,,,
MCO,2018,160000188,160000121,12,4380,237,6,3355,,,0,0,0,,,0,0,0,12,4380,237,6,3355,3,152,,,0,,0,,0,,,3,152,,,0,0,0,0,0,0,0,0,0,0,,,,,,,,,,
MCO,2018,160000253,160000451,272,98072,18237,3156,76315,70,26624,4645,148,20190,25,9880,1859,100,7033,367,134576,24741,3404,103538,22,1557,,,21602,19,3941,0,0,,,41,5498,,,21602,1,0,1,1,1,1,1,1,1,105,105,,120,79437,5919,85677,815,17313,31394
MCO,2018,160000279,160000212,,,0,0,0,43,15695,1578,132,4915,,,0,0,0,43,15695,1578,132,4915,,0,,,0,23,4898,,0,,,23,4898,,,0,0,0,0,0,0,0,0,0,0,,,,,6370,,,,,
MCO,2018,160000303,160006037,53,19345,2560,308,17090,,,0,0,0,,,0,0,0,53,19345,2560,308,17090,4,145,,,3,,0,,0,,,4,145,,,3,1,0,0,1,1,1,1,0,0,,20,7,,7384,32,16036,,1547,344
MCO,2018,160000311,160000485,27,9855,2793,662,8828,,,0,0,0,,,0,0,0,27,9855,2793,662,8828,2,59,,,1,,0,,0,,,2,59,,,1,1,0,1,1,1,0,1,1,1,180,20,,80,7384,,25537,,,4974
MCO,2018,160000337,160000493,29,10585,2361,642,10530,,,0,0,0,,,0,0,0,29,10585,2361,642,10530,4,52,,,52,,0,,0,,,4,52,,,52,,,,,,,,,,,,,,5585,1077,16300,,1781,227
MCO,2018,160000360,160000519,10,3650,157,2,2356,,,0,0,0,,,0,0,0,10,3650,157,2,2356,,0,,,0,,0,,0,,,,0,,,0,0,0,0,0,0,0,0,0,0,,,,,,,,,,
MCO,2018,160013207,160001632,24,8760,1818,69,9969,101,36865,3373,84,9675,40,14600,1064,0,4134,165,60225,6255,153,23778,16,3815,,,4486,35,8347,,116,,,51,12278,,,4486,,,,,,,,,,,,,,,,,,,
MCO,2018,160015368,160014411,93,32040,6585,1992,29905,,,0,0,0,15,5475,931,162,3019,108,37515,7516,2154,32924,10,767,,,2149,,0,,0,,,10,767,,,2149,1,1,0,1,1,1,1,0,1,,5,74,101,10674,2776,41553,,6323,2227
MCO,2018,170000038,170780050,69,25185,3569,309,23830,19,6935,1143,48,5899,,,0,0,0,88,32120,4712,357,29729,3,92,,,726,7,2085,1,16,,,11,2193,,,726,1,0,1,1,0,1,1,1,1,120,,50,90,21080,1145,28270,142,1192,42789
MCO,2018,170000079,170780142,11,4015,104,0,2158,,,0,0,0,,,0,0,0,11,4015,104,0,2158,1,38,,,0,,0,,0,,,1,38,,,0,0,0,0,0,0,0,0,0,0,,,,,,,,,,
MCO,2018,170000087,170024194,423,149900,21575,1028,127175,113,35939,6602,267,34153,41,14373,3147,73,11977,577,200212,31324,1368,173305,20,3094,,,32354,30,6480,2,887,,,52,10461,,,32354,1,1,1,1,1,1,1,1,1,15,260,50,40,94541,6800,85981,1900,3391,28725
MCO,2018,170000095,170780167,65,23018,2688,288,20273,10,4397,821,59,2505,0,0,0,0,0,75,27415,3509,347,22778,6,500,0,0,91,6,816,0,0,0,0,12,1316,0,0,91,1,0,1,1,0,0,1,0,1,30,,,90,12450,405,17328,0,23,679
MCO,2018,170000103,170780175,234,81556,11849,1078,74661,78,25905,4661,404,20415,24,8760,1858,93,7090,336,116221,18368,1575,102166,9,412,2,330,44981,10,4176,,0,,,21,4588,2,330,44981,1,1,0,1,1,1,1,1,1,,,,,65626,12491,56329,529,10041,3679
MCO,2018,170000111,170024194,3,1095,32,1,344,,,0,0,0,,,0,0,0,3,1095,32,1,344,,0,,,0,,0,,0,,,,0,,,0,,,,,,,,,,,,,,164,,34,,,
MCO,2018,170000129,170780191,113,41934,5682,277,40026,,,0,0,0,,,0,0,0,113,41934,5682,277,40026,10,382,,,3279,,0,,0,,,10,382,,,3279,1,0,0,0,0,0,1,0,0,,,,,9095,,13536,,,5229
MCO,2018,170000152,170780225,172,62628,10567,606,56477,38,15010,2659,118,11292,18,6570,1831,98,6877,228,84208,15057,822,74646,14,1185,0,,2252,11,5629,1,0,,,26,6814,0,,2252,1,1,1,1,1,1,1,1,1,117,0,38,10,55150,1559,50149,360,3290,3551
MCO,2018,170000178,170780266,10,3650,271,2,3469,,,0,0,0,,,0,0,0,10,3650,271,2,3469,1,64,,,0,,0,,0,,,1,64,,,0,0,0,0,0,0,0,1,0,0,,,,,498,,138,,,
MCO,2018,170780563,170000251,8,2920,535,257,2333,79,28835,4466,145,17010,,,0,0,0,87,31755,5001,402,19343,,0,,,698,40,7074,,0,,,40,7074,,,698,,,,,,,,,,,,,,,,,,,
MCO,2018,170780613,170000277,4,1460,655,61,1466,56,20440,3546,446,8544,,,0,0,0,60,21900,4201,507,10010,,0,,,155,17,3519,2,542,,,19,4061,,,155,,,,,,,,,,,,,,,,,,,
MCO,2018,170780621,170000285,,,0,0,0,35,12775,1958,242,7600,,,0,0,0,35,12775,1958,242,7600,,0,,,0,21,3888,1,41,,,22,3929,,,0,,,,,,,,,,,,,,,,,,,
MCO,2018,170780647,170000301,,,0,0,0,20,7300,1533,249,3233,,,0,0,0,20,7300,1533,249,3233,,0,,,0,29,6361,,0,,,29,6361,,,0,,,,,,,,,,,,,,,,,,,
MCO,2018,170780662,170024053,,,0,0,0,34,12410,2892,70,6318,,,0,0,0,34,12410,2892,70,6318,10,8119,,,8,32,10711,,0,,,42,18830,,,8,,,,,,,,,,,,,,,,,,,
MCO,2018,180000010,180000028,326,112383,14281,1116,95365,96,35040,3686,240,22178,36,13140,1976,173,7521,458,160563,19943,1529,125064,18,324,,,19475,18,5220,5,868,,,41,6412,,,19475,1,0,1,1,1,1,1,1,1,65,95,32,57,70562,2343,99978,185,1809,22245
MCO,2018,180000200,180000051,74,25950,5118,655,29854,17,6205,1116,81,5096,15,5475,781,183,2302,106,37630,7015,919,37252,2,67,,,1581,12,2073,1,40,,,15,2180,,,1581,1,1,1,1,1,0,1,1,0,60,45,30,,25951,2734,16337,,2481,3575
MCO,2018,180000283,180000069,85,30983,3692,703,27253,,,0,0,0,15,5475,623,101,2331,100,36458,4315,804,29584,1,53,,,7,,0,1,101,,,2,154,,,7,1,0,1,0,0,1,0,0,1,60,,20,40,7743,188,12050,,1536,633
MCO,2018,180000358,180000739,5,1825,95,1,732,30,10950,1642,0,6371,,,0,0,0,35,12775,1737,1,7103,1,1,,,779,39,3984,,0,,,40,3985,,,779,,,,,,,,,,,,,,,,2248,,,
MCO,2018,180004145,180000887,25,9125,953,57,10086,87,31755,13127,0,15659,11,4015,573,11,2357,123,44895,14653,68,28102,10,2851,,,5744,18,6024,1,30,,,29,8905,,,5744,,,,,,,,,,,,,,,,,,,
MCO,2018,190000018,190000042,323,108964,14783,602,93147,64,26227,3694,133,19623,34,12232,2082,129,8272,421,147423,20559,864,121042,28,1943,,,37801,12,3543,0,345,,,40,5831,,,37801,1,1,1,1,1,1,1,1,1,90,120,40,260,66229,5715,90036,376,4926,12910
MCO,2018,190000026,190000059,165,59208,7501,462,51531,34,12184,1937,157,8668,21,6987,1312,163,4050,220,78379,10750,782,64249,14,110,,,690,6,2157,,0,,,20,2267,,,690,1,1,1,1,1,1,1,1,1,90,120,30,360,27885,826,46845,949,1738,5481
MCO,2018,190000034,190000067,19,6935,264,5,4610,,,0,0,0,,,0,0,0,19,6935,264,5,4610,1,1,,,0,,0,,0,,,1,1,,,0,0,0,0,0,0,0,0,0,0,,,,,114,,,,,
MCO,2018,190000091,190000075,72,26280,2818,160,21228,19,8555,1121,31,5007,12,4380,365,35,1218,103,39215,4304,226,27453,3,870,,,995,4,1221,1,78,,,8,2169,,,995,1,0,1,1,0,1,0,1,1,30,,15,30,18072,2141,25964,,340,1871
MCO,2018,190000224,190000901,27,9855,1983,37,10994,92,33580,4485,109,17835,,,0,0,0,119,43435,6468,146,28829,,0,,,213,51,8536,,0,,,51,8536,,,213,,,,,,,,,,,,,,,,7053,,,
MCO,2018,190000257,190001131,4,1460,374,5,1778,33,12045,1018,70,2772,,396,1350,813,1302,37,13901,2742,888,5852,,8,,,93,22,3324,,0,,,22,3332,,,93,,,,,,,,,,,,,,,,,,,
MCO,2018,210011847,210011839,39,14235,1401,17,9849,90,32850,2653,22,5431,0,0,0,0,0,129,47085,4054,39,15280,0,0,0,0,4604,22,11158,0,0,0,0,22,11158,0,0,4604,,,,,,,,,,,,,,,,,,,
MCO,2018,210012670,210011367,60,21900,11715,5103,18829,90,32850,6449,87,20092,26,9490,1716,13,6518,176,64240,19880,5203,45439,4,482,,,239,71,18156,,0,,,75,18638,,,239,,,,,,,,,,,,,,,,,,,
MCO,2018,210780789,210003208,64,23360,3039,44,15006,60,21900,3121,74,10669,,,0,0,0,124,45260,6160,118,25675,3,542,,,19231,17,5417,,0,,,20,5959,,,19231,,,,,,,,,,,,,,,,,,,
MCO,2018,210986089,210780581,60,21900,2128,26,21912,,,0,0,0,,,0,0,0,60,21900,2128,26,21912,10,1265,,,66,,0,,0,,,10,1265,,,66,0,0,0,0,0,0,0,0,0,,,,,1175,,25,,,
MCO,2018,210987558,210780581,631,230315,35350,3415,201831,224,81760,13741,711,68834,95,34675,5442,110,23991,950,346750,54533,4236,294656,160,15576,,,39591,49,11524,15,2767,,,224,29867,,,39591,1,1,1,1,1,1,1,1,1,120,176,40,132,201338,11189,248668,9625,10753,4698
MCO,2018,210987574,210012175,8,2920,131,1,2307,,,0,0,0,,,0,0,0,8,2920,131,1,2307,,0,,,1,,0,,0,,,,0,,,1,0,0,0,0,0,0,0,0,0,,,,,,,,,,
MCO,2018,210987582,210780631,8,2857,126,1,1742,,,0,0,0,,,0,0,0,8,2857,126,1,1742,,0,,,0,,0,,0,,,,0,,,0,0,0,0,0,0,0,0,0,0,,,,,,,,,,
MCO,2018,210987590,210012175,8,2373,73,0,2644,,,0,0,0,,,0,0,0,8,2373,73,0,2644,,0,,,0,,0,,0,,,,0,,,0,0,0,0,0,0,0,0,0,0,,,,,,,,,,
MCO,2018,210987608,210012142,0,960,49,0,1015,,,0,0,0,,,0,0,0,0,960,49,0,1015,,0,,,0,,0,,0,,,,0,,,0,0,0,0,0,0,0,0,0,0,,,,,,,,,,
MCO,2018,210987616,210012175,12,4380,134,1,3299,,,0,0,0,,,0,0,0,12,4380,134,1,3299,,0,,,0,,0,,0,,,,0,,,0,,,,,,,,,,,,,,,,,,,
MCO,2018,210987632,210780607,18,6570,429,0,6247,,,0,0,0,,,0,0,0,18,6570,429,0,6247,,0,,,0,,0,,0,,,,0,,,0,,,,,,,,,,,,,,,,,,,
MCO,2018,210987657,210012175,100,36500,6328,1446,33129,50,18250,2169,173,10587,24,8760,1092,81,3838,174,63510,9589,1700,47554,0,0,,,1125,10,2599,0,0,,,10,2599,,,1125,1,0,0,1,1,1,1,0,1,,20,45,87,30037,699,29232,,1367,1716
MCO,2018,210987665,210012142,51,18615,2719,1193,13237,,,0,0,0,,,0,0,0,51,18615,2719,1193,13237,,0,,,40,,0,1,19,,,1,19,,,40,1,0,0,1,0,1,0,0,0,,,,,1482,1557,8580,,2197,68
MCO,2018,210987673,210012142,41,14965,1890,13,12676,,,0,0,0,,,0,0,0,41,14965,1890,13,12676,2,196,,,17,,0,,0,,,2,196,,,17,1,0,0,0,0,0,1,0,1,,,,,3359,,10807,,,255
MCO,2018,210987681,210012142,25,9125,560,15,6842,0,0,0,0,0,0,,0,0,0,25,9125,560,15,6842,,0,,,0,,0,,0,,,,0,,,0,0,0,0,0,0,0,0,0,0,,,,,1856,,4767,,,
MCO,2018,210987699,210780706,74,27010,3901,692,21708,50,18250,2099,1,11091,14,5110,549,0,2193,138,50370,6549,693,34992,11,1882,1,58,648,8,291,1,114,0,0,21,2287,1,58,648,1,1,1,1,1,1,1,1,1,100,90,8,90,23594,2651,34476,42,3325,12614
MCO,2018,210987731,210780417,101,33395,8056,584,26289,30,9787,1587,42,6334,,,0,0,0,131,43182,9643,626,32623,36,410,,,45888,8,1780,,0,,,44,2190,,,45888,0,0,0,0,0,0,0,0,0,,,,,38419,,62256,83,,1806
MCO,2018,220000012,220000020,459,163450,23945,1332,152694,116,41472,8259,688,33355,38,12410,2512,67,10711,613,217332,34716,2087,196760,50,4044,,,28938,20,5422,6,1329,,,76,10795,,,28938,1,1,1,1,1,1,1,1,1,,,,,95509,8547,118814,399,3126,25566
MCO,2018,220000095,220000046,197,71071,10799,1313,63197,3,1095,321,186,319,13,4745,981,211,3070,213,76911,12101,1710,66586,17,1385,0,0,2489,0,0,0,0,0,0,17,1385,0,0,2489,1,0,1,1,1,1,1,1,0,60,90,,,19528,1694,26721,0,3058,9649
MCO,2018,220000111,220000376,4,1004,91,0,692,33,12045,1656,11,6076,,,0,0,0,37,13049,1747,11,6768,,0,,,1514,33,4956,,0,,,33,4956,,,1514,,,,,,,,,,,,,,,,,,,
MCO,2018,220000236,220017974,10,3650,179,3,2376,,,0,0,0,,,0,0,0,10,3650,179,3,2376,,0,,,0,,0,,0,,,,0,,,0,0,0,0,0,0,0,0,0,0,,,,,,,,,,
MCO,2018,220000343,220000079,114,41784,6782,680,37257,37,10607,1674,119,7062,10,3650,788,198,2198,161,56041,9244,997,46517,8,261,,,1314,20,4701,0,0,,,28,4962,,,1314,1,0,1,1,1,1,1,1,1,80,,,,17345,2233,34242,,3673,7329
MCO,2018,220000368,220000103,140,51616,8300,1016,46785,32,12376,1400,118,7227,13,4745,1053,194,3207,185,68737,10753,1328,57219,5,477,1,116,3466,7,1316,,0,,,13,1793,1,116,3466,1,1,1,1,1,1,1,1,1,,,,,27795,4439,40600,0,6131,6671
MCO,2018,220000541,220000152,85,31025,4407,669,27718,,,0,0,0,,,0,0,0,85,31025,4407,669,27718,8,450,,,221,,0,,32,,,8,482,,,221,1,0,1,1,1,1,1,0,0,,,,,7674,819,21011,,1450,7590
MCO,2018,220000566,220021968,26,9490,642,4,8565,,,0,0,0,,,0,0,0,26,9490,642,4,8565,0,0,,,0,,0,,0,,,0,0,,,0,,,,,,,,,,,,,,,,,,,
MCO,2018,220000574,220021968,12,4380,219,1,3489,,,0,0,0,,,0,0,0,12,4380,219,1,3489,,0,,,0,,0,,0,,,,0,,,0,0,0,0,0,0,0,0,0,0,,,,,,,,,,
MCO,2018,220001259,220005045,30,10950,677,7,9398,,,0,0,0,,,0,0,0,30,10950,677,7,9398,5,752,,,7,,0,,0,,,5,752,,,7,1,0,0,1,1,0,0,0,0,,7,,,938,,2958,,,200
MCO,2018,220005599,220017842,6,2160,191,2,1598,74,27010,2489,216,7683,,,0,0,0,80,29170,2680,218,9281,,0,,,43,27,7647,,0,,,27,7647,,,43,,,,,,,,,,,,,,,,,,,
MCO,2018,220013106,350000626,,,0,0,0,,,0,0,0,,,0,0,0,,,0,0,0,,0,,,985,,0,,0,,,,0,,,985,0,0,0,0,0,0,0,0,0,,,,,,,,,,
MCO,2018,220013130,350000626,,,0,0,0,,,0,0,0,,,0,0,0,,,0,0,0,,0,,,744,,0,,0,,,,0,,,744,0,0,0,0,0,0,0,0,0,,,,,,,,,,
MCO,2018,220013155,350000626,,,0,0,0,,,0,0,0,,,0,0,0,,,0,0,0,,0,,,227,,0,,0,,,,0,,,227,0,0,0,0,0,0,0,0,0,,,,,,,,,,
MCO,2018,220016778,350000626,,,0,0,0,,,0,0,0,,,0,0,0,,,0,0,0,,0,,,13,,0,,0,,,,0,,,13,0,0,0,0,0,0,0,0,0,,,,,,,,,,
MCO,2018,220019558,350000626,,,0,0,0,,,0,0,0,,,0,0,0,,,0,0,0,,0,,,6530,,0,,0,,,,0,,,6530,0,0,0,0,0,0,0,0,0,,,,,,,,,,
MCO,2018,220019848,350000626,,,0,0,0,,,0,0,0,,,0,0,0,,,0,0,0,,0,,,1108,,0,,0,,,,0,,,1108,0,0,0,0,0,0,0,0,0,,,,,,,,,,
MCO,2018,220020507,350000626,,,0,0,0,,,0,0,0,,,0,0,0,,,0,0,0,,0,,,7039,,0,,0,,,,0,,,7039,0,0,0,0,0,0,0,0,0,,,,,,,,,,
MCO,2018,220021976,350000626,,,0,0,0,,,0,0,0,,,0,0,0,,,0,0,0,,0,,,2786,,0,,0,,,,0,,,2786,0,0,0,0,0,0,0,0,0,,,,,,,,,,
MCO,2018,220022800,220000673,46,16790,1938,24,16062,102,33796,7017,119,22330,25,8760,1208,23,5373,173,59346,10163,166,43765,0,97,0,0,10699,50,15518,0,42,,,50,15657,0,0,10699,,,,,,,,,,,,,,,,,,,
MCO,2018,230000820,230780041,187,70619,7197,318,58316,36,13140,2076,97,10638,19,6935,893,89,3462,242,90694,10166,504,72416,11,804,,,5474,5,901,1,160,,,17,1865,,,5474,1,1,1,1,1,1,0,1,1,,,,,31155,1562,45895,95,3869,2603
MCO,2018,230000846,230780066,26,9490,626,6,5773,,,0,0,0,,,0,0,0,26,9490,626,6,5773,,0,,,0,,0,,0,,,,0,,,0,1,0,0,0,1,0,1,1,1,,70,,90,4235,44,4241,,32,3355
MCO,2018,230004657,230780058,28,10220,1082,150,7857,0,0,0,0,0,0,0,0,0,0,28,10220,1082,150,7857,0,0,0,0,0,5,362,0,0,0,0,5,362,0,0,0,1,0,0,1,1,0,1,0,1,,,,,,,,,,
MCO,2018,230780082,750005068,34,12410,1317,9,11204,,,0,0,0,,,0,0,0,34,12410,1317,9,11204,9,1519,4,1314,2176,,0,,0,,,13,1519,4,1314,2176,1,0,0,0,0,0,1,0,0,,,,,5542,0,7369,,,123
MCO,2018,230780157,230000861,4,1460,122,83,190,26,9490,1178,34,4252,,,0,0,0,30,10950,1300,117,4442,0,0,,,54,21,3444,,0,,,21,3444,,,54,0,0,0,1,0,0,0,0,1,,,,4,,,,,,
MCO,2018,240000174,240000042,10,3650,203,18,2351,,,0,0,0,,,0,0,0,10,3650,203,18,2351,,0,,,1,,0,,0,,,,0,,,1,0,0,0,0,0,0,0,0,0,,,,,,,,,,
MCO,2018,240000190,240000596,36,13140,2950,1146,11803,84,30660,4094,35,16744,,,0,0,0,120,43800,7044,1181,28547,1,5,,,6724,41,7773,1,24,,,43,7802,,,6724,,,,,,,,,,,,,,,,,,,
MCO,2018,240000208,240000612,4,1460,63,0,545,62,22630,7631,6097,5635,,,0,0,0,66,24090,7694,6097,6180,,0,,,12,,0,,0,,,,0,,,12,,,,,,,,,,,,,,,,,,,
MCO,2018,240000216,240000620,,,0,0,0,30,10950,1326,59,3974,,,0,0,0,30,10950,1326,59,3974,,0,,,0,24,7002,,0,,,24,7002,,,0,,,,,,,,,,,,,,,,,,,
MCO,2018,240000372,240000059,100,36500,7873,1571,33983,30,10950,1827,43,9398,15,5475,1430,455,3479,145,52925,11130,2069,46860,9,341,,,1395,11,1688,,0,,,20,2029,,,1395,1,1,0,1,0,1,0,1,0,,,30,,29945,4301,41206,,1647,3005
MCO,2018,240000414,240000067,10,3650,335,99,2869,,,0,0,0,,,0,0,0,10,3650,335,99,2869,1,0,,,0,,0,,0,,,1,0,,,0,,,,,,,,,,,,,,,,,,,
MCO,2018,240000455,240000075,10,3650,258,4,2526,,,0,0,0,,,0,0,0,10,3650,258,4,2526,,0,,,0,,0,,0,,,,0,,,0,0,0,0,0,0,0,0,0,0,,,,,,,,,,
MCO,2018,240000463,240000083,4,1460,129,0,1868,,,0,0,0,,,0,0,0,4,1460,129,0,1868,,0,,,0,,0,,0,,,,0,,,0,,,,,,,,,,,,,,,,,,,
MCO,2018,240000471,240000109,4,1460,117,1,1429,,,0,0,0,,,0,0,0,4,1460,117,1,1429,,0,,,0,,0,,0,,,,0,,,0,0,0,0,0,0,0,0,0,0,,,,,,,,,,
MCO,2018,240000489,240000117,342,124830,16298,994,108564,88,32120,3885,318,21636,38,13870,2294,206,8941,468,170820,22477,1518,139141,35,2152,,,5884,16,3412,2,539,,,53,6103,,,5884,1,1,1,1,1,1,1,1,1,60,160,28,,74219,1885,64420,2548,1072,11330
MCO,2018,240000505,240016055,32,11172,324,2,5325,,,0,0,0,,,0,0,0,32,11172,324,2,5325,,0,,,0,,0,,0,,,,0,,,0,0,0,0,0,0,0,0,0,0,,,,,,,,,,
MCO,2018,240000687,240000448,73,24820,3741,315,21930,0,0,1,1,0,15,5475,557,235,1204,88,30295,4299,551,23134,3,0,0,0,244,5,1093,0,0,0,0,8,1093,0,0,244,1,1,1,1,1,1,1,0,1,,,,,9703,822,11648,0,2055,515
MCO,2018,240006734,240000596,,,0,0,0,,,0,0,0,,,0,0,0,,,0,0,0,,0,,,24202,,0,,0,,,,0,,,24202,0,0,0,0,0,0,0,0,0,,,,,,,,,,
MCO,2018,250000023,250000015,16,2122,906,54,1284,0,0,0,0,0,0,0,0,0,0,16,2122,906,54,1284,0,0,0,0,0,0,0,0,0,0,0,0,0,0,0,0,0,0,0,0,0,0,0,0,0,,,,,0,0,0,0,0,0
MCO,2018,250000270,250000643,37,13505,4830,1990,9609,104,34310,7949,823,20094,,,0,0,0,141,47815,12779,2813,29703,,0,,,21,31,14374,,0,,,31,14374,,,21,,,,,,,,,,,,,,,,,,,
MCO,2018,250000627,250000221,20,7300,403,11,4660,,,0,0,0,,,0,0,0,20,7300,403,11,4660,,21,,,0,,0,,0,,,,21,,,0,,,,,,,,,,,,,,,,,,,
MCO,2018,250000635,250000239,10,3650,273,33,2734,,,0,0,0,,,0,0,0,10,3650,273,33,2734,1,1,,,51,,0,,0,,,1,1,,,51,0,1,1,0,0,0,1,1,0,,,,,105,,5,,,
MCO,2018,250000700,250000452,98,35770,7107,1059,31650,30,12952,2356,99,8304,28,10220,1781,291,5791,156,58942,11244,1449,45745,7,782,,,2674,10,2040,1,242,,,18,3064,,,2674,1,1,1,1,1,1,1,1,0,,,,,,,,,,
MCO,2018,250000726,250000478,6,2190,117,1,1361,0,0,0,0,0,0,0,0,0,0,6,2190,117,1,1361,0,0,0,0,0,0,0,0,0,0,0,0,0,0,0,0,0,0,0,0,0,0,0,0,0,,,,,,,,,,
MCO,2018,250000734,250000452,6,2190,174,0,1964,,,0,0,0,,,0,0,0,6,2190,174,0,1964,,0,,,0,,0,,0,,,,0,,,0,0,0,0,0,0,0,0,0,0,,,,,,,,,,
MCO,2018,250004009,900000365,24,8760,819,14,6364,,,0,0,0,,,0,0,0,24,8760,819,14,6364,0,56,,,32266,,0,,0,,,0,56,,,32266,0,0,0,0,0,0,0,0,0,,,,,16777,529,4788,59,3,4170
MCO,2018,250006954,250000015,691,245532,33825,5008,215179,287,102374,15261,600,74908,78,28470,4705,323,18907,1056,376376,53791,5931,308994,101,10707,,,71905,26,7236,12,2023,,,139,19966,,,71905,1,1,1,1,1,1,1,1,1,110,170,75,275,226679,4251,137428,1686,10650,49799
MCO,2018,250011848,250017803,31,11315,329,2,1963,73,26645,5513,349,14189,24,8760,1587,57,6403,128,46720,7429,408,22555,0,1,,,1694,18,9773,0,9,,,18,9783,,,1694,0,0,0,0,0,0,0,0,0,,,,,,,,,,
MCO,2018,260000013,260000021,362,117888,19583,2011,113932,125,43212,7583,772,32337,43,15650,3094,60,12643,530,176750,30260,2843,158912,37,1993,,,10943,24,5173,1,353,,,62,7519,,,10943,1,1,1,1,1,1,1,1,1,80,64,79,120,98024,4013,93319,966,7213,41433
MCO,2018,260000120,260016910,144,52130,7203,97,41554,48,16510,2621,1,13555,33,12040,1801,8,6381,225,80680,11625,106,61490,1,296,,,11304,8,1658,2,683,,,11,2637,,,11304,1,1,1,0,1,1,1,1,1,60,30,40,200,30886,2950,44182,,2688,6866
MCO,2018,260000138,260000047,222,75532,11791,1288,67382,49,17526,3084,261,13218,37,13505,2732,197,10651,308,106563,17607,1746,91251,10,1529,,,22889,10,1922,0,304,,,20,3755,,,22889,1,1,1,1,1,1,1,1,1,180,180,43,90,55152,5430,51989,30,8937,8806
MCO,2018,260000146,260000054,38,13870,1581,107,12135,,,0,0,0,,,0,0,0,38,13870,1581,107,12135,1,90,,,230,4,680,1,33,,,6,803,,,230,1,1,1,1,1,1,1,0,1,103,66,55,110,9931,1007,18517,,412,2259
MCO,2018,260000195,260006770,18,5434,1398,0,5400,,,0,0,0,,,0,0,0,18,5434,1398,0,5400,,0,,,0,,0,,0,,,,0,,,0,,,,,,,,,,,,,,,,,,,
MCO,2018,260000203,260016910,30,10950,898,0,9245,,,0,0,0,,,0,0,0,30,10950,898,0,9245,1,3,,,5,,0,,0,,,1,3,,,5,1,0,1,0,1,1,0,1,1,60,,30,200,3118,1222,12483,,877,2726
MCO,2018,260000237,260000088,10,3534,146,6,2562,,,0,0,0,,,0,0,0,10,3534,146,6,2562,,0,,,0,,0,,0,,,,0,,,0,0,0,0,0,0,0,0,0,0,,,,,,,,,,
MCO,2018,260000260,260000377,4,1460,44,1,466,28,10220,2037,80,5172,,,0,0,0,32,11680,2081,81,5638,,0,,,117,35,6384,,0,,,35,6384,,,117,,,,,,,,,,,,,,,,,,,
MCO,2018,260000278,260000096,6,2190,119,6,936,,,0,0,0,,,0,0,0,6,2190,119,6,936,,0,,,0,,0,,0,,,,0,,,0,0,0,0,0,0,0,0,0,0,,,,,,,250,,,
MCO,2018,260000286,260000104,33,12045,1427,261,9346,,,0,0,0,,,22,22,0,33,12045,1449,283,9346,,0,,,52,,0,,0,,,,0,,,52,1,1,1,1,1,1,1,1,1,,,,,0,0,0,0,0,0
MCO,2018,260003017,260000781,37,13505,1698,87,6601,50,17885,4573,2055,8126,,,0,0,0,87,31390,6271,2142,14727,5,2529,,,18,48,10198,,0,,,53,12727,,,18,,,,,,,,,,,,,,,,,,,
MCO,2018,260006267,70000245,26,9490,1054,32,5827,8,2920,643,257,479,,,0,0,0,34,12410,1697,289,6306,12,233,,,4265,15,6832,,0,,,27,7065,,,4265,,,,,,,,,,,,,,,,,,,
MCO,2018,260020078,420784878,,,0,0,0,10,3650,441,13,2815,,,0,0,0,10,3650,441,13,2815,,0,,,0,,0,,0,,,,0,,,0,0,0,0,0,0,0,0,0,0,,,,,2540,,,,,
MCO,2018,270000045,270000060,53,19345,2849,318,17692,14,5110,928,0,3472,13,4745,590,0,1882,80,29200,4367,318,23046,2,57,,,156,14,2088,1,327,,,17,2472,,,156,1,0,0,1,1,1,1,0,1,,,,,12581,3340,22784,,3231,3141
MCO,2018,270000326,270000680,4,1460,2056,62,7265,88,32120,3054,1,9380,1,365,163,105,144,93,33945,5273,168,16789,14,3363,,,7638,8,3876,0,0,,,22,7239,,,7638,,,,,,,,,,,,,,,,,,,
MCO,2018,270000359,270023724,274,85760,14987,3147,74157,50,16866,2742,134,14473,42,15330,3771,692,11869,366,117956,21500,3973,100499,22,1822,,,22611,15,3394,,0,,,37,5216,,,22611,1,1,1,1,1,1,1,1,1,150,64,55,55,86280,10836,36630,987,,11129
MCO,2018,270000367,270000086,50,13870,2293,156,13595,17,5110,1234,76,4634,11,4015,673,180,1984,78,22995,4200,412,20213,3,101,0,0,61,4,1359,0,0,0,0,7,1460,0,0,61,1,0,1,1,1,1,1,0,1,60,21,15,126,13449,2864,19911,,3849,4148
MCO,2018,270000391,760024042,40,15013,1485,25,13771,0,,0,0,0,0,,0,0,0,40,15013,1485,25,13771,,0,,,5,,0,,0,,,,0,,,5,0,1,1,1,1,1,1,1,0,,,,,9063,1074,3300,,1955,2524
MCO,2018,270000425,270000102,43,14922,2773,546,13123,,,0,0,0,,,0,0,0,43,14922,2773,546,13123,,0,,,16,5,158,,0,,,5,158,,,16,,,,,,,,,,,,,,,,,,,
MCO,2018,270000441,270000110,34,12410,1500,95,10653,,,0,0,0,,,0,0,0,34,12410,1500,95,10653,,0,,,0,,0,,0,,,,0,,,0,1,1,0,1,0,0,1,0,0,,,,,2785,1306,8757,,1208,11431
MCO,2018,270000458,270023724,93,30270,4603,390,26806,23,7332,1258,64,5118,14,5110,1211,273,3482,130,42712,7072,727,35406,8,1325,,,4170,7,831,,0,,,15,2156,,,4170,1,0,1,1,1,1,1,1,1,156,72,7,115,29506,3596,13918,341,,1937
MCO,2018,270000862,270000953,33,12045,1059,15,5331,30,10950,2332,39,5532,,,0,0,0,63,22995,3391,54,10863,,0,,,2,21,5111,,0,,,21,5111,,,2,,,,,,,,,,,,,,,,,,,
MCO,2018,280000043,280000134,0,0,0,0,0,0,0,0,0,0,0,0,0,0,0,0,0,0,0,0,2,187,,,29,0,0,0,0,,,2,187,,,29,0,0,0,0,0,0,0,0,0,,,,,1135,,200,,,23
MCO,2018,280000084,280000183,259,88584,11968,642,77629,42,16158,3293,266,13473,30,11674,2168,41,8562,331,116416,17429,949,99664,24,574,,,3189,15,2802,7,811,,,46,4187,,,3189,1,1,1,1,1,1,1,1,0,101,111,117,,80344,3008,107791,939,5831,7903
MCO,2018,280000100,280000225,15,5475,237,1,4370,,,0,0,0,,,0,0,0,15,5475,237,1,4370,,0,,,0,,0,,0,,,,0,,,0,0,0,0,0,1,0,0,0,0,,51,,,77,,,,,
MCO,2018,280000449,920030269,39,14235,1295,19,9352,,,0,0,0,,,0,0,0,39,14235,1295,19,9352,6,102,,,0,,0,,0,,,6,102,,,0,0,0,0,0,0,0,0,0,0,,,,,,,,,,
MCO,2018,280000662,280500075,93,33762,4960,716,27835,,,0,0,0,0,2220,211,37,616,93,35982,5171,753,28451,4,790,,,1040,10,435,2,35,,,16,1260,,,1040,1,0,1,0,0,1,1,1,1,,,,,13188,2344,17403,657,2492,3115
MCO,2018,280502998,280000589,60,20327,3411,783,20886,,,0,0,0,,,0,0,0,60,20327,3411,783,20886,,0,,,72,7,2656,,0,,,7,2656,,,72,1,0,1,0,1,1,1,1,1,150,92,115,184,28092,4850,23810,0,1753,
MCO,2018,280504267,280000134,393,138501,19668,1727,114100,76,26047,3325,1,18046,41,20751,3593,10,14588,510,185299,26586,1738,146734,34,2104,,,21534,15,3475,0,398,,,49,5977,,,21534,1,0,1,1,1,1,1,1,1,67,95,41,36,112831,11097,83459,492,1761,15999
MCO,2018,280505777,280001199,40,14600,1946,115,13765,91,33215,5008,148,12094,,,0,0,0,131,47815,6954,263,25859,,0,,,2468,21,10762,,0,,,21,10762,,,2468,,,,,,,,,,,,,,,,,,,
MCO,2018,290000025,290020700,341,122244,18906,1892,106617,113,38230,8092,1707,24359,40,14600,3794,442,12324,494,175074,30792,4041,143300,43,3710,4,568,45541,18,3577,,600,,,65,7887,4,568,45541,1,1,1,1,1,1,1,1,1,84,104,17,65,91564,1797,86179,136,5445,28362
MCO,2018,290000033,290021542,205,76519,9491,220,65952,46,16790,2521,0,13071,23,8395,825,2,3520,274,101704,12837,222,82543,23,1096,0,0,5199,10,2369,0,248,0,0,33,3713,0,0,5199,1,0,1,1,1,1,1,1,1,66,44,42,133,40279,4292,42131,703,4488,10053
MCO,2018,290000058,290000017,159,54047,9090,893,43166,30,10509,2590,3,8004,55,19995,3437,2,15553,244,84551,15117,898,66723,22,2850,,,41613,24,3249,5,1940,,,51,8039,,,41613,1,1,1,1,1,1,1,0,1,,,120,120,,,,,,
MCO,2018,290000066,290020700,42,15582,1334,5,14559,,,0,0,0,,,0,0,0,42,15582,1334,5,14559,2,39,,,577,,0,,0,,,2,39,,,577,0,1,0,1,0,0,0,1,0,,,,,9245,536,13582,1,706,1757
MCO,2018,290000140,290000447,58,21170,2309,684,13302,79,28835,4337,468,10759,,,0,0,0,137,50005,6646,1152,24061,0,0,,,8086,23,10338,0,22,,,23,10360,,,8086,,,,,,,,,,,,,,,,,,,
MCO,2018,290000173,290000041,59,21083,3292,359,20419,26,9490,1248,119,6862,17,6205,754,62,2652,102,36778,5294,540,29933,4,279,,,1134,4,977,1,91,,,9,1347,,,1134,1,0,1,1,1,0,1,1,1,56,115,,15,16402,3245,21071,0,2396,1319
MCO,2018,290000181,290000074,87,31733,4879,665,28460,,,0,0,0,,,0,0,0,87,31733,4879,665,28460,14,1051,,,1676,2,257,,0,,,16,1308,,,1676,1,1,1,1,1,0,1,0,1,44,90,,10,14881,1346,23450,,1051,1910
MCO,2018,290000207,290000520,25,9125,910,2,5537,30,10950,2219,74,6486,,,0,0,0,55,20075,3129,76,12023,8,22,,,2307,33,9652,,0,,,41,9674,,,2307,,,,,,,,,,,,,,,,,,,
MCO,2018,290000215,290029974,10,3650,408,1,2562,65,21773,3623,16,11521,,,0,0,0,75,25423,4031,17,14083,,0,,,103,31,8840,,0,,,31,8840,,,103,,,,,,,,,,,,,,,,,,,
MCO,2018,290000256,290000017,92,31544,3825,226,32746,22,9539,1126,116,4960,12,4380,341,0,1082,126,45463,5292,342,38788,0,58,,,171,7,624,0,200,,,7,882,,,171,1,1,0,1,0,0,1,1,1,,,,180,,,,,,
MCO,2018,290000272,290000090,5,1825,86,0,1695,,,0,0,0,,,0,0,0,5,1825,86,0,1695,,0,,,0,,0,,0,,,,0,,,0,0,0,0,0,0,0,0,0,0,,,,,,,,,,
MCO,2018,290000322,290000108,15,5275,241,1,4125,,,0,0,0,,,0,0,0,15,5275,241,1,4125,,0,,,0,,0,,0,,,,0,,,0,1,0,0,0,0,0,0,0,0,,,,,862,,862,,,
MCO,2018,290000389,290000116,10,3650,178,0,3334,,,0,0,0,,,0,0,0,10,3650,178,0,3334,,0,,,0,,0,,0,,,,0,,,0,0,0,0,0,0,0,0,0,0,,,,,,,,,,
MCO,2018,290000728,750821092,74,25860,3780,338,19601,23,7569,953,21,4285,,,0,0,0,97,33429,4733,359,23886,8,666,,,0,11,1630,,0,,,19,2296,,,0,1,1,0,1,1,0,1,1,1,,144,,68,37987,0,48244,1052,0,8377
MCO,2018,290000785,220020739,91,32485,4973,1101,28947,,,0,0,0,,,0,0,0,91,32485,4973,1101,28947,10,974,,,850,,0,,0,,,10,974,,,850,1,1,1,1,1,0,0,0,1,,,,,21476,1091,31561,,747,10835
MCO,2018,290000850,330031089,,,0,0,0,,,0,0,0,,,0,0,0,,,0,0,0,,0,,,9038,,0,,0,,,,0,,,9038,0,0,0,0,0,0,0,0,0,,,,,0,,0,0,0,0
MCO,2018,290000934,560005746,97,35405,5598,317,34392,,,0,0,0,,,0,0,0,97,35405,5598,317,34392,5,511,,,209,,0,,0,,,5,511,,,209,1,0,1,1,1,0,1,1,0,,,,,9853,1444,15762,,1923,86
MCO,2018,290000975,290000546,3,1095,114,1,695,,,0,0,0,,,0,0,0,3,1095,114,1,695,2,1077,,,4620,,0,,0,,,2,1077,,,4620,0,0,1,0,1,1,1,0,0,,,,,904,,1285,,,
MCO,2018,290001015,290000751,26,9490,383,0,7041,,,0,0,0,,,0,0,0,26,9490,383,0,7041,,0,,,0,,0,,0,,,,0,,,0,0,0,0,0,0,0,0,0,0,,,,,,,,,,
MCO,2018,290004142,290022508,9,3285,487,8,2968,42,15330,2254,115,6410,,,0,0,0,51,18615,2741,123,9378,,3061,,,152,18,2613,,0,,,18,5674,,,152,,,,,,,,,,,,,,,,,,,
MCO,2018,290004324,290000017,450,151902,23486,873,153278,203,71284,9956,788,53509,0,0,0,0,0,653,223186,33442,1661,206787,61,6915,,,12881,13,1855,,0,,,74,8770,,,12881,1,1,1,1,1,0,1,1,0,100,120,,,,,,,,
MCO,2018,290004365,290000017,10,3650,184,4,3024,,,0,0,0,,,0,0,0,10,3650,184,4,3024,,0,,,0,,0,,0,,,,0,,,0,0,0,0,0,0,0,0,0,0,,,,,,,,,,
MCO,2018,290005131,350000626,,,0,0,0,,,0,0,0,,,0,0,0,,,0,0,0,,0,,,3946,,0,,0,,,,0,,,3946,0,0,0,0,0,0,0,0,0,,,,,,,,,,
MCO,2018,290005172,350000626,,,0,0,0,,,0,0,0,,,0,0,0,,,0,0,0,,0,,,2331,,0,,0,,,,0,,,2331,0,0,0,0,0,0,0,0,0,,,,,,,,,,
MCO,2018,290005230,350000626,,,0,0,0,,,0,0,0,,,0,0,0,,,0,0,0,,0,,,2434,,0,,0,,,,0,,,2434,0,0,0,0,0,0,0,0,0,,,,,,,,,,
MCO,2018,290018555,350000626,,,0,0,0,,,0,0,0,,,0,0,0,,,0,0,0,,0,,,5131,,0,,0,,,,0,,,5131,0,0,0,0,0,0,0,0,0,,,,,,,,,,
MCO,2018,290018563,350000626,,,0,0,0,,,0,0,0,,,0,0,0,,,0,0,0,,0,,,9501,,0,,0,,,,0,,,9501,0,0,0,0,0,0,0,0,0,,,,,,,,,,
MCO,2018,290019777,290022508,34,12410,1948,549,6492,93,33945,8558,565,24366,44,16060,2309,58,9464,171,62415,12815,1172,40322,0,2147,,,94,40,8715,,0,,,40,10862,,,94,,,,,,,,,,,,,,,,,,,
MCO,2018,290021070,350000626,,,0,0,0,,,0,0,0,,,0,0,0,,,0,0,0,,0,,,1987,,0,,0,,,,0,,,1987,0,0,0,0,0,0,0,0,0,,,,,,,,,,
MCO,2018,290023431,290001049,6,2190,234,0,1482,65,23725,1660,61,4329,,,0,0,0,71,25915,1894,61,5811,,0,,,690,10,5645,,0,,,10,5645,,,690,,,,,,,,,,,,,,,,,,,
MCO,2018,290023779,350000626,,,0,0,0,,,0,0,0,,,0,0,0,,,0,0,0,,0,,,4628,,0,,0,,,,0,,,4628,0,0,0,0,0,0,0,0,0,,,,,,,,,,
MCO,2018,290023787,350000626,,,0,0,0,,,0,0,0,,,0,0,0,,,0,0,0,,0,,,532,,0,,0,,,,0,,,532,0,0,0,0,0,0,0,0,0,,,,,,,,,,
MCO,2018,290023795,350000626,,,0,0,0,,,0,0,0,,,0,0,0,,,0,0,0,,0,,,1455,,0,,0,,,,0,,,1455,0,0,0,0,0,0,0,0,0,,,,,,,,,,
MCO,2018,290025337,350000626,,,0,0,0,,,0,0,0,,,0,0,0,,,0,0,0,,0,,,465,,0,,0,,,,0,,,465,0,0,0,0,0,0,0,0,0,,,,,,,,,,
MCO,2018,290028539,350000626,,,0,0,0,,,0,0,0,,,0,0,0,,,0,0,0,,0,,,157,,0,,0,,,,0,,,157,0,0,0,0,0,0,0,0,0,,,,,,,,,,
MCO,2018,290029669,350000626,,,0,0,0,,,0,0,0,,,0,0,0,,,0,0,0,,0,,,4282,,0,,0,,,,0,,,4282,0,0,0,0,0,0,0,0,0,,,,,,,,,,
MCO,2018,290030808,350000626,,,0,0,0,,,0,0,0,,,0,0,0,,,0,0,0,,0,,,2433,,0,,0,,,,0,,,2433,0,0,0,0,0,0,0,0,0,,,,,,,,,,
MCO,2018,290032028,350000626,,,0,0,0,,,0,0,0,,,0,0,0,,,0,0,0,,0,,,9108,,0,,0,,,,0,,,9108,0,0,0,0,0,0,0,0,0,,,,,,,,,,
MCO,2018,290032655,350000626,,,0,0,0,,,0,0,0,,,0,0,0,,,0,0,0,,0,,,1030,,0,,0,,,,0,,,1030,0,0,0,0,0,0,0,0,0,,,,,,,,,,
MCO,2018,2A0000022,2A0000014,158,57630,9685,568,51363,63,22941,3950,204,17917,29,10585,2249,621,6325,250,91156,15884,1393,75605,2,67,,,11814,11,2311,,0,,,13,2378,,,11814,1,1,1,1,1,1,1,1,1,,,,,42521,223,30750,1,2863,6327
MCO,2018,2A0000139,2A0000063,17,6205,1832,224,6592,54,19710,2490,175,8639,0,0,0,0,0,71,25915,4322,399,15231,12,4266,0,0,169,17,5232,0,0,0,0,29,9498,0,0,169,,,,,,,,,,,,,,,,,,,
MCO,2018,2A0000154,2A0000204,20,7300,1703,472,7454,30,10950,1274,416,3135,8,2920,340,38,1119,58,21170,3317,926,11708,2,1242,,,2974,6,1006,,0,,,8,2248,,,2974,0,0,0,0,0,0,0,0,0,,,,,,,,,,
MCO,2018,2A0000212,2A0000170,6,2190,99,6,1674,0,0,0,0,0,0,0,0,0,0,6,2190,99,6,1674,0,0,,,0,0,0,0,0,,,0,0,,,0,0,0,0,0,0,0,0,0,0,,,,,,,,,,
MCO,2018,2A0000287,2A0000386,30,10950,771,6,7232,,,0,0,0,,,0,0,0,30,10950,771,6,7232,1,337,,,16045,,0,,0,,,1,337,,,16045,0,0,0,0,0,0,0,0,0,,,,,5270,,132,,,559
MCO,2018,2A0002614,2A0002606,5,1825,164,5,1742,,,0,0,0,,,0,0,0,5,1825,164,5,1742,0,0,,,0,,0,,0,,,0,0,,,0,0,0,0,0,0,0,0,0,0,,,,,0,0,,,,
MCO,2018,2B0000012,2B0000020,183,65841,10846,1719,51667,69,25185,3565,129,20692,24,8760,1738,481,5650,276,99786,16149,2329,78009,8,305,,,13947,6,1260,,0,,,14,1565,,,13947,1,1,1,1,1,1,1,0,1,,,,,63931,28920,,,,
MCO,2018,2B0000038,2B0004246,20,7300,503,62,5548,,,0,0,0,,,0,0,0,20,7300,503,62,5548,,0,,,735,,0,,0,,,,0,,,735,,,,,,,,,,,,,,,,,,,
MCO,2018,2B0000079,2B0000046,,,0,0,0,10,6022,336,0,368,,,0,0,0,10,6022,336,0,368,,0,,,2,12,4156,,0,,,12,4156,,,2,,,,,,,,,,,,,,,,,,,
MCO,2018,2B0000145,2B0000053,18,6570,1723,0,8979,63,22995,1725,0,8415,16,5840,598,0,2753,97,35405,4046,0,20147,10,18,,,4403,12,8286,0,179,,,22,8483,,,4403,,,,,,,,,,,,,,,,,,,
MCO,2018,2B0000392,2B0000129,22,8030,1056,45,3259,31,11315,1441,18,5404,,,0,0,0,53,19345,2497,63,8663,,0,,,1,10,2895,,0,,,10,2895,,,1,,,,,,,,,,,,,,,,,,,
MCO,2018,2B0005359,2B0005342,12,4380,2209,861,4082,,,0,0,0,,,0,0,0,12,4380,2209,861,4082,,0,,,0,,0,,0,,,,0,,,0,1,1,0,1,0,0,1,0,1,,,,30,2915,881,4710,,577,
MCO,2018,2B0005664,2B0005656,12,4380,187,4,3341,,,0,0,0,,,0,0,0,12,4380,187,4,3341,,0,,,0,,0,,0,,,,0,,,0,0,0,0,0,0,0,0,0,0,,,,,,,,,,
MCO,2018,300000023,300780046,204,72690,11435,1217,65978,43,15695,2451,89,12848,30,10950,1954,143,7101,277,99335,15840,1449,85927,0,67,0,0,7176,12,3061,1,446,0,0,13,3574,0,0,7176,1,1,1,1,1,1,1,0,1,,,,,44423,2234,41059,0,1856,7625
MCO,2018,300000031,300780053,119,43435,6303,658,35797,60,21900,2085,50,10400,29,10585,1260,110,4854,208,75920,9648,818,51051,15,841,,,3081,10,2699,1,195,,,26,3735,,,3081,1,0,1,1,1,1,1,1,1,,,,,44729,3377,20515,,1222,10913
MCO,2018,300000056,300780079,10,3650,191,1,3467,,,0,0,0,,,0,0,0,10,3650,191,1,3467,,0,,,0,,0,,0,,,,0,,,0,0,0,0,0,0,0,0,0,0,,,,,20,0,0,0,0,0
MCO,2018,300000064,300780087,10,3650,291,2,3725,,,0,0,0,,,0,0,0,10,3650,291,2,3725,,0,,,0,,0,,0,,,,0,,,0,0,0,0,0,0,0,0,0,0,,,,,,,,,,
MCO,2018,300000072,300780095,16,5840,351,4,4575,,,0,0,0,,,0,0,0,16,5840,351,4,4575,,0,,,0,,0,,0,,,,0,,,0,0,0,0,0,0,0,0,0,0,,,,,,,,,,
MCO,2018,300000478,300781010,11,4015,386,1,3328,0,0,0,0,0,0,0,0,0,0,11,4015,386,1,3328,1,8,,,0,0,0,0,0,,,1,8,,,0,1,0,0,0,0,0,1,0,0,,,,,775,,982,,,562
MCO,2018,300002508,300000213,,,0,0,0,,,0,0,0,,,0,0,0,,,0,0,0,,0,,,0,15,4225,,69,,,15,4294,,,0,,,,,,,,,,,,,,,,,,,
MCO,2018,300007119,340000264,,,0,0,0,,,0,0,0,,,0,0,0,,,0,0,0,,0,,,8377,,0,,0,,,,0,,,8377,0,0,0,0,0,0,0,0,0,,,,,1042,,70,,,
MCO,2018,300007168,340000264,,,0,0,0,,,0,0,0,,,0,0,0,,,0,0,0,,0,,,279,,0,,0,,,,0,,,279,0,0,0,0,0,0,0,0,0,,,,,,,1,,,
MCO,2018,300008588,940023849,,,0,0,0,,,0,0,0,,,0,0,0,,,0,0,0,,0,,,20426,,0,,0,,,,0,,,20426,,,,,,,,,,,,,,,,,,,
MCO,2018,300008638,940023849,,,0,0,0,,,0,0,0,,,0,0,0,,,0,0,0,,0,,,4991,,0,,0,,,,0,,,4991,,,,,,,,,,,,,,,,,,,
MCO,2018,300017209,300000726,24,8760,914,41,6786,,,0,0,0,,,0,0,0,24,8760,914,41,6786,0,1,,,7599,,0,,0,,,0,1,,,7599,0,0,0,0,0,0,0,0,0,,,,,,,,,,
MCO,2018,300017431,340000264,,,0,0,0,,,0,0,0,,,0,0,0,,,0,0,0,,0,,,12023,,0,,0,,,,0,,,12023,0,0,0,0,0,0,0,0,0,,,,,671,,17,,,
MCO,2018,300017498,300000155,,,0,0,0,,,0,0,0,,,0,0,0,,,0,0,0,,0,,,0,7,3263,,0,,,7,3263,,,0,0,0,0,0,0,0,0,0,0,,,,,,,,,,
MCO,2018,300780137,920028396,53,19345,3022,444,16557,58,21170,3153,122,11852,,,0,0,0,111,40515,6175,566,28409,,0,,,158,30,7048,1,37,,,31,7085,,,158,,,,,,,,,,,,,,,,,,,
MCO,2018,300780152,300017985,60,21900,3898,26,20772,117,42705,5323,45,24848,,,0,0,0,177,64605,9221,71,45620,2,494,2,497,167,18,5541,,0,,,22,6035,2,497,167,,,,,,,,,,,,,,,,,,,
MCO,2018,300781465,300000726,6,2190,250,8,1643,65,23725,2535,273,6635,23,8395,1382,245,4756,94,34310,4167,526,13034,0,0,0,0,31,22,6244,0,0,,,22,6244,0,0,31,,,,,,,,,,0,0,0,0,0,0,0,0,0,0
MCO,2018,300782117,300780038,534,191920,27981,1512,190187,222,81030,11428,408,53972,54,19710,4038,107,18803,810,292660,43447,2027,262962,63,16671,,,53402,23,6285,15,2035,,,101,24991,,,53402,1,1,1,1,1,1,1,1,1,,,,,218842,6901,147050,1753,4477,77419
MCO,2018,300782141,300780038,10,3650,304,2,3353,,,0,0,0,,,0,0,0,10,3650,304,2,3353,,0,,,0,,0,,0,,,,0,,,0,0,0,1,0,0,0,0,0,0,,,,,723,,,,,
MCO,2018,300787421,340000264,,,0,0,0,,,0,0,0,,,0,0,0,,,0,0,0,,0,,,18773,,0,,0,,,,0,,,18773,0,0,0,0,0,0,0,0,0,,,,,10,,5,,,
MCO,2018,300788502,300017985,64,23360,3794,654,10188,99,39055,7050,1520,20224,33,12045,1690,184,5918,196,74460,12534,2358,36330,1,35,,,3521,50,15323,2,269,,,53,15627,,,3521,,,,,,,,,,,,,,,,,,,
MCO,2018,310000310,310780671,127,46355,6651,594,44540,,,0,0,0,,,0,0,0,127,46355,6651,594,44540,10,160,,,1745,,0,,0,,,10,160,,,1745,1,1,1,0,1,0,1,1,,,,,,7706,1,11927,,2,1418
MCO,2018,310000336,310780713,10,3650,122,2,1851,,,0,0,0,,,0,0,0,10,3650,122,2,1851,,0,,,0,,0,,0,,,,0,,,0,0,0,0,0,0,0,0,0,0,,,,,,,,,,
MCO,2018,310009279,310780671,,,0,0,0,40,12519,2025,176,8805,14,5110,806,103,2911,54,17629,2831,279,11716,,0,,,60,15,3154,,0,,,15,3154,,,60,0,0,0,1,0,1,0,0,1,,,,,14943,2379,14617,,2430,2150
MCO,2018,310013628,310786256,15,5475,606,4,5124,,,0,0,0,,,0,0,0,15,5475,606,4,5124,,0,,,1,,0,,0,,,,0,,,1,0,0,0,0,0,0,0,0,0,,,,,492,,,,,
MCO,2018,310016977,310781406,226,68990,13871,3242,57057,36,11287,2541,40,9153,121,43246,8593,586,38195,383,123523,25005,3868,104405,28,5527,,,3042,23,4579,12,2402,,,63,12508,,,3042,0,0,0,0,0,1,0,0,0,,,,,92607,9820,50112,984,12472,23468
MCO,2018,310019351,310781406,104,33604,5905,248,30351,37,11096,3353,644,8184,,,0,0,0,141,44700,9258,892,38535,36,5008,2,513,28301,5,887,,0,,,43,5895,2,513,28301,,1,1,0,0,0,1,0,0,53,,,,51042,3,29183,,4,11025
MCO,2018,310022298,310781406,18,6570,588,2,6422,,,0,0,0,,,0,0,0,18,6570,588,2,6422,4,809,,,52,,0,,0,,,4,809,,,52,0,0,0,0,0,0,0,0,0,,,,,737,,628,391,,6
MCO,2018,310025333,310781406,97,34334,3778,26,29378,14,5110,854,9,4883,,,0,0,0,111,39444,4632,35,34261,31,1911,,,9118,5,541,,0,,,36,2452,,,9118,0,0,0,0,0,0,0,0,0,,,,,377,0,125,0,0,4
MCO,2018,310026083,310026075,15,5475,2030,59,7122,128,46720,3299,81,7428,56,20440,4638,107,17739,199,72635,9967,247,32289,7,2896,,,109,31,13421,7,1154,,,45,17471,,,109,0,0,0,0,0,0,0,0,0,,,,,,,,,,
MCO,2018,310026927,310026794,47,2867,1122,116,5015,79,4819,1577,99,4230,46,2806,311,13,1112,172,10492,3010,228,10357,0,63,,,852,73,4197,0,21,,,73,4281,,,852,,,,,,,,,,,,,,,,,,,
MCO,2018,310780101,310026794,0,11248,3074,633,10200,0,16720,5581,704,14918,0,7296,719,153,2238,0,35264,9374,1490,27356,0,0,,,3331,0,14953,0,0,,,0,14953,,,3331,,,,,,,,,,,,,,,,,,,
MCO,2018,310780150,310788799,12,4380,1107,2,2716,97,35405,6891,18,15875,,,0,0,0,109,39785,7998,20,18591,1,157,,,104,44,11867,,0,,,45,12024,,,104,,,,,,,,,,,,,,,,,,,
MCO,2018,310780259,310000096,242,84093,18490,1569,79156,133,41719,9206,1460,34016,,,0,0,0,375,125812,27696,3029,113172,11,4460,,,15545,15,9069,,0,,,26,13529,,,15545,,,,,,,,,,,,,,,,,,,
MCO,2018,310780283,310000112,84,30660,9151,138,42144,225,82125,11061,67,40922,41,14965,1166,13,4826,350,127750,21378,218,87892,16,10,0,,5587,44,23655,2,16,0,,62,23681,0,,5587,,,,,,,,,,,,,,,,,,,
MCO,2018,310780309,310026794,0,17328,3186,34,16307,0,24624,2277,30,5708,0,304,88,0,225,0,42256,5551,64,22240,0,332,,,275,0,5593,0,38,,,0,5963,,,275,,,,,,,,,,,,,,,,,,,
MCO,2018,310780366,310000153,40,14600,1122,22,12235,,,0,0,0,,,0,0,0,40,14600,1122,22,12235,2,1025,,,57,0,,,0,,,2,1025,,,57,,,,,,,,,,,,,,2125,,798,,,
MCO,2018,310780382,310000179,67,24455,2107,21,12683,82,29930,5677,144,17788,38,13870,3255,0,14670,187,68255,11039,165,45141,,0,,,589,15,9787,,206,,,15,9993,,,589,,,,,,,,,,,,,,,,,,,
MCO,2018,310781000,310788880,129,47085,10932,1492,47602,180,65700,10691,413,39289,0,,200,3,359,309,112785,21823,1908,87250,6,81,,,3454,23,19937,,0,,,29,20018,,,3454,,,,,,,,,,,,,,8580,,,,,
MCO,2018,310781067,310788898,51,18615,2885,459,14134,29,10585,1448,46,8860,39,14235,2664,61,10792,119,43435,6997,566,33786,5,397,0,0,1011,9,2271,4,1158,0,0,18,3826,0,0,1011,0,0,1,1,0,1,1,1,0,20,,30,,45819,6632,31476,,5624,14265
MCO,2018,310781505,310000492,67,24455,3765,130,17785,94,34310,6867,1,28126,20,7300,630,7,2910,181,66065,11262,138,48821,12,5485,,,4029,38,6403,0,107,,,50,11995,,,4029,,,,,,,,,,,,,,,,,,,
MCO,2018,310781695,920030269,34,12410,623,5,8670,,,0,0,0,,,0,0,0,34,12410,623,5,8670,,0,,,0,,0,,0,,,,0,,,0,,,,,,,,,,,,,,,,,,,
MCO,2018,310782016,310000617,36,13140,1484,42,10487,,,0,0,0,,,0,0,0,36,13140,1484,42,10487,6,11,0,0,41693,,0,,0,,,6,11,0,0,41693,0,0,0,0,0,0,0,0,0,,,,,,,,,,
MCO,2018,310782347,310789136,60,21900,3440,33,18667,34,11680,1976,29,9732,,,0,0,0,94,33580,5416,62,28399,6,1222,,,80380,10,2105,,0,,,16,3327,,,80380,0,1,0,0,0,0,0,0,0,,,,,69187,,37949,706,,35000
MCO,2018,310783048,310781406,519,176559,34040,5897,157559,296,97904,14875,297,85678,,,0,0,0,815,274463,48915,6194,243237,104,11771,5,933,14565,28,9376,,0,,,137,21147,5,933,14565,1,0,0,1,1,0,0,1,1,,150,,74,203174,5,123334,210,9,59541
MCO,2018,310783055,310781406,457,153200,31694,5824,129986,154,52014,8242,243,38585,,,0,0,0,611,205214,39936,6067,168571,94,14278,,,9865,10,2425,,0,,,104,16703,,,9865,1,0,0,1,0,0,0,0,,,,,,113761,3,72309,10589,12,44738
MCO,2018,310783063,310781406,,,0,0,0,,,0,0,0,,,0,0,0,,,0,0,0,8,2308,,,0,,0,,0,,,8,2308,,,0,0,0,0,0,0,0,0,0,0,,,,,15717,41,67214,5067,220,6364
MCO,2018,310786389,310001433,5,1825,190,0,773,,,0,0,0,,,0,0,0,5,1825,190,0,773,,0,,,0,,0,,0,,,,0,,,0,0,0,0,0,0,0,0,0,0,,,,,,,,,,
MCO,2018,310794417,310002712,,,0,0,0,,,0,0,0,,,0,0,0,,,0,0,0,,0,,,26115,,0,,0,,,,0,,,26115,0,0,0,0,0,0,0,0,0,,,,,,,,,,
MCO,2018,320000086,320780117,217,77171,10535,1577,53345,38,13870,1729,82,10198,20,7300,1455,140,5495,275,98341,13719,1799,69038,4,547,,,7764,7,2066,1,179,,,12,2792,,,7764,1,0,1,1,1,1,1,1,1,54,30,,,34951,3245,30841,,3983,5254
MCO,2018,320000102,320780133,22,8030,1544,540,7365,,,0,0,0,,,0,0,0,22,8030,1544,540,7365,,0,,,0,,0,,0,,,,0,,,0,0,0,0,0,0,0,0,0,0,,,,,,,,,,
MCO,2018,320000110,320004310,28,10220,557,4,8026,,,0,0,0,,,0,0,0,28,10220,557,4,8026,,0,,,0,,0,,0,,,,0,,,0,,,,,,,,,,,,,,,,,,,
MCO,2018,320000128,320780158,15,5475,320,0,4125,,,0,0,0,,,0,0,0,15,5475,320,0,4125,,0,,,0,,0,,0,,,,0,,,0,0,0,0,0,0,0,0,0,0,,,,,,,,,,
MCO,2018,320000144,320780174,28,10220,555,1,9220,,,0,0,0,,,0,0,0,28,10220,555,1,9220,,0,,,0,,0,,0,,,,0,,,0,0,0,0,0,0,0,0,0,0,,,,,,,,,,
MCO,2018,320000151,320780182,5,1825,129,1,2136,0,0,0,0,0,0,0,0,0,0,5,1825,129,1,2136,0,0,,,0,0,0,0,0,,,0,0,,,0,0,0,0,0,0,0,0,0,0,,,,,,,,,,
MCO,2018,320000177,320780208,10,3650,211,17,3262,,,0,0,0,,,0,0,0,10,3650,211,17,3262,,0,,,0,,0,,0,,,,0,,,0,0,0,0,0,0,0,0,0,0,,,,,,,,,,
MCO,2018,320780067,320000052,0,0,2,0,2,30,10740,1982,91,6383,,,0,0,0,30,10740,1984,91,6385,,0,,,12,32,4502,,0,,,32,4502,,,12,,,,,,,,,,,,,,,,,,,
MCO,2018,330000217,330780347,12,4380,251,7,2931,,,0,0,0,,,0,0,0,12,4380,251,7,2931,3,308,,,0,,0,,0,,,3,308,,,0,0,0,0,0,0,0,0,0,0,,,,,0,0,,,,
MCO,2018,330000332,330780545,70,24912,2772,11,23005,,,0,0,0,,,0,0,0,70,24912,2772,11,23005,8,935,,,670,,0,,0,,,8,935,,,670,1,1,1,1,0,0,1,1,1,75,,,,10750,,9207,,,
MCO,2018,330000340,330780552,166,60590,9432,2941,45322,58,21170,3914,76,17071,40,14600,3155,126,11947,264,96360,16501,3143,74340,10,1155,2,319,3883,36,7041,6,326,,,54,8522,2,319,3883,1,1,1,1,0,1,1,1,1,,,,,116493,13056,,,,
MCO,2018,330000555,330781204,108,39420,8466,1883,36490,34,12410,1915,170,10089,22,8030,1726,371,4760,164,59860,12107,2424,51339,10,1193,,,1731,7,600,3,446,,,20,2239,,,1731,0,1,0,1,1,1,0,1,0,,60,15,,26600,2370,23950,,1801,2128
MCO,2018,330000571,330781220,64,23360,4819,1525,20994,18,6570,904,48,4522,15,5475,781,209,1870,97,35405,6504,1782,27386,3,62,0,,378,7,3310,,185,,,10,3557,0,,378,1,1,1,1,0,1,1,1,0,,,,,23513,1955,9944,388,863,1949
MCO,2018,330000589,330027509,71,32095,6780,2019,31696,22,10013,1225,38,6948,18,6570,1300,112,4280,111,48678,9305,2169,42924,3,123,,,615,5,1258,,239,,,8,1620,,,615,1,0,1,1,0,1,0,0,1,,,,,23205,3083,26866,0,5818,5335
MCO,2018,330000597,330027509,34,9764,854,31,9137,,,0,0,0,,,0,0,0,34,9764,854,31,9137,,46,,,21,,0,,1,,,,47,,,21,0,0,0,0,0,0,0,0,0,,,,,2982,387,3826,0,1219,101
MCO,2018,330000605,330781253,359,131035,22245,3356,121186,116,42340,6608,280,34264,34,12410,2474,429,8119,509,185785,31327,4065,163569,37,3046,1,150,37403,12,5226,0,0,,,50,8272,1,150,37403,1,1,1,1,1,1,1,1,1,,,,,83016,2117,79769,1249,1027,14758
MCO,2018,330000613,330781261,39,14235,1646,94,13204,0,0,0,0,0,0,0,0,0,0,39,14235,1646,94,13204,0,0,0,0,0,0,0,0,0,0,0,0,0,0,0,0,1,1,1,0,0,1,1,0,0,129,,21,,3908,159,14906,26,54,220
MCO,2018,330000662,330781329,62,17919,3723,144,19155,38,9451,2393,2,8762,,,0,0,0,100,27370,6116,146,27917,4,2028,,,54124,10,2981,,0,,,14,5009,,,54124,0,0,0,1,0,0,1,0,0,,,,,48035,0,29667,,0,6727
MCO,2018,330017989,330000134,,,0,0,0,,,0,0,0,,,0,0,0,,,0,0,0,,0,,,14683,,0,,0,,,,0,,,14683,,,,,,,,,,,,,,,,,,,
MCO,2018,330058355,330781253,2,730,1588,974,710,,,0,0,0,,,0,0,0,2,730,1588,974,710,,0,,,0,,0,,0,,,,0,,,0,0,0,0,0,0,0,0,0,0,,,,,,,,,,
MCO,2018,330780040,330000027,10,3650,2488,83,3177,71,25915,6163,1270,10028,,,0,0,0,81,29565,8651,1353,13205,,0,,,13,38,9336,,0,,,38,9336,,,13,,,,,,,,,,,,,,,,,,,
MCO,2018,330780081,330000043,62,22630,4684,52,21367,138,50370,5624,94,23088,,,0,0,0,200,73000,10308,146,44455,4,5,,,14,22,5998,,0,,,26,6003,,,14,,,,,,,,,,,,,,,,,,,
MCO,2018,330780115,330000076,23,8395,850,51,7011,68,23392,5224,266,12128,,,0,0,0,91,31787,6074,317,19139,,0,,,9199,27,10114,,0,,,27,10114,,,9199,,,,,,,,,,,,,,,,,,,
MCO,2018,330780206,330000126,14,5110,433,10,3120,32,11680,2580,772,4956,0,,0,0,0,46,16790,3013,782,8076,,0,,,1891,22,6919,,0,,,22,6919,,,1891,,,,,,,,,,,,,,,,,,,
MCO,2018,330780255,330010059,,,0,0,0,35,12775,1280,2,3154,,,0,0,0,35,12775,1280,2,3154,,0,,,1,38,10414,,0,,,38,10414,,,1,,,,,,,,,,0,0,0,0,0,0,0,0,0,0
MCO,2018,330780263,330000134,40,14600,8039,3628,16208,90,32850,4860,109,20322,30,10950,1773,61,7134,160,58400,14672,3798,43664,1,4,,,2447,51,11752,0,0,,,52,11756,,,2447,,,,,,,,,,,,,,,,,,,
MCO,2018,330780271,330021429,,,0,0,0,45,15445,2251,12,5654,,,0,0,0,45,15445,2251,12,5654,,0,,,1,40,7082,,0,,,40,7082,,,1,,,,,,,,,,,,,,,,,,,
MCO,2018,330780354,330000225,47,17155,899,3,7527,,,0,0,0,,,0,0,0,47,17155,899,3,7527,1,0,,,537,,0,,0,,,1,0,,,537,,,,,,,,,,,,,,,,,,,
MCO,2018,330780370,750034589,0,,0,0,0,,,0,0,0,,,0,0,0,0,,0,0,0,3,1205,,,0,0,0,0,0,,,3,1205,,,0,0,0,0,0,0,0,0,0,0,,,,,,,,,,
MCO,2018,330780446,330000258,,,0,0,0,,,0,0,0,,,0,0,0,,,0,0,0,,0,,,26228,,0,,0,,,,0,,,26228,,,,,,,,,,,,,,,,,,,
MCO,2018,330780453,330000308,,,0,0,0,,,0,0,0,,,0,0,0,,,0,0,0,,0,,,22304,,0,,0,,,,0,,,22304,,,,,,,,,,,,,,,,,,,
MCO,2018,330780479,330000274,153,55845,15905,4962,48967,102,37230,4973,58,21930,60,21900,3947,59,15896,315,114975,24825,5079,86793,14,1915,,,10331,27,10526,1,66,,,42,12507,,,10331,,,,,,,,,,,,,,,,,,,
MCO,2018,330780487,330000282,,,0,0,0,20,7150,393,2,412,,,0,0,0,20,7150,393,2,412,,0,,,0,27,6160,,0,,,27,6160,,,0,0,0,0,0,,0,0,0,0,,,,,,,,,,
MCO,2018,330780495,330796392,56,20440,4766,2194,17714,25,9125,1052,44,4332,12,4380,538,183,1327,93,33945,6356,2421,23373,4,68,,,232,21,2983,1,87,,,26,3138,,,232,1,0,1,1,0,1,0,1,1,,,,,23787,676,15981,,2,2421
MCO,2018,330780503,330000308,59,21535,3315,31,14458,92,33580,6597,61,20405,,,0,0,0,151,55115,9912,92,34863,0,45,,,198,36,15356,,0,,,36,15401,,,198,,,,,,,,,,,,,,,,,,,
MCO,2018,330780511,330000316,18,6570,967,33,3820,54,19710,1924,79,5941,,,0,0,0,72,26280,2891,112,9761,,0,,,2053,18,6173,,0,,,18,6173,,,2053,,,,,,,,,,,,,,,,,,,
MCO,2018,330780529,330796392,61,22265,6966,2360,20941,92,33580,4085,111,19729,0,0,0,0,0,153,55845,11051,2471,40670,7,3978,,,1135,39,6244,0,0,,,46,10222,,,1135,1,0,0,1,0,0,1,1,1,,,,,36227,0,12643,85,,1219
MCO,2018,330780537,330000324,62,22630,5806,2449,22418,47,17155,2331,148,10027,13,4745,411,0,1687,122,44530,8548,2597,34132,2,22,0,0,94,15,4465,2,113,,,19,4600,0,0,94,1,1,0,1,1,1,1,1,1,,70,5,26,1622,540,538,0,0,0
MCO,2018,330781139,330056540,0,,0,0,0,,,0,0,0,,,0,0,0,0,,0,0,0,2,155,,,66,,0,,0,,,2,155,,,66,0,0,0,0,1,0,0,0,0,,,,,2056,,218,,,382
MCO,2018,330781303,750821092,16,5840,3876,1541,4046,11,4015,1143,61,4759,0,0,0,0,0,27,9855,5019,1602,8805,0,0,0,0,3,0,621,0,0,0,0,0,621,0,0,3,0,1,0,0,0,0,0,0,0,,,,,15785,0,40137,442,0,3706
MCO,2018,330781337,330781196,60,21740,1171,5,19516,0,0,0,0,0,0,0,0,0,0,60,21740,1171,5,19516,4,678,0,0,46,0,0,0,0,0,0,4,678,0,0,46,0,0,0,0,0,0,0,0,0,,,,,5740,0,8533,6345,0,27
MCO,2018,330781352,330781196,260,82437,16128,2825,77721,0,,0,0,0,0,,0,0,0,260,82437,16128,2825,77721,54,6406,0,0,11491,0,0,0,0,0,0,54,6406,0,0,11491,1,1,0,0,0,0,0,0,0,,,,,46784,0,34732,5336,0,12491
MCO,2018,330781360,330781196,592,182618,43256,10741,207868,484,160473,20130,1663,107415,148,47657,8975,242,41036,1224,390748,72361,12646,356319,70,12865,5,1036,27046,57,12625,25,5267,,,157,30757,5,1036,27046,0,0,0,0,1,1,0,1,1,,,,,254330,9683,173122,4315,8826,69823
MCO,2018,330781402,330000670,19,6935,2501,35,7923,46,16790,2571,20,5423,0,0,0,0,0,65,23725,5072,55,13346,0,0,,,319,47,6852,,0,,,47,6852,,,319,,,,,,,,,,,,,,218,,,,,
MCO,2018,330782582,330000928,101,36865,2854,402,16870,52,18980,3529,48,10342,40,14600,1253,35,4731,193,70445,7636,485,31943,10,0,,,1395,21,13746,,0,,,31,13746,,,1395,,,,,,,,,,,,,,,,,,,
MCO,2018,330783648,330781196,447,141921,24017,1522,139270,234,76748,7433,688,49228,,,0,0,0,681,218669,31450,2210,188498,103,13820,,,49459,13,2861,,0,,,116,16681,,,49459,1,0,1,1,0,0,1,0,0,,,,,88328,,68613,5,,24158
MCO,2018,330802752,330781196,21,7239,413,6,6559,0,0,0,0,0,0,0,0,0,0,21,7239,413,6,6559,6,2038,0,0,0,0,0,0,0,0,0,6,2038,0,0,0,0,0,0,0,0,0,0,0,0,,,,,4213,0,148,0,0,0
MCO,2018,330804501,330781212,18,5735,516,3,5732,,,0,0,0,,,0,0,0,18,5735,516,3,5732,,0,,,7,,0,,0,,,,0,,,7,0,0,0,0,0,0,0,0,0,,,,,166,,40,,,
MCO,2018,340000025,340022722,,,0,0,0,,,0,0,0,,,0,0,0,,,0,0,0,4,1289,,,0,,0,,0,,,4,1289,,,0,1,0,1,0,1,1,1,1,1,,,,,,,,,,
MCO,2018,340000033,340780055,299,109135,17412,2984,94576,104,37960,5457,206,30691,26,9490,1840,99,7090,429,156585,24709,3289,132357,21,2035,,,6064,21,2659,4,706,,,46,5400,,,6064,1,1,1,1,1,1,1,0,1,90,71,90,145,78036,7465,61496,691,3567,28988
MCO,2018,340000173,340780451,25,9125,462,2,5680,,,0,0,0,,,0,0,0,25,9125,462,2,5680,,0,,,0,,0,,0,,,,0,,,0,0,0,0,0,0,0,0,0,0,,,,,,,,,,
MCO,2018,340000207,340780493,93,29450,4462,41,26738,60,18757,2525,18,14914,,,0,0,0,153,48207,6987,59,41652,6,1128,0,0,71662,12,2549,,0,,,18,3677,0,0,71662,,1,,,,,,,,,,,,53313,0,28366,,0,9587
MCO,2018,340000215,340780519,22,8030,551,9,6423,,,0,0,0,,,0,0,0,22,8030,551,9,6423,,0,,,29,,0,,0,,,,0,,,29,,,,,,,,,,,,,,,,,,,
MCO,2018,340000223,340011295,147,53655,8521,1009,46930,46,16790,2283,109,11082,19,6935,1214,122,4129,212,77380,12018,1240,62141,11,1004,0,0,1108,6,1378,0,287,,,17,2669,0,0,1108,1,0,1,1,1,1,1,0,1,183,122,15,40,50373,3931,17792,387,889,4409
MCO,2018,340000231,340780535,32,11680,854,10,10041,,,0,0,0,,,0,0,0,32,11680,854,10,10041,,0,,,85,,0,,0,,,,0,,,85,0,0,0,0,0,0,0,0,0,,,,,,,,,,
MCO,2018,340000249,340780543,11,4015,327,2,4348,,,0,0,0,,,0,0,0,11,4015,327,2,4348,,0,,,0,,0,,0,,,,0,,,0,0,0,0,0,0,0,0,0,0,,,,,,,89,,,89
MCO,2018,340008275,340780477,44,16060,1281,6,15772,,,0,0,0,,,0,0,0,44,16060,1281,6,15772,7,1180,,,28,,0,,0,,,7,1180,,,28,0,0,0,0,0,0,0,0,0,,,,,3378,,690,108,,82
MCO,2018,340009885,340009877,20,7300,1262,20,5631,40,14600,2661,51,7704,32,11680,1621,9,6170,92,33580,5544,80,19505,,0,,,2681,15,6399,1,156,,,16,6555,,,2681,,,,,,,,,,,,,,,722,,,,
MCO,2018,340013119,340000264,,,0,0,0,,,0,0,0,,,0,0,0,,,0,0,0,,0,,,6668,,0,,0,,,,0,,,6668,0,0,0,0,0,0,0,0,0,,,,,,,36,,,
MCO,2018,340013168,340000264,,,0,0,0,,,0,0,0,,,0,0,0,,,0,0,0,,0,,,25754,,0,,0,,,,0,,,25754,0,0,0,0,0,0,0,0,0,,,,,1961,,276,,,
MCO,2018,340013218,340000264,,,0,0,0,,,0,0,0,,,0,0,0,,,0,0,0,,0,,,3210,,0,,0,,,,0,,,3210,0,0,0,0,0,0,0,0,0,,,,,690,,2,,,
MCO,2018,340013259,340000264,,,0,0,0,,,0,0,0,,,0,0,0,,,0,0,0,,0,,,972,,0,,0,,,,0,,,972,0,0,0,0,0,0,0,0,0,,,,,13,,,,,
MCO,2018,340013309,340000264,,,0,0,0,,,0,0,0,,,0,0,0,,,0,0,0,,0,,,3885,,0,,0,,,,0,,,3885,0,0,0,0,0,0,0,0,0,,,,,488,,3,,,
MCO,2018,340013358,340000264,,,0,0,0,,,0,0,0,,,0,0,0,,,0,0,0,,0,,,764,,0,,0,,,,0,,,764,0,0,0,0,0,0,0,0,0,,,,,,,,,,
MCO,2018,340013499,340000264,,,0,0,0,,,0,0,0,,,0,0,0,,,0,0,0,,0,,,4121,,0,,0,,,,0,,,4121,0,0,0,0,0,0,0,0,,,,,,,,1,,,
MCO,2018,340015502,340000512,166,60478,11139,1090,48147,113,41245,5926,19,28313,0,0,0,0,0,279,101723,17065,1109,76460,2,307,,,630,37,9952,0,0,,,39,10259,,,630,,,,,,,,,,,,,,,,,,,
MCO,2018,340015965,340000074,33,12045,3397,325,17155,180,65700,8780,189,35429,,,0,0,0,213,77745,12177,514,52584,0,12,,,5408,35,10813,,0,,,35,10825,,,5408,,,,,,,,,,,,,,,,,,,
MCO,2018,340015999,940023831,,,0,0,0,,,0,0,0,,,0,0,0,,,0,0,0,,0,,,31591,,0,,0,,,,0,,,31591,,,,,,,,,,,,,,,,,,,
MCO,2018,340019603,340019587,,,0,0,0,,,0,0,0,,,0,0,0,,,0,0,0,,0,,,8753,,0,,0,,,,0,,,8753,0,0,0,0,0,0,0,0,0,,,,,,,,,,
MCO,2018,340022979,340000306,25,9125,2598,701,10178,85,31025,5554,136,14912,71,21535,5293,1425,17477,181,61685,13445,2262,42567,0,0,,,47,69,17006,4,400,,,73,17406,,,47,,,,,,,,,,,,,,,,,,,
MCO,2018,340023142,940023856,,,0,0,0,,,0,0,0,,,0,0,0,,,0,0,0,,0,,,5090,,0,,0,,,,0,,,5090,,,,,,,,,,,,,,,,,,,
MCO,2018,340780139,340000090,,,0,0,0,84,30660,4236,635,12539,,,0,0,0,84,30660,4236,635,12539,,0,,,0,10,4813,,0,,,10,4813,,,0,,,,,,,,,,,,,,,,,,,
MCO,2018,340780147,340000108,20,7300,1932,449,6367,19,6935,674,187,2260,0,0,0,0,0,39,14235,2606,636,8627,,0,,,0,9,1107,,0,,,9,1107,,,0,,,,,,,,,,,,,,,,,,,
MCO,2018,340780154,340000116,20,7300,2099,344,8003,21,7665,633,16,2868,0,0,0,0,0,41,14965,2732,360,10871,0,0,0,0,49,20,6041,0,0,0,0,20,6041,0,0,49,,,,,,,,,,,,,,,,,,,
MCO,2018,340780436,340011295,42,15330,1127,10,14468,,,0,0,0,,,0,0,0,42,15330,1127,10,14468,0,0,,,13,,0,,0,,,0,0,,,13,0,0,1,1,1,0,1,0,0,60,100,,,9562,510,4328,,83,2148
MCO,2018,340780444,340009893,10,3650,139,3,3048,,,0,0,0,,,0,0,0,10,3650,139,3,3048,,0,,,0,,0,,0,,,,0,,,0,0,0,0,0,0,0,0,0,0,,,,,,,,,,
MCO,2018,340780568,340000256,17,6205,1147,10,6361,,,0,0,0,,,0,0,0,17,6205,1147,10,6361,,0,,,0,,0,,0,,,,0,,,0,,,,,,,,,,,,,,,,,,,
MCO,2018,340780634,340000272,35,12775,1886,135,12259,80,29200,6172,292,16371,,,0,0,0,115,41975,8058,427,28630,1,4,,,679,41,16359,,0,,,42,16363,,,679,0,0,0,0,0,0,0,0,0,,,,,0,0,,,,
MCO,2018,340780642,340785856,40,13500,2456,85,10821,119,19200,4265,4217,14401,,,0,0,0,159,32700,6721,4302,25222,2,4620,,,2533,20,4217,,0,,,22,8837,,,2533,1,1,1,1,1,0,,1,1,35,45,,90,61092,,59401,,,1256
MCO,2018,340780667,340000280,121,44165,7795,104,56191,89,32485,4433,162,18615,,,0,0,0,210,76650,12228,266,74806,15,3414,,,7718,22,10250,,0,,,37,13664,,,7718,,,,,,,,,,,,,,,,,,,
MCO,2018,340780675,340000298,45,16425,2490,27,21922,42,15330,1537,13,4516,58,21170,2961,32,11986,145,52925,6988,72,38424,0,35,,,10774,33,6168,1,653,,,34,6856,,,10774,0,0,0,0,0,0,0,0,0,,,,,577,,7,,,
MCO,2018,340780717,340023225,28,10220,2737,365,9966,25,9125,1381,47,5669,12,4380,504,78,1473,65,23725,4622,490,17108,,0,,,133,12,3755,1,80,,,13,3835,,,133,,,,,,,,,,,,,,,,,,,
MCO,2018,340780725,340000330,4,1460,918,155,875,13,4745,884,0,2205,0,0,0,0,0,17,6205,1802,155,3080,0,0,0,0,0,22,6264,0,0,0,0,22,6264,0,0,0,,,,,,,,,,,,,,,,,,,
MCO,2018,340780741,340000348,0,0,0,0,0,38,12046,2353,112,7666,25,8099,672,50,2307,63,20145,3025,162,9973,0,0,0,0,66,12,7220,1,237,,,13,7457,0,0,66,,,,,,,,,,,,,,,,,,,
MCO,2018,340780840,940023823,,,0,0,0,,,0,0,0,,,0,0,0,,,0,0,0,,0,,,30611,,0,,0,,,,0,,,30611,,,,,,,,,,,,,,,,,,,
MCO,2018,340781608,340015171,46,16790,957,16,14419,,,0,0,0,,,0,0,0,46,16790,957,16,14419,,0,,,27,,0,,0,,,,0,,,27,0,0,0,0,0,0,0,0,0,,,,,128,,0,,,0
MCO,2018,340782036,340780477,314,108467,11629,265,94822,56,18549,2698,66,15737,,,0,0,0,370,127016,14327,331,110559,62,7405,,,16719,8,516,,0,,,70,7921,,,16719,0,1,0,1,0,0,0,0,0,,,,,79386,,35527,,,23446
MCO,2018,340782085,340780477,122,40900,5982,471,35037,117,42705,8047,801,28314,,,0,0,0,239,83605,14029,1272,63351,12,1948,,,1588,23,4839,,0,,,35,6787,,,1588,0,0,0,0,1,1,0,0,1,,,,,87473,,83335,88,26,25971
MCO,2018,340785161,340780477,283,95824,18732,2730,79322,151,53867,9111,809,38868,,,0,0,0,434,149691,27843,3539,118190,37,6481,,,4082,15,4028,,0,,,52,10509,,,4082,0,0,1,0,0,1,0,1,0,,,,,135931,2,78572,405,118,37775
MCO,2018,340796663,340780477,263,90784,13473,505,77345,56,20430,2522,27,15893,88,32120,6415,1162,26611,407,143334,22410,1694,119849,36,5167,,,5242,6,1254,20,2668,,,62,9089,,,5242,1,0,0,0,,1,1,0,0,,,,,75007,10753,69329,,21496,21639
MCO,2018,350000014,350005179,,,0,0,0,,,0,0,0,,,0,0,0,,,0,0,0,,0,,,0,,0,,0,,,,0,,,0,,,,,,,,,,,,,,885,,1,,,
MCO,2018,350000063,220020739,33,12045,654,12,9279,,,0,0,0,,,0,0,0,33,12045,654,12,9279,5,0,,,14,,0,,0,,,5,0,,,14,1,0,0,1,1,0,0,0,0,,60,,,766,,156,,,
MCO,2018,350000071,920028560,22,8030,755,40,5507,,,0,0,0,,,0,0,0,22,8030,755,40,5507,,0,,,104,,0,,0,,,,0,,,104,0,0,0,0,1,0,0,0,0,,,,,265,,233,,,
MCO,2018,350000121,350000303,111,40515,4525,171,42354,224,81760,14962,1312,49388,48,17520,2573,68,11372,383,139795,22060,1551,103114,22,2,,,10382,65,23375,3,29,,,90,23406,,,10382,,,,,,,,,,,,,,,,,,,
MCO,2018,350000139,350001137,9,3285,1421,216,6270,77,28105,3261,240,9481,57,20805,5164,137,20850,143,52195,9846,593,36601,0,4206,,,9,40,4256,4,1594,,,44,10056,,,9,1,0,0,1,0,1,0,0,0,,,,,76699,10606,35790,,18489,10977
MCO,2018,350000147,350000022,307,103625,15543,766,98661,54,18744,3601,377,16503,31,9383,1491,68,6646,392,131752,20635,1211,121810,10,2436,0,0,11515,13,1499,2,796,0,0,25,4731,0,0,11515,1,1,1,1,1,1,1,1,0,140,43,90,0,49772,1235,32139,16,4527,15036
MCO,2018,350000154,350000030,134,45151,6805,306,44336,28,9956,1491,133,7227,18,6570,1059,51,4015,180,61677,9355,490,55578,7,1214,,,576,5,980,2,218,,,14,2412,,,576,1,0,1,1,1,1,1,0,0,150,34,39,,28131,2513,36016,16,4331,6822
MCO,2018,350000162,350000048,91,33215,5425,1123,31028,30,10950,1229,109,6166,15,5475,897,218,2769,136,49640,7551,1450,39963,5,874,,,220,6,1566,,0,,,11,2440,,,220,1,1,0,1,0,1,1,1,1,,,,3,22149,1713,27026,,2888,613
MCO,2018,350000188,350000055,83,30295,4566,306,25694,21,7665,1557,346,6616,17,6448,920,56,3864,121,44408,7043,708,36174,14,1812,,,818,0,0,0,82,,,14,1894,,,818,1,0,1,1,0,1,1,0,0,35,,35,,25677,5119,41147,0,37819,453
MCO,2018,350000196,350000311,5,1825,174,2,870,64,23360,6640,3589,7912,,,0,0,0,69,25185,6814,3591,8782,,0,,,3630,20,4256,,0,,,20,4256,,,3630,,,,,,,,,,,,,,,,,,,
MCO,2018,350000204,350023248,15,5475,437,7,4302,,,0,0,0,,,0,0,0,15,5475,437,7,4302,,0,,,5,,0,,0,,,,0,,,5,,,,,,,,,,,,,,,,,,,
MCO,2018,350000212,350000089,20,7300,356,3,5539,,,0,0,0,,,0,0,0,20,7300,356,3,5539,,0,,,0,,0,,0,,,,0,,,0,0,0,0,0,0,0,0,0,0,,,,,,,,,,
MCO,2018,350000410,350002291,15,5475,261,2,4721,,,0,0,0,,,0,0,0,15,5475,261,2,4721,,0,,,0,,0,,0,,,,0,,,0,0,0,0,0,0,0,0,0,0,,,,,153,,825,503,,
MCO,2018,350000436,350002317,15,5475,227,6,3982,0,0,0,0,0,0,0,0,0,0,15,5475,227,6,3982,0,0,0,0,1,0,0,0,0,0,,0,0,0,0,1,0,0,0,0,0,0,0,0,0,,,,,,,,,,
MCO,2018,350000444,350048518,12,4380,300,4,3576,,,0,0,0,,,0,0,0,12,4380,300,4,3576,,0,,,0,,0,,0,,,,0,,,0,0,0,0,0,0,0,0,0,0,,,,,,,,,,
MCO,2018,350000451,350002333,18,6570,25,0,432,,,0,0,0,,,0,0,0,18,6570,25,0,432,,0,,,0,,0,,0,,,,0,,,0,0,0,0,0,0,0,0,0,0,,,,,,,,,,
MCO,2018,350000741,350005179,615,204992,37500,6096,193392,288,100175,13735,387,86287,,,0,0,0,903,305167,51235,6483,279679,82,10595,2,170,25166,24,6768,,0,,,108,17363,2,170,25166,1,1,1,1,1,0,1,0,1,,,,,208322,3,169031,16309,2,80788
MCO,2018,350002192,220020739,131,47815,8365,526,35405,38,13870,1544,43,4060,0,0,0,0,0,169,61685,9909,569,39465,8,2656,0,,1326,19,5819,0,0,,,27,8475,0,,1326,1,0,0,1,1,0,1,0,1,,,,210,,0,,,,
MCO,2018,350002200,350029948,7,2555,314,2,2009,,,0,0,0,,,0,0,0,7,2555,314,2,2009,,0,,,0,,0,,0,,,,0,,,0,0,0,0,1,0,0,0,0,0,,,,,1473,0,267,0,0,0
MCO,2018,350002804,350000626,,,0,0,0,,,0,0,0,,,0,0,0,,,0,0,0,,0,,,11558,,0,,0,,,,0,,,11558,0,0,0,0,0,0,0,0,0,,,,,,,,,,
MCO,2018,350002812,350023503,45,13980,1942,108,10364,15,4900,606,0,1285,,,0,0,0,60,18880,2548,108,11649,3,510,,,57499,6,1239,,0,,,9,1749,,,57499,0,0,0,0,0,0,0,0,0,,,,,31921,,27700,,,6829
MCO,2018,350005021,440042844,76,27740,2027,15,24353,,,0,0,0,,,0,0,0,76,27740,2027,15,24353,7,1308,,,142,,0,,0,,,7,1308,,,142,1,0,0,0,0,0,0,0,0,,,,,1814,,1060,,,
MCO,2018,350005146,350000733,45,16425,3009,83,18916,90,31050,5930,766,19955,,,0,0,0,135,47475,8939,849,38871,21,4,0,,5561,42,14839,,0,,,63,14843,0,,5561,,,,,,,,,,,,,,,,,,,
MCO,2018,350006771,350005179,16,5472,250,4,4410,,,0,0,0,,,0,0,0,16,5472,250,4,4410,,0,,,0,,0,,0,,,,0,,,0,0,0,0,0,0,0,0,0,0,0,0,0,0,0,0,0,0,0,0
MCO,2018,350007084,350005179,233,77801,10419,597,74228,36,11929,3043,340,8527,91,32435,6000,190,28396,360,122165,19462,1127,111151,34,3327,,,4754,20,4070,16,2031,,,70,9428,,,4754,0,0,1,0,0,1,0,1,0,,,65,,85075,13490,56170,18,9050,35757
MCO,2018,350030763,350000626,,,0,0,0,,,0,0,0,,,0,0,0,,,0,0,0,,0,,,2254,,0,,0,,,,0,,,2254,0,0,0,0,0,0,0,0,0,,,,,,,,,,
MCO,2018,350032934,350000626,,,0,0,0,,,0,0,0,,,0,0,0,,,0,0,0,,0,,,16879,,0,,0,,,,0,,,16879,0,0,0,0,0,0,0,0,0,,,,,,,,,,
MCO,2018,350040044,350000626,,,0,0,0,,,0,0,0,,,0,0,0,,,0,0,0,,0,,,16722,,0,,0,,,,0,,,16722,0,0,0,0,0,0,0,0,0,,,,,,,,,,
MCO,2018,350041059,350000626,,,0,0,0,,,0,0,0,,,0,0,0,,,0,0,0,,0,,,493,,0,,0,,,,0,,,493,0,0,0,0,0,0,0,0,0,,,,,,,,,,
MCO,2018,350042131,350000626,,,0,0,0,,,0,0,0,,,0,0,0,,,0,0,0,,0,,,3754,,0,,0,,,,0,,,3754,0,0,0,0,0,0,0,0,0,,,,,,,,,,
MCO,2018,350042602,350000626,,,0,0,0,,,0,0,0,,,0,0,0,,,0,0,0,,0,,,5424,,0,,0,,,,0,,,5424,0,0,0,0,0,0,0,0,0,,,,,,,,,,
MCO,2018,350046751,350000626,,,0,0,0,,,0,0,0,,,0,0,0,,,0,0,0,,0,,,17097,,0,,0,,,,0,,,17097,0,0,0,0,0,0,0,0,0,,,,,,,,,,
MCO,2018,360000038,360000046,56,20440,1842,454,15340,,,0,0,0,,,0,0,0,56,20440,1842,454,15340,3,100,,,480,,0,1,28,,,4,128,,,480,1,0,0,1,0,0,1,0,0,,,,,8411,1791,6788,,1661,689
MCO,2018,360000129,360000269,23,8395,253,2,3731,36,13140,2461,2,8016,0,0,0,0,0,59,21535,2714,4,11747,0,0,,,188,27,7430,,0,,,27,7430,,,188,0,0,0,0,0,0,0,0,0,,,,,,,237,,,
MCO,2018,360000137,360000053,262,95630,12744,1276,82982,111,39345,4683,595,25042,40,13870,2675,495,9259,413,148845,20102,2366,117283,25,991,,,6949,8,1748,,0,,,33,2739,,,6949,,,,,,,,,,,,,,92655,10348,91610,1188,386,0
MCO,2018,360000145,360000061,25,9125,658,8,8166,,,0,0,0,,,0,0,0,25,9125,658,8,8166,3,11,,,37,,0,,0,,,3,11,,,37,1,0,0,0,0,0,0,0,0,,,,,3064,144,1509,,5,404
MCO,2018,360000160,360000053,30,10950,1742,129,11318,6,2190,762,112,2776,0,3952,213,51,703,36,17092,2717,292,14797,0,0,,,24,7,1438,,0,,,7,1438,,,24,1,0,0,1,0,1,0,0,1,,,,180,16577,1396,30638,,48,717
MCO,2018,360002133,330031048,,,0,0,0,,,0,0,0,,,0,0,0,,,0,0,0,,0,,,22956,,0,,0,,,,0,,,22956,0,0,0,0,0,0,0,0,0,,,,,,,,,,
MCO,2018,360002232,360000541,25,9125,1250,2,7359,,,0,0,0,,,0,0,0,25,9125,1250,2,7359,,0,,,0,,0,,0,,,,0,,,0,,,,,,,,,,,,,,,,,,,
MCO,2018,370000051,370000028,4,1460,11,0,101,29,10585,883,20,3717,,,0,0,0,33,12045,894,20,3818,,0,,,23,19,3829,,0,,,19,3829,,,23,,,,,,,,,,,,,,,,,,,
MCO,2018,370000085,370013468,107,39055,7210,1321,29604,30,10950,1698,19,5208,,,0,0,0,137,50005,8908,1340,34812,,0,,,12404,30,8294,,0,,,30,8294,,,12404,,,,,,,,,,,,,,,,,,,
MCO,2018,370000093,370013468,62,22630,4891,246,22439,102,37230,5060,221,17318,,,0,0,0,164,59860,9951,467,39757,,0,,,3052,26,8752,,0,,,26,8752,,,3052,,,,,,,,,,,,,,,,,,,
MCO,2018,370000499,370000481,71,25909,5112,668,17557,50,19227,3828,1168,10223,,,0,0,0,121,45136,8940,1836,27780,11,1545,,,1857,12,2096,,0,,,23,3641,,,1857,1,1,1,1,1,0,1,1,1,,,,,40697,4,45915,1305,,19067
MCO,2018,370000531,370000606,65,23725,4013,459,22246,0,0,0,0,0,15,5475,712,62,2575,80,29200,4725,521,24821,5,82,0,0,1440,0,0,2,65,0,0,7,147,0,0,1440,1,0,0,0,1,1,1,0,0,,80,100,,8742,1646,4822,,1744,4419
MCO,2018,370000580,370000564,25,9125,679,6,6450,,,0,0,0,,,0,0,0,25,9125,679,6,6450,,0,,,0,,0,,0,,,,0,,,0,1,1,1,1,0,0,1,1,1,147,,,140,3326,,10195,,,372
MCO,2018,370000861,370000481,413,150450,17296,928,123218,68,25770,4915,394,22198,89,32389,6135,493,26655,570,208609,28346,1815,172071,31,4316,3,426,58158,12,6454,22,1537,,,68,12307,3,426,58158,0,0,1,0,1,0,1,0,1,,,,,148224,13019,121778,2,15292,42135
MCO,2018,370000879,370000564,71,21535,4484,1096,18871,25,8404,1078,11,5228,1,365,62,60,2,97,30304,5624,1167,24101,2,274,,,5,5,1385,0,0,,,7,1659,,,5,1,0,0,1,1,0,1,1,1,,96,,48,12388,1524,22114,,962,2042
MCO,2018,370000903,370000614,35,12775,2117,286,13278,25,9125,846,0,4028,,,0,0,0,60,21900,2963,286,17306,4,1178,,,640,6,315,,0,,,10,1493,,,640,1,1,1,1,0,0,1,1,1,,,,,12213,1651,17085,0,93,2349
MCO,2018,370001109,370002701,10,3650,222,0,3011,,,0,0,0,,,0,0,0,10,3650,222,0,3011,,0,,,0,,0,,0,,,,0,,,0,0,0,0,0,0,0,0,0,0,,,,,,,,,,
MCO,2018,370001158,370004327,14,5110,378,44,2880,,,0,0,0,,,0,0,0,14,5110,378,44,2880,,0,,,0,,0,,0,,,,0,,,0,,,,,,,,,,,,,,,,,,,
MCO,2018,370004467,370000481,255,91648,24403,3683,82025,200,72285,10256,981,61993,,,0,0,0,455,163933,34659,4664,144018,24,2922,,,5409,14,4102,,0,,,38,7024,,,5409,1,1,1,1,0,0,0,1,0,,,,,101442,,107510,1100,7,29921
MCO,2018,370007569,370007528,147,53655,8620,2676,41853,129,47085,8478,722,26430,55,20075,2814,139,12295,331,120815,19912,3537,80578,0,0,,,10117,68,20285,0,0,,,68,20285,,,10117,,,,,,,,,,,,,,,,,,,
MCO,2018,370013286,370013278,,,0,0,0,1,365,103,3,248,,,0,0,0,1,365,103,3,248,,0,,,0,1,204,,0,,,1,204,,,0,,,,,,,,,,,,,,,,,,,
MCO,2018,380000018,380780023,30,10950,1160,5,8374,,,0,0,0,,,0,0,0,30,10950,1160,5,8374,0,0,,,46,0,0,0,0,,,0,0,,,46,0,0,0,0,0,0,0,1,0,,,,,2131,,1019,,,
MCO,2018,380000026,380780031,35,12775,1187,207,10429,0,0,0,0,0,0,0,0,0,0,35,12775,1187,207,10429,0,0,0,0,108,0,0,0,0,0,0,0,0,0,0,108,1,0,0,1,0,0,1,1,1,,,,,4522,1186,11278,0,1331,79
MCO,2018,380000034,380780049,254,87785,13833,1076,79582,57,20579,2871,1,16234,31,11315,1891,116,7018,342,119679,18595,1193,102834,16,878,,,4892,9,2674,1,252,,,26,3804,,,4892,1,0,1,1,1,1,1,0,1,,,,,47786,4555,46273,,3116,16414
MCO,2018,380000042,380780056,72,25294,3220,625,23421,0,0,0,0,0,0,0,0,0,0,72,25294,3220,625,23421,5,341,0,0,8,0,0,0,0,0,0,5,341,0,0,8,1,0,1,1,0,1,1,1,0,,,,,4087,112,6992,,119,905
MCO,2018,380000059,380780072,32,11680,923,9,10305,0,0,0,0,0,0,0,0,0,0,32,11680,923,9,10305,0,0,0,0,0,0,0,0,0,0,0,0,0,0,0,0,0,0,0,0,0,0,1,0,1,0,0,0,40,1315,0,0,0,0,0
MCO,2018,380000067,380780080,769,277083,38417,3973,247727,326,116127,15886,85,93623,73,26645,4505,129,20315,1168,419855,58808,4187,361665,129,15593,8,1446,50602,35,9562,13,3098,,,185,28253,8,1446,50602,1,1,1,1,1,1,1,0,1,120,100,90,40,255762,9980,145222,289,5700,84869
MCO,2018,380000091,380780171,28,10220,910,0,9333,0,0,0,0,0,0,0,0,0,0,28,10220,910,0,9333,2,66,0,0,305,0,0,0,2,0,0,2,68,0,0,305,1,0,1,1,1,0,1,0,1,210,150,,270,21335,,13609,,,
MCO,2018,380000109,380780213,10,4070,367,3,3512,,,0,0,0,,,0,0,0,10,4070,367,3,3512,,0,,,1,,0,,0,,,,0,,,1,0,0,0,0,0,0,0,1,0,,,,,,,,,,
MCO,2018,380000174,380781435,236,78110,11340,604,73618,48,16064,2497,221,10560,28,10220,2171,105,8476,312,104394,16008,930,92654,14,1623,0,0,1938,10,1376,2,602,0,0,26,3601,0,0,1938,1,1,1,1,1,1,1,1,1,72,48,46,34,46040,10272,49059,122,10921,15793
MCO,2018,380000406,380784751,97,35405,7304,796,31811,42,15330,2079,42,11860,27,9855,1726,82,6922,166,60590,11109,920,50593,3,714,1,15,1315,9,855,3,929,,,16,2498,1,15,1315,1,0,0,1,1,1,1,0,1,,,,,31453,1575,16678,,3261,4133
MCO,2018,380012658,380012609,171,59791,10034,1384,53423,103,34891,5813,229,22684,29,10585,1979,80,8081,303,105267,17826,1693,84188,3,764,,,35772,68,18595,0,10,,,71,19369,,,35772,1,0,1,1,1,1,1,1,0,,,,,63719,3618,22609,,5486,
MCO,2018,380013037,380013011,0,0,0,0,0,0,0,0,0,0,0,,0,0,0,0,0,0,0,0,8,4678,,,0,1,105,,0,,,9,4783,,,0,0,0,0,1,0,0,0,0,0,,,,,,,,,,
MCO,2018,380020123,380021139,30,10950,1655,686,7387,0,0,300,15,1062,,,0,0,0,30,10950,1955,701,8449,,0,,,41,12,2113,,0,,,12,2113,,,41,,,,,,,,,,,,,,3279,,,,,
MCO,2018,380020388,380784751,26,9490,587,5,7982,,,0,0,0,,,0,0,0,26,9490,587,5,7982,1,53,,,1,,0,,0,,,1,53,,,1,,,,,,,,,,,,,,,,,,,
MCO,2018,380780197,380798173,6,2190,119,4,1766,54,19710,3178,0,9502,33,12045,1426,20,6460,93,33945,4723,24,17728,,0,,,1,37,7479,,0,,,37,7479,,,1,,,,,,,,,,,,,,,,,,,
MCO,2018,380780288,380019224,3,1095,120,11,435,29,10585,2511,949,5336,,,0,0,0,32,11680,2631,960,5771,,0,,,38,17,8057,,0,,,17,8057,,,38,,,,,,,,,,,,,,,,,,,
MCO,2018,380782722,380780080,24,8744,1053,6,8251,57,22786,3120,106,17238,,,0,0,0,81,31530,4173,112,25489,6,612,,,1975,6,1072,,0,,,12,1684,,,1975,0,0,0,0,0,0,0,1,0,,,,,31358,,37207,,,10907
MCO,2018,380785956,380795211,59,21535,3874,1352,11952,66,24090,5161,211,20502,31,11315,1235,27,4901,156,56940,10270,1590,37355,0,0,0,0,135,24,13105,0,27,,,24,13132,0,0,135,,,,,,,,,,,,,,,,,,,
MCO,2018,380786442,380798025,74,27010,5442,1608,18056,128,46720,7567,0,25248,40,14600,2276,63,11800,242,88330,15285,1671,55104,,0,,,63,48,20032,,0,,,48,20032,,,63,,,,,,,,,,,,,,,,,,,
MCO,2018,390000040,390780146,228,82603,11349,974,70776,45,16410,2706,161,13172,25,9125,1742,120,6247,298,108138,15797,1255,90195,8,366,1,135,4237,15,2581,0,7,0,0,24,2954,1,135,4237,1,1,1,1,1,1,1,1,0,40,117,18,0,44670,3628,27305,116,4373,6860
MCO,2018,390000057,390780153,10,3650,253,10,2345,0,0,0,0,0,0,0,0,0,0,10,3650,253,10,2345,0,0,0,0,0,0,0,0,0,0,0,0,0,0,0,0,0,0,1,0,0,1,0,0,0,88,,28,,4737,96,5227,0,69,2390
MCO,2018,390000065,390780161,42,15330,2709,385,12684,0,1680,170,24,560,0,1196,87,5,307,42,18206,2966,414,13551,0,0,0,0,5129,4,768,0,37,,,4,805,0,0,5129,0,0,1,1,1,1,1,1,1,88,,28,12,7506,1220,7195,,1072,503
MCO,2018,390000214,390780146,0,8159,561,31,6874,0,0,0,0,0,0,0,0,0,0,0,8159,561,31,6874,0,0,0,0,0,0,0,0,0,0,0,0,0,0,0,0,1,0,1,0,0,0,1,1,0,66,0,0,0,193,0,1002,0,0,355
MCO,2018,390000222,390780609,147,49981,8723,1251,46382,20,6660,1321,67,6375,20,7244,1435,109,4867,187,63885,11479,1427,57624,7,142,0,0,10799,17,2173,4,593,0,0,28,2908,0,0,10799,1,1,1,1,1,1,1,1,1,,,,,30800,1010,40856,6,3489,14002
MCO,2018,390780559,390000180,0,,0,0,0,33,12045,589,2,1906,,,0,0,0,33,12045,589,2,1906,,0,,,0,4,2129,,0,,,4,2129,,,0,0,0,0,0,0,0,0,0,0,,,,,,,,,,
MCO,2018,390780575,250017803,4,1273,51,0,408,36,11457,2027,53,5679,0,0,0,0,0,40,12730,2078,53,6087,0,0,,,10,15,4048,0,0,,,15,4048,,,10,0,0,0,0,0,0,0,0,0,,,,,,,,,,
MCO,2018,390781193,390000768,20,7300,471,3,6551,,,0,0,0,,,0,0,0,20,7300,471,3,6551,,0,,,0,,0,,0,,,,0,,,0,0,0,0,0,0,0,0,0,0,,,,,,,,,,
MCO,2018,400000105,400780193,208,75016,13176,1683,69188,86,31390,4436,198,23338,29,10585,2230,296,7014,323,116991,19842,2177,99540,10,834,0,0,26864,10,3446,4,106,0,0,24,4386,0,0,26864,1,1,1,1,1,1,1,1,1,110,,45,85,64674,2258,50428,0,4255,10674
MCO,2018,400000139,400011177,221,78110,12526,1185,70632,78,28194,4693,106,24140,20,7660,1468,38,6494,319,113964,18687,1329,101266,37,2097,,,17043,15,3944,1,758,,,53,6799,,,17043,1,1,1,1,1,1,1,1,1,77,104,45,37,82026,6614,82484,1270,3596,16570
MCO,2018,400000147,400780268,13,4543,984,618,4570,,,0,0,0,,,0,0,0,13,4543,984,618,4570,,0,,,0,,0,,0,,,,0,,,0,0,0,0,0,0,0,0,0,0,,,,,0,0,,,,
MCO,2018,400000261,400780458,,,0,0,0,,,0,0,0,,,0,0,0,,,0,0,0,1,100,,,0,,0,,0,,,1,100,,,0,0,0,0,0,0,0,0,0,0,,,,,,,,,,
MCO,2018,400780342,400000196,5,1825,231,1,238,10,3650,724,2,1198,0,,0,0,0,15,5475,955,3,1436,0,0,,,136,20,7472,,0,,,20,7472,,,136,,,,,,,,,,,,,,,,,,,
MCO,2018,400780359,400000204,6,2190,185,1,1213,70,25550,1757,0,5770,,,0,0,0,76,27740,1942,1,6983,1,6,,,12,16,6599,,0,,,17,6605,,,12,,,,,,,,,,,,,,,,,,,
MCO,2018,400782769,400014213,26,9147,2527,1215,8343,25,8820,1075,135,4412,,,0,0,0,51,17967,3602,1350,12755,0,0,0,0,50,5,2824,0,0,,,5,2824,0,0,50,,,,,,,,,,,,,,,,,,,
MCO,2018,400787354,400780193,,,0,0,0,,,0,0,0,,,0,0,0,,,0,0,0,2,305,,,0,,0,,0,,,2,305,,,0,,,,,,,,,,,,,,,,,,,
MCO,2018,410000020,410000087,283,99263,12085,290,89202,89,28382,4396,175,21351,25,10025,2293,570,7564,397,137670,18774,1035,118117,24,406,,,7134,15,4762,0,0,,,39,5168,,,7134,1,1,1,1,1,1,1,1,1,,,,,75679,3512,68085,202,4214,10835
MCO,2018,410000038,410000095,89,32485,4571,406,29775,,,0,0,0,,,0,0,0,89,32485,4571,406,29775,2,168,,,1832,,0,,0,,,2,168,,,1832,1,0,0,0,0,0,1,0,0,,,,,2919,,4075,86,,360
MCO,2018,410000046,410000103,69,25185,4229,646,22889,28,10220,1391,50,6093,16,5840,605,62,2117,113,41245,6225,758,31099,3,134,0,0,760,10,2219,1,69,,,14,2422,0,0,760,0,0,1,1,0,1,1,1,1,120,,30,120,28768,3007,25781,0,992,4376
MCO,2018,410000053,410000111,25,9125,438,5,6968,,,0,0,0,,,0,0,0,25,9125,438,5,6968,,0,,,0,,0,,0,,,,0,,,0,0,0,0,0,0,0,0,1,0,,,,,,,,,,
MCO,2018,410000202,410000319,61,22265,1897,34,15979,64,23360,4132,93,12750,20,7300,785,27,3113,145,52925,6814,154,31842,15,3472,,,34372,29,5969,,0,,,44,9441,,,34372,0,0,0,0,0,0,0,0,0,,,,,,,,,,
MCO,2018,410004998,410000871,7,2555,279,4,1724,54,19710,2282,44,8343,19,6935,758,25,2621,80,29200,3319,73,12688,,0,,,0,20,4140,1,137,,,21,4277,,,0,,,,,,,,,,,,,,,,,,,
MCO,2018,420000010,420780033,273,97427,11555,1049,80642,55,20075,2955,109,15348,37,12881,2424,112,9762,365,130383,16934,1270,105752,2,134,,,37000,21,5068,2,415,,,25,5617,,,37000,1,1,1,1,1,1,1,1,1,,,,,62082,10874,77204,4165,3425,17192
MCO,2018,420000192,750034589,18,6570,454,5,5397,,,0,0,0,,,0,0,0,18,6570,454,5,5397,,0,,,0,,0,,0,,,,0,,,0,0,0,0,0,0,0,0,0,0,,,,,,,,,,
MCO,2018,420000226,420013831,86,31390,6957,1209,28613,30,10950,1521,72,7766,21,7665,1407,310,3766,137,50005,9885,1591,40145,10,389,,,558,12,2549,2,147,,,24,3085,,,558,1,0,1,1,0,1,1,0,1,,,,,22429,3533,32195,,4029,10205
MCO,2018,420000234,420780652,134,48910,8674,1360,51601,44,14982,1302,21,7896,28,10220,1876,270,5922,206,74112,11852,1651,65419,10,1006,,,271,8,2161,4,297,,,22,3464,,,271,1,1,1,1,1,1,1,1,1,95,90,,90,34873,4757,29370,10,5699,10826
MCO,2018,420000267,420013831,64,23360,3258,184,22971,,,0,0,0,,,0,0,0,64,23360,3258,184,22971,10,358,,,223,,0,,0,,,10,358,,,223,1,0,1,1,0,0,0,0,0,,,,,9945,1764,20088,0,2798,752
MCO,2018,420000317,420780736,8,2920,175,1,2572,0,0,0,0,0,0,0,0,0,0,8,2920,175,1,2572,0,0,0,0,0,0,0,0,0,0,0,0,0,0,0,0,0,0,0,0,0,0,0,0,0,,,,,,,,,,
MCO,2018,420009599,420002495,3,1095,40,1,778,0,0,0,0,0,0,0,0,0,0,3,1095,40,1,778,0,0,0,0,0,0,0,0,0,0,0,0,0,0,0,0,0,0,0,0,0,0,0,0,0,,,,,0,0,0,0,0,0
MCO,2018,420010050,420787061,16,5840,249,5,5136,124,45260,8176,308,30356,,,0,0,0,140,51100,8425,313,35492,,0,,,189,26,6693,,0,,,26,6693,,,189,1,0,0,1,0,0,1,0,1,,,,,57990,0,34283,0,0,20237
MCO,2018,420010241,420013492,59,19954,1843,20,17125,,,0,0,0,,,0,0,0,59,19954,1843,20,17125,40,1753,,,61702,,0,,0,,,40,1753,,,61702,0,0,0,0,0,0,0,0,0,,,,,24056,,13930,,,3195
MCO,2018,420011413,420011405,97,35405,7944,1309,38358,143,52195,9204,232,36164,44,16060,2302,174,8937,284,103660,19450,1715,83459,5,574,,,2419,43,17941,,0,,,48,18515,,,2419,,,,,,,,,,,,,,,,,,,
MCO,2018,420780504,420000135,6,2190,4106,2936,4087,99,36135,3634,47,14310,,,0,0,0,105,38325,7740,2983,18397,2,17,,,143,18,14641,,0,,,20,14658,,,143,,,,,,,,,,,,,,,,,,,
MCO,2018,420780637,420002495,133,46235,4621,578,26769,30,10950,5684,3275,14914,19,6935,1208,307,3290,182,64120,11513,4160,44973,10,859,0,0,2407,13,240,0,0,0,0,23,1099,0,0,2407,1,0,1,1,0,1,1,1,1,12,,22,80,35319,4898,32603,0,2602,6639
MCO,2018,420782310,420000853,27,9855,4488,2422,11799,97,35405,4078,12,16518,,,1,0,1,124,45260,8567,2434,28318,,0,,,336,30,10093,,2,,,30,10095,,,336,,,,,,,,,,,,,,,,,,,
MCO,2018,420782559,420784878,8,2920,218,4,2537,,,0,0,0,,,0,0,0,8,2920,218,4,2537,3,1398,,,12,,0,,0,,,3,1398,,,12,0,0,0,0,0,0,0,0,0,,,,,13834,,1621,,,1196
MCO,2018,420782567,420784878,55,20075,1517,11,19272,,,0,0,0,,,0,0,0,55,20075,1517,11,19272,3,614,,,0,,0,,0,,,3,614,,,0,0,0,0,0,0,0,0,0,0,,,,,1262,,1426,,,3
MCO,2018,420782591,420000887,,,0,0,0,,,0,0,0,,,0,0,0,,,0,0,0,,0,,,0,6,3361,,0,,,6,3361,,,0,,,,,,,,,,,,,,,,81,,,
MCO,2018,420785354,420784878,567,199736,36670,5593,182515,249,93576,12127,374,66887,71,25915,4473,128,17872,887,319227,53270,6095,267274,54,12858,,,23660,24,7003,9,2136,,,87,21997,,,23660,1,1,1,1,1,1,1,1,1,97,91,83,63,242448,7916,209945,1173,10780,88492
MCO,2018,430000109,430000372,10,3650,385,155,732,35,12775,1520,16,5721,,,0,0,0,45,16425,1905,171,6453,,0,,,62,19,4093,,0,,,19,4093,,,62,,,,,,,,,,,,,,,,,,,
MCO,2018,430000117,430000018,216,77032,12989,2700,64268,97,35405,5145,238,24458,21,7665,1517,51,5856,334,120102,19651,2989,94582,21,1323,,,22272,18,4897,2,240,,,41,6460,,,22272,1,1,1,1,1,1,1,1,1,100,94,35,123,66013,1803,78632,43,3054,20913
MCO,2018,430000190,430000034,50,18250,1927,65,17882,14,5110,1217,173,5247,0,0,0,0,0,64,23360,3144,238,23129,2,103,0,0,1188,7,1218,0,0,0,0,9,1321,0,0,1188,1,1,0,1,1,0,0,1,0,,,,,9821,645,9188,6,1083,868
MCO,2018,430000299,430000059,21,7665,505,36,4369,,,0,0,0,,,0,0,0,21,7665,505,36,4369,,0,,,33,,0,,0,,,,0,,,33,0,0,0,0,0,0,0,0,0,,,,,142,,,,,435
MCO,2018,430000307,430000067,25,9125,367,21,5795,,,0,0,0,,,0,0,0,25,9125,367,21,5795,,0,,,24,,0,,0,,,,0,,,24,1,0,0,0,0,0,0,0,1,,,,180,,,,,,
MCO,2018,430000356,430000091,15,5475,260,1,3909,,,0,0,0,,,0,0,0,15,5475,260,1,3909,,0,,,0,,0,,0,,,,0,,,0,0,0,0,0,0,0,0,0,0,,,,,,,,,,
MCO,2018,430007450,430007427,16,5824,671,28,4135,,,0,0,0,,,0,0,0,16,5824,671,28,4135,10,2439,,,0,,0,,0,,,10,2439,,,0,0,0,0,0,0,0,0,0,0,,,,,,,,,,
MCO,2018,440000016,440000057,326,116254,21333,3229,109887,45,16395,3488,244,13376,45,16425,3214,309,12406,416,149074,28035,3782,135669,27,4436,2,159,15461,19,5915,5,455,,,53,10806,2,159,15461,1,1,1,1,1,1,1,1,1,,,,,88793,5890,74650,485,3874,44736
MCO,2018,440000271,440000289,547,195718,39336,8188,185404,306,107191,16492,953,80673,92,33580,7075,888,28851,945,336489,62903,10029,294928,95,20885,,,37719,42,8737,15,3414,,,152,33036,,,37719,0,1,0,1,0,1,0,1,1,,,,,299226,54499,161967,6888,3618,
MCO,2018,440000396,440053643,68,24820,3617,350,25274,12,4380,874,32,3659,15,5475,912,192,2972,95,34675,5403,574,31905,4,140,,,99,6,1830,0,0,,,10,1970,,,99,1,0,1,1,0,0,0,1,1,,,,,18993,4127,14861,,4010,610
MCO,2018,440000404,440000925,4,1460,18,0,163,31,11315,1763,0,7143,,,0,0,0,35,12775,1781,0,7306,,0,,,1,23,4866,,0,,,23,4866,,,1,,,,,,,,,,,,,,,,,,,
MCO,2018,440000412,440000941,66,24090,2663,11,15641,42,15330,3434,3,9534,40,14600,1932,20,7914,148,54020,8029,34,33089,6,1516,2,121,296,22,4279,1,125,,,31,5920,2,121,296,,,,,,,,,,,,,,,,,,,
MCO,2018,440000453,440000289,36,13140,1397,8,12907,,,0,0,0,,,0,0,0,36,13140,1397,8,12907,5,718,,,24,,0,,0,,,5,718,,,24,0,0,0,0,0,0,0,0,1,,,,,2632,0,2030,,,
MCO,2018,440000487,440001014,,,0,0,0,40,14600,2302,8,6094,,,0,0,0,40,14600,2302,8,6094,,0,,,0,15,2177,,0,,,15,2177,,,0,,,,,,,,,,,,,,,,,,,
MCO,2018,440000503,440000313,96,33535,6349,1279,29757,,,0,0,0,15,5475,1016,67,3583,111,39010,7365,1346,33340,9,670,,,463,,0,3,353,,,12,1023,,,463,1,1,1,1,1,1,1,1,0,180,180,60,,13505,2609,24467,,5316,155
MCO,2018,440000511,440000461,0,0,0,0,0,0,0,3562,3274,524,0,0,0,0,0,0,0,3562,3274,524,0,0,0,0,0,0,4459,0,0,0,0,0,4459,0,0,0,0,0,0,0,0,0,0,0,0,,,,,,,,,,
MCO,2018,440000560,850009010,22,8053,689,3,7813,,,0,0,0,,,0,0,0,22,8053,689,3,7813,3,469,,,0,,0,,0,,,3,469,,,0,1,0,0,0,0,0,0,0,0,,,,,537,,4870,,,
MCO,2018,440000651,440001212,0,0,0,0,0,16,5840,1009,1,1525,0,0,0,0,0,16,5840,1009,1,1525,,0,,,0,49,10834,,0,,,49,10834,,,0,,,,,,,,,,,,,,,,,,,
MCO,2018,440000883,440042141,12,4380,410,0,5024,0,0,0,0,0,0,0,0,0,0,12,4380,410,0,5024,0,0,0,0,2,0,0,0,0,0,0,0,0,0,0,2,0,0,0,0,0,0,0,0,0,,,,,,,,,,
MCO,2018,440001113,490017258,41,14029,2265,131,13622,27,9127,1544,174,5340,,,0,0,0,68,23156,3809,305,18962,3,1770,,,73858,15,2796,,0,,,18,4566,,,73858,1,0,0,0,0,0,0,0,0,,,,,53659,,34953,,,11988
MCO,2018,440001253,440028538,59,21535,1567,10,18669,0,0,0,0,0,0,0,0,0,0,59,21535,1567,10,18669,0,0,0,0,7,0,0,0,0,0,0,0,0,0,0,7,0,0,0,0,0,0,0,0,0,,,,,177,0,174,0,0,0
MCO,2018,440001287,440041531,30,10650,743,3,10317,,,0,0,0,,,0,0,0,30,10650,743,3,10317,,0,,,61,,0,,0,,,,0,,,61,0,0,1,0,0,0,1,0,0,30,,,,499,,231,,,
MCO,2018,440002020,440001386,38,13870,2216,91,11174,63,22995,4190,438,12216,,,0,0,0,101,36865,6406,529,23390,0,0,,,62,44,14023,,0,,,44,14023,,,62,0,0,0,0,0,0,0,0,0,,,,,,,,,,
MCO,2018,440003291,440000289,0,0,0,0,0,0,0,0,0,0,0,0,0,0,0,0,0,0,0,0,5,2493,0,0,0,0,0,0,0,,,5,2493,0,0,0,0,0,0,0,0,0,0,0,0,,,,,,,,,,
MCO,2018,440017598,440000289,355,123882,15003,534,110808,108,38388,3833,42,31761,,,0,0,0,463,162270,18836,576,142569,39,7642,,,4899,3,929,,0,,,42,8571,,,4899,1,0,1,0,1,0,1,0,0,,,,,51342,13,68669,0,,
MCO,2018,440024982,440000461,32,11680,3235,9,13545,102,37230,3819,72,12507,,,0,0,0,134,48910,7054,81,26052,30,7542,,,467,30,6113,,0,,,60,13655,,,467,0,0,0,0,0,0,0,0,0,,,,,,,,,,
MCO,2018,440029338,440053411,49,17885,1795,42,14327,35,12775,3782,122,10366,58,21170,3625,54,15296,142,51830,9202,218,39989,,70,,,248,13,2320,,2538,,,13,4928,,,248,0,0,0,0,0,1,0,0,0,,,30,,46218,62965,16828,,1857,4882
MCO,2018,440029379,440000974,4,1460,54,1,437,71,25915,5784,98,15087,,,0,0,0,75,27375,5838,99,15524,,0,,,582,69,26433,,0,,,69,26433,,,582,,,,,,,,,,,,,,,,,,,
MCO,2018,440033819,440006344,6,2190,488,27,3198,131,47815,11925,6057,16170,93,33945,9291,2984,25229,230,83950,21704,9068,44597,,0,,,1,62,19687,,0,,,62,19687,,,1,0,0,0,0,0,0,0,0,0,,,,,,,,,,
MCO,2018,440041580,440041572,206,75190,15577,673,75528,211,77015,11877,496,44987,,,0,0,0,417,152205,27454,1169,120515,29,663,,,19206,59,24402,,0,,,88,25065,,,19206,,,,,,,,,,,,,,,,,,,
MCO,2018,440048700,490017258,,,0,0,0,,,0,0,0,,,0,0,0,,,0,0,0,5,23,,,202,,0,,0,,,5,23,,,202,,,,,,,,,,,,,,204,,,,,
MCO,2018,440048718,440041572,,,0,0,0,,,0,0,0,,,0,0,0,,,0,0,0,12,9,,,3909,,0,,0,,,12,9,,,3909,,,,,,,,,,,,,,,,,,,
MCO,2018,440050433,440053429,45,15969,1665,44,15326,59,19739,4113,567,14276,,,0,0,0,104,35708,5778,611,29602,24,281,,,30169,17,5708,,0,,,41,5989,,,30169,0,0,0,1,0,0,0,0,0,,,,,44668,,9994,,,155
MCO,2018,450000047,450000096,89,32485,6068,754,25808,,,0,0,0,25,9125,1446,352,4231,114,41610,7514,1106,30039,,0,,,130,,0,,0,,,,0,,,130,1,0,0,1,1,1,0,1,0,,,,,9222,2954,3825,0,1965,410
MCO,2018,450000062,450000104,222,79165,10328,1466,71146,60,21024,3048,92,16137,36,13140,2640,359,8487,318,113329,16016,1917,95770,6,716,,,7685,12,2420,,0,,,18,3136,,,7685,1,1,1,1,1,1,1,1,1,124,37,56,111,51532,2355,38174,6,8179,7792
MCO,2018,450000070,450000112,47,17155,2352,260,15062,,,0,0,0,0,,75,75,0,47,17155,2427,335,15062,6,591,,,328,,0,,0,,,6,591,,,328,1,1,1,0,1,1,1,1,0,160,11,17,,9204,4145,10157,0,4479,6745
MCO,2018,450000120,450000138,12,4380,70,0,1666,,,0,0,0,,,0,0,0,12,4380,70,0,1666,,0,,,0,,0,,0,,,,0,,,0,0,0,0,0,0,0,0,0,0,,,,,,,,,,
MCO,2018,450000211,450000153,5,1825,89,22,905,,,0,0,0,,,0,0,0,5,1825,89,22,905,,0,,,0,,0,,0,,,,0,,,0,0,0,0,0,0,0,0,0,0,,,,,,,,,,
MCO,2018,450000237,450000534,12,4380,174,0,1349,74,27010,1962,18,7251,,,0,0,0,86,31390,2136,18,8600,,0,,,2384,30,4603,,0,,,30,4603,,,2384,,,,,,,,,,,,,,,,,,,
MCO,2018,450000245,450000542,11,4015,197,7,2258,134,48910,5453,42,19602,,,0,0,0,145,52925,5650,49,21860,,0,,,982,24,8773,,0,,,24,8773,,,982,,,,,,,,,,,,,,,,,,,
MCO,2018,450000260,450000161,11,4015,209,2,3592,0,0,0,0,0,0,0,0,0,0,11,4015,209,2,3592,,0,,,0,,0,,0,,,,0,,,0,0,0,0,0,0,0,0,0,0,,,,,,,,,,
MCO,2018,450000294,450000591,154,56210,7657,110,45343,,,0,0,0,,,0,0,0,154,56210,7657,110,45343,6,420,,,11665,,0,,0,,,6,420,,,11665,0,0,0,0,0,0,0,0,0,,,,,,,,,,
MCO,2018,450000336,450000179,15,5475,415,2,5589,,,0,0,0,,,0,0,0,15,5475,415,2,5589,,0,,,0,,0,,0,,,,0,,,0,0,0,0,0,0,0,0,0,0,,,,,0,,,,,
MCO,2018,450002613,450000088,671,235865,31299,956,218548,195,68535,9638,326,47710,109,39710,7671,647,32604,975,344110,48608,1929,298862,121,4881,3,349,53617,36,4888,10,1924,,,170,11693,3,349,53617,1,1,1,1,1,1,1,1,1,,,,,250250,22117,190630,4768,6711,131244
MCO,2018,450010079,450000195,18,6570,872,0,4677,95,34675,6560,0,21374,30,10950,1235,3,4969,143,52195,8667,3,31020,0,4872,,,5542,63,20598,0,712,,,63,26182,,,5542,,,,,,,,,,,,,,,,,,,
MCO,2018,450012935,450001466,,,0,0,0,,,0,0,0,,,0,0,0,,,0,0,0,,0,,,16441,,0,,0,,,,0,,,16441,,,,,,,,,,,,,,,,,,,
MCO,2018,450012968,450001474,,,0,0,0,52,18980,1601,8,4173,,,0,0,0,52,18980,1601,8,4173,,0,,,78,12,4000,,0,,,12,4000,,,78,,,,,,,,,,,,,,,,,,,
MCO,2018,450013818,330057597,,,0,0,0,,,0,0,0,,,0,0,0,,,0,0,0,,0,,,4319,,0,,0,,,,0,,,4319,,,,,,,,,,,,,,,,,,,
MCO,2018,450018460,330057597,,,0,0,0,,,0,0,0,,,0,0,0,,,0,0,0,,0,,,19824,,0,,0,,,,0,,,19824,,,,,,,,,,,,,,,,,,,
MCO,2018,460000045,460780083,50,18250,3015,544,15190,35,12775,1795,81,8842,,,0,0,0,85,31025,4810,625,24032,,0,,,62,10,2976,,0,,,10,2976,,,62,1,0,1,1,0,0,0,1,0,,,,,15865,1000,26558,,1050,3911
MCO,2018,460000052,460780091,33,12045,1917,370,10048,,,0,0,0,,,0,0,0,33,12045,1917,370,10048,,0,,,22,,0,,0,,,,0,,,22,1,0,0,0,0,0,1,0,0,,,,,4486,2256,2783,,1522,0
MCO,2018,460000102,460780208,40,14600,2132,313,13369,,,0,0,0,,,2,2,0,40,14600,2134,315,13369,4,1215,,,24,3,769,,0,,,7,1984,,,24,1,1,0,1,0,1,1,0,1,,,30,,8899,599,20746,,1163,666
MCO,2018,460000110,460780216,162,53556,9279,1495,37173,50,20920,2787,1,14245,25,9125,1369,11,4833,237,83601,13435,1507,56251,6,2450,,,10517,14,2300,0,709,,,20,5459,,,10517,1,1,1,1,1,1,1,1,0,28,150,45,,52453,2117,55085,564,1390,9566
MCO,2018,460000227,460780430,20,7300,346,6,4493,,,0,0,0,,,0,0,0,20,7300,346,6,4493,0,0,,,0,,0,,0,,,0,0,,,0,0,0,0,0,0,0,0,0,0,,,,,,,,,,
MCO,2018,460006075,460006067,2,730,59,0,974,,,0,0,0,,,0,0,0,2,730,59,0,974,,0,,,864,,0,,0,,,,0,,,864,0,0,0,0,0,0,0,0,0,,,,,,,,,,
MCO,2018,470000027,470014069,80,29200,8278,2102,33952,162,59130,6958,129,28749,26,9490,1001,24,4017,268,97820,16237,2255,66718,3,499,,,781,18,12597,,120,,,21,13216,,,781,,,,,,,,,,,,,,,,,,,
MCO,2018,470000159,470014069,,,0,0,0,,,0,0,0,,,0,0,0,,,0,0,0,,0,,,7011,,0,,0,,,,0,,,7011,,,,,,,,,,,,,,,,,,,
MCO,2018,470000423,470016171,241,87965,12731,1287,71947,33,12045,2394,0,9687,20,7300,1293,4,5394,294,107310,16418,1291,87028,19,1511,,,20414,13,3619,2,60,,,34,5190,,,20414,,,,,,,,,,70,123,63,16,87391,4279,57364,2500,16092,18053
MCO,2018,470000431,470000324,116,42340,7494,2063,33390,,,0,0,0,25,9125,1224,331,3420,141,51465,8718,2394,36810,20,417,,,2091,,0,,0,,,20,417,,,2091,1,1,1,1,0,1,1,1,0,90,,45,,36715,0,38552,231,4592,2298
MCO,2018,470000480,470001660,121,44165,6754,789,37602,40,14600,2265,148,10261,19,7847,1198,206,3965,180,66612,10217,1143,51828,9,134,,,507,15,3802,0,137,,,24,4073,,,507,1,0,0,1,0,1,1,0,0,,,,,30071,3339,27641,0,4169,4296
MCO,2018,470000522,470016171,20,6993,656,6,6936,,,0,0,0,,,0,0,0,20,6993,656,6,6936,,0,,,0,,0,,0,,,,0,,,0,0,0,1,1,,1,,1,1,44,,45,66,2883,,4521,,72,
MCO,2018,470000563,470000381,10,3510,258,2,3315,,,0,0,0,,,0,0,0,10,3510,258,2,3315,3,992,,,0,,0,,0,,,3,992,,,0,0,0,0,0,0,0,0,0,0,,,,,982,,263,54,,
MCO,2018,470000571,470000407,8,2920,255,1,2662,,,0,0,0,,,0,0,0,8,2920,255,1,2662,,0,,,0,,0,,0,,,,0,,,0,0,0,0,0,0,0,0,0,0,,,,,,,,,,
MCO,2018,470016049,470016023,12,4380,379,15,1989,89,32485,3736,274,13631,,,0,0,0,101,36865,4115,289,15620,,0,,,92,25,4968,,0,,,25,4968,,,92,0,0,0,0,0,0,0,0,0,,,,,9816,,4972,,,1229
MCO,2018,480000017,480780097,67,24455,3592,443,18643,40,14600,1896,31,9052,15,5475,671,3,2977,122,44530,6159,477,30672,12,562,,,1689,5,1493,2,185,,,19,2240,,,1689,1,0,1,1,1,1,1,1,0,65,15,5,,20333,1949,29448,,3299,2368
MCO,2018,480000033,480780121,22,8030,236,2,5963,,,0,0,0,,,0,0,0,22,8030,236,2,5963,0,0,0,0,0,,0,,0,,,0,0,0,0,0,0,0,0,0,0,0,0,0,0,,,,,,,,,,
MCO,2018,480000041,480780139,5,1825,229,0,3731,,,0,0,0,,,0,0,0,5,1825,229,0,3731,1,1,,,0,,0,,0,,,1,1,,,0,0,0,0,0,0,0,0,0,0,,,,,,,,,,
MCO,2018,480000066,480780154,20,7300,339,35,4934,,,0,0,0,,,0,0,0,20,7300,339,35,4934,,0,,,7,,0,,0,,,,0,,,7,0,0,0,0,0,0,0,0,0,,,,,,,,,,
MCO,2018,480000074,480780162,23,8395,382,7,5662,0,0,0,0,0,0,0,0,0,0,23,8395,382,7,5662,0,0,0,0,12,0,0,0,0,0,0,0,0,0,0,12,1,0,0,0,0,0,0,0,1,,,,200,,,,,,22
MCO,2018,480001403,340000264,,,0,0,0,,,0,0,0,,,0,0,0,,,0,0,0,,0,,,2036,,0,,0,,,,0,,,2036,0,0,0,0,0,0,0,0,0,,,,,,,2,,,
MCO,2018,480001783,340000264,,,0,0,0,,,0,0,0,,,0,0,0,,,0,0,0,,0,,,5231,,0,,0,,,,0,,,5231,0,0,0,0,0,0,0,0,0,,,,,,,11,,,
MCO,2018,480002948,480780097,12,4560,483,0,2702,8,3280,362,0,1574,,,0,0,0,20,7840,845,0,4276,0,10,,,5,13,2170,,0,,,13,2180,,,5,1,1,1,1,0,0,1,1,1,,,,,2389,0,1554,,0,
MCO,2018,490000049,490000031,715,253559,37218,3409,225595,252,93285,12873,523,62552,96,34931,5925,0,25501,1063,381775,56016,3932,313648,102,12892,0,0,24909,32,7896,10,3059,0,0,144,23847,0,0,24909,1,1,1,1,1,1,1,1,1,112,104,55,,226514,8159,274993,1649,9518,107627
MCO,2018,490000155,490017258,35,11215,2416,2,10165,21,7665,912,0,4351,,,0,0,0,56,18880,3328,2,14516,5,1199,,,62486,10,4557,,0,,,15,5756,,,62486,0,1,0,0,0,0,0,0,0,,,,,36221,0,31274,,0,6641
MCO,2018,490000254,490015765,8,2920,55,0,999,,,0,0,0,,,0,0,0,8,2920,55,0,999,,0,,,0,,0,,0,,,,0,,,0,0,0,0,0,0,0,0,0,0,,,,,,,,,,
MCO,2018,490000262,490000171,70,25550,5039,7,21156,47,17155,1097,1,3328,,,0,0,0,117,42705,6136,8,24484,9,1199,,,1806,19,7940,,0,,,28,9139,,,1806,,,,,,,,,,,,,,,,,,,
MCO,2018,490000320,490000395,10,3650,194,2,2788,0,0,0,0,0,0,0,0,0,0,10,3650,194,2,2788,0,0,0,0,31,0,0,0,0,0,0,0,0,0,0,31,0,0,0,0,0,0,0,0,0,,,,,,,,,,
MCO,2018,490000338,490000403,10,3650,104,0,2096,,,0,0,0,,,0,0,0,10,3650,104,0,2096,,0,,,0,,0,,0,,,,0,,,0,0,0,0,0,0,0,0,0,0,,,,,,,,,,
MCO,2018,490000635,490000676,277,99265,14569,1083,88055,75,25650,4402,162,21870,30,10950,2401,56,9658,382,135865,21372,1301,119583,6,1544,0,0,13861,24,4696,5,371,0,0,35,6611,0,0,13861,1,1,1,1,1,1,1,1,1,115,60,50,60,79351,95,91518,33,51988,93851
MCO,2018,490000650,490007689,10,3650,158,3,2576,,,0,0,0,,,0,0,0,10,3650,158,3,2576,,0,,,0,,0,,0,,,,0,,,0,0,0,0,0,0,0,0,0,0,,,,,,,,,,
MCO,2018,490000700,490000692,8,2920,147,0,1906,,,0,0,0,,,0,0,0,8,2920,147,0,1906,,0,,,0,,0,,0,,,,0,,,0,,,,,,,,,,,,,,,,,,,
MCO,2018,490001765,490528452,129,47085,8911,2136,41192,5,1825,390,30,815,18,6570,1236,36,4492,152,55480,10537,2202,46499,14,1094,,,1808,2,238,6,762,,,22,2094,,,1808,1,0,1,1,1,1,1,0,1,140,40,14,60,31020,4014,30481,,2774,9942
MCO,2018,490002037,490000890,51,18615,3302,137,12591,107,39055,5435,64,16655,50,18250,1099,19,4166,208,75920,9836,220,33412,0,1,,,3462,52,13169,,0,,,52,13170,,,3462,0,0,0,0,0,0,0,0,0,,,,,,,,,,
MCO,2018,490004256,490001716,10,3650,205,3,2603,,,0,0,0,,,0,0,0,10,3650,205,3,2603,,0,,,0,,0,,0,,,,0,,,0,,,,,,,,,,,,,,,,,,,
MCO,2018,490007929,490000627,,,0,0,0,59,21535,3616,110,12154,,,0,0,0,59,21535,3616,110,12154,,0,,,510,35,7675,,0,,,35,7675,,,510,,,,,,,,,,,,,,,,,,,
MCO,2018,490014909,490008109,49,17885,1995,244,9445,166,60590,11792,391,36549,40,14600,2137,28,10015,255,93075,15924,663,56009,,0,,,622,87,21020,,0,,,87,21020,,,622,,,,,,,,,,,,,,,,,,,
MCO,2018,490015906,490000197,23,8395,756,675,341,70,25550,5164,480,15191,,,0,0,0,93,33945,5920,1155,15532,2,14,,,287,15,5600,,0,,,17,5614,,,287,,,,,,,,,,,,,,,,,,,
MCO,2018,490020245,530000025,25,9125,703,1,6178,,,0,0,0,,,0,0,0,25,9125,703,1,6178,,0,,,11,,0,,0,,,,0,,,11,1,0,0,1,0,0,0,0,0,,,,,1236,0,2637,0,0,21
MCO,2018,490537818,490011384,,,0,0,0,,,0,0,0,,,0,0,0,,,0,0,0,,0,,,23639,,0,,0,,,,0,,,23639,,,,,,,,,,,,,,,,,,,
MCO,2018,490540440,490004330,,,0,0,0,,,0,0,0,,,0,0,0,,,0,0,0,,0,,,0,6,5656,,0,,,6,5656,,,0,,,,,,,,,,,,,,,,,,,
MCO,2018,500000021,500000054,122,44530,7093,742,39551,83,30295,4394,448,21225,24,8760,1730,334,5930,229,83585,13217,1524,66706,5,71,,,1206,,0,,0,,,5,71,,,1206,1,0,1,1,1,1,0,1,0,79,80,68,,21115,2735,42970,0,2180,4323
MCO,2018,500000146,500000500,29,10585,961,35,9250,41,14965,2806,386,7249,,,0,0,0,70,25550,3767,421,16499,1,1,,,3969,33,9659,,0,,,34,9660,,,3969,,,,,,,,,,,,,,,,,,,
MCO,2018,500000187,500000013,276,100740,16237,2397,83334,47,17155,3091,251,13606,50,18250,2724,243,10657,373,136145,22052,2891,107597,22,993,,,17051,12,1849,1,129,,,35,2971,,,17051,1,1,1,1,1,1,1,1,1,,,,,66160,1072,110746,740,6930,18451
MCO,2018,500000195,500000039,24,8760,403,22,7382,,,0,0,0,,,0,0,0,24,8760,403,22,7382,,0,,,7,,0,,0,,,,0,,,7,0,0,0,0,0,0,0,0,0,,,,,,,,,,
MCO,2018,500000203,500000542,4,1460,7,0,103,48,12416,1609,0,5672,,,0,0,0,52,13876,1616,0,5775,,0,,,85,31,4901,,0,,,31,4901,,,85,,,,,,,,,,,,,,,,,,,
MCO,2018,500000260,500000054,103,35035,5029,892,29861,0,,1,1,0,0,,0,0,0,103,35035,5030,893,29861,6,261,,,1877,10,2518,,0,,,16,2779,,,1877,0,0,1,1,1,1,1,1,1,79,80,68,,14349,1184,24213,5,1337,854
MCO,2018,500000302,500000062,10,3650,63,1,1081,0,0,0,0,0,0,0,0,0,0,10,3650,63,1,1081,0,0,0,0,0,0,0,0,0,0,0,0,0,0,0,0,0,0,0,0,0,0,0,0,0,0,0,0,0,0,0,0,,0,0
MCO,2018,500000401,500000609,,,0,0,0,26,8866,959,0,2760,,,0,0,0,26,8866,959,0,2760,,0,,,44,23,3405,,0,,,23,3405,,,44,,,,,,,,,,,,,,,,,,,
MCO,2018,500000427,500000096,32,11680,1664,240,10510,,,0,0,0,,,0,0,0,32,11680,1664,240,10510,,0,,,60,,0,,0,,,,0,,,60,0,0,0,1,1,1,0,0,0,,40,30,,2254,308,6348,0,228,908
MCO,2018,500000435,500000104,0,465,42,1,632,0,0,0,0,0,0,0,0,0,0,0,465,42,1,632,0,0,0,0,0,0,0,0,0,0,0,0,0,0,0,0,0,0,0,0,1,0,0,0,0,,30,,,0,0,0,0,0,0
MCO,2018,500000450,500000112,186,66122,12979,3072,54888,65,23725,3184,211,18015,29,10585,2532,354,9077,280,100432,18695,3637,81980,20,1137,0,0,15081,12,1812,0,0,0,0,32,2949,0,0,15081,1,1,1,1,1,1,1,1,0,,,,,42480,5187,34186,2,4047,14779
MCO,2018,500000468,500000013,52,18980,1875,94,17212,,,0,0,0,,,0,0,0,52,18980,1875,94,17212,,0,,,3,,0,,0,,,,0,,,3,1,0,0,0,0,1,0,0,1,,,,,9594,1766,21833,,2040,3668
MCO,2018,500000591,500000393,98,37470,4534,659,32624,0,0,0,0,0,0,0,0,0,0,98,37470,4534,659,32624,0,0,0,0,72,0,0,0,0,0,0,0,0,0,0,72,1,1,1,0,0,0,1,0,0,,,,,4620,0,2505,0,0,5871
MCO,2018,500002357,500002233,5,1825,20,1,193,58,19610,2828,28,10029,,,0,0,0,63,21435,2848,29,10222,,0,,,0,36,7025,,0,,,36,7025,,,0,,,,,,,,,,,,,,,,,,,
MCO,2018,500021316,350000626,,,0,0,0,,,0,0,0,,,0,0,0,,,0,0,0,,0,,,9656,,0,,0,,,,0,,,9656,0,0,0,0,0,0,0,0,0,,,,,,,,,,
MCO,2018,500021944,140000639,,,0,0,0,,,0,0,0,,,0,0,0,,,0,0,0,,0,,,8510,,0,,0,,,,0,,,8510,,,,,,,,,,,,,,,,,,,
MCO,2018,510000169,510000037,154,55398,7879,263,51976,47,16951,2566,244,10245,20,7096,1161,7,4340,221,79445,11606,514,66561,6,2274,,,1247,5,1733,0,434,,,11,4441,,,1247,1,1,1,1,1,1,1,1,1,,,,60,47185,1798,29512,572,1876,4987
MCO,2018,510000177,100006279,17,6205,531,53,4141,0,,0,0,0,0,,0,0,0,17,6205,531,53,4141,0,0,0,,0,0,0,0,0,,,0,0,0,,0,1,0,0,1,1,0,0,1,0,,,,,2165,84,,,,
MCO,2018,510000185,510000532,91,36044,3716,51,22902,90,46159,8210,270,29153,0,6705,1342,110,5016,181,88908,13268,431,57071,,447,,,18907,22,11829,,0,,,22,12276,,,18907,,,,,,,,,,,,,,,,,,,
MCO,2018,510000193,510000532,0,7056,1397,198,5117,0,15435,2290,55,8521,0,5439,1278,33,4693,0,27930,4965,286,18331,0,2204,,,95,0,4013,0,93,,,0,6310,,,95,,,,,,,,,,,,,,,,,,,
MCO,2018,510000219,510000052,15,5355,247,5,4303,,,0,0,0,,,0,0,0,15,5355,247,5,4303,,0,,,0,,0,,0,,,,0,,,0,0,0,0,0,0,0,0,0,0,,,,,,,,,,
MCO,2018,510000227,510000565,,,0,0,0,23,8395,645,8,1636,,,26,0,79,23,8395,671,8,1715,,410,,,628,10,1573,,0,,,10,1983,,,628,,,,,,,,,,,,,,,,,,,
MCO,2018,510000235,510000060,104,38430,5423,364,33160,20,6991,1326,46,6638,22,8030,1023,90,3590,146,53451,7772,500,43388,6,763,,,1192,5,699,,200,,,11,1662,,,1192,1,1,0,1,1,1,1,1,1,,106,50,70,27199,2798,37490,,2585,8730
MCO,2018,510000243,510000573,25,9125,567,0,2436,37,13505,882,0,4032,2,730,4,0,9,64,23360,1453,0,6477,12,24,,,264,13,3605,0,2,,,25,3631,,,264,,,,,,,,,,,,,,610,,15,,,
MCO,2018,510000250,510000078,56,17885,2636,312,14632,4,465,30,6,159,,,0,0,0,60,18350,2666,318,14791,4,218,,,119,0,40,0,9,,,4,267,,,119,,,,,,,,,,,,,,11509,946,5618,0,1373,7411
MCO,2018,510000466,510000102,17,4954,373,8,3627,,,0,0,0,,,0,0,0,17,4954,373,8,3627,,0,,,3,,0,,0,,,,0,,,3,1,1,1,0,0,0,0,0,0,,,,,1041,,3933,,,
MCO,2018,510000516,510000136,60,21900,2187,6,14918,18,6570,914,0,2704,,,0,0,0,78,28470,3101,6,17622,17,2016,,,41100,4,1101,,0,,,21,3117,,,41100,0,0,1,0,0,0,0,0,0,28,,,,25453,,33031,,,5953
MCO,2018,510002447,510000029,311,108379,12557,176,97703,146,53237,6564,65,40768,0,0,0,0,0,457,161616,19121,241,138471,49,5664,,,13384,20,4700,0,0,,,69,10364,,,13384,1,1,1,1,0,0,0,0,1,,,,,100523,2,85388,288,0,32503
MCO,2018,510002454,510000029,14,5110,238,6,3206,0,0,0,0,0,0,0,0,0,0,14,5110,238,6,3206,,0,,,0,,0,,0,,,,0,,,0,0,0,0,0,0,0,0,0,0,,,,,2791,0,424,0,0,4939
MCO,2018,510002470,510000029,36,13140,3896,353,15156,16,5782,1063,65,2634,0,0,0,0,0,52,18922,4959,418,17790,16,1856,,,2109,5,1692,0,0,,,21,3548,,,2109,0,0,0,0,0,1,0,0,0,,,,,31815,0,17090,0,0,7992
MCO,2018,510004302,510000029,263,94783,10811,492,79551,100,34883,5234,580,25531,48,17005,3251,158,14564,411,146671,19296,1230,119646,26,4517,,,23716,0,0,5,1548,,,31,6065,,,23716,0,0,0,0,1,0,1,1,0,,,,,83993,5824,94312,21283,4573,23014
MCO,2018,510012040,510000532,23,11483,2213,48,9552,18,6570,1330,24,3212,,,0,0,0,41,18053,3543,72,12764,4,1508,,,354,21,7072,,0,,,25,8580,,,354,,,,,,,,,,,,,,,,,,,
MCO,2018,510022908,510018559,0,0,0,0,0,0,0,0,0,0,0,0,0,0,0,0,0,0,0,0,10,880,0,0,832,0,0,0,0,,,10,880,0,0,832,0,0,0,0,0,0,0,0,0,,,,,,,,,,
MCO,2018,510024979,510000532,91,33215,5236,366,20550,164,59860,4702,62,19532,58,21170,3385,121,12950,313,114245,13323,549,53032,6,1110,,,7,54,11514,,0,,,60,12624,,,7,,,,,,,,,,,,,,,,,,,
MCO,2018,510025091,510000052,15,5355,279,2,4477,,,0,0,0,,,0,0,0,15,5355,279,2,4477,,0,,,0,,0,,0,,,,0,,,0,0,0,0,0,0,0,0,0,0,,,,,,,,,,
MCO,2018,520000019,520780024,5,1825,73,3,1395,,,0,0,0,,,0,0,0,5,1825,73,3,1395,,0,,,0,,0,,0,,,,0,,,0,,,,,,,,,,,,,,230,,1058,,,
MCO,2018,520000027,520780032,94,34310,5651,497,31927,0,,2,0,3,19,6935,962,42,3719,113,41245,6615,539,35649,6,720,,,505,0,183,1,403,,,7,1306,,,505,0,0,1,1,1,1,1,1,0,,,,,14386,2341,21477,193,1792,299
MCO,2018,520000035,520780040,4,1460,56,0,602,0,0,0,0,0,0,0,0,0,0,4,1460,56,0,602,0,0,0,0,0,0,0,0,0,0,0,0,0,0,0,0,0,0,0,0,0,0,0,0,0,,,,,0,0,0,0,0,0
MCO,2018,520000043,520780057,71,25915,3639,535,23253,,,0,0,0,,,0,0,0,71,25915,3639,535,23253,4,496,,,231,,0,,0,,,4,496,,,231,1,1,0,1,1,1,1,0,0,,44,10,,7287,1348,6483,,1452,94
MCO,2018,520000050,520780065,8,2920,138,0,1426,,,0,0,0,,,0,0,0,8,2920,138,0,1426,,0,,,0,,0,,0,,,,0,,,0,0,0,0,0,0,0,0,0,0,,,,,,,,,,
MCO,2018,520000068,520780073,112,35448,5022,230,33676,41,14012,2782,179,11125,24,8756,1374,104,5341,177,58216,9178,513,50142,13,1064,,,2228,8,1811,,0,,,21,2875,,,2228,1,0,1,1,1,1,1,1,0,,,,,35716,3585,31424,0,4809,15190
MCO,2018,520000084,520780099,5,1825,55,0,506,,,0,0,0,,,0,0,0,5,1825,55,0,506,,0,,,0,,0,,0,,,,0,,,0,0,0,0,0,0,0,0,0,0,0,0,0,0,0,0,0,0,0,0
MCO,2018,520004680,520004664,6,2190,178,6,1300,30,10950,1484,33,6673,,0,0,0,0,36,13140,1662,39,7973,0,0,,,0,17,2327,0,0,,,17,2327,,,0,,,,,,,,,,,,,,,,,,,
MCO,2018,520004714,520004664,7,2555,342,20,1851,46,16790,1026,25,5586,,,0,0,0,53,19345,1368,45,7437,,0,,,0,5,1781,,0,,,5,1781,,,0,,,,,,,,,,,,,,,,,,,
MCO,2018,520780156,520000092,,,0,0,0,0,,3,0,5,,,0,0,0,0,,3,0,5,5,0,,,0,0,13,,0,,,5,13,,,0,,,,,,,,,,,,,,,,,,,
MCO,2018,520780180,520000100,3,1095,81,0,574,23,8395,1158,5,4000,,,0,0,0,26,9490,1239,5,4574,,1605,,,1378,15,2633,,0,,,15,4238,,,1378,,,,,,,,,,,,,,,,,,,
MCO,2018,520780214,520000118,26,9490,2910,736,13133,0,0,0,0,0,,,0,0,0,26,9490,2910,736,13133,,0,,,21129,0,0,,0,,,0,0,,,21129,,,,,,,,,,,,,,,,,,,
MCO,2018,530000017,530000025,66,24090,4458,661,26410,63,19375,2194,244,8597,22,8030,1312,268,4101,151,51495,7964,1173,39108,4,1463,,,489,16,1899,,0,,,20,3362,,,489,1,,1,1,1,1,1,,1,,,,,28253,3475,42181,0,2567,449
MCO,2018,530000132,530007202,20,7300,405,82,5485,,,0,0,0,,,0,0,0,20,7300,405,82,5485,,0,,,4,,0,,0,,,,0,,,4,1,0,0,0,0,0,1,0,0,,,,,42,,,,,
MCO,2018,530000140,530000058,27,9335,454,5,8412,,,0,0,0,,,0,0,0,27,9335,454,5,8412,,0,,,0,,0,,0,,,,0,,,0,0,0,0,0,0,0,0,0,0,,,,,,,,,,
MCO,2018,530000165,530000066,15,5475,199,2,4105,,,0,0,0,,,0,0,0,15,5475,199,2,4105,,0,,,0,,0,,0,,,,0,,,0,0,0,0,0,0,0,0,0,0,,,,,,,,,,
MCO,2018,530000173,530000074,94,34310,5097,200,35086,28,10220,1626,37,6337,17,6205,892,52,3168,139,50735,7615,289,44591,3,200,0,0,188,18,2732,1,145,,,22,3077,0,0,188,1,0,1,1,1,1,1,0,0,,,,,28520,3541,35308,,3736,2755
MCO,2018,530000181,530007202,15,5475,408,147,3931,,,0,0,0,,,0,0,0,15,5475,408,147,3931,,0,,,39,,0,,0,,,,0,,,39,1,0,0,0,0,0,1,0,0,,,,,39,,,,,
MCO,2018,530000264,530000371,232,81066,12400,869,67640,37,13505,2008,106,10762,27,9855,1492,13,6241,296,104426,15900,988,84643,9,1231,,,8673,15,3377,0,493,,,24,5101,,,8673,1,0,1,1,1,1,1,1,1,134,126,33,132,51501,4467,88848,42,1625,21768
MCO,2018,530031962,530000975,29,9125,2111,34,10575,63,18980,3563,65,10947,,,0,0,0,92,28105,5674,99,21522,15,22,,,4278,32,8237,,0,,,47,8259,,,4278,,,,,,,,,,,,,,,,,,,
MCO,2018,540000015,540023264,63,22576,1360,76,18267,0,,30,30,0,71,25915,5070,132,19662,134,48491,6460,238,37929,2,202,,,261,8,1451,8,1726,,,18,3379,,,261,0,0,0,0,0,1,0,0,0,,,,,41980,89,28751,3,8973,11974
MCO,2018,540000023,540000049,49,17885,2766,333,17117,19,6935,1234,42,4712,15,5475,855,46,2688,83,30295,4855,421,24517,1,244,0,0,128,10,2904,1,339,0,0,12,3487,0,0,128,0,0,0,0,1,1,1,1,1,,,,,23704,1526,19454,918,1318,5852
MCO,2018,540000072,540014081,11,4015,198,3,3240,,,0,0,0,,,0,0,0,11,4015,198,3,3240,,0,,,0,,0,,0,,,,0,,,0,,,,,,,,,,,,,,,,,,,
MCO,2018,540000155,540000080,93,33515,5425,691,29146,29,10585,1739,43,7957,14,5110,1096,272,2618,136,49210,8260,1006,39721,10,456,,,1335,5,1316,0,0,,,15,1772,,,1335,1,0,0,1,1,1,1,1,1,,49,4,24,23400,2012,21021,0,2336,6740
MCO,2018,540000163,540023264,5,1825,118,4,920,86,31090,6535,1678,17330,,,0,0,0,91,32915,6653,1682,18250,,0,,,2,20,4653,,0,,,20,4653,,,2,0,0,0,0,0,0,0,0,0,,,,,48032,0,40766,0,0,10773
MCO,2018,540000296,540000106,44,14969,2338,427,14188,,,0,0,0,0,,9,9,0,44,14969,2347,436,14188,,0,,,22,,0,,0,,,,0,,,22,1,0,0,0,0,,0,0,0,,,,,11955,3856,517,,,10784
MCO,2018,540000361,540003928,4,1460,170,0,819,58,21170,1482,47,3479,,,0,0,0,62,22630,1652,47,4298,,0,,,35,8,5951,,0,,,8,5951,,,35,,,,,,,,,,,,,,,,,,,
MCO,2018,540000395,540000122,20,7300,418,2,6755,,,0,0,0,,,0,0,0,20,7300,418,2,6755,5,1032,,,0,,0,,0,,,5,1032,,,0,,,,,,,,,,,,,,,,,,,
MCO,2018,540000445,540000890,31,11315,5523,1771,10103,45,16425,921,0,3622,,,0,0,0,76,27740,6444,1771,13725,,0,,,5,20,2444,,0,,,20,2444,,,5,,,,,,,,,,,,,,,,,,,
MCO,2018,540000452,540000908,24,8760,763,7,7377,90,32850,3032,63,7414,0,0,0,0,0,114,41610,3795,70,14791,0,0,0,0,0,24,11856,0,0,0,0,24,11856,0,0,0,0,0,0,0,0,0,0,0,0,,,,,,,,,,
MCO,2018,540000478,540003449,90,32850,7862,24,24326,147,50735,7633,27,25763,0,0,0,0,0,237,83585,15495,51,50089,29,8,0,0,18493,34,17766,0,0,0,0,63,17774,0,0,18493,,,,,,,,,,,,,,,,,,,
MCO,2018,540000486,540000932,50,18250,5391,0,34773,227,82855,8544,0,37789,,,0,0,0,277,101105,13935,0,72562,7,2327,,,30185,33,10180,,0,,,40,12507,,,30185,,,,,,,,,,,,,,,,,,,
MCO,2018,540001070,540000767,107,42199,5175,632,37066,18,6570,1123,87,5319,18,6570,1341,278,4023,143,55339,7639,997,46408,6,112,,,289,13,1676,0,0,,,19,1788,,,289,1,1,1,1,0,1,1,1,0,30,,25,,30513,7597,37758,,548,1768
MCO,2018,540001096,570010181,106,38690,8126,3660,34124,22,8030,2864,1662,5557,21,7665,1227,313,3315,149,54385,12217,5635,42996,8,381,,,8733,,0,0,67,,,8,448,,,8733,1,0,0,1,0,1,1,1,1,,,30,260,29480,3974,32800,,3161,5903
MCO,2018,540001104,570027995,20,7300,586,8,8237,,,0,0,0,,,0,0,0,20,7300,586,8,8237,6,500,,,351,,0,,0,,,6,500,,,351,0,0,0,0,0,0,0,0,0,,,,,,,,,,
MCO,2018,540001138,540023264,225,78675,15334,2567,72032,136,49725,8488,163,48839,,,0,0,0,361,128400,23822,2730,120871,8,3705,,,4412,6,1074,,0,,,14,4779,,,4412,0,0,0,0,1,0,0,0,0,,85,,,55231,0,59781,501,0,54441
MCO,2018,540001286,540003019,79,25913,4241,201,21326,32,10442,1342,31,7129,,,0,0,0,111,36355,5583,232,28455,8,769,,,52475,7,1956,0,0,,,15,2725,,,52475,1,1,0,1,0,0,1,0,0,,,,,38384,,27668,733,,5812
MCO,2018,540002698,540023264,616,224523,31379,2860,195738,209,73673,13569,1932,54895,,,0,0,0,825,298196,44948,4792,250633,115,17604,0,676,32710,17,9836,,0,,,132,27440,0,676,32710,1,1,1,1,0,1,1,1,1,70,,20,90,207193,0,202171,6224,3,72404
MCO,2018,540013224,540000536,18,6570,307,4,3715,49,17885,3448,199,8854,47,17155,3023,68,12549,114,41610,6778,271,25118,,0,,,0,15,3987,2,323,,,17,4310,,,0,,,,,,,,,,,,,,,,,,,
MCO,2018,550000012,550006795,188,68620,8528,1062,54269,66,23178,3774,257,15290,35,12775,2262,408,8158,289,104573,14564,1727,77717,18,463,,,15008,25,4530,0,0,,,43,4993,,,15008,1,0,1,1,1,1,1,1,1,45,120,21,180,55222,4276,64318,1391,3479,12081
MCO,2018,550000038,550000046,32,11680,662,8,9257,,,0,0,0,,,0,0,0,32,11680,662,8,9257,,0,,,0,,0,,0,,,,0,,,0,0,0,0,0,0,0,0,0,1,,,,180,16586,1691,29680,,505,0
MCO,2018,550000178,550000293,10,3650,791,9,2952,65,23725,2855,29,13088,,,1,0,1,75,27375,3647,38,16041,,0,,,137,10,7060,,5,,,10,7065,,,137,,,,,,,,,,,,,,,,,,,
MCO,2018,550000251,550000095,15,5475,207,0,4129,,,0,0,0,,,0,0,0,15,5475,207,0,4129,,0,,,0,,0,,0,,,,0,,,0,,,,,,,,,,,,,,,,,,,
MCO,2018,550000434,550003354,147,53655,8078,725,44609,,,88,6,178,18,6570,839,63,2780,165,60225,9005,794,47567,5,2583,,,2697,,185,4,129,,,9,2897,,,2697,1,1,1,1,1,1,1,1,0,86,100,8,,23551,3337,27843,,250,3977
MCO,2018,560000127,560023210,364,131748,20842,913,118615,129,42584,7335,243,32339,43,15695,2183,30,10642,536,190027,30360,1186,161596,56,3258,2,141,20792,16,5415,3,182,0,0,77,8855,2,141,20792,1,0,1,1,1,1,1,1,1,,,,,112320,3508,141398,1671,6503,33754
MCO,2018,560000135,560005746,437,153594,25079,2896,142019,75,27375,4748,253,24193,58,19610,4907,852,16078,570,200579,34734,4001,182290,68,3289,,,48298,24,5446,4,126,,,96,8861,,,48298,1,1,1,1,1,1,1,1,1,,,,,92035,16155,98109,384,7773,21773
MCO,2018,560000143,560014748,250,91250,11908,315,78770,52,18980,2158,0,10832,14,5110,1418,4,5870,316,115340,15484,319,95472,2,829,,,12708,12,2282,3,532,,,17,3643,,,12708,1,1,1,1,1,1,1,1,0,,,,,47165,5588,53944,454,8584,6506
MCO,2018,560000184,560006017,48,17520,1395,6,17043,,,0,0,0,,,0,0,0,48,17520,1395,6,17043,5,800,,,0,,0,,0,,,5,800,,,0,0,0,0,0,0,0,0,0,0,,,,,2142,,2192,,,1680
MCO,2018,560000192,560000044,92,33580,4908,243,29458,31,11315,1520,5,6485,16,5840,887,50,3023,139,50735,7315,298,38966,9,1004,1,215,654,10,2266,,297,,,20,3567,1,215,654,1,0,0,1,0,1,1,1,0,,,14,,26604,2256,27221,,2369,377
MCO,2018,560000200,560023210,80,29200,2564,16,27885,0,0,0,0,0,0,0,0,0,0,80,29200,2564,16,27885,0,0,0,0,3,0,0,1,31,,,1,31,0,0,3,0,0,0,1,0,0,0,0,0,,,,,6760,1505,13703,,3038,2151
MCO,2018,560000275,560005746,,,0,0,0,,,0,0,0,,,0,0,0,,,0,0,0,10,926,,,0,,0,,0,,,10,926,,,0,0,0,0,0,0,0,0,0,0,,,,,590,,,,,
MCO,2018,560000291,560000085,12,4380,590,73,2724,,,0,0,0,,,0,0,0,12,4380,590,73,2724,,0,,,11,,0,,0,,,,0,,,11,0,1,0,0,0,0,0,0,0,,,,,0,,,,,
MCO,2018,560000366,560000259,15,5475,244,15,3649,,,0,0,0,,,0,0,0,15,5475,244,15,3649,,0,,,0,,0,,0,,,,0,,,0,,,,,,,,,,,,,,,,,,,
MCO,2018,560000465,560005746,15,5475,236,1,3970,,,0,0,0,,,0,0,0,15,5475,236,1,3970,,0,,,0,,0,,0,,,,0,,,0,,,,,,,,,,,,,,,,,,,
MCO,2018,560002511,560000689,8,2920,373,2,1726,68,24820,2410,14,6218,1,365,35,0,103,77,28105,2818,16,8047,0,0,,,64,43,7742,1,10,,,44,7752,,,64,,,,,,,,,,,,,,,,,,,
MCO,2018,560002933,560026965,8,2920,163,15,1695,128,44672,6415,5,23616,,,0,0,0,136,47592,6578,20,25311,,0,,,73,40,9840,,0,,,40,9840,,,73,0,0,0,1,1,0,0,0,0,,,,,54811,,12220,,,2292
MCO,2018,560004004,350000626,,,0,0,0,,,0,0,0,,,0,0,0,,,0,0,0,,0,,,5738,,0,,0,,,,0,,,5738,0,0,0,0,0,0,0,0,0,,,,,,,,,,
MCO,2018,560006348,350000626,,,0,0,0,,,0,0,0,,,0,0,0,,,0,0,0,,0,,,3143,,0,,0,,,,0,,,3143,0,0,0,0,0,0,0,0,0,,,,,,,,,,
MCO,2018,560007510,560001307,0,,135,3,189,46,11525,1756,66,5719,0,,22,4,43,46,11525,1913,73,5951,0,1004,,,6,21,4282,0,17,,,21,5303,,,6,,,,,,,,,,,,,,2879,,,,,
MCO,2018,560008799,560013989,88,32120,3453,11,24880,124,45260,7816,101,21395,30,10950,1290,29,5186,242,88330,12559,141,51461,6,1203,,,7505,90,20664,,0,,,96,21867,,,7505,,,,,,,,,,,,,,,,,,,
MCO,2018,560015422,560005746,10,3650,233,1,2985,,,0,0,0,,,0,0,0,10,3650,233,1,2985,,0,,,0,,0,,0,,,,0,,,0,0,0,0,0,0,0,0,0,0,,,,,,,,,,
MCO,2018,560023848,350000626,,,0,0,0,,,0,0,0,,,0,0,0,,,0,0,0,,0,,,10179,,0,,0,,,,0,,,10179,0,0,0,0,0,0,0,0,0,,,,,,,,,,
MCO,2018,570000026,570024794,7,2555,313,7,2924,,,0,0,0,,,0,0,0,7,2555,313,7,2924,,0,,,0,,0,,0,,,,0,,,0,0,0,0,0,0,0,0,0,0,,,,,0,0,0,0,0,0
MCO,2018,570000059,570025254,181,66056,9056,934,53126,28,10218,1397,58,7115,24,8732,1681,131,6475,233,85006,12134,1123,66716,5,720,,,1426,8,2403,1,209,,,14,3332,,,1426,1,0,1,1,1,1,1,0,0,31,106,46,,45964,20,46336,11,1490,4413
MCO,2018,570000083,570000729,10,3650,959,109,2783,50,18250,1961,60,6225,28,10220,1058,42,3715,88,32120,3978,211,12723,,0,,,0,34,6789,0,152,,,34,6941,,,0,,,,,,,,,,,,,,,,,,,
MCO,2018,570000117,570015099,112,40790,5701,796,35686,28,10220,1735,168,7077,15,5475,775,240,1964,155,56485,8211,1204,44727,7,143,,,1977,16,2582,,0,,,23,2725,,,1977,1,0,1,1,0,1,1,0,0,160,,8,,31963,3008,40332,,2261,2661
MCO,2018,570000166,570010181,,,0,0,0,,,0,0,0,,,0,0,0,,,0,0,0,5,602,,,0,,0,,0,,,5,602,,,0,0,0,0,0,0,0,0,0,0,,,,,,,,,,
MCO,2018,570000216,570010181,186,71540,8789,2100,57653,60,21900,3209,71,18386,,,0,0,0,246,93440,11998,2171,76039,6,585,,,18698,12,2480,,0,,,18,3065,,,18698,0,0,1,1,0,0,1,0,0,,,,,31672,,66743,,,
MCO,2018,570000281,570005165,32,10827,802,9,9609,,,0,0,0,,,0,0,0,32,10827,802,9,9609,,0,,,8,,0,,0,,,,0,,,8,1,0,0,0,0,0,0,0,0,,,,,4452,,11357,,,5
MCO,2018,570000349,570005165,327,119335,14275,539,104546,83,30659,4855,233,21683,50,18249,3509,159,12927,460,168243,22639,931,139156,19,1279,,,21666,19,3790,4,519,,,42,5588,,,21666,1,1,1,1,1,1,1,1,1,120,120,75,15,101796,4130,81548,8532,6118,6910
MCO,2018,570000356,570000919,10,3650,147,0,1253,101,36865,2607,46,8744,,,0,0,0,111,40515,2754,46,9997,1,3,,,337,15,8278,,0,,,16,8281,,,337,,,,,,,,,,,,,,,,,,,
MCO,2018,570000364,570011569,,,0,0,0,37,13505,1132,46,2077,0,0,0,0,0,37,13505,1132,46,2077,,0,,,225,37,7431,1,77,,,38,7508,,,225,,,,,,,,,,,,,,,,,,,
MCO,2018,570000455,570010181,19,6935,412,1,6106,,,0,0,0,,,0,0,0,19,6935,412,1,6106,0,0,0,0,16,,0,,0,,,0,0,0,0,16,0,0,0,0,0,0,0,0,0,,,,,0,0,0,0,0,0
MCO,2018,570000562,570011353,30,10950,1108,8,10395,,,0,0,0,,,0,0,0,30,10950,1108,8,10395,2,806,,,0,,0,,0,,,2,806,,,0,0,0,0,0,0,0,0,0,0,,,,,580,,42,,,
MCO,2018,570000596,750821092,76,27010,3800,1226,16443,,,0,0,0,,,0,0,0,76,27010,3800,1226,16443,6,290,,,764,,0,,0,,,6,290,,,764,1,0,0,0,0,0,0,1,1,,,,,12238,,40700,1028,,10808
MCO,2018,570000646,570001115,113,41245,8878,1581,34090,94,34310,6148,145,24668,33,12045,2056,57,8764,240,87600,17082,1783,67522,12,3,,,12493,24,16912,2,131,,,38,17046,,,12493,,,,,,,,,,,,,,,,,,,
MCO,2018,570000661,570000158,26,9490,640,8,6525,,,0,0,0,,,0,0,0,26,9490,640,8,6525,,0,,,0,,0,,0,,,,0,,,0,1,0,0,1,0,0,1,0,0,,,,,1657,488,5668,0,1386,179
MCO,2018,570000687,570025254,20,7300,511,7,6406,,,0,0,0,,,0,0,0,20,7300,511,7,6406,5,1101,,,0,,0,,0,,,5,1101,,,0,1,0,0,0,0,0,0,0,0,,,,,1614,0,1937,0,0,0
MCO,2018,570000893,570000141,24,8760,329,3,6555,,,0,0,0,,,0,0,0,24,8760,329,3,6555,5,91,5,91,0,,0,,0,,,10,91,5,91,0,0,0,0,0,0,0,0,0,0,,,,,,,,,,
MCO,2018,570000901,570000158,151,55115,10802,1227,55191,56,20440,2020,24,9852,17,6205,1269,325,3351,224,81760,14091,1576,68394,18,716,,,3577,29,6775,,0,,,47,7491,,,3577,1,0,0,1,0,1,1,0,0,,,,,34402,1526,38074,74,5897,5128
MCO,2018,570000950,570000398,43,15695,1733,12,14481,,,0,0,0,,,0,0,0,43,15695,1733,12,14481,2,62,,,124,,0,,0,,,2,62,,,124,1,0,1,0,0,0,1,0,0,,,,,1087,,739,,,
MCO,2018,570000968,570000430,20,7300,571,3,6557,,,0,0,0,,,0,0,0,20,7300,571,3,6557,3,0,,,0,,0,,0,,,3,0,,,0,1,0,0,0,0,0,0,0,0,,,,,118,,4900,,,
MCO,2018,570000992,570000497,9,3285,195,1,2884,,,0,0,0,,,0,0,0,9,3285,195,1,2884,,0,,,0,,0,,0,,,,0,,,0,,,,,,,,,,,,,,,,,,,
MCO,2018,570001016,570000513,10,3650,277,9,2673,,,0,0,0,,,0,0,0,10,3650,277,9,2673,,0,,,0,,0,,0,,,,0,,,0,,,,,,,,,,,,,,,,,,,
MCO,2018,570001057,570023630,107,37566,4539,17,29836,53,15941,2082,7,11496,,,0,0,0,160,53507,6621,24,41332,39,1804,,,11423,16,3005,,0,,,55,4809,,,11423,,,,,,,,,,,,,,27709,,11511,,,2546
MCO,2018,570001099,570023630,76,25819,1692,16,20740,,,0,0,0,,,0,0,0,76,25819,1692,16,20740,4,1485,,,0,,0,,0,,,4,1485,,,0,,,,,,,,,,,,,,6650,,3017,,,97
MCO,2018,570003079,570010181,46,16085,1715,92,15047,,,0,0,0,,,0,0,0,46,16085,1715,92,15047,2,897,,,5,,0,,0,,,2,897,,,5,0,0,0,0,0,0,0,0,0,,,,,,,,,,
MCO,2018,570005215,570005165,,,0,0,0,,,0,0,0,,,0,0,0,,,0,0,0,5,494,,,0,,0,,0,,,5,494,,,0,,,,,,,,,,,,,,1190,,43,,,51
MCO,2018,570009670,570027995,31,11315,631,8,10182,,,0,0,0,,,0,0,0,31,11315,631,8,10182,,0,,,0,,0,,0,,,,0,,,0,0,0,0,0,0,0,0,0,0,,,,,,,,,,
MCO,2018,570026252,570023630,106,37252,4150,54,30711,162,55715,8179,160,37454,,,0,0,0,268,92967,12329,214,68165,11,3184,,,21970,30,5600,,0,,,41,8784,,,21970,1,0,0,1,0,0,1,0,0,,,,,49893,,43944,,,8355
MCO,2018,570026682,570005165,463,164057,26903,1846,144541,126,45990,8048,730,33968,72,26280,5537,254,20330,661,236327,40488,2830,198839,29,3208,,,48604,32,8653,9,1949,,,70,13810,,,48604,1,1,1,1,1,1,1,1,1,120,120,100,60,199411,6036,182370,5726,8164,14859
MCO,2018,580004836,580780039,23,8395,778,10,7814,,,0,0,0,,,0,0,0,23,8395,778,10,7814,7,456,,,0,,0,,0,,,7,456,,,0,0,0,0,0,0,0,0,0,0,,,,,537,,102,,,
MCO,2018,580780138,580000024,28,10220,527,12,6905,52,18980,2033,30,7293,,,0,0,0,80,29200,2560,42,14198,,0,,,8084,35,9690,,0,,,35,9690,,,8084,,,,,,,,,,,,,,,,,,,
MCO,2018,580780195,580005148,10,3650,64,1,401,44,16060,1047,57,4817,0,0,12,5,16,54,19710,1123,63,5234,,0,,,0,11,2472,,0,,,11,2472,,,0,,,,,,,,,,,,,,,,,,,
MCO,2018,580972610,580780054,15,5475,135,3,2911,,,0,0,0,,,0,0,0,15,5475,135,3,2911,,0,,,0,,0,,0,,,,0,,,0,,,,,,,,,,,,,,,,,,,
MCO,2018,580972644,580781136,15,4324,420,3,4282,,,0,0,0,,,0,0,0,15,4324,420,3,4282,2,0,,,23,,0,,0,,,2,0,,,23,0,0,0,0,0,0,0,0,0,,,,,,,,,,
MCO,2018,580972651,580780047,16,5840,330,14,4092,,,0,0,0,,,0,0,0,16,5840,330,14,4092,,0,,,0,,0,,0,,,,0,,,0,1,0,0,0,0,0,0,0,1,,,,,5397,,1063,,,
MCO,2018,580972669,580780070,36,12552,1854,442,11499,,,0,0,0,1,365,8,8,0,37,12917,1862,450,11499,,0,,,69,,0,,0,,,,0,,,69,0,0,0,0,0,0,1,0,0,,,,,3813,1880,9408,,2058,
MCO,2018,580972677,580780088,25,9125,1977,417,13123,,,0,0,0,,,0,0,0,25,9125,1977,417,13123,3,61,0,0,283,,0,,0,,,3,61,0,0,283,1,0,0,1,1,0,1,0,0,,,,,1752,,913,,2,17
MCO,2018,580972685,580780096,74,26602,3427,382,24932,19,6903,958,53,4336,0,,91,91,0,93,33505,4476,526,29268,8,7,,,261,8,1252,,0,,,16,1259,,,261,1,1,0,1,0,0,1,1,1,,,,30,8498,2895,16583,,1036,1204
MCO,2018,580972693,580780039,261,95265,12970,551,81710,90,32850,4115,93,23973,41,14965,1911,93,7857,392,143080,18996,737,113540,25,812,,,20820,12,2120,1,132,,,38,3064,,,20820,1,0,1,1,1,1,1,1,1,139,53,45,41,58837,3934,52430,165,5177,6286
MCO,2018,590000014,590780052,40,14600,870,23,9657,,,0,0,0,,,0,0,0,40,14600,870,23,9657,4,235,4,235,0,,0,,0,,,8,235,4,235,0,1,1,0,1,0,1,1,1,0,,,15,,11719,61,7405,0,1,2468
MCO,2018,590000121,590780227,171,62415,8549,345,51491,34,12410,2384,0,10219,41,14965,2569,16,10285,246,89790,13502,361,71995,16,2574,,,1282,20,3411,0,521,,,36,6506,,,1282,1,1,1,1,1,1,1,1,1,124,15,25,,51347,5228,37948,208,9493,10775
MCO,2018,590000188,590780334,100,34715,4205,711,19072,44,16060,2494,81,11728,0,0,0,0,0,144,50775,6699,792,30800,1,300,0,0,64318,15,2730,0,0,,,16,3030,0,0,64318,1,1,0,1,1,1,1,1,0,,10,2,,54864,0,39886,148,0,34801
MCO,2018,590000337,590781415,307,104423,20545,2833,88911,111,41510,6467,758,28736,30,2668,572,11,2032,448,148601,27584,3602,119679,15,3117,,,19267,26,4207,6,179,,,47,7503,,,19267,1,1,1,1,1,1,1,1,1,70,140,70,70,80671,2349,68292,583,4631,19897
MCO,2018,590000428,590781605,211,76084,12379,2126,68522,64,23360,2772,132,17224,19,6935,752,106,2637,294,106379,15903,2364,88383,12,948,,,9265,24,4755,2,312,,,38,6015,,,9265,1,1,1,1,0,1,1,1,1,,,,,48963,1473,35577,,2115,18119
MCO,2018,590000436,590781621,51,18615,3418,854,15853,0,,0,0,0,15,5371,845,281,2150,66,23986,4263,1135,18003,10,1817,0,0,23,0,0,0,0,0,0,10,1817,0,0,23,1,1,1,0,0,1,1,0,0,,,,,24897,4666,5955,0,1082,0
MCO,2018,590000469,590781662,80,29200,4413,672,22663,27,9855,1434,723,3449,14,5110,771,51,2710,121,44165,6618,1446,28822,,0,,,4524,,0,,0,,,,0,,,4524,,,,,,,,,,,,,,,,,,,
MCO,2018,590000477,590781670,30,10950,1650,208,13777,,,0,0,0,,,0,0,0,30,10950,1650,208,13777,,0,,,8,,0,,0,,,,0,,,8,1,1,1,1,0,0,1,0,1,,,,,10442,5626,21760,,,
MCO,2018,590000527,590781795,72,16803,1468,14,16606,,,0,0,0,,,0,0,0,72,16803,1468,14,16606,10,935,,,0,,0,,0,,,10,935,,,0,1,0,0,0,0,0,0,0,0,,,,,2979,,3702,,,
MCO,2018,590000535,590781803,221,80328,12979,1906,68920,30,10950,1518,76,8733,20,7300,1862,586,5288,271,98578,16359,2568,82941,12,1294,,,7209,6,881,,0,,,18,2175,,,7209,1,1,1,1,1,1,1,1,0,36,79,30,,45768,4937,39655,7506,3832,23753
MCO,2018,590000543,590781811,10,3650,134,0,2070,,,0,0,0,,,0,0,0,10,3650,134,0,2070,,0,,,0,,0,,0,,,,0,,,0,0,0,0,0,0,0,0,0,0,,,,,46,,39,27,,
MCO,2018,590000592,590782165,123,42711,6999,1210,37670,57,22983,2885,0,14599,25,9305,1230,6,5099,205,74999,11114,1216,57368,9,585,,,1437,16,4505,4,425,,,29,5515,,,1437,1,1,0,1,0,0,1,0,1,,,,130,39188,5311,19604,7,15258,35861
MCO,2018,590000600,590782207,48,17520,1741,20,14759,,,0,0,0,,,0,0,0,48,17520,1741,20,14759,,0,,,43,,0,,0,,,,0,,,43,1,1,1,1,0,0,1,0,0,15,,,,2425,,2353,,,
MCO,2018,590000618,590782215,582,202964,35664,6222,177736,198,69092,11447,1238,52691,85,31025,5463,147,22617,865,303081,52574,7607,253044,60,7008,,,43556,29,8665,4,2268,,,93,17941,,,43556,1,1,1,1,1,1,1,1,1,,,,,159367,3276,211476,810,14854,52897
MCO,2018,590000691,590782439,37,13505,2100,435,9408,,,0,0,0,,,0,0,0,37,13505,2100,435,9408,4,538,,,43,,0,,0,,,4,538,,,43,1,0,1,1,1,0,1,0,1,27,47,,,12589,394,16653,,130,15019
MCO,2018,590000758,590782637,148,52846,10808,2590,46604,25,9247,1544,33,7847,23,9855,2528,851,6560,196,71948,14880,3474,61011,8,818,1,,1292,8,2272,5,167,,,22,3257,1,,1292,1,1,1,1,1,1,1,1,1,81,3,83,74,40116,6967,39126,,8157,15385
MCO,2018,590000766,590782645,24,7295,650,11,6818,,,0,0,0,,,0,0,0,24,7295,650,11,6818,4,69,,,22,,0,,0,,,4,69,,,22,1,1,1,0,0,0,1,1,1,,,,,,,,,,
MCO,2018,590000774,590782652,54,19710,4371,1587,15735,17,6205,785,14,3033,22,8030,1269,53,4374,93,33945,6425,1654,23142,3,894,3,425,1754,6,2405,0,0,0,0,12,3299,3,425,1754,1,0,1,1,0,1,0,1,0,60,,20,,22767,4848,22092,0,4490,1486
MCO,2018,590001004,590783239,319,110407,18837,1310,89613,77,29128,4451,228,22180,28,10970,2070,76,8326,424,150505,25358,1614,120119,19,2500,,,16123,13,3668,5,766,,,37,6934,,,16123,1,1,1,1,1,1,1,1,1,,146,,,66636,6746,55632,194,706,28725
MCO,2018,590001749,590788956,74,27010,2998,707,20086,,,0,0,0,,,0,0,0,74,27010,2998,707,20086,,0,,,424,,0,,0,,,,0,,,424,1,0,1,1,0,0,0,0,0,,,,,4447,,24998,,,302
MCO,2018,590006607,590780193,173,60910,6665,470,52008,40,12276,1931,148,6790,125,46063,9177,339,37779,338,119249,17773,957,96577,16,1989,,,3877,12,3401,39,4892,,,67,10282,,,3877,0,0,0,0,0,1,0,0,0,,,,,112009,16128,71892,,20684,47952
MCO,2018,590006896,590000519,6,2190,7,0,80,62,22630,1484,0,5931,,,0,0,0,68,24820,1491,0,6011,,0,,,119,8,4260,,0,,,8,4260,,,119,0,0,0,0,,0,0,0,0,,,,,,,,,,
MCO,2018,590008041,590008033,113,41245,6564,38,34405,68,24820,3883,0,16941,,,0,0,0,181,66065,10447,38,51346,8,81,,,10291,39,8625,,0,,,47,8706,,,10291,,,,,,,,,,,,,,,,,,,
MCO,2018,590046538,590781415,0,3276,198,12,1713,,,0,0,0,0,8129,1720,360,4837,0,11405,1918,372,6550,,0,,,25,,0,0,544,,,0,544,,,25,,,,,,,,,,,,,,9205,3189,3470,,3398,1947
MCO,2018,590047718,590780052,,,0,0,0,,,0,0,0,,,0,0,0,,,0,0,0,10,1583,,,0,,0,,0,,,10,1583,,,0,0,0,0,0,0,0,0,0,0,,,,,291,,,,,
MCO,2018,590049565,780020715,20,7300,266,5,4908,,,0,0,0,,,0,0,0,20,7300,266,5,4908,,0,,,0,,0,,0,,,,0,,,0,0,0,0,0,0,0,0,0,0,,,,,,,,,,
MCO,2018,590052056,590051801,25,9125,1116,2,6112,26,9490,1645,0,5201,25,9125,987,25,4227,76,27740,3748,27,15540,20,46,,,3281,21,8312,,0,,,41,8358,,,3281,1,0,0,1,0,1,1,0,1,,,,,2378,109,3005,,1415,2
MCO,2018,590780060,590000022,,,0,0,0,16,5840,338,8,347,,,0,0,0,16,5840,338,8,347,,0,,,0,14,8203,,0,,,14,8203,,,0,,,,,,,,,,,,,,,,,,,
MCO,2018,590780094,590000055,10,3650,851,0,1829,,,0,0,0,,,0,0,0,10,3650,851,0,1829,15,591,,,8234,,0,,0,,,15,591,,,8234,,,,,,,,,,,,,,,,,,,
MCO,2018,590780250,590053955,,,0,0,0,70,25550,1858,83,3799,,,0,0,0,70,25550,1858,83,3799,,0,,,0,27,22971,,0,,,27,22971,,,0,,,,,,,,,,,,,,,,,,,
MCO,2018,590780268,590053955,84,30660,7226,123,43425,98,35770,6509,42,22314,65,23725,2020,34,8472,247,90155,15755,199,74211,,37,,,37611,33,17353,,0,,,33,17390,,,37611,,,,,,,,,,,,,,,,,,,
MCO,2018,590780284,590051801,207,75555,13231,1942,63204,96,35040,4277,208,24867,,,0,0,0,303,110595,17508,2150,88071,28,4966,,,1391,9,1380,,0,,,37,6346,,,1391,,,,,,,,,,,,,,56569,,45819,1145,,6291
MCO,2018,590780342,590053955,,,0,0,0,4,1460,69,0,87,,,0,0,0,4,1460,69,0,87,,0,,,0,14,6464,,0,,,14,6464,,,0,,,,,,,,,,,,,,,,,,,
MCO,2018,590780383,590000204,92,33580,7680,65,25886,152,55480,7847,573,19460,,,0,0,0,244,89060,15527,638,45346,8,1160,,,39948,54,18882,,0,,,62,20042,,,39948,,,,,,,,,,,,,,,,,,,
MCO,2018,590781571,590000402,,,0,0,0,33,12045,1527,0,6800,,,0,0,0,33,12045,1527,0,6800,,0,,,0,13,2226,,0,,,13,2226,,,0,,,,,,,,,,,,,,,,,,,
MCO,2018,590781951,590053955,16,5840,111,0,709,96,35040,4227,4,14393,,,0,0,0,112,40880,4338,4,15102,,0,,,0,11,3317,,0,,,11,3317,,,0,,,,,,,,,,,,,,,,,,,
MCO,2018,590782256,590000659,,,0,0,0,,,0,0,0,,,0,0,0,,,0,0,0,20,559,,,7688,,0,,0,,,20,559,,,7688,0,0,0,0,0,0,0,0,0,,,,,,,,,,
MCO,2018,590782298,590000675,25,9125,572,1,4523,88,32120,4795,2,14277,26,9460,1090,0,4468,139,50705,6457,3,23268,,0,,,0,25,10972,0,25,,,25,10997,,,0,,,,,,,,,,,,,,,,,,,
MCO,2018,590782546,590000733,22,8030,601,13,5209,,,0,0,0,,,0,0,0,22,8030,601,13,5209,3,988,3,1095,0,8,1988,,0,,,14,2976,3,1095,0,,,,,,,,,,,,,,,,,,,
MCO,2018,590782553,590000741,51,18615,3726,272,15364,53,19345,4016,520,10013,43,15695,2352,61,9007,147,53655,10094,853,34384,2,160,,,3170,40,13764,,0,,,42,13924,,,3170,,,,,,,,,,,,,,,,,,,
MCO,2018,590784864,590780193,119,37502,5901,87,31082,18,3680,452,4,3349,,,0,0,0,137,41182,6353,91,34431,21,4891,,,3866,2,865,,0,,,23,5756,,,3866,0,0,0,0,0,0,1,0,0,,,,,22710,,25589,,,5834
MCO,2018,590785374,620001834,80,26720,3262,40,16605,,,0,0,0,,,0,0,0,80,26720,3262,40,16605,20,1779,,,1673,,0,,0,,,20,1779,,,1673,0,0,0,0,0,0,1,0,0,,,,,6240,,7692,,,
MCO,2018,590787586,590780193,194,62852,10087,1664,51673,78,26273,2439,16,19465,,,0,0,0,272,89125,12526,1680,71138,17,1851,,,94,,0,,0,,,17,1851,,,94,1,0,0,0,0,0,0,0,0,,,,,30910,,46990,,,3577
MCO,2018,590788964,590001756,25,9125,1068,14,5030,20,7300,534,15,1671,,,0,0,0,45,16425,1602,29,6701,5,63,,,4955,27,3610,,0,,,32,3673,,,4955,,,,,,,,,,,,,,,,,,,
MCO,2018,590790655,590002218,,,0,0,0,24,7190,1166,15,4416,,,0,0,0,24,7190,1166,15,4416,,0,,,0,5,1398,,0,,,5,1398,,,0,,,,,,,,,,,,,,,,,,,
MCO,2018,590791091,590780193,,,0,0,0,,,0,0,0,,,0,0,0,,,0,0,0,3,642,,,41,,0,,0,,,3,642,,,41,0,0,0,0,0,0,0,0,0,,,,,1981,,47,,,126
MCO,2018,590796975,590780193,357,122076,36180,10025,119274,304,97864,14143,344,68212,,,0,0,0,661,219940,50323,10369,187486,35,4177,,,9251,52,9956,,0,,,87,14133,,,9251,0,0,0,0,1,0,0,1,0,,65,,,167577,,119600,11127,,19153
MCO,2018,590797353,590051801,218,78110,15208,2719,67880,38,13870,2409,357,8406,42,15330,2817,369,9489,298,107310,20434,3445,85775,65,8599,,,7572,16,3474,1,209,,,82,12282,,,7572,,,,,,,,,,,,,,70534,6269,56600,,7699,7443
MCO,2018,590801106,590782421,403,137431,22887,3337,118349,112,37948,6657,1167,24966,66,24089,4452,159,17435,581,199468,33996,4663,160750,38,5022,0,0,23631,25,3935,11,1736,0,0,74,10693,0,0,23631,1,1,1,1,1,1,1,1,1,,,,,97609,70805,71806,0,0,0
MCO,2018,590804696,590781902,306,110493,14623,1582,85662,72,22510,3655,520,14831,36,14855,2566,207,9152,414,147858,20844,2309,109645,29,2108,,,3160,7,2410,4,809,,,40,5327,,,3160,1,1,1,1,1,1,1,1,1,175,116,158,160,68988,8403,66059,,9689,21969
MCO,2018,590806360,590003596,15,5475,629,0,2751,,,0,0,0,,,0,0,0,15,5475,629,0,2751,14,5347,,,0,,0,,0,,,14,5347,,,0,,,,,,,,,,,,,,,,,,,
MCO,2018,590811279,590780193,412,142534,15289,553,118181,165,58646,9736,650,43164,,,0,0,0,577,201180,25025,1203,161345,99,11486,,,38728,73,14115,,0,,,172,25601,,,38728,0,1,1,1,0,0,0,0,1,100,,,80,193953,,104423,3241,,69028
MCO,2018,590812186,590782421,18,6570,513,7,5690,,,0,0,0,,,0,0,0,18,6570,513,7,5690,10,2437,,,0,,0,,0,,,10,2437,,,0,,,,,,,,,,,,,,1060,,954,954,,839
MCO,2018,590813176,590005278,2,365,1791,1767,77,38,13870,1544,156,7373,0,0,0,0,0,40,14235,3335,1923,7450,4,0,,,0,7,1834,0,0,,,11,1834,,,0,0,0,1,1,0,0,1,1,1,,,,,,,,,,
MCO,2018,590813382,590000386,6,2190,8,0,94,44,16060,2106,37,7554,34,12410,1086,27,3759,84,30660,3200,64,11407,,0,,,0,27,5419,,0,,,27,5419,,,0,,,,,,,,,,,,,,,,,,,
MCO,2018,590813507,590000485,23,8395,790,24,4333,101,36865,2444,8,8050,23,8395,1145,86,3995,147,53655,4379,118,16378,0,0,0,0,0,7,4723,0,30,0,0,7,4753,0,0,0,,,,,,,,,,,,,,,,,,,
MCO,2018,590815056,590005492,34,12410,711,6,9387,37,13505,2125,29,7048,,,0,0,0,71,25915,2836,35,16435,,0,,,4808,20,6019,,0,,,20,6019,,,4808,,,,,,,,,,,,,,,,,,,
MCO,2018,590816310,590000048,10,2220,977,5,3666,40,15320,2925,140,7491,33,12045,1303,36,5090,83,29585,5205,181,16247,,0,,,350,39,9312,,0,,,39,9312,,,350,,,,,,,,,,,,,,0,0,0,,0,
MCO,2018,590817458,590053955,30,10950,495,0,7308,28,10220,1512,5,3374,,,0,0,0,58,21170,2007,5,10682,0,1,,,2656,18,8682,,0,,,18,8683,,,2656,,,,,,,,,,,,,,,,,,,
MCO,2018,590817839,590053955,10,3650,6,0,31,,,0,0,0,,,0,0,0,10,3650,6,0,31,5,113,,,0,,0,,0,,,5,113,,,0,,,,,,,,,,,,,,,,,,,
MCO,2018,600000053,600101984,89,40615,5128,201,36328,,,0,0,0,39,14333,2650,182,8552,128,54948,7778,383,44880,7,629,,,1664,7,1125,1,622,,,15,2376,,,1664,1,1,1,1,1,0,1,1,1,210,120,,30,31978,5012,21937,,2775,5198
MCO,2018,600000152,600100572,20,7300,452,2,5803,0,0,0,0,0,0,0,0,0,0,20,7300,452,2,5803,5,15,0,0,0,0,0,0,0,0,0,5,15,0,0,0,1,1,1,1,0,0,0,0,0,60,,,,17595,0,1868,0,0,1431
MCO,2018,600000186,600100648,36,13140,2039,356,12089,15,5475,926,1,3525,9,3285,369,24,1284,60,21900,3334,381,16898,6,243,,,197,7,1253,1,149,,,14,1645,,,197,1,1,1,1,0,1,1,0,1,30,,4,90,20338,1672,25320,115,2293,1663
MCO,2018,600000194,600100713,275,100375,12723,461,91148,56,20440,2812,109,14437,43,15695,3132,119,12654,374,136510,18667,689,118239,29,2013,,,31803,14,3058,2,801,,,45,5872,,,31803,1,1,1,1,1,1,1,1,1,,,,,74648,4849,71246,1382,5748,16849
MCO,2018,600000285,600100721,43,15695,2284,151,14706,,,0,0,1,,,0,0,0,43,15695,2284,151,14707,1,67,,,69,11,1334,0,74,,,12,1475,,,69,1,1,1,1,1,1,1,0,1,,,,,16253,1815,10569,,1479,2679
MCO,2018,600000467,600101984,241,88410,13454,775,78858,46,16821,3136,57,14521,32,11764,1672,23,7138,319,116995,18262,855,100517,15,1579,,,22793,14,2346,6,316,,,35,4241,,,22793,1,1,1,1,1,1,1,0,1,240,270,120,360,78149,3677,53916,292,2415,11187
MCO,2018,600008643,600008635,,,0,0,0,,,0,0,0,,,0,0,0,,,0,0,0,,0,,,0,5,2952,,0,,,5,2952,,,0,,,,,,,,,,,,,,,,,,,
MCO,2018,600010862,600010854,,,0,0,0,30,10950,1346,59,3950,,,0,0,0,30,10950,1346,59,3950,,0,,,0,20,4621,,0,,,20,4621,,,0,,,,,,,,,,,,,,,,,,,
MCO,2018,600100101,750712184,29,10585,723,0,9340,,,0,0,0,,,0,0,0,29,10585,723,0,9340,,0,,,0,,0,,0,,,,0,,,0,0,0,0,0,1,1,0,0,0,,,,,206,,,,,46
MCO,2018,600100168,600106629,35,12775,2431,11,10145,21,7665,1167,9,3495,,,0,0,0,56,20440,3598,20,13640,13,546,,,1554,7,1722,,0,,,20,2268,,,1554,1,0,1,1,0,0,1,0,1,60,,,30,34393,,,,,
MCO,2018,600100176,920031580,0,0,0,0,0,,,0,0,0,,,0,0,0,0,0,0,0,0,10,570,,,0,,0,,0,,,10,570,,,0,0,0,0,0,0,0,0,0,0,,,,,570,,,,,
MCO,2018,600100184,920031598,20,7300,287,4,3239,,,0,0,0,,,0,0,0,20,7300,287,4,3239,,0,,,0,,0,,0,,,,0,,,0,0,0,0,0,0,0,0,0,0,,,,,,,,,,
MCO,2018,600100754,600000228,26,9490,2969,573,16876,100,36500,4828,25,17906,23,8395,1348,26,5157,149,54385,9145,624,39939,8,1334,,,18710,39,10507,0,0,,,47,11841,,,18710,,,,,,,,,,,,,,,,,,,
MCO,2018,600110175,600001234,21,7665,1030,16,2297,53,19345,2541,34,7147,,,0,0,0,74,27010,3571,50,9444,6,112,,,131,36,8184,,0,,,42,8296,,,131,,,,,,,,,,,,,,241,,,,,
MCO,2018,600113476,600100721,311,109398,13180,333,92749,74,27010,4049,172,17356,29,10585,2196,63,8278,414,146993,19425,568,118383,28,1760,2,338,7230,13,3307,1,340,0,0,44,5407,2,338,7230,1,1,1,1,1,1,1,1,1,,,,,68845,6263,48312,430,6099,16861
MCO,2018,610000044,610780074,52,18980,3704,1293,20195,19,6935,1348,359,4456,17,6205,860,223,2176,88,32120,5912,1875,26827,5,494,,,56,,0,,0,,,5,494,,,56,1,1,0,1,0,1,1,0,0,,,3,,11664,2668,12095,,3031,1535
MCO,2018,610000051,610780082,158,56766,9002,387,46716,56,20440,2795,0,14906,20,7300,1506,0,5197,234,84506,13303,387,66819,12,2964,0,0,9573,8,1961,0,674,0,0,20,5599,0,0,9573,1,1,1,1,1,1,1,1,1,129,129,5,129,93233,5626,101422,,,12295
MCO,2018,610000069,610780090,161,58765,8857,1242,45221,57,20805,2287,104,10069,25,9125,1492,362,3969,243,88695,12636,1708,59259,5,158,0,0,1769,15,2636,0,0,0,0,20,2794,0,0,1769,1,1,1,1,0,1,1,0,1,44,,67,91,49650,1544,59796,2241,4215,2142
MCO,2018,610000077,610780124,44,16060,1867,179,13940,0,0,0,0,0,0,0,0,0,0,44,16060,1867,179,13940,0,0,0,0,21,0,0,0,0,0,0,0,0,0,0,21,1,0,0,1,0,0,0,0,0,,,,,,,,,,
MCO,2018,610000093,610780140,25,9125,332,49,6319,,,0,0,0,,,0,0,0,25,9125,332,49,6319,,0,,,0,,0,,0,,,,0,,,0,1,0,1,0,0,0,0,0,0,60,,,,378,,0,,,
MCO,2018,610000119,610780165,137,50005,8439,1237,40207,43,15695,2006,65,10502,31,11315,1687,298,5490,211,77015,12132,1600,56199,9,1147,,,8348,12,2420,,0,,,21,3567,,,8348,1,1,1,1,1,1,1,1,0,,,,,37032,3302,25354,16,441,11004
MCO,2018,610006421,610006413,4,1460,22,0,148,19,6935,1302,12,2726,,,0,0,0,23,8395,1324,12,2874,,0,,,52,13,4838,,0,,,13,4838,,,52,,,,,,,,,,,,,,,,,,,
MCO,2018,610780108,610790594,20,7300,523,7,6397,,,0,0,0,,,0,0,0,20,7300,523,7,6397,,0,,,0,,0,,0,,,,0,,,0,0,0,0,0,0,0,0,0,0,,,,,519,158,,,187,
MCO,2018,610780116,610790594,53,17605,2693,153,15723,,,0,0,0,,,0,0,0,53,17605,2693,153,15723,,0,,,67,,0,,0,,,,0,,,67,1,0,0,0,0,0,1,1,1,,,,181,10931,268,11980,,1144,219
MCO,2018,610780199,610000135,0,1216,2,0,12,0,21584,342,6,841,,,0,0,0,0,22800,344,6,853,,0,,,4,,1536,,0,,,,1536,,,4,,,,,,,,,,,,,,,,,,,
MCO,2018,620000026,620003814,78,28287,3429,526,17324,76,25595,2965,9,12348,,,0,0,0,154,53882,6394,535,29672,13,942,3,399,976,25,2059,,0,,,41,3001,3,399,976,0,0,0,1,1,1,1,1,0,,30,15,,47557,,42275,,,3663
MCO,2018,620000034,620100057,297,104307,17497,2037,90616,50,18250,2777,69,12881,38,13870,3408,101,13839,385,136427,23682,2207,117336,37,4185,6,917,22599,17,3144,2,505,,,62,7834,6,917,22599,1,1,1,1,1,1,1,1,1,96,89,60,189,76278,8161,74278,580,14060,38449
MCO,2018,620000224,620100651,243,82568,16078,854,78381,59,25201,2109,0,13485,22,8030,1340,0,4941,324,115799,19527,854,96807,23,7693,,,17305,10,856,4,996,,,37,9545,,,17305,1,0,1,1,1,1,1,1,0,,,,,47152,3488,54185,297,1401,22560
MCO,2018,620000240,620100677,49,17885,1197,9,15316,,,0,0,0,,,0,0,0,49,17885,1197,9,15316,13,1881,,,0,,0,,0,,,13,1881,,,0,0,0,1,0,0,0,0,0,0,,,,,2093,594,2489,,292,
MCO,2018,620000257,620100685,350,121821,22700,5611,105537,86,34566,5395,439,23631,56,20440,3559,75,15255,492,176827,31654,6125,144423,34,2786,,,18355,31,5753,4,1978,,,69,10517,,,18355,1,1,1,1,1,1,0,1,1,,,,,101998,14431,88039,280,9531,41747
MCO,2018,620000323,620101337,226,82490,12014,852,79296,38,13870,2243,0,10240,48,17520,2759,19,12914,312,113880,17016,871,102450,15,792,,,3774,19,3907,2,579,,,36,5278,,,3774,1,1,1,1,1,1,1,1,0,93,126,25,,66373,8479,54016,4,12843,17531
MCO,2018,620000349,620101360,181,64955,12523,493,59870,50,18250,3729,810,14859,32,11680,2381,383,7452,263,94885,18633,1686,82181,24,3654,,,3335,8,1463,2,310,,,34,5427,,,3335,1,1,1,1,0,1,1,0,1,120,,60,168,61341,6078,46145,1202,7512,16969
MCO,2018,620000653,620103440,303,110595,17746,3222,82462,108,36450,6712,128,28841,25,9125,1611,92,5636,436,156170,26069,3442,116939,61,3806,,,43268,20,4657,2,518,,,83,8981,,,43268,1,1,1,1,1,1,1,1,1,120,120,90,90,100622,6194,98992,3963,5885,32562
MCO,2018,620003202,620103432,122,44530,8974,909,39839,46,16790,2578,66,10878,30,10950,1630,174,5925,198,72270,13182,1149,56642,13,1364,2,332,1955,8,1817,0,155,,,23,3336,2,332,1955,1,0,1,1,0,1,1,1,1,,,,,30336,3777,25455,416,3830,6119
MCO,2018,620003350,620001834,90,32850,5106,633,32075,,,0,0,0,,,0,0,0,90,32850,5106,633,32075,5,583,,,135,,0,,0,,,5,583,,,135,1,0,1,1,1,0,1,1,0,,,,,9764,,12691,,,91
MCO,2018,620003376,620001834,84,30660,6724,775,24957,95,34675,4893,246,19991,0,0,0,0,0,179,65335,11617,1021,44948,5,132,,,1194,49,7501,,0,,,54,7633,,,1194,1,1,1,1,0,0,1,1,0,,,,,47896,,22365,,,1381
MCO,2018,620006049,620000331,6,2190,112,0,902,80,29200,3616,0,12536,,,0,0,0,86,31390,3728,0,13438,,0,,,565,30,7753,,0,,,30,7753,,,565,,,,,,,,,,,,,,,,,,,
MCO,2018,620025346,620001834,65,23725,5559,957,25751,60,21900,2792,179,13867,24,8760,1487,159,4975,149,54385,9838,1295,44593,5,130,,,234,32,4533,,0,,,37,4663,,,234,1,0,1,1,0,1,1,0,0,,,,,35611,4954,15792,,5818,240
MCO,2018,620026690,620027839,,,0,0,0,,,0,0,0,,,0,0,0,,,0,0,0,,0,,,31645,,0,,0,,,,0,,,31645,,,,,,,,,,,,,,,,,,,
MCO,2018,620100099,620014779,47,17155,1874,27,11773,144,37230,4652,79,15388,21,7665,1144,39,4303,212,62050,7670,145,31464,0,0,0,0,8106,54,14842,0,0,0,0,54,14842,0,0,8106,,,,,,,,,,,,,,,,,,,
MCO,2018,620100487,620000125,15,5475,864,4,4277,48,17520,1295,271,4284,,,0,0,0,63,22995,2159,275,8561,1,95,,,91,14,3068,,0,,,15,3163,,,91,,,,,,,,,,,,,,,,,,,
MCO,2018,620100735,620000265,40,14600,2509,580,15952,93,33945,2859,137,12712,28,10220,1288,85,4276,161,58765,6656,802,32940,5,211,,,3249,35,6130,,68,,,40,6409,,,3249,,,,,,,,,,,,,,,,,,,
MCO,2018,620100750,620000273,11,4015,577,18,3458,38,13870,1871,97,5796,,,0,0,0,49,17885,2448,115,9254,,0,,,3106,31,5141,,0,,,31,5141,,,3106,,,,,,,,,,,,,,,,,,,
MCO,2018,620101311,620027763,23,8395,1470,2,8222,81,29565,2564,22,7535,0,0,0,0,0,104,37960,4034,24,15757,6,15,0,0,2023,24,7810,0,0,0,0,30,7825,0,0,2023,,,,,,,,,,,,,,,,,,,
MCO,2018,620101501,620000364,102,37230,9515,233,31001,96,35040,5056,145,18353,,,0,0,0,198,72270,14571,378,49354,0,1,,,29622,52,10998,,0,,,52,10999,,,29622,,,,,,,,,,,,,,,,,,,
MCO,2018,620105940,620000950,24,8760,723,59,5706,15,5475,341,32,1255,,,0,0,0,39,14235,1064,91,6961,,0,,,0,10,1155,,0,,,10,1155,,,0,,,,,,,,,,,,,,2433,,331,,,
MCO,2018,620106088,620000976,30,10950,873,26,9937,,,0,0,0,,,0,0,0,30,10950,873,26,9937,,0,,,71,36,3060,,0,,,36,3060,,,71,,,,,,,,,,,,,,,,,,,
MCO,2018,620116046,620002311,,,0,0,0,,,0,0,0,,,0,0,0,,,0,0,0,,0,,,3,15,2045,,0,,,15,2045,,,3,,,,,,,,,,,,,,,,,,,
MCO,2018,620118513,620002915,71,24579,1746,24,10679,103,30171,8616,378,29853,30,10950,1224,59,4857,204,65700,11586,461,45389,0,1,,,4536,34,7736,,0,,,34,7737,,,4536,,,,,,,,,,,,,,,,,,,
MCO,2018,630000016,630180032,20,7300,385,5,5842,,,0,0,0,,,0,0,0,20,7300,385,5,5842,,0,,,0,,0,,0,,,,0,,,0,1,1,1,0,0,0,0,0,0,,,,,79,,111,,,153
MCO,2018,630000404,630780989,475,163292,39383,5404,191946,236,81459,3924,90,26524,,,0,0,0,711,244751,43307,5494,218470,25,5241,,,24466,17,4238,,0,,,42,9479,,,24466,1,0,1,0,1,0,1,1,1,98,86,,57,145410,4,155241,58,16,23401
MCO,2018,630000412,630780997,50,18250,2144,203,13702,,,0,0,0,,,0,0,0,50,18250,2144,203,13702,3,60,,,911,1,486,1,19,,,5,565,,,911,1,1,0,1,0,1,1,0,0,,,,,4250,1377,10566,,2740,400
MCO,2018,630000420,630781003,67,25185,3903,569,25212,23,8395,1156,130,5472,14,5110,1249,362,3206,104,38690,6308,1061,33890,3,1119,,,0,3,833,3,215,,,9,2167,,,0,1,0,1,1,1,1,1,1,0,81,89,25,,18134,0,27661,,1674,225
MCO,2018,630000438,630781011,159,57285,5357,298,54705,32,10222,1274,72,8142,,,0,0,0,191,67507,6631,370,62847,6,87,,,1216,4,2187,,0,,,10,2274,,,1216,1,0,0,1,0,0,1,1,0,,,,,,,,,,
MCO,2018,630000446,630781029,45,16425,2787,301,21495,24,8760,1131,35,6462,16,5840,1009,170,3251,85,31025,4927,506,31208,6,785,0,0,630,4,210,1,165,0,0,11,1160,0,0,630,1,0,1,1,0,1,0,0,0,180,,60,,17230,1712,25626,,2257,804
MCO,2018,630000479,630781110,67,23028,2256,71,18768,47,16497,2773,173,12492,0,,0,0,0,114,39525,5029,244,31260,8,1395,0,0,52127,7,1370,0,0,,,15,2765,0,0,52127,1,1,1,0,0,0,1,0,0,,,,,33588,0,41731,,,7321
MCO,2018,630000560,630781367,20,7300,324,1,6033,,,0,0,0,,,0,0,0,20,7300,324,1,6033,,0,,,0,,0,,0,,,,0,,,0,0,0,0,0,0,0,0,0,0,,,,,,,,,,
MCO,2018,630780211,630000107,83,30295,5740,432,28111,128,46720,6595,63,25734,,,0,0,0,211,77015,12335,495,53845,29,3,,,11769,32,13287,,0,,,61,13290,,,11769,,,,,,,,,,,,,,,,,,,
MCO,2018,630780369,630000164,4,1460,126,0,666,21,7665,1027,12,2424,,,0,0,0,25,9125,1153,12,3090,,0,,,0,12,9677,,0,,,12,9677,,,0,,,,,,,,,,,,,,,,,,,
MCO,2018,630781268,630780989,241,83275,11508,1839,76436,89,30046,3282,51,22185,98,34582,6705,396,26673,428,147903,21495,2286,125294,35,5691,,,13884,13,3542,19,1362,,,67,10595,,,13884,0,1,0,1,0,1,0,0,0,,,73,,117107,10586,119967,20748,12084,39347
MCO,2018,630781821,920030269,30,10950,595,0,6730,,,0,0,0,,,0,0,0,30,10950,595,0,6730,,0,,,0,,0,,0,,,,0,,,0,,,,,,,,,,,,,,,,,,,
MCO,2018,630781839,630000826,43,15695,292,21,2670,150,54750,10095,97,29805,71,25915,2251,27,10138,264,96360,12638,145,42613,4,0,,,650,22,20635,1,180,,,27,20815,,,650,,,,,,,,,,,,,,,,,,,
MCO,2018,630783108,630000867,,,0,0,0,56,20440,559,227,379,,,0,0,0,56,20440,559,227,379,,0,,,0,15,3937,,0,,,15,3937,,,0,,,,,,,,,,,,,,,,,,,
MCO,2018,630783538,630780989,14,5110,262,5,4569,,,0,0,0,,,0,0,0,14,5110,262,5,4569,,0,,,0,,0,,0,,,,0,,,0,0,0,0,0,0,0,0,0,0,,,,,349,1,883,8,0,3
MCO,2018,640000162,640780417,301,111025,19235,2214,103174,113,39221,7218,324,37162,35,12775,2555,44,11093,449,163021,29008,2582,151429,21,3527,0,0,26973,21,4889,4,416,,,46,8832,0,0,26973,0,1,1,1,1,1,1,1,0,,,,,140951,12231,152281,919,1426,20341
MCO,2018,640000402,640780813,69,25185,3344,745,21750,,,0,0,0,,,0,0,0,69,25185,3344,745,21750,6,536,,,440,,0,,0,,,6,536,,,440,1,0,1,1,1,1,1,1,0,30,60,2,,8294,2249,20048,,2295,4407
MCO,2018,640000410,640780821,63,19365,3677,797,22855,26,9038,2304,1050,5074,0,0,0,0,0,89,28403,5981,1847,27929,6,140,0,0,936,10,938,0,0,0,0,16,1078,0,0,936,1,1,1,1,1,1,0,1,0,66,115,10,,12969,1237,14586,3,763,652
MCO,2018,640000428,640780839,5,1825,127,3,1337,,,0,0,0,,,0,0,0,5,1825,127,3,1337,,0,,,0,,0,,0,,,,0,,,0,0,0,0,0,0,0,0,0,0,,,,,,,,,,
MCO,2018,640000600,640781290,324,115338,21410,5253,97393,118,42279,5591,356,28469,40,14600,3446,484,12452,482,172217,30447,6093,138314,58,4350,2,226,10254,19,4151,5,527,0,0,84,9028,2,226,10254,1,1,1,1,1,1,1,1,1,,,,,96640,5714,110772,420,2926,34631
MCO,2018,640016580,640010658,74,24342,7270,1431,17256,,,0,0,0,,,0,0,0,74,24342,7270,1431,17256,,0,,,5,,0,,0,,,,0,,,5,,,,,,,,,,,,,,,,,,,
MCO,2018,640017646,640017638,32,11680,2213,482,12611,14,5110,828,45,4293,7,2555,467,42,1473,53,19345,3508,569,18377,1,9,0,0,268,6,2287,1,18,,,8,2314,0,0,268,1,0,1,1,0,1,1,0,0,60,,2,,21328,1042,13200,,1480,477
MCO,2018,640018206,640012209,47,17155,3731,1036,15526,123,44895,8919,164,30255,24,8760,1265,24,5046,194,70810,13915,1224,50827,,0,,,5553,33,13829,1,96,,,34,13925,,,5553,,,,,,,,,,,,,,,,,,,
MCO,2018,640780268,640000113,10,3650,421,5,2469,18,6570,511,10,775,,,0,0,0,28,10220,932,15,3244,1,22,,,137,5,9000,,0,,,6,9022,,,137,,,,,,,,,,,,,,,,,,,
MCO,2018,640780490,640000212,43,15695,6213,3023,13907,48,17520,2929,116,8609,,,0,0,0,91,33215,9142,3139,22516,3,21,,,928,20,6991,,0,,,23,7012,,,928,,,,,,,,,,,,,,,,,,,
MCO,2018,640780557,640000238,7,2555,215,5,2310,,,0,0,0,,,0,0,0,7,2555,215,5,2310,,0,,,0,,0,,0,,,,0,,,0,1,0,0,0,0,0,1,0,0,,,,,,,695,,,
MCO,2018,640780623,640000287,15,5475,335,4,4623,,,0,0,0,,,0,0,0,15,5475,335,4,4623,,0,,,0,,0,,0,,,,0,,,0,,,,,,,,,,,,,,,,,,,
MCO,2018,640780672,640000337,,,0,0,0,,,0,0,0,,,0,0,0,,,0,0,0,2,513,,,0,,0,,0,,,2,513,,,0,,,,,,,,,,,,,,,,,,,
MCO,2018,640780748,640000360,14,5110,5343,2755,9155,40,14600,2428,11,8697,,,0,0,0,54,19710,7771,2766,17852,1,34,,,1873,30,7233,,0,,,31,7267,,,1873,,,,,,,,,,,,,,,,,,,
MCO,2018,640780938,640000451,45,16425,1955,211,17460,95,34675,4378,61,14792,,,0,0,0,140,51100,6333,272,32252,,0,,,7480,30,6942,,0,,,30,6942,,,7480,,,,,,,,,,,,,,,,,,,
MCO,2018,640780946,640000469,16,5840,1010,30,4901,110,36324,4630,152,15541,52,18980,2028,51,7925,178,61144,7668,233,28367,5,56,,,309,32,9019,3,93,,,40,9168,,,309,,,,,,,,,,,,,,,,,,,
MCO,2018,640780987,640000493,6,1460,4,0,13,18,6570,1140,311,3596,,,0,0,0,24,8030,1144,311,3609,,0,,,0,14,2000,,0,,,14,2000,,,0,,,,,,,,,,,,,,,,,,,
MCO,2018,640781225,640000568,147,53655,4182,315,23527,,,0,0,0,,,0,0,0,147,53655,4182,315,23527,2,593,,,8,,0,,0,,,2,593,,,8,,,,,,,,,,,,,,,,,,,
MCO,2018,640781308,640000618,28,10220,1326,1,6202,,,0,0,0,,,0,0,0,28,10220,1326,1,6202,2,1773,,,9,,0,,0,,,2,1773,,,9,,,,,,,,,,,,,,,,,,,
MCO,2018,640787156,640001699,14,5110,257,9,2646,0,0,0,0,0,0,0,0,0,0,14,5110,257,9,2646,0,0,,,27,0,0,0,0,,,0,0,,,27,,,,,,,,,,,,,,,,,,,
MCO,2018,650000045,650780158,78,28470,4527,802,22817,20,7300,931,1,4401,0,0,0,0,0,98,35770,5458,803,27218,7,213,,,1098,6,1462,0,0,,,13,1675,,,1098,1,1,1,1,1,0,1,0,1,141,200,,45,69225,1777,73231,0,318,24394
MCO,2018,650000052,650780166,25,9125,845,25,8044,,,0,0,0,,,0,0,0,25,9125,845,25,8044,2,94,,,0,,0,,0,,,2,94,,,0,1,0,1,0,1,0,0,1,0,,,,,2229,,1829,198,,1922
MCO,2018,650000417,650783160,233,85045,12931,2228,59524,57,20805,3399,1,17138,26,9490,1451,8,5866,316,115340,17781,2237,82528,6,2134,,,14692,8,4588,2,458,,,16,7180,,,14692,1,1,1,1,1,1,1,1,1,181,212,31,240,66646,2592,74006,978,3627,19123
MCO,2018,650002579,650000243,,,214,2,1710,81,29565,4182,141,14735,,,0,0,0,81,29565,4396,143,16445,,0,,,54,29,7925,,0,,,29,7925,,,54,,,,,,,,,,,,,,,,,,,
MCO,2018,650780182,650783160,7,2255,212,1,2319,,,0,0,0,,,0,0,0,7,2255,212,1,2319,2,204,,,7,,0,,0,,,2,204,,,7,,,,,,,,,,,,,,,,,,,
MCO,2018,650780679,650000243,85,31025,4439,676,25515,7,2555,41,11,86,21,7665,1667,71,6229,113,41245,6147,758,31830,,0,,,6318,8,1992,0,0,,,8,1992,,,6318,0,0,0,0,0,0,0,0,0,,,,,,,,,,
MCO,2018,650784218,650780174,39,14235,2423,580,12186,15,5475,1300,4,4985,,,0,0,0,54,19710,3723,584,17171,5,821,0,0,154,6,1966,,0,,,11,2787,0,0,154,1,0,1,1,1,1,1,0,1,210,8,15,300,23498,848,17329,348,1678,4201
MCO,2018,660000084,660780180,459,167535,24257,1837,152087,120,43800,6470,1131,30706,57,20805,3722,233,16679,636,232140,34449,3201,199472,54,3572,,,31859,16,3247,2,1463,,,72,8282,,,31859,,,,,,,,,,,,,,141003,7411,118532,443,4863,66125
MCO,2018,660000167,660780271,20,7300,374,4,5889,,,0,0,0,,,0,0,0,20,7300,374,4,5889,,0,,,0,,0,,0,,,,0,,,0,,,,,,,,,,,,,,,,,,,
MCO,2018,660005182,340000264,,,0,0,0,,,0,0,0,,,0,0,0,,,0,0,0,,0,,,787,,0,,0,,,,0,,,787,0,0,0,0,0,0,0,0,0,,,,,,,,,,
MCO,2018,660005190,340000264,,,0,0,0,,,0,0,0,,,0,0,0,,,0,0,0,,0,,,682,,0,,0,,,,0,,,682,0,0,0,0,0,0,0,0,0,,,,,,,,,,
MCO,2018,660005208,340000264,,,0,0,0,,,0,0,0,,,0,0,0,,,0,0,0,,0,,,984,,0,,0,,,,0,,,984,0,0,0,0,0,0,0,0,0,,,,,1,,2,,,
MCO,2018,660005216,340000264,,,0,0,0,,,0,0,0,,,0,0,0,,,0,0,0,,0,,,8772,,0,,0,,,,0,,,8772,0,0,0,0,0,0,0,0,0,,,,,221,,695,,,
MCO,2018,660006305,660006297,17,6205,1892,49,7123,97,35405,4864,580,13824,,,0,0,0,114,41610,6756,629,20947,,0,,,802,40,12609,,0,,,40,12609,,,802,,,,,,,,,,,,,,,,,,,
MCO,2018,660009689,660010059,15,5475,268,5,3806,,,0,0,0,,,0,0,0,15,5475,268,5,3806,,0,,,4,,0,,0,,,,0,,,4,0,0,0,0,0,0,0,0,0,,,,,,,,,,
MCO,2018,660780628,660000282,29,10410,1949,407,8402,11,3630,464,11,2404,,,0,0,0,40,14040,2413,418,10806,,0,,,0,15,2403,,0,,,15,2403,,,0,,,,,,,,,,,,,,,,,,,
MCO,2018,660780669,660000324,0,0,63,14,104,23,8395,1038,10,2389,49,17885,2854,126,10891,72,26280,3955,150,13384,10,2359,,,0,,0,1,400,,,11,2759,,,0,,,,,,,,,,,,,,,,,,,
MCO,2018,660780776,660000399,18,6570,1404,410,4420,18,6570,722,37,3335,,,0,0,0,36,13140,2126,447,7755,,0,,,47,14,1942,,0,,,14,1942,,,47,,,,,,,,,,,,,,,,,,,
MCO,2018,660780784,660000407,48,17160,7021,421,31518,150,52839,5420,62,25870,,,0,0,0,198,69999,12441,483,57388,0,18,,,15224,18,9521,,0,,,18,9539,,,15224,,,,,,,,,,,,,,,,,,,
MCO,2018,660790387,660790379,84,30660,3977,533,20539,127,46355,7542,20,33782,,,0,0,0,211,77015,11519,553,54321,2,2100,,,22246,41,13917,,0,,,43,16017,,,22246,,,,,,,,,,,,,,,,,,,
MCO,2018,670000025,670780055,517,186269,30675,3193,193640,266,95350,12411,120,61538,,,0,0,0,783,281619,43086,3313,255178,80,11956,,,44640,26,5463,,0,,,106,17419,,,44640,1,1,1,1,0,0,1,0,1,25,,,,214435,1,165680,17059,4,47596
MCO,2018,670000033,670780063,57,19081,2421,88,13236,12,4380,362,6,752,,,0,0,0,69,23461,2783,94,13988,38,1180,,,52143,7,640,,0,,,45,1820,,,52143,0,0,1,0,0,0,0,0,0,,,,,30504,,33097,,,3665
MCO,2018,670000157,670780337,287,102413,15553,1762,85278,70,25065,3398,99,14290,63,21245,3275,409,10623,420,148723,22226,2270,110191,7,785,,,11697,23,4726,,0,,,30,5511,,,11697,1,0,1,1,1,1,0,0,1,70,74,83,36,48234,2610,53147,8,11196,10813
MCO,2018,670000165,670780345,131,43820,6398,616,38961,36,13140,1788,43,9282,26,9490,1458,169,4617,193,66450,9644,828,52860,20,3047,,,1987,4,1748,1,585,,,25,5380,,,1987,1,1,1,1,0,1,1,0,0,,,,,30933,,22324,,3068,2678
MCO,2018,670000215,680000643,36,13140,1134,8,9508,,,0,0,0,,,0,0,0,36,13140,1134,8,9508,,0,,,67,,0,,0,,,,0,,,67,0,0,0,0,0,0,0,0,0,,,,,516,,,,,
MCO,2018,670000272,670780543,59,19746,2420,107,16566,14,5110,915,36,3978,16,5840,528,83,1552,89,30696,3863,226,22096,8,688,,,72,4,804,1,166,,,13,1658,,,72,1,0,0,1,0,1,0,0,1,,,,,18025,167,27848,,2416,
MCO,2018,670000306,670780584,46,16790,697,5,15314,,,0,0,0,,,0,0,0,46,16790,697,5,15314,8,1113,,,42,,0,,0,,,8,1113,,,42,0,0,0,0,0,0,0,0,1,,,,,272,,82,,,
MCO,2018,670000397,670017755,135,48393,7280,595,46227,30,10950,1410,24,7588,26,9490,1594,354,4780,191,68833,10284,973,58595,5,45,,,1606,9,4215,,0,,,14,4260,,,1606,1,0,0,1,0,1,0,0,1,,,4,120,26309,85,23938,,3423,1080
MCO,2018,670000405,670017755,28,10220,759,9,11379,,,0,0,0,,,0,0,0,28,10220,759,9,11379,,0,,,0,,0,,0,,,,0,,,0,0,0,0,0,0,0,0,0,0,,,,,6036,70,5120,,842,
MCO,2018,670002187,670000652,,,0,0,0,,,0,0,0,,,0,0,0,,,0,0,0,,0,,,44266,,0,,0,,,,0,,,44266,0,0,0,0,0,0,0,0,0,,,,,,,,,,
MCO,2018,670009109,670780055,4,1460,58,2,1175,50,16790,2546,747,12683,,,0,0,0,54,18250,2604,749,13858,,0,,,10,9,3479,,0,,,9,3479,,,10,0,0,0,0,0,0,0,0,0,,,,,29635,,18585,,,1423
MCO,2018,670013325,670013317,,,0,0,0,,,0,0,0,,,0,0,0,,,0,0,0,3,4911,,,210,,0,,0,,,3,4911,,,210,,,,,,,,,,,,,,,,,,,
MCO,2018,670013341,670013333,0,0,0,0,0,0,0,0,0,0,0,0,0,0,0,0,0,0,0,0,2,1912,0,0,53,0,0,0,0,,,2,1912,0,0,53,0,0,0,1,0,0,0,0,0,,,,,0,0,0,,,
MCO,2018,670013895,670000652,,,0,0,0,,,0,0,0,,,0,0,0,,,0,0,0,,0,,,3940,,0,,0,,,,0,,,3940,0,0,0,0,0,0,0,0,0,,,,,,,,,,
MCO,2018,670014042,670013754,,,0,0,0,,,0,0,0,,,0,0,0,,,0,0,0,4,476,,,0,,0,,0,,,4,476,,,0,0,0,0,0,0,0,0,0,0,,,,,,,,,,
MCO,2018,670014455,670000652,,,0,0,0,,,0,0,0,,,0,0,0,,,0,0,0,,0,,,1550,,0,,0,,,,0,,,1550,0,0,0,0,0,0,0,0,0,,,,,,,,,,
MCO,2018,670017458,670017441,30,10950,1040,0,8115,0,0,0,0,0,0,0,0,0,0,30,10950,1040,0,8115,6,195,0,0,1023,0,0,0,0,0,0,6,195,0,0,1023,0,0,0,0,0,0,0,0,0,,,,,1780,,301,,,
MCO,2018,670018068,670017847,23,8395,4332,1400,8859,150,54750,9598,122,33305,24,8400,884,48,3389,197,71545,14814,1570,45553,17,11387,,,1,47,22106,0,18,,,64,33511,,,1,,,,,,,,,,,,,,,,,,,
MCO,2018,670780113,670780055,6,2190,305,12,1887,1,365,105,2,315,58,21170,6398,1909,15662,65,23725,6808,1923,17864,,0,,,71,,0,15,1850,,,15,1850,,,71,0,0,0,0,0,0,0,0,0,,,,,18717,13199,25981,,8462,4766
MCO,2018,670780170,670000116,52,18980,5325,145,16890,79,25235,3275,11,13814,,,0,0,0,131,44215,8600,156,30704,7,3478,,,9187,23,5611,,0,,,30,9089,,,9187,0,0,0,0,0,0,0,0,0,,,,,,,,,,
MCO,2018,670780188,670014604,64,23360,4586,377,17787,40,14600,1883,67,5693,,,0,0,0,104,37960,6469,444,23480,,0,,,124,12,5966,,0,,,12,5966,,,124,0,0,0,0,0,0,0,0,0,,,,,9305,,8418,,,
MCO,2018,670780212,670014604,119,43435,6127,979,36392,38,13870,1861,22,5355,37,13505,2894,110,10131,194,70810,10882,1111,51878,24,544,,,32767,13,6487,,0,,,37,7031,,,32767,0,0,0,0,0,0,0,0,0,,,,,12807,4475,2307,,,
MCO,2018,670780378,670000785,24,8760,1507,9,7952,58,21170,2872,342,9503,,,0,0,0,82,29930,4379,351,17455,6,4681,,,232,24,7002,,0,,,30,11683,,,232,0,1,1,1,0,0,0,1,1,,,,,,,,,,
MCO,2018,670780386,670000199,34,12410,2698,42,9585,36,13140,1465,66,3821,,,0,0,0,70,25550,4163,108,13406,,0,,,459,28,6087,,0,,,28,6087,,,459,,,,,,,,,,,,,,,,,,,
MCO,2018,670783133,670780055,24,8760,839,6,8675,,,0,0,0,,,0,0,0,24,8760,839,6,8675,10,1697,,,3,,0,,0,,,10,1697,,,3,0,0,0,0,0,0,0,0,0,,,,,1248,,7569,0,,0
MCO,2018,670783273,670780055,469,167241,30857,4633,170286,274,100010,9841,100,55013,93,31226,5969,239,22957,836,298477,46667,4972,248256,58,5807,,,16008,24,5142,10,1886,,,92,12835,,,16008,0,0,1,1,1,1,0,0,0,,30,35,,156655,5663,116548,2539,7229,26377
MCO,2018,670795921,670000652,,,0,0,0,,,0,0,0,,,0,0,0,,,0,0,0,,0,,,21184,,0,,0,,,,0,,,21184,0,0,0,0,0,0,0,0,0,,,,,,,,,,
MCO,2018,670797539,670014604,26,9490,469,25,7384,,,0,0,0,,,0,0,0,26,9490,469,25,7384,6,1779,,,0,,0,,0,,,6,1779,,,0,0,0,0,0,0,0,0,0,0,,,,,3229,,299,,,
MCO,2018,670798636,670014604,30,10950,1131,175,9386,5,1825,50,0,55,,,0,0,0,35,12775,1181,175,9441,1,323,,,700,5,1459,,0,,,6,1782,,,700,0,0,0,0,0,0,0,0,0,,,,,14601,2685,17329,,291,
MCO,2018,670799667,670000652,,,0,0,0,,,0,0,0,,,0,0,0,,,0,0,0,,0,,,15296,,0,,0,,,,0,,,15296,0,0,0,0,0,0,0,0,0,,,,,,,,,,
MCO,2018,680000122,680020336,,,0,0,0,,,0,0,0,,,0,0,0,,,0,0,0,10,1048,,,0,,0,,0,,,10,1048,,,0,0,0,0,0,0,0,0,0,0,,,,,,,,,,
MCO,2018,680000320,680000643,89,32485,9105,2320,27846,66,24090,3462,408,10140,48,17520,1886,47,8219,203,74095,14453,2775,46205,,0,,,83,24,10308,,0,,,24,10308,,,83,,,,,,,,,,,,,,,,,,,
MCO,2018,680000338,680000114,,,0,0,0,,,0,0,0,,,0,0,0,,,0,0,0,,0,,,25654,,0,,0,,,,0,,,25654,,,,,,,,,,,,,,,,,,,
MCO,2018,680000494,680000643,32,11680,2707,10,10939,134,48910,7262,12,27337,,,0,0,0,166,60590,9969,22,38276,,0,,,1163,36,12855,,0,,,36,12855,,,1163,,,,,,,,,,,,,,,,,,,
MCO,2018,680000544,680020336,58,20456,2177,159,17790,18,6570,1139,59,5023,14,5110,679,156,1823,90,32136,3995,374,24636,8,605,,,517,7,639,0,135,,,15,1379,,,517,0,1,0,0,0,0,0,0,1,,,,,14337,234,35214,,2656,3089
MCO,2018,680000577,680000411,45,16425,934,9,14929,,,0,0,0,,,0,0,0,45,16425,934,9,14929,9,2019,0,0,16,,0,,0,,,9,2019,0,0,16,0,0,0,0,0,0,0,0,0,,,,,12221,0,9594,0,0,2488
MCO,2018,680000601,680020336,41,14965,1412,5,13350,,,115,5,312,12,4380,645,61,1947,53,19345,2172,71,15609,,0,,,18,14,1712,2,215,,,16,1927,,,18,0,1,0,1,0,0,1,1,0,,,,,16531,1186,14065,,1522,410
MCO,2018,680000684,680000973,470,168414,22597,2247,139852,270,97644,13465,1686,57889,61,22265,3965,602,13745,801,288323,40027,4535,211486,36,6310,,,44648,34,7517,,0,,,70,13827,,,44648,1,1,1,1,1,1,1,1,1,126,,63,378,181356,11808,109370,2589,4444,58812
MCO,2018,680000700,680001005,42,15330,1338,214,13542,,,0,0,0,,,0,0,0,42,15330,1338,214,13542,4,481,,,120,3,1637,1,4,,,8,2122,,,120,1,1,0,0,0,0,1,0,1,,,,130,13163,1789,7711,,3966,1393
MCO,2018,680000874,680001179,8,2816,933,1,1721,,,0,0,0,,,0,0,0,8,2816,933,1,1721,,0,,,0,,0,,0,,,,0,,,0,,,,,,,,,,,,,,785,,,,,
MCO,2018,680000882,680000643,18,6570,284,5,4267,,,0,0,0,,,0,0,0,18,6570,284,5,4267,7,898,,,9,,0,,0,,,7,898,,,9,0,0,0,0,0,0,0,0,0,,,,,92,,2,,,
MCO,2018,680001195,680000643,115,40815,5740,825,36664,59,21535,2349,114,11628,20,7300,741,27,2735,194,69650,8830,966,51027,,0,,,0,29,8911,,162,,,29,9073,,,0,1,0,1,1,0,1,1,1,0,,,,,33421,1533,55885,,2775,5705
MCO,2018,680004546,680020336,496,178132,22613,1600,154897,158,58624,7907,432,42030,70,25550,5040,180,20002,724,262306,35560,2212,216929,48,2653,,,69921,36,7524,15,1992,,,99,12169,,,69921,1,1,1,1,1,1,1,1,1,,,,,207855,3338,187600,855,5593,23927
MCO,2018,680004553,680020336,12,2952,609,1,2308,,,0,0,0,,,0,0,0,12,2952,609,1,2308,6,883,,,26,,0,,0,,,6,883,,,26,0,0,0,0,0,0,0,0,0,,,,,1256,,10114,,,
MCO,2018,680004579,680000973,25,9125,589,1,8934,,,0,0,0,,,0,0,0,25,9125,589,1,8934,10,1651,,,78,,0,,0,,,10,1651,,,78,1,1,0,0,1,0,0,0,0,,,,,690,,555,,,
MCO,2018,680010824,670000652,,,0,0,0,,,0,0,0,,,0,0,0,,,0,0,0,,0,,,17451,,0,,0,,,,0,,,17451,0,0,0,0,0,0,0,0,0,,,,,,,,,,
MCO,2018,680013778,670000652,,,0,0,0,,,0,0,0,,,0,0,0,,,0,0,0,,0,,,18810,,0,,0,,,,0,,,18810,0,0,0,0,0,0,0,0,0,,,,,,,,,,
MCO,2018,680020088,680020062,59,21535,1774,37,11920,58,21170,954,46,3222,0,0,0,0,0,117,42705,2728,83,15142,0,0,0,0,706,12,3045,0,0,0,0,12,3045,0,0,706,1,0,0,0,0,0,0,0,0,,,,,3465,,,,,
MCO,2018,690000013,690780036,63,22995,3083,465,20545,,,0,0,0,14,5110,1218,14,4096,77,28105,4301,479,24641,5,921,2,230,55,,0,5,169,,,12,1090,2,230,55,1,0,1,1,1,1,1,0,1,70,30,27,170,11753,4703,13404,1,842,257
MCO,2018,690000021,690780044,22,8030,561,7,5703,,,0,0,0,33,12045,2446,608,7118,55,20075,3007,615,12821,,0,,,0,,0,,0,,,,0,,,0,0,0,0,0,0,0,0,0,0,,,,,5298,3778,4208,,3843,
MCO,2018,690000047,690780069,20,7300,352,6,5925,,,0,0,0,,,0,0,0,20,7300,352,6,5925,,0,,,0,,0,,0,,,,0,,,0,0,0,0,0,0,0,0,0,0,,,,,,,,,,
MCO,2018,690000088,690780101,22,8030,200,7,6260,,,0,0,0,,,0,0,0,22,8030,200,7,6260,,0,,,0,,0,,0,,,,0,,,0,0,0,0,0,0,0,0,0,0,,,,,1026,,2464,,,
MCO,2018,690000245,690780432,58,21170,1950,7,17652,,,0,0,0,,,0,0,0,58,21170,1950,7,17652,2,229,,,0,,0,,0,,,2,229,,,0,0,0,0,1,0,0,0,0,0,,,,,1410,,,,,
MCO,2018,690000427,750721334,59,15055,823,8,10099,42,15330,1320,35,7913,,,0,0,0,101,30385,2143,43,18012,5,901,,,210,,0,,0,,,5,901,,,210,0,0,0,0,0,0,0,0,0,,,,,,,,,,
MCO,2018,690000575,690782222,320,111670,20175,1724,97686,61,24885,3722,111,16653,38,13689,3025,104,12249,419,150244,26922,1939,126588,10,1461,,,7364,13,6124,1,1196,,,24,8781,,,7364,,,,,,,,,,73,91,77,112,73941,6853,73506,710,7411,16345
MCO,2018,690000583,690782230,15,5475,327,6,4776,,,0,0,0,,,0,0,0,15,5475,327,6,4776,,0,,,0,,0,,0,,,,0,,,0,0,0,1,0,0,0,0,0,0,,,,,626,,,,,
MCO,2018,690000591,690782248,15,5475,295,6,4320,,,0,0,0,,,0,0,0,15,5475,295,6,4320,,0,,,0,,0,,0,,,,0,,,0,0,0,0,0,0,0,0,0,0,,,,,,,,,,
MCO,2018,690000617,690031455,15,5475,448,7,5269,,,0,0,0,,,0,0,0,15,5475,448,7,5269,,0,,,0,,0,,0,,,,0,,,0,,,,,,,,,,,,,,,,,,,
MCO,2018,690000625,690782271,60,21900,4295,560,23616,,,0,0,0,,,0,0,0,60,21900,4295,560,23616,4,730,,,205,5,548,1,52,,,10,1330,,,205,1,1,1,1,1,1,1,1,1,,,,,21140,2759,25888,1,1578,5682
MCO,2018,690000633,690043237,10,3650,296,6,2629,,,0,0,0,,,0,0,0,10,3650,296,6,2629,,0,,,0,,0,,0,,,,0,,,0,0,0,0,0,0,0,0,0,0,,,,,,,,,,
MCO,2018,690000773,690782925,28,10220,1010,6,9412,,,0,0,0,,,0,0,0,28,10220,1010,6,9412,,0,,,0,,0,,0,,,,0,,,0,0,0,0,0,0,0,0,0,0,,,,,,,,,,
MCO,2018,690000880,690783220,189,66615,8352,122,51689,71,24765,4069,64,18849,,,0,0,0,260,91380,12421,186,70538,77,3174,,,89035,9,4572,,0,,,86,7746,,,89035,0,1,0,1,0,1,1,0,0,,,,,83617,,33411,171,,
MCO,2018,690007539,690781810,182,66430,10819,1706,58494,72,23119,5351,339,16230,115,41975,8264,1007,34385,369,131524,24434,3052,109109,40,11645,,,5403,26,4884,14,2062,,,80,18591,,,5403,1,1,1,1,1,1,1,1,1,79,92,92,,115606,16144,62675,371,9761,55121
MCO,2018,690019849,690781810,42,14355,799,67,7520,,,0,0,0,,,0,0,0,42,14355,799,67,7520,12,686,,,2045,,0,,0,,,12,686,,,2045,0,0,0,0,0,1,0,0,0,,,50,,2241,,594,,,2046
MCO,2018,690022108,690000724,,,0,0,0,,,0,0,0,,,0,0,0,,,0,0,0,,0,,,15216,,0,,0,,,,0,,,15216,,,,,,,,,,,,,,,,,,,
MCO,2018,690022959,690000732,18,6570,370,9,5258,36,13104,2202,40,5797,53,19345,3685,55,18055,107,39019,6257,104,29110,0,0,,,388,29,5918,2,377,,,31,6295,,,388,0,0,0,0,0,0,0,0,0,,,,,,,,,,
MCO,2018,690023239,690000146,9,2727,365,6,1584,117,42705,6468,8,18365,,,0,0,0,126,45432,6833,14,19949,,0,,,29,48,10760,,0,,,48,10760,,,29,,,,,,,,,,,,,,,,,,,
MCO,2018,690023411,690000252,79,28835,4991,1420,29183,179,65335,11298,1282,34755,,,0,0,0,258,94170,16289,2702,63938,,0,,,21723,64,19738,,0,,,64,19738,,,21723,,,,,,,,,,,,,,,,,,,
MCO,2018,690029186,690027099,0,0,0,0,0,0,0,0,0,0,0,0,0,0,0,0,0,0,0,0,9,2530,0,0,0,0,0,0,0,0,0,9,2530,0,0,0,,,,,,,,,,,,,,,,,,,
MCO,2018,690042080,690000732,,,0,0,0,,,0,0,0,11,4015,633,18,2388,11,4015,633,18,2388,,0,,,1,0,24,0,1,0,0,0,25,0,0,1,0,0,0,0,0,1,0,0,0,,,1,,0,0,,,,
MCO,2018,690043476,690000146,,,0,0,0,,,0,0,0,,,0,0,0,,,0,0,0,,0,,,0,12,2439,,0,,,12,2439,,,0,,,,,,,,,,,,,,,,,,,
MCO,2018,690780093,750821092,61,24905,3404,170,17931,0,9449,1244,41,5072,,,0,0,0,61,34354,4648,211,23003,5,24,,,76,13,2067,,0,,,18,2091,,,76,1,1,0,1,0,0,1,0,1,,,,44,33964,0,41848,1367,,5989
MCO,2018,690780150,690000104,25,9125,589,0,6633,,,0,0,0,11,4015,520,0,1943,36,13140,1109,0,8576,,0,,,0,,0,,0,,,,0,,,0,0,0,0,1,1,0,0,1,0,,,,,5128,465,1857,,1178,
MCO,2018,690780200,690000112,,,0,0,0,,6775,479,173,1204,,,0,0,0,,6775,479,173,1204,,0,,,0,10,385,,0,,,10,385,,,0,,,,,,,,,,,,,,,,,,,
MCO,2018,690780226,690039870,0,0,0,0,0,3,1095,0,0,0,0,0,0,0,0,3,1095,0,0,0,0,0,0,0,0,14,2668,0,0,0,0,14,2668,0,0,0,,,,,,,,,,,,,,,,,,,
MCO,2018,690780259,690030457,,,0,0,0,35,11795,1557,0,3990,,,0,0,0,35,11795,1557,0,3990,0,0,,,0,20,7033,0,0,,,20,7033,,,0,,,,,,,,,,,,,,,,,,,
MCO,2018,690780358,690000195,25,9125,1265,33,6614,102,37230,4725,219,11971,59,21535,2982,87,12815,186,67890,8972,339,31400,8,6,,,246,31,16508,,0,,,39,16514,,,246,,,,,,,,,,,,,,,,,,,
MCO,2018,690780366,690000203,34,12410,1485,5,9026,50,18250,3270,39,9091,,,0,0,0,84,30660,4755,44,18117,6,279,,,4331,16,9457,,0,,,22,9736,,,4331,,,,,,,,,,,,,,,,,,,
MCO,2018,690780382,690006598,6,2064,753,129,2376,30,10950,1228,17,5496,,,0,0,0,36,13014,1981,146,7872,,0,,,157,16,4338,,0,,,16,4338,,,157,,,,,,,,,,,,,,,,,,,
MCO,2018,690780390,690000229,42,15330,3540,139,17417,50,18250,3410,0,13942,,,0,0,0,92,33580,6950,139,31359,9,24,3,702,958,41,7125,,0,,,53,7149,3,702,958,,,,,,,,,,,,,,,,,,,
MCO,2018,690780416,690031190,131,47815,6329,954,31423,65,17006,2555,118,10165,32,11680,2035,63,7781,228,76501,10919,1135,49369,10,2842,,,1511,23,3291,,0,,,33,6133,,,1511,1,1,1,1,0,0,1,0,1,,,,,,,,,,
MCO,2018,690780499,690000278,,,0,0,0,,,0,0,0,,,0,0,0,,,0,0,0,1,0,,,36383,,0,,0,,,1,0,,,36383,,,,,,,,,,,,,,,,,,,
MCO,2018,690780648,690036900,64,23360,7055,2081,23765,110,40150,6324,362,20937,,,0,0,0,174,63510,13379,2443,44702,,0,,,7387,43,13228,,0,,,43,13228,,,7387,,,,,,,,,,,,,,,,,,,
MCO,2018,690780655,690000377,28,10220,1117,88,7816,36,13140,200,77,863,,,0,0,0,64,23360,1317,165,8679,4,387,,,538,22,7883,,0,,,26,8270,,,538,,,,,,,,,,,,,,,,,,,
MCO,2018,690780663,690000385,4,1460,41,0,432,56,17500,4516,142,14201,,,0,0,0,60,18960,4557,142,14633,1,1,,,2282,44,9783,,0,,,45,9784,,,2282,,,,,,,,,,,,,,,,,,,
MCO,2018,690781737,750721334,0,6480,534,5,5424,,,0,0,0,,,0,0,0,0,6480,534,5,5424,,0,,,1,,0,,0,,,,0,,,1,0,0,0,0,0,0,0,0,0,,,,,,,,,,
MCO,2018,690781836,690006598,127,46355,4956,859,38695,20,7300,373,0,1520,,,0,0,0,147,53655,5329,859,40215,10,701,,,2409,13,2427,,0,,,23,3128,,,2409,,,,,,,,,,,,,,20627,5,22756,,1,684
MCO,2018,690782834,690000724,79,28835,5984,394,26028,121,44165,8110,3011,22572,20,7300,1207,337,3411,220,80300,15301,3742,52011,,0,0,0,21012,45,13689,,0,,,45,13689,0,0,21012,,,,,,,,,,,,,,,,,,,
MCO,2018,690783154,690781810,485,166323,25722,1802,149100,207,71648,12444,559,60336,0,0,0,0,0,692,237971,38166,2361,209436,31,6928,0,0,29717,24,5593,8,1718,0,0,63,14239,0,0,29717,0,1,0,1,0,0,0,1,1,,,,37,157264,4,149027,502,397,80480
MCO,2018,690784137,690781810,557,182895,22670,815,169541,159,52599,10236,230,46108,55,19701,4012,143,16686,771,255195,36918,1188,232335,104,14750,,,72302,32,8088,4,496,,,140,23334,,,72302,1,1,1,1,1,0,1,1,1,108,43,,31,187965,5420,136058,2583,5649,133953
MCO,2018,690784152,690781810,430,144442,21672,681,130653,133,43022,6844,47,36232,88,31690,6255,586,26156,651,219154,34771,1314,193041,29,6169,,,6310,17,4494,8,2320,,,54,12983,,,6310,1,0,0,1,0,0,1,0,1,,,,153,170903,96,132716,1,9581,82555
MCO,2018,690784178,690781810,197,63716,8695,531,58477,120,40155,4412,201,32190,,,0,0,0,317,103871,13107,732,90667,13,3294,,,2770,,0,,0,,,13,3294,,,2770,,,,,1,1,,,1,,36,,48,42732,1,33621,,7,2351
MCO,2018,690784186,690781810,266,82871,14236,1410,69125,76,26648,2817,30,19902,,,0,0,0,342,109519,17053,1440,89027,25,7305,,,4690,,0,,0,,,25,7305,,,4690,1,0,1,0,0,1,1,0,0,57,,55,,42948,11,61082,1,15,10880
MCO,2018,690784194,690781810,81,27285,2022,15,25634,,,0,0,0,,,0,0,0,81,27285,2022,15,25634,8,1374,,,0,,0,,0,,,8,1374,,,0,0,0,0,0,1,0,0,0,0,,18,,,3437,0,123,,,22
MCO,2018,690784202,690781810,4,1460,79,1,842,,,0,0,0,,,0,0,0,4,1460,79,1,842,5,1243,,,23,,0,,0,,,5,1243,,,23,1,0,0,0,,,,1,,,,,,3704,,921,9,,3224
MCO,2018,690787429,690781810,2,692,43,0,323,,,0,0,0,,,0,0,0,2,692,43,0,323,5,471,,,10,,0,,0,,,5,471,,,10,0,0,0,0,0,0,0,0,0,,,,,1050,,93,,,10
MCO,2018,690787452,690781810,0,5868,591,171,5653,,,0,0,0,,,0,0,0,0,5868,591,171,5653,,0,,,16,,0,,0,,,,0,,,16,,,,,,,,,,,,,,206,,52,,,21
MCO,2018,690787478,690781810,5,1720,90,3,656,,,0,0,0,,,0,0,0,5,1720,90,3,656,,0,,,0,,0,,0,,,,0,,,0,0,0,0,0,0,0,0,0,0,,,,,110,,42,,,1
MCO,2018,690791082,690001904,14,5110,572,0,3699,,,0,0,0,,,0,0,0,14,5110,572,0,3699,,0,,,0,,0,,0,,,,0,,,0,,,,,,,,,,,,,,,,,,,
MCO,2018,690793468,690002068,84,29266,1671,61,14182,91,31028,7979,128,30870,,,0,0,0,175,60294,9650,189,45052,14,625,,,5692,26,11098,,0,,,40,11723,,,5692,,,,,,,,,,,,,,,,,,,
MCO,2018,690805361,690805353,193,64425,12780,264,57250,60,20776,4213,163,14682,27,9855,2646,108,8705,280,95056,19639,535,80637,16,2211,0,0,11800,20,4407,,0,0,0,36,6618,0,0,11800,1,1,1,1,1,0,1,1,1,66,78,,3,79541,5009,58753,,4933,21718
MCO,2018,690807367,690003447,14,5110,1009,254,4363,47,15895,3991,295,11568,20,7300,958,42,3682,81,28305,5958,591,19613,6,3370,,,2013,16,6788,,0,,,22,10158,,,2013,,,,,,,,,,,,,,,,,,,
MCO,2018,690807599,690006598,12,4032,472,29,2188,,,0,0,0,22,8030,1196,60,4308,34,12062,1668,89,6496,,0,,,0,,0,1,105,,,1,105,,,0,,,,,,,,,,,,,,,,,,,
MCO,2018,700000011,700780026,39,14235,2189,282,14109,,,0,0,0,,,0,0,0,39,14235,2189,282,14109,2,95,1,9,9,,0,,0,,,3,95,1,9,9,1,0,1,1,1,0,1,1,0,,,,,7122,1171,23160,0,1934,279
MCO,2018,700000029,700004591,205,74825,14663,3099,67357,73,26645,3979,233,14955,25,9125,1986,94,7808,303,110595,20628,3426,90120,26,1415,,,12915,18,4957,0,274,,,44,6646,,,12915,,,,,,,,,,120,90,90,180,63566,3699,81830,116,1794,3981
MCO,2018,700780059,700004591,25,9125,807,7,7401,,,0,0,0,,,0,0,0,25,9125,807,7,7401,,0,,,0,,0,0,27,,,0,27,,,0,,,,,,,,,,90,,30,180,4245,809,2957,0,772,1584
MCO,2018,700780174,700000052,4,1460,50,1,590,24,8760,1345,14,4214,,,0,0,0,28,10220,1395,15,4804,,0,,,0,23,4150,,0,,,23,4150,,,0,,,,,,,,,,,,,,,,,,,
MCO,2018,700780208,700004591,57,20805,1705,36,16560,,,0,0,0,,,0,0,0,57,20805,1705,36,16560,11,2343,,,4081,,0,,18,,,11,2361,,,4081,,,,,,,,,0,90,360,25,,4606,705,6815,,624,1386
MCO,2018,710006859,710000118,15,5475,593,28,5227,80,25564,4714,72,17514,,,0,0,0,95,31039,5307,100,22741,0,1,,,2553,35,9234,,0,,,35,9235,,,2553,,,,,,,,,,,,,,,,,,,
MCO,2018,710010067,710780644,120,41147,6755,784,37134,42,15330,2326,66,11831,15,5475,887,111,2620,177,61952,9968,961,51585,21,1776,,,1675,11,3992,,0,,,32,5768,,,1675,1,0,1,1,1,1,1,0,0,,,,,39420,1877,42045,,1874,9
MCO,2018,710010786,710781451,65,23725,3946,588,21822,,,0,0,0,10,3650,516,161,1231,75,27375,4462,749,23053,2,462,1,67,216,,0,,0,,,3,462,1,67,216,1,1,0,1,0,1,1,0,0,,,,,6421,876,3014,,974,654
MCO,2018,710780917,710000274,58,21170,2797,37,23165,70,25550,3992,76,15521,,,0,0,0,128,46720,6789,113,38686,2,161,,,16020,25,11479,,0,,,27,11640,,,16020,,,,,,,,,,,,,,,,,,,
MCO,2018,710781410,710000373,,,0,0,0,54,19345,1637,9,6720,,,0,0,0,54,19345,1637,9,6720,,0,,,0,16,2820,,0,,,16,2820,,,0,,,,,,,,,,,,,,,,,,,
MCO,2018,710781824,710000464,5,1825,20,0,1314,84,30660,4062,985,12136,,,0,0,0,89,32485,4082,985,13450,,0,,,0,8,1378,,0,,,8,1378,,,0,,,,,,,,,,,,,,,,,,,
MCO,2018,710978107,710781592,20,7300,302,2,5492,,,0,0,0,,,0,0,0,20,7300,302,2,5492,,0,,,1,,0,,0,,,,0,,,1,0,0,0,0,0,0,0,0,0,,,,,,,,,,
MCO,2018,710978123,710781063,15,5475,342,0,4390,,,0,0,0,,,0,0,0,15,5475,342,0,4390,,0,,,0,,0,,0,,,,0,,,0,0,0,0,0,0,0,0,0,0,,,,,,,,,,
MCO,2018,710978131,710781089,15,5475,219,11,3253,0,0,0,0,0,0,0,0,0,0,15,5475,219,11,3253,0,0,0,0,11,0,0,0,0,0,0,0,0,0,0,11,0,0,0,0,0,0,0,0,0,,,,,,,,,,
MCO,2018,710978156,710780214,20,7300,321,18,5496,,,0,0,0,,,0,0,0,20,7300,321,18,5496,,0,,,11,,0,,0,,,,0,,,11,1,1,1,0,1,0,0,0,0,,,,,,,,,,
MCO,2018,710978180,710781360,20,7300,382,3,4944,,,0,0,0,,,0,0,0,20,7300,382,3,4944,,0,,,4,,0,,0,,,,0,,,4,1,0,0,0,0,0,0,0,0,,,,,75,,8,,,
MCO,2018,710978230,710781329,6,2190,95,0,2153,,,0,0,0,,,0,0,0,6,2190,95,0,2153,,0,,,0,,0,,0,,,,0,,,0,,,,,,,,,,,,,,,,,,,
MCO,2018,710978255,710781568,22,8030,513,3,6098,,,0,0,0,,,0,0,0,22,8030,513,3,6098,,0,,,0,,0,,0,,,,0,,,0,0,0,0,0,0,0,0,0,0,,,,,,,,,,
MCO,2018,710978263,710780958,297,92572,17011,2636,97418,80,28746,4734,247,26077,53,18651,3746,655,12638,430,139969,25491,3538,136133,10,1803,,,20127,12,3319,,0,,,22,5122,,,20127,1,1,1,1,1,1,1,1,1,270,330,120,210,82125,6292,60153,1384,10358,35033
MCO,2018,710978289,710780263,306,111690,16501,1210,88433,95,34675,5006,166,24631,35,12775,2085,138,8434,436,159140,23592,1514,121498,22,1092,0,0,15055,20,3492,0,364,,,42,4948,0,0,15055,1,1,1,1,1,1,1,1,1,,,,,67102,7022,95966,,1844,24472
MCO,2018,710978313,710976705,146,53290,6741,720,47648,0,2640,262,5,1677,,,0,0,0,146,55930,7003,725,49325,6,123,1,198,4320,12,1770,3,47,,,22,1940,1,198,4320,1,1,1,1,1,1,1,1,0,,,,,24075,1482,53047,,3222,
MCO,2018,710978347,570010181,111,37690,8791,2378,36774,61,22265,2504,101,11516,18,6570,1201,226,3251,190,66525,12496,2705,51541,1,596,,,1238,10,2661,0,0,,,11,3257,,,1238,0,0,1,1,0,1,1,1,1,,,1,105,43557,2114,18082,0,2706,2408
MCO,2018,720000033,720000025,654,225089,37503,7426,196688,152,57140,10945,1398,42578,82,29930,5914,368,21583,888,312159,54362,9192,260849,32,4851,0,,29379,43,10240,10,2197,,,85,17288,0,,29379,,,,,,,,,,80,160,170,65,167916,6338,146739,429,13807,87853
MCO,2018,720000124,720000066,30,10950,1462,259,11564,,,0,0,0,,,0,0,0,30,10950,1462,259,11564,,0,,,5,,0,,0,,,,0,,,5,1,1,1,1,1,0,1,1,1,120,75,,180,6992,,8995,0,,
MCO,2018,720000199,720000595,16,5840,444,0,4049,161,58765,9467,728,32924,,,0,0,0,177,64605,9911,728,36973,,0,,,45,36,11628,,0,,,36,11628,,,45,,,,,,,,,,,,,,,,,,,
MCO,2018,720000231,720000637,12,4380,369,5,3103,7,2555,823,0,2179,37,13505,2077,141,7933,56,20440,3269,146,13215,,0,,,1,5,1267,1,73,,,6,1340,,,1,,,,,,,,,,,,,,,,,,,
MCO,2018,720000249,720000645,35,12775,1522,4,11923,,,0,0,0,,,0,0,0,35,12775,1522,4,11923,6,901,,,17451,,0,,0,,,6,901,,,17451,,,,,,,,,,,,,,489,,19,,,
MCO,2018,720000389,720012749,8,2920,369,4,2924,,,0,0,0,,,0,0,0,8,2920,369,4,2924,1,155,,,0,,0,,0,,,1,155,,,0,0,0,0,0,0,0,1,0,0,,,,,,,,,,
MCO,2018,720000470,610780082,63,22995,2081,224,19166,0,0,0,0,0,0,0,0,0,0,63,22995,2081,224,19166,0,278,0,0,0,0,0,0,0,0,0,0,278,0,0,0,1,1,1,0,0,1,0,0,0,75,,15,,8368,157,13560,,,641
MCO,2018,720000520,720000140,34,12410,1326,260,8043,,,0,0,0,,,0,0,0,34,12410,1326,260,8043,,0,,,2,,0,,0,,,,0,,,2,1,1,1,1,0,0,1,0,1,,,,,6764,,10509,,,1071
MCO,2018,720001437,720006022,40,14600,2984,172,17836,20,7300,643,22,3231,0,0,0,0,0,60,21900,3627,194,21067,4,121,0,0,188,11,1105,0,0,0,0,15,1226,0,0,188,1,1,1,1,0,0,1,1,1,96,0,0,312,12113,619,20367,0,625,2309
MCO,2018,720016179,720016724,104,37960,6286,459,33908,25,9125,1502,45,7119,15,5475,888,93,3027,144,52560,8676,597,44054,14,659,,,472,5,2424,2,28,,,21,3111,,,472,1,1,1,1,1,1,1,1,1,,19,14,77,27682,2639,35170,0,4042,7032
MCO,2018,720017748,720000561,120,43800,8371,404,43805,155,56575,7917,0,31523,,,0,0,0,275,100375,16288,404,75328,16,1267,,,566,56,16367,,0,,,72,17634,,,566,,,,,,,,,,,,,,,,,,,
MCO,2018,730000031,730000015,460,167321,23203,1179,150598,152,50572,10843,1024,45107,77,27944,3779,48,18089,689,245837,37825,2251,213794,51,1744,,,49489,26,7781,13,679,,,90,10204,,,49489,1,1,1,1,1,1,1,1,1,,,,,123974,8993,138475,2609,6939,32500
MCO,2018,730000049,730002839,28,9066,521,1,8176,,,0,0,0,,,0,0,0,28,9066,521,1,8176,,0,,,1,,0,,0,,,,0,,,1,1,0,0,1,0,0,1,0,0,,,,,2054,90,6413,0,56,218
MCO,2018,730000080,730780103,45,16425,2399,462,12486,40,14600,1787,55,7286,12,4380,407,68,1323,97,35405,4593,585,21095,2,33,,,848,2,897,4,96,,,8,1026,,,848,1,1,1,1,0,1,1,1,1,,,,,17487,1411,26015,,1024,1593
MCO,2018,730000098,730000015,90,32388,4365,377,27039,0,,1,1,0,,,0,0,0,90,32388,4366,378,27039,12,4,,,1348,17,2817,0,91,,,29,2912,,,1348,1,,,1,,,1,1,,,,,,14311,2558,14034,1097,2977,1715
MCO,2018,730000247,730780525,36,12504,2204,563,7159,40,13646,3171,277,8471,12,4380,339,23,1265,88,30530,5714,863,16895,,0,,,7,5,1113,1,216,,,6,1329,,,7,1,1,0,0,0,1,0,0,0,,,10,,9757,1029,11244,0,506,645
MCO,2018,730000262,730002839,111,34675,7147,1101,32036,62,18321,2941,224,11741,26,9472,1625,152,5884,199,62468,11713,1477,49661,6,1335,,,1236,8,1408,1,73,,,15,2816,,,1236,1,0,1,1,0,1,1,0,1,30,,45,,23211,5487,22491,0,870,1830
MCO,2018,730004298,730010048,55,20075,2741,452,15053,119,43435,7872,17,23316,,,0,0,0,174,63510,10613,469,38369,20,128,,,7688,60,19053,,0,,,80,19181,,,7688,,,,,,,,,,,,,,69,,,,,
MCO,2018,730012499,730012481,5,1825,140,1,845,61,22265,1702,62,5414,,,0,0,0,66,24090,1842,63,6259,0,1,,,0,22,2730,,0,,,22,2731,,,0,,,,,,,,,,,,,,,,,,,
MCO,2018,730783644,730000015,49,17885,1558,6,13051,0,,0,0,0,0,,0,0,0,49,17885,1558,6,13051,5,35,,,1052,,0,,0,,,5,35,,,1052,,,,,,,,,,,,,,7399,,1113,,,2
MCO,2018,740000237,740781133,391,140302,24608,2998,127082,146,53206,8409,223,42365,65,23365,4911,764,18901,602,216873,37928,3985,188348,17,2993,,,39929,20,6372,,0,,,37,9365,,,39929,1,1,1,1,1,1,1,1,1,90,89,72,39,121739,8961,61865,677,2646,16735
MCO,2018,740000286,740781190,20,7300,325,0,5939,,,0,0,0,,,0,0,0,20,7300,325,0,5939,,0,,,0,,0,,0,,,,0,,,0,,,,,,,,,,,,,,,,,,,
MCO,2018,740000294,740781208,35,12775,857,10,7997,,,0,0,0,,,0,0,0,35,12775,857,10,7997,,0,,,4,,0,,0,,,,0,,,4,1,0,0,0,0,0,0,0,0,,,,,3504,,3153,,,3881
MCO,2018,740000302,740781133,134,48144,5865,533,41190,19,6935,1216,135,4594,21,7665,1316,112,4604,174,62744,8397,780,50388,3,188,,,645,10,2550,,0,,,13,2738,,,645,1,1,1,1,1,1,1,1,1,,,,16,27478,3992,17497,0,3268,5651
MCO,2018,740000328,740790381,182,66430,9111,346,59391,43,15695,3606,184,14730,26,9490,2246,446,7229,251,91615,14963,976,81350,10,1362,,,13536,15,4885,,0,,,25,6247,,,13536,1,0,1,1,1,1,1,1,0,65,55,30,,44917,6512,43550,5,3389,11090
MCO,2018,740014345,740000617,26,9490,2841,518,10990,84,30660,5979,303,18942,27,9855,1463,157,5411,137,50005,10283,978,35343,0,15,0,0,2086,54,16630,2,0,,,56,16645,0,0,2086,,,,,,,,,,,,,,,,,,,
MCO,2018,740780192,740780168,44,16060,676,1,10748,,,0,0,0,,,0,0,0,44,16060,676,1,10748,10,153,,,1759,,0,,0,,,10,153,,,1759,0,0,0,0,0,0,0,0,0,,,,,2199,,69,,,117
MCO,2018,740780416,740000112,16,5840,2274,144,5598,119,43435,5567,5,20085,,,0,0,0,135,49275,7841,149,25683,2,9,,,185,29,7957,,0,,,31,7966,,,185,,,,,,,,,,,,,,,,,,,
MCO,2018,740780424,740000120,23,8395,1310,70,7233,86,31390,5531,221,14827,17,6205,1239,0,4633,126,45990,8080,291,26693,1,3,,,4264,22,10519,2,31,,,25,10553,,,4264,,,,,,,,,,,,,,,,,,,
MCO,2018,740780440,690041249,0,122,75,9,489,,,0,0,0,,,0,0,0,0,122,75,9,489,,0,,,0,0,103,,0,,,0,103,,,0,0,0,0,0,0,0,,0,1,,,,5,,,,,,
MCO,2018,740781141,740790258,274,100010,12599,554,85944,64,23360,4548,547,16198,35,12775,2706,98,10862,373,136145,19853,1199,113004,19,1051,4,770,6660,21,4028,1,1099,,,45,6178,4,770,6660,1,1,1,1,1,1,1,1,1,200,108,60,30,56896,7802,154895,142,6244,135793
MCO,2018,740781166,740001839,9,2727,85,0,1870,,,0,0,0,,,0,0,0,9,2727,85,0,1870,,0,,,0,,0,,0,,,,0,,,0,0,0,0,0,0,0,0,0,0,,,,,1597,169,244,0,316,96
MCO,2018,740781224,740001839,157,53108,8863,693,46940,71,18030,3334,114,14241,28,9802,1781,79,6596,256,80940,13978,886,67777,10,2974,1,252,648,8,2141,1,342,,,20,5457,1,252,648,1,0,1,1,0,1,1,0,1,,,,,31188,3945,29641,0,7135,3220
MCO,2018,750000481,750110025,,,0,0,0,79,28835,4814,972,9529,,,0,0,0,79,28835,4814,972,9529,,0,,,1280,55,15778,,0,,,55,15778,,,1280,0,0,0,0,0,0,0,0,1,,,,30,174042,,216376,,,59118
MCO,2018,750000499,750140014,53,18441,2650,119,19691,55,19997,1411,10,13528,,,0,0,0,108,38438,4061,129,33219,13,7924,,,262,,0,,0,,,13,7924,,,262,0,1,0,0,1,0,0,0,1,,60,,40,35436,,21856,2804,,1550
MCO,2018,750000523,750150120,379,138335,26963,2275,121850,145,52925,9625,114,43728,54,19710,5002,150,18986,578,210970,41590,2539,184564,54,5944,,,8700,35,12920,2,917,,,91,19781,,,8700,1,1,1,1,1,0,1,1,1,122,131,,30,203280,22247,203280,5069,22247,4647
MCO,2018,750000549,750150229,52,18980,4957,472,31782,100,36500,3689,4,9924,,,0,0,0,152,55480,8646,476,41706,21,2460,,,3903,33,14850,,0,,,54,17310,,,3903,1,0,1,0,1,1,0,0,1,58,84,56,51,95819,0,247409,24,0,37475
MCO,2018,750041543,750712184,51,18232,1202,10,16501,0,,0,0,0,0,,0,0,0,51,18232,1202,10,16501,10,1538,0,0,0,,0,,0,,,10,1538,0,0,0,0,0,0,0,1,0,0,0,0,,,,,1319,0,218,0,0,
MCO,2018,750055287,750806853,12,4380,411,2,3767,,,0,0,0,,,0,0,0,12,4380,411,2,3767,1,154,,,47910,,0,,0,,,1,154,,,47910,0,0,1,0,0,0,0,0,0,44,,,,,,,,,
MCO,2018,750100018,750712184,17,6189,1933,426,2641,,,0,0,0,,,0,0,0,17,6189,1933,426,2641,14,3762,,,11,,0,,0,,,14,3762,,,11,1,1,1,1,1,0,1,1,0,119,75,,,38514,,27694,709,0,16521
MCO,2018,750100042,750712184,384,134041,18477,805,121505,177,63772,7983,330,44855,56,20400,4090,193,18333,617,218213,30550,1328,184693,48,8291,2,186,1645,10,2224,4,1969,,,64,12484,2,186,1645,1,0,1,,1,0,0,1,0,101,110,,15,134628,8803,160369,104,8,52278
MCO,2018,750100075,750712184,372,133835,14709,500,127241,153,53121,8307,205,37102,,,0,0,0,525,186956,23016,705,164343,87,8805,,,71090,8,4144,3,679,,,98,13628,,,71090,,,,,,,,,,,,,,190172,0,63135,44,,92545
MCO,2018,750100083,750712184,40,12640,935,9,14055,0,0,0,0,0,0,0,0,0,0,40,12640,935,9,14055,5,1154,0,0,0,0,0,0,0,0,0,5,1154,0,0,0,0,0,0,0,0,0,0,0,0,,,,,10414,2,16028,4104,0,1760
MCO,2018,750100091,750712184,517,186447,22584,1630,164855,131,46675,5260,228,34218,,,0,0,0,648,233122,27844,1858,199073,103,12615,2,92,23800,5,4311,0,0,0,0,110,16926,2,92,23800,1,,,,,,,,,89,139,0,67,133524,0,56605,260,0,52585
MCO,2018,750100109,750712184,203,74095,9604,906,51860,74,25315,2997,227,11805,72,26280,5587,333,23089,349,125690,18188,1466,86754,33,5761,,,5290,10,1730,5,1113,,,48,8604,,,5290,0,0,0,0,0,1,0,0,0,,,39,,76247,13319,49685,,641,54820
MCO,2018,750100125,750712184,936,341640,43384,1497,299876,478,149104,20421,407,126201,56,19104,4375,505,16293,1470,509848,68180,2409,442370,199,21644,0,0,64408,46,9285,8,1394,0,0,253,32323,0,0,64408,1,1,1,1,1,0,1,1,1,145,164,,57,400134,10814,228092,3338,1823,186612
MCO,2018,750100166,750712184,500,181250,25856,2220,152354,202,73730,10334,441,54697,128,46084,9463,307,39700,830,301064,45653,2968,246751,137,24561,,,16883,30,12135,22,6199,,,189,42895,,,16883,1,1,1,1,0,0,1,1,1,100,,,55,276651,20099,151291,0,10263,137532
MCO,2018,750100208,750712184,401,146365,18863,2690,123236,140,51100,8868,341,30629,45,16425,4467,348,17586,586,213890,32198,3379,171451,91,13583,,,20194,15,2892,2,369,,,108,16844,,,20194,1,1,1,1,1,1,1,1,1,113,100,65,63,214436,11129,119632,1401,1610,108491
MCO,2018,750100216,750712184,10,3650,317,5,3515,,,0,0,0,,,0,0,0,10,3650,317,5,3515,2,266,,,0,,0,,0,,,2,266,,,0,0,0,0,0,0,0,0,0,0,,,,,382,,,,,
MCO,2018,750100232,750712184,538,196370,28277,2633,178594,213,78475,8084,143,49595,57,20805,4259,278,16090,808,295650,40620,3054,244279,95,14936,,,11366,12,3685,6,1412,,,113,20033,,,11366,,1,,,,,,1,1,,,,,177554,8765,69236,43,166,104210
MCO,2018,750100273,750712184,303,97864,17440,2845,96676,81,28957,5753,200,24788,73,26035,5278,387,21055,457,152856,28471,3432,142519,66,7777,0,0,47964,10,1787,13,2246,0,0,89,11810,0,0,47964,1,1,1,1,0,1,1,0,1,53,0,23,100,136921,9020,91476,1,0,93236
MCO,2018,750100299,750712184,39,14235,1014,15,12462,0,0,0,0,0,0,0,0,0,0,39,14235,1014,15,12462,2,323,0,0,0,0,0,0,0,0,0,2,323,0,0,0,0,1,1,0,1,0,0,1,1,,47,,16,5658,0,3786,422,0,
MCO,2018,750150013,750811887,,,0,0,0,4,1460,0,0,0,48,17520,3385,62,14568,52,18980,3385,62,14568,,0,,,344,5,0,10,2557,,,15,2557,,,344,0,0,0,0,0,0,0,0,0,,,,,12286,11395,11654,,8052,26
MCO,2018,750150104,750720476,128,46720,8521,299,45369,171,56430,7090,125,34708,35,12775,2945,59,9929,334,115925,18556,483,90006,10,4983,,,12590,28,4497,4,2085,,,42,11565,,,12590,1,1,1,1,0,0,1,1,1,,,,,,,,,,
MCO,2018,750150146,750720609,50,18250,1340,9,15059,,,0,0,0,,,0,0,0,50,18250,1340,9,15059,6,1003,,,0,,0,,0,,,6,1003,,,0,0,0,0,0,1,0,0,0,0,,,,,1349,,,,,
MCO,2018,750150187,750000143,81,28890,1324,21,21853,0,0,0,0,0,0,0,0,0,0,81,28890,1324,21,21853,0,0,0,0,0,0,0,0,0,0,0,0,0,0,0,0,0,0,0,0,0,0,0,0,0,,,,,0,0,0,0,0,0
MCO,2018,750150237,750006728,89,29251,4765,285,27520,134,37125,7679,120,31060,0,0,0,0,0,223,66376,12444,405,58580,6,108,,,7067,41,11180,0,0,,,47,11288,,,7067,1,0,0,1,0,0,1,1,0,,,,,105906,0,65280,,0,
MCO,2018,750150252,750720575,18,6570,1101,2,4493,,,0,0,0,,,0,0,0,18,6570,1101,2,4493,2,148,,,20918,,0,,0,,,2,148,,,20918,0,0,0,0,0,0,1,0,0,,,,,918,,172,,,
MCO,2018,750150260,750006728,25,5880,278,4,4449,0,0,0,0,0,37,13505,2785,180,9733,62,19385,3063,184,14182,2,253,,,10,,0,6,1268,,,8,1521,,,10,0,0,0,0,0,0,0,0,0,,,,,19942,7335,8982,,78586,
MCO,2018,750150286,570010181,40,14600,590,11,11086,,,0,0,0,,,0,0,0,40,14600,590,11,11086,,0,,,0,,0,,0,,,,0,,,0,0,0,0,0,0,0,0,0,0,,,,,,,,,,
MCO,2018,750150344,750720468,36,13140,601,8,9271,,,0,0,0,,,0,0,0,36,13140,601,8,9271,0,0,0,0,0,,0,,0,,,0,0,0,0,0,0,0,0,0,0,0,0,0,0,,,,,0,0,0,0,0,0
MCO,2018,750150377,750721334,24,8760,626,10,7583,,,0,0,0,,,0,0,0,24,8760,626,10,7583,0,0,0,0,0,,0,,0,,,0,0,0,0,0,1,0,0,0,0,0,0,1,0,,,,,656,,854,0,0,0
MCO,2018,750160012,750813321,87,31755,3935,27,25974,63,20727,3605,36,12429,,,0,0,0,150,52482,7540,63,38403,7,2659,,,81241,14,4887,,0,,,21,7546,,,81241,1,1,1,1,1,1,1,0,1,,,,,80609,0,51785,0,0,18398
MCO,2018,750300014,750000564,,,0,0,0,17,6205,1655,199,2271,,,0,0,0,17,6205,1655,199,2271,,0,,,0,20,12243,,0,,,20,12243,,,0,0,0,0,0,0,0,0,0,0,,,,,,,,,,
MCO,2018,750300071,750000598,10,3650,228,0,3237,96,35040,5578,6,21200,0,0,0,0,0,106,38690,5806,6,24437,0,0,0,0,0,52,18813,0,0,0,0,52,18813,0,0,0,,,,,,,,,,,,,,,,,,,
MCO,2018,750300089,750000606,,,0,0,0,62,22630,2771,3,7360,,,0,0,0,62,22630,2771,3,7360,,0,0,0,0,15,3809,,0,,,15,3809,0,0,0,,,,,,,,,,,,,,,,,,,
MCO,2018,750300097,750813305,,,0,0,0,7,2233,1069,351,772,,,0,0,0,7,2233,1069,351,772,,0,,,16,24,3767,,0,,,24,3767,,,16,0,0,0,0,0,0,0,0,0,,,,,,,,,,
MCO,2018,750300121,750052037,,,0,0,0,58,21170,2746,0,7704,,,0,0,0,58,21170,2746,0,7704,0,1,,,5157,41,9378,,0,,,41,9379,,,5157,,,,,,,,,,,,,,,,,,,
MCO,2018,750300139,750000655,2,730,6515,5095,3700,51,18615,1937,0,4773,0,0,0,0,0,53,19345,8452,5095,8473,0,0,,,13016,25,1992,0,0,,,25,1992,,,13016,,,,,,,,,,,,,,,,,,,
MCO,2018,750300154,750000671,34,10948,2425,46,6622,91,29302,6092,144,13642,,,0,0,0,125,40250,8517,190,20264,19,175,,,27827,40,15881,,0,,,59,16056,,,27827,,,,,,,,,,,,,,,,,,,
MCO,2018,750300360,750026569,10,3650,428,1,3681,97,35405,7720,17,16504,,,0,0,0,107,39055,8148,18,20185,,0,,,4118,28,20962,,0,,,28,20962,,,4118,,,,,,,,,,,,,,,,,,,
MCO,2018,750300410,750000770,19,6574,1011,3,7049,18,5940,397,1,589,16,5840,860,9,2884,53,18354,2268,13,10522,7,1849,,,32,5,1035,6,627,,,18,3511,,,32,,,,,,,,,,,,,,,,,,,
MCO,2018,750300493,750000796,,,0,0,0,72,16924,3328,21,15099,,,0,0,0,72,16924,3328,21,15099,,0,,,2,10,1767,,0,,,10,1767,,,2,0,0,0,0,0,0,0,0,0,,,,,,,,,,
MCO,2018,750300550,750000812,,,0,0,0,22,5060,856,0,1129,,,0,0,0,22,5060,856,0,1129,,0,,,0,24,6878,,0,,,24,6878,,,0,,,,,,,,,,,,,,,,,,,
MCO,2018,750300592,750000820,,,0,0,0,58,19546,2153,16,4138,,,0,0,0,58,19546,2153,16,4138,,0,,,0,20,6022,,0,,,20,6022,,,0,0,0,0,0,0,0,0,0,0,,,,,,,,,,
MCO,2018,750300667,750000838,6,2019,168,3,1451,,,0,0,0,56,18980,3450,75,18083,62,20999,3618,78,19534,,0,,,0,,0,,0,,,,0,,,0,,,,,,,,,,,,,,,,,,,
MCO,2018,750300741,750000861,,,0,0,0,20,4700,1688,162,1974,,,0,0,0,20,4700,1688,162,1974,4,1529,,,1,15,4467,,0,,,19,5996,,,1,,,,,,,,,,,,,,,,,,,
MCO,2018,750300766,750056145,61,22265,2433,31,22646,59,21535,3182,36,7962,,,0,0,0,120,43800,5615,67,30608,0,1,,,4274,23,7635,,0,,,23,7636,,,4274,,,,,,,,,,,,,,,,,,,
MCO,2018,750300774,750000895,,,0,0,0,75,24900,3416,1,11101,,,0,0,0,75,24900,3416,1,11101,,0,,,0,37,9823,,0,,,37,9823,,,0,,,,,,,,,,,,,,,,,,,
MCO,2018,750300840,750000903,,,0,0,0,30,10110,2172,15,3488,24,8760,1182,0,4663,54,18870,3354,15,8151,,0,,,0,28,8419,0,86,,,28,8505,,,0,,,,,,,,,,,,,,,,,,,
MCO,2018,750300857,750000911,,,0,0,0,47,15500,906,7,3076,,,0,0,0,47,15500,906,7,3076,,0,,,0,5,918,,0,,,5,918,,,0,,,,,,,,,,,,,,,,,,,
MCO,2018,750300881,750000937,,,0,0,0,47,16779,3305,387,5303,,,0,0,0,47,16779,3305,387,5303,,0,,,0,21,11760,,0,,,21,11760,,,0,,,,,,,,,,,,,,,,,,,
MCO,2018,750300915,750000960,12,4380,322,0,2403,66,24090,3927,89,8308,,,0,0,0,78,28470,4249,89,10711,1,6,,,16711,23,7955,,0,,,24,7961,,,16711,,,,,,,,,,,,,,,,,,,
MCO,2018,750300931,750000978,,,0,0,0,4,1460,66,0,149,29,10585,1100,0,4384,33,12045,1166,0,4533,,0,,,0,7,725,1,85,,,8,810,,,0,0,0,0,0,0,0,0,0,0,,,,,,,,,,
MCO,2018,750301137,750001034,69,16790,4000,36,17749,44,16060,1484,1,5492,,,0,0,0,113,32850,5484,37,23241,6,2499,,,3042,20,2947,,0,,,26,5446,,,3042,,,,,,,,,,,,,,,,,,,
MCO,2018,750301145,750001042,37,13505,2511,0,11134,52,18980,2370,0,7294,0,,0,0,0,89,32485,4881,0,18428,20,8811,,,51,20,6047,1,216,,,41,15074,,,51,,,,,,,,,,,,,,,,,,,
MCO,2018,750301160,750001067,5,1825,6,0,758,110,40150,3125,3,10781,,,0,0,0,115,41975,3131,3,11539,,0,,,0,16,3305,,0,,,16,3305,,,0,,,,,,,,,,,,,,,,,,,
MCO,2018,750790164,750008310,,,0,0,0,,,0,0,0,,,0,0,0,,,0,0,0,,0,,,0,2,189,,0,,,2,189,,,0,,,,,,,,,,,,,,,,,,,
MCO,2018,750801441,750712184,46,16785,1290,10,16362,,,0,0,0,,,0,0,0,46,16785,1290,10,16362,15,3276,,,0,,0,,0,,,15,3276,,,0,1,0,0,0,1,0,0,0,0,,35,,,3037,,1881,,,0
MCO,2018,750803447,750712184,435,158775,22066,1119,140773,265,96725,11752,164,74621,21,7665,1077,27,4791,721,263165,34895,1310,220185,76,12504,,,49813,16,4523,1,895,,,93,17922,,,49813,1,1,0,1,0,0,1,1,1,,,,,149123,4,64365,5,,44845
MCO,2018,750803454,750712184,240,87743,13385,2598,67415,41,14803,3650,562,10316,59,21432,4770,423,19425,340,123978,21805,3583,97156,26,7175,,,9489,15,4508,4,968,,,45,12651,,,9489,1,1,1,1,1,1,1,0,1,91,91,48,58,124934,19568,98731,1941,7038,63855
MCO,2018,750829053,750000655,,,0,0,0,,,0,0,0,,,0,0,0,,,0,0,0,,0,,,3300,,0,,0,,,,0,,,3300,,,,,,,,,,,,,,,,,,,
MCO,2018,760000018,760780023,198,69802,10866,503,63725,54,19464,3257,151,14272,20,7300,1414,51,5340,272,96566,15537,705,83337,24,985,,,12854,8,3083,1,199,,,33,4267,,,12854,1,1,1,1,0,1,1,1,0,,,,,61921,8724,59942,3,5313,10588
MCO,2018,760000042,760780056,20,8532,1074,160,7595,,,0,0,0,,,0,0,0,20,8532,1074,160,7595,0,0,,,17,,0,,0,,,0,0,,,17,1,0,1,0,0,0,0,1,0,60,,,,4164,,1295,,,28
MCO,2018,760000059,760780064,15,5475,318,1,4945,,,0,0,0,,,0,0,0,15,5475,318,1,4945,,0,,,0,,0,,0,,,,0,,,0,0,0,0,0,0,0,0,0,0,,,,,,,,,,
MCO,2018,760000141,760780239,105,38325,6577,2622,38499,,,0,0,0,,,0,0,0,105,38325,6577,2622,38499,5,165,,,51,,0,,0,,,5,165,,,51,1,1,1,0,0,1,1,0,1,,,,,18283,329,25328,4286,,4128
MCO,2018,760000158,760780239,680,237693,55436,15509,222225,410,144887,20243,379,117769,91,33215,5658,753,23396,1181,415795,81337,16641,363390,80,16313,,,20699,52,12602,2,686,,,134,29601,,,20699,1,1,1,1,1,1,1,1,1,,,,,339629,14505,218575,984,,81350
MCO,2018,760000166,760780247,102,36031,2952,132,31200,23,8163,800,106,4011,0,0,0,0,0,125,44194,3752,238,35211,0,927,,,65354,8,1833,0,0,,,8,2760,,,65354,0,0,0,0,0,0,0,0,0,,,,,,,,,,
MCO,2018,760000174,760780254,15,5475,357,5,4633,,,0,0,0,,,0,0,0,15,5475,357,5,4633,,0,,,19,,0,,0,,,,0,,,19,,,,,,,,,,,,,,,,18,,,
MCO,2018,760000182,760780262,14,5110,755,4,4405,8,2920,2268,9,8479,53,19345,3616,356,14148,75,27375,6639,369,27032,,0,,,55,2,498,4,1585,,,6,2083,,,55,0,0,1,0,0,1,0,0,0,26,,28,,24799,12039,6277,0,13452,75
MCO,2018,760000356,760780726,19,6935,304,0,5743,,,0,0,0,,,0,0,0,19,6935,304,0,5743,4,862,,,0,,0,,0,,,4,862,,,0,1,0,1,0,1,0,0,0,0,100,45,,,6821,33,8558,3588,32,195
MCO,2018,760000364,760780734,98,35770,5275,178,32648,,,0,0,0,19,6935,1077,1,3701,117,42705,6352,179,36349,,0,,,1072,,0,1,520,,,1,520,,,1072,1,1,1,0,0,1,1,1,0,124,,,,13976,2127,20750,,4027,421
MCO,2018,760000372,760780742,56,19390,4162,1045,18190,,,0,0,0,22,8030,981,32,3612,78,27420,5143,1077,21802,8,837,,,1328,52,0,2,376,,,62,1213,,,1328,1,0,0,0,0,0,1,1,0,,,,,14609,3578,11991,,2984,911
MCO,2018,760000463,760024042,184,64822,10806,509,58018,56,20440,4089,545,15676,36,13140,2440,100,9508,276,98402,17335,1154,83202,13,954,,,13744,20,2801,3,757,,,36,4512,,,13744,1,1,1,1,1,1,1,1,0,,,,,50488,5093,42386,689,9052,11269
MCO,2018,760021329,760000448,134,48910,6813,462,41285,102,37230,5006,0,17905,20,8030,876,32,3277,256,94170,12695,494,62467,0,2,,,29191,66,12467,,0,,,66,12469,,,29191,,,,,,,,,,,,,,,,,,,
MCO,2018,760025312,760000315,32,11680,843,32,6498,99,32976,5639,0,15482,53,19345,3090,0,13962,184,64001,9572,32,35942,,0,,,4540,90,22188,1,128,,,91,22316,,,4540,,,,,,,,,,,,,,,,,,,
MCO,2018,760027292,760027300,20,7300,742,36,5378,87,31755,1924,25,6781,,,0,0,0,107,39055,2666,61,12159,,0,0,,1523,30,4814,,0,,,30,4814,0,,1523,0,0,0,0,0,0,0,0,0,,,,,,,,,,
MCO,2018,760780197,760000117,,,0,0,0,,,0,0,0,28,10220,1477,591,3380,28,10220,1477,591,3380,,0,,,178,,0,2,26,,,2,26,,,178,,,,,,,,,,,,,,,,,,,
MCO,2018,760780205,760000125,,,0,0,0,44,16060,1459,4,5233,,,0,0,0,44,16060,1459,4,5233,,0,,,0,7,2285,,0,,,7,2285,,,0,,,,,,,,,,,,,,,,,,,
MCO,2018,760780510,760000257,21,7665,2248,321,7428,133,48545,4903,149,17220,,,0,0,0,154,56210,7151,470,24648,5,41,,,1539,18,9110,,0,,,23,9151,,,1539,,,,,,,,,,,,,,,,,,,
MCO,2018,760780619,760000307,52,18980,5264,34,19127,84,30660,5003,0,14497,,,0,0,0,136,49640,10267,34,33624,15,1948,,,7438,35,12374,,0,,,50,14322,,,7438,,,,,,,,,,,,,,,,,,,
MCO,2018,760780668,760000331,0,0,0,0,0,0,0,0,0,0,0,0,0,0,0,0,0,0,0,0,0,0,0,0,84,24,2862,0,0,0,0,24,2862,0,0,84,,,,,,,,,,,,,,,,,,,
MCO,2018,760780783,760000406,5,1825,170,0,1339,30,10950,1422,76,5459,0,0,0,0,0,35,12775,1592,76,6798,0,0,0,0,63,24,2846,0,0,0,0,24,2846,0,0,63,0,0,0,0,0,0,0,0,0,,,,,0,0,0,0,0,0
MCO,2018,760780791,760000414,37,12410,2846,1413,10554,87,31755,3059,19,8882,1,365,20,20,0,125,44530,5925,1452,19436,4,1,,,7074,47,6297,0,0,,,51,6298,,,7074,,,,,,,,,,,,,,,,,,,
MCO,2018,760780825,760000430,,,0,0,0,56,20440,2041,223,6179,,,0,0,0,56,20440,2041,223,6179,,0,,,0,12,2749,,0,,,12,2749,,,0,,,,,,,,,,,,,,,,,,,
MCO,2018,760783035,750721334,13,4745,307,4,2142,,,0,0,0,,,0,0,0,13,4745,307,4,2142,,0,,,9092,,0,,0,,,,0,,,9092,0,0,0,0,0,0,0,0,0,,,,,1359,,,,,
MCO,2018,760783159,760000851,20,7300,1082,2,6227,,,0,0,0,,,0,0,0,20,7300,1082,2,6227,,0,,,0,,0,,0,,,,0,,,0,0,0,0,0,0,0,0,0,0,,,,,,,,,,
MCO,2018,760783522,760780239,126,43920,6157,95,44892,,,0,0,0,,,0,0,0,126,43920,6157,95,44892,22,9263,4,796,14330,,0,,0,,,26,9263,4,796,14330,0,0,1,0,0,0,1,0,0,,,,,28274,,21030,,,9751
MCO,2018,760805770,760780726,456,160140,24467,2973,138029,104,37951,6559,717,28062,64,23177,4358,524,16980,624,221268,35384,4214,183071,33,3501,4,533,20215,25,4776,4,79,,,66,8356,4,533,20215,1,1,1,1,1,1,1,1,1,90,45,64,250,114232,13687,83066,598,15903,41871
MCO,2018,760921809,760000273,22,8030,3027,373,15260,137,50005,7029,147,25367,,,0,0,0,159,58035,10056,520,40627,2,118,,,19844,49,11995,,0,,,51,12113,,,19844,,,,,,,,,,,,,,,,,,,
MCO,2018,770000131,770021145,169,61685,6380,276,49197,28,10220,1257,72,6688,18,6570,1054,71,3479,215,78475,8691,419,59364,9,1243,,,1686,10,1288,1,318,,,20,2849,,,1686,1,1,1,1,1,1,1,1,1,,,,,29413,1959,46591,,1187,6544
MCO,2018,770000149,770021152,143,52195,6775,697,43358,30,10950,1455,41,6882,34,12410,2826,345,9418,207,75555,11056,1083,59658,13,691,,,4208,15,1799,6,497,,,34,2987,,,4208,1,0,1,1,1,1,1,1,1,60,,40,60,34132,1947,27302,,3895,8698
MCO,2018,770000156,770110054,258,87047,12678,1408,76161,30,10950,1908,78,8347,69,21929,4198,353,15903,357,119926,18784,1839,100411,14,116,,,13036,7,775,1,372,,,22,1263,,,13036,1,1,1,1,1,1,1,1,1,,,,,41253,5363,18799,586,6119,8996
MCO,2018,770000164,770021152,117,40068,4755,415,34315,22,8030,1293,117,5586,15,5475,1295,335,3462,154,53573,7343,867,43363,6,516,,,1187,10,1727,,0,,,16,2243,,,1187,1,1,1,1,0,1,1,1,1,150,,30,75,30301,2424,30884,,2387,7785
MCO,2018,770000172,770110070,114,38020,6275,971,35721,36,13140,1980,18,10075,15,5475,983,85,3495,165,56635,9238,1074,49291,7,362,1,187,1254,10,3129,3,46,,,21,3537,1,187,1254,1,0,1,1,0,1,1,1,1,135,,60,210,26520,4299,23095,,2371,14313
MCO,2018,770000180,770110054,33,11739,589,0,8551,,,0,0,0,,,0,0,0,33,11739,589,0,8551,,0,,,0,,0,,0,,,,0,,,0,0,0,0,0,0,0,0,0,0,,,,,,,,,,
MCO,2018,770000214,770021152,75,27375,3250,203,23066,,,0,0,0,,,0,0,0,75,27375,3250,203,23066,5,473,,,910,,0,,0,,,5,473,,,910,1,0,0,1,1,0,1,1,1,,,30,125,8657,,15909,,,2775
MCO,2018,770000446,770021145,278,97820,12429,829,91672,98,35770,4522,686,19925,48,17520,3883,38,16908,424,151110,20834,1553,128505,20,2603,,,20392,10,1763,1,1175,,,31,5541,,,20392,1,1,1,1,1,1,1,1,1,,,,,75187,3579,102034,,14750,22579
MCO,2018,770016087,770016137,,,0,0,0,,,0,0,0,,,0,0,0,,,0,0,0,,0,,,11225,,0,,0,,,,0,,,11225,,,,,,,,,,,,,,,,,,,
MCO,2018,770019032,770021145,283,103295,16714,2638,85571,68,24820,3518,117,17332,47,17155,4636,169,15203,398,145270,24868,2924,118106,29,2773,,,5826,17,1677,1,1302,,,47,5752,,,5826,1,0,1,1,0,1,1,0,1,,,,,82398,3961,79410,2,16776,7054
MCO,2018,770020477,750720468,98,33168,2316,23,22577,,,0,0,0,,,0,0,0,98,33168,2316,23,22577,10,2451,,,20620,,0,,0,,,10,2451,,,20620,1,1,1,1,1,0,1,1,0,60,62,,,14703,,2088,314,,1040
MCO,2018,770300010,770004299,71,25915,2568,305,25156,45,16425,1785,33,8014,0,,0,0,0,116,42340,4353,338,33170,,0,,,1140,26,7469,0,7,,,26,7476,,,1140,,,,,,,,,,,,,,,,,,,
MCO,2018,770300135,770000289,49,17885,2881,48,13076,58,21170,1943,599,5393,,,0,0,0,107,39055,4824,647,18469,3,853,,,0,6,2131,,0,,,9,2984,,,0,,,,,,,,,,,,,,,,,,,
MCO,2018,770300143,770000362,7,2555,67,0,532,123,44895,3763,62,15035,0,0,0,0,0,130,47450,3830,62,15567,0,0,,,3940,65,7913,0,0,,,65,7913,,,3940,,,,,,,,,,,,,,,,,,,
MCO,2018,770300192,770000313,4,367,1,0,11,24,2476,1019,33,2739,,,0,0,0,28,2843,1020,33,2750,0,0,,,152,20,4383,,0,,,20,4383,,,152,,,,,,,,,,,,,,,,,,,
MCO,2018,770300275,770000289,6,2190,151,0,1228,48,17520,1606,0,4037,0,0,0,0,0,54,19710,1757,0,5265,8,3600,,,1431,36,2639,0,0,,,44,6239,,,1431,0,0,0,0,0,0,0,0,0,,,,,,,,,,
MCO,2018,770300283,770000362,5,640,0,0,0,31,3968,786,22,2258,,,0,0,0,36,4608,786,22,2258,,0,,,45,30,2274,,0,,,30,2274,,,45,,,,,,,,,,,,,,,,,,,
MCO,2018,770790707,770000719,24,8760,1419,346,8022,58,21170,2051,13,7976,24,8760,688,13,2749,106,38690,4158,372,18747,,0,,,11604,27,5984,,0,,,27,5984,,,11604,,,,,,,,,,,,,,,,,,,
MCO,2018,770813400,770001014,24,8760,387,11,3427,29,10585,1992,14,5185,,,0,0,0,53,19345,2379,25,8612,,0,,,2431,20,6436,,0,,,20,6436,,,2431,,,,,,,,,,,,,,,,,,,
MCO,2018,780000287,780110011,217,79205,11598,1329,68817,40,14600,1716,206,7462,33,12045,3272,250,11302,290,105850,16586,1785,87581,30,2359,,,7114,15,3823,0,314,,,45,6496,,,7114,1,1,1,1,1,1,1,1,1,,,,,52963,3884,67314,12,2504,23692
MCO,2018,780000295,780002697,86,31390,4068,438,25112,40,14600,2346,117,10201,16,5475,1215,47,4264,142,51465,7629,602,39577,10,1335,,,172,7,2048,1,231,,,18,3614,,,172,1,0,1,1,0,0,1,1,1,,,,,35517,4354,18968,204,3484,7038
MCO,2018,780000303,780024113,52,18980,1477,8,16415,,,0,0,0,,,0,0,0,52,18980,1477,8,16415,3,294,,,0,,0,,0,,,3,294,,,0,1,1,0,0,1,0,0,1,1,,7,,15,436,0,197,79,0,0
MCO,2018,780000311,780001236,216,78840,16109,4686,67841,64,23360,4601,1915,15783,80,29200,7502,1742,25186,360,131400,28212,8343,108810,21,914,,,14129,10,0,3,0,,,34,914,,,14129,1,0,0,1,1,1,0,1,1,,,,,62522,6691,51852,455,8839,16804
MCO,2018,780000329,780110052,115,44602,7222,761,39432,20,9170,1442,40,6324,24,8664,1937,49,6861,159,62436,10601,850,52617,24,3109,,,10516,10,1683,1,298,,,35,5090,,,10516,1,0,1,1,0,1,1,1,1,130,,45,135,38574,3185,24093,4,1864,2815
MCO,2018,780000337,780001236,105,38325,6306,1467,33198,15,5400,3128,2569,987,0,,1339,1339,0,120,43725,10773,5375,34185,22,423,,,27572,16,0,6,0,,,44,423,,,27572,1,1,1,1,1,0,1,0,1,,,,,44333,388,31897,27,343,9892
MCO,2018,780000345,780110078,,,0,0,0,,,0,0,0,,,0,0,0,,,0,0,0,1,247,,,3,,0,,0,,,1,247,,,3,,,,,,,,,,,,,,393,0,312,0,0,1
MCO,2018,780000378,780130027,25,9125,592,14,6149,,,0,0,0,,,0,0,0,25,9125,592,14,6149,,0,,,0,,0,,0,,,,0,,,0,0,0,0,0,0,0,0,0,0,,,,,,,,,,
MCO,2018,780000386,780021788,30,10950,472,2,6310,,,0,0,0,,,0,0,0,30,10950,472,2,6310,,0,,,0,,0,,0,,,,0,,,0,0,0,0,0,0,0,0,0,0,,,,,,,,,,
MCO,2018,780008298,920030269,15,5475,85,1,1013,,,0,0,0,,,0,0,0,15,5475,85,1,1013,,0,,,0,,0,,0,,,,0,,,0,0,0,0,0,0,0,0,0,0,,,,,,,,,,
MCO,2018,780018727,780018719,30,8260,649,0,6283,20,6600,1136,0,3543,24,8760,946,13,4126,74,23620,2731,13,13952,2,6,,,11194,17,4404,,0,,,19,4410,,,11194,0,0,0,0,0,0,0,0,0,,,,,,,,,,
MCO,2018,780022737,780000675,38,13870,696,35,9235,0,0,0,0,0,0,0,0,0,0,38,13870,696,35,9235,12,49,0,0,12,0,0,0,0,0,0,12,49,0,0,12,0,0,0,0,0,0,0,0,0,,,,,0,0,0,0,0,0
MCO,2018,780140018,750005068,31,11315,650,5,9954,,,0,0,0,,,0,0,0,31,11315,650,5,9954,,0,,,0,,0,,0,,,,0,,,0,0,1,1,0,1,0,0,0,0,,,,,,,,,,
MCO,2018,780150017,750005068,2,730,18,0,105,,,0,0,0,,,0,0,0,2,730,18,0,105,,0,,,12483,,0,,0,,,,0,,,12483,1,0,1,0,0,0,0,0,0,,,,,1362,,101,,,
MCO,2018,780150033,780020715,16,5840,203,2,4029,,,0,0,0,,,0,0,0,16,5840,203,2,4029,,0,,,0,,0,,0,,,,0,,,0,0,0,0,0,0,0,0,0,0,,,,,,,,,,
MCO,2018,780150066,780808614,90,32850,3513,0,35354,,,0,0,0,,,0,0,0,90,32850,3513,0,35354,2,11,,,1465,,0,,0,,,2,11,,,1465,,,,,,,,,,,,,,,,,,,
MCO,2018,780300075,780000485,120,43800,4281,156,18874,0,0,0,0,0,,,0,0,0,120,43800,4281,156,18874,,0,,,0,,0,,0,,,,0,,,0,,,,,,,,,,,,,,,,,,,
MCO,2018,780300125,780000535,6,2190,136,1,1392,59,21535,2595,85,12400,,,0,0,0,65,23725,2731,86,13792,,0,,,1,27,7270,,0,,,27,7270,,,1,,,,,,,,,,,,,,,,,,,
MCO,2018,780300208,780000576,25,9125,522,7,3376,32,10272,1671,9,4944,26,9490,903,24,3248,83,28887,3096,40,11568,6,1,,,560,41,7548,,1,,,47,7550,,,560,,,,,,,,,,,,,,,,,,,
MCO,2018,780300323,780003679,15,5475,1277,188,6483,73,22630,4579,16,17120,44,15695,1384,17,5601,132,43800,7240,221,29204,0,0,0,0,58,24,5348,0,0,0,0,24,5348,0,0,58,0,0,0,0,0,0,0,0,0,,,,,,,,,,
MCO,2018,780300364,780003679,,,0,0,0,28,10220,977,2,1327,,,0,0,0,28,10220,977,2,1327,,0,,,0,37,14016,,0,,,37,14016,,,0,0,0,0,0,0,0,0,0,0,,,,,,,,,,
MCO,2018,780300406,780018032,60,21900,3437,326,17688,76,27740,4409,43,19543,29,9490,1099,17,4670,165,59130,8945,386,41901,,0,,,0,32,9558,1,24,,,33,9582,,,0,,,,,,,,,,,,,,,,,,,
MCO,2018,780300414,780000675,78,28470,3669,155,35243,76,27740,3952,63,14608,0,0,0,0,0,154,56210,7621,218,49851,0,0,0,0,19439,30,13032,0,0,0,0,30,13032,0,0,19439,0,0,0,0,0,0,0,0,0,0,0,0,0,0,0,0,0,0,0
MCO,2018,780300422,780002259,76,27740,3499,537,19676,104,37960,5244,0,20316,15,5475,847,20,3642,195,71175,9590,557,43634,1,47,,,18909,44,17565,1,49,,,46,17661,,,18909,,,,,,,,,,,,,,,,,,,
MCO,2018,780300455,780000717,23,8395,970,303,2849,29,10585,10663,9154,3459,,,0,0,0,52,18980,11633,9457,6308,1,3,,,77,29,385,,0,,,30,388,,,77,,,,,,,,,,,,,,,,,,,
MCO,2018,780630026,750803900,1,365,43,0,578,,,0,0,0,,,0,0,0,1,365,43,0,578,8,1643,,,0,,0,,0,,,8,1643,,,0,1,0,1,0,0,1,0,0,0,,,30,,75,,2515,,,
MCO,2018,780800256,780110078,363,126313,24504,4413,111890,86,31164,4611,119,21949,51,18481,4429,99,16476,500,175958,33544,4631,150315,13,3687,3,675,9755,15,3810,3,1238,,,34,8735,3,675,9755,1,0,1,1,1,1,1,1,1,,,,,114057,686,129238,894,8139,36191
MCO,2018,790000087,790000012,352,123282,20017,2148,109461,117,41679,6362,393,29424,41,14965,2550,223,8895,510,179926,28929,2764,147780,32,1267,,,40651,30,5762,4,382,,,66,7411,,,40651,1,1,1,1,1,1,1,1,1,85,242,66,66,113144,8570,98422,902,6307,38250
MCO,2018,790000095,790006654,0,4680,1183,213,6506,0,7555,1207,57,4612,0,3438,419,8,1663,0,15673,2809,278,12781,0,44,,,120,0,1151,0,123,,,0,1318,,,120,0,0,0,0,0,0,0,0,0,,,,,9305,1381,14963,,472,1032
MCO,2018,790000103,790006654,0,5592,1045,197,6778,,,0,0,0,,,0,0,0,0,5592,1045,197,6778,,0,,,0,,0,,0,,,,0,,,0,0,0,1,0,0,0,0,0,1,,,,,7702,1101,12829,,613,1851
MCO,2018,790000111,790019491,20,5862,437,14,5890,,,0,0,0,,,0,0,0,20,5862,437,14,5890,,0,,,0,,0,,0,,,,0,,,0,,,,,,,,,,,,,,,,,,,
MCO,2018,790000137,790019491,12,3706,254,0,3613,,,0,0,0,,,0,0,0,12,3706,254,0,3613,,0,,,0,,0,,0,,,,0,,,0,,,,,,,,,,,,,,,,,,,
MCO,2018,790003537,790006654,6,11641,2116,206,12948,,2594,509,39,1781,0,0,0,0,0,6,14235,2625,245,14729,,542,,,487,,525,,0,,,,1067,,,487,0,0,0,0,0,0,0,0,0,,,,,9130,1866,11325,0,1660,1506
MCO,2018,790009948,790001242,48,17520,3594,934,12604,87,31755,4048,129,14817,16,5840,583,14,2263,151,55115,8225,1077,29684,4,10,,,291,34,8732,,0,,,38,8742,,,291,,,,,,,,,,,,,,,,,,,
MCO,2018,790019848,790006654,118,43070,3542,275,24021,40,9760,1703,58,6705,16,3264,539,4,2142,174,56094,5784,337,32868,9,834,0,0,761,20,932,1,137,0,0,30,1903,0,0,761,0,1,1,1,1,1,0,1,1,,,,,11301,1445,24798,0,533,1048
MCO,2018,800000143,800000028,217,76464,10733,658,68231,48,17520,3252,114,15614,25,9125,1732,438,5367,290,103109,15717,1210,89212,13,514,,,3950,7,2782,,0,,,20,3296,,,3950,1,0,1,1,1,1,1,1,1,10,10,11,7,44727,3105,62922,0,4962,7253
MCO,2018,800000184,800000036,20,7300,839,110,6384,,,0,0,0,,,0,0,0,20,7300,839,110,6384,,0,,,21,,0,,0,,,,0,,,21,1,0,1,1,0,0,1,1,0,42,,,,2131,0,3784,0,0,0
MCO,2018,800000192,800000044,142,50970,6178,57,47326,,,0,0,0,,,0,0,0,142,50970,6178,57,47326,13,1826,,,2684,,0,,0,,,13,1826,,,2684,0,1,1,0,0,0,0,1,0,150,,,,44556,5,13652,6,0,10013
MCO,2018,800000200,800000051,18,6247,676,37,6185,,,0,0,0,,,0,0,0,18,6247,676,37,6185,1,217,,,38,,0,,0,,,1,217,,,38,1,0,1,1,0,0,0,0,0,,,,,3527,664,8729,0,982,785
MCO,2018,800000226,800000069,48,17520,2637,244,15964,,,0,0,0,,,0,0,0,48,17520,2637,244,15964,10,1943,,,993,,0,1,18,,,11,1961,,,993,1,1,1,1,1,0,1,1,1,135,135,,90,14963,1843,15987,,814,2767
MCO,2018,800000275,800000077,29,10585,701,8,7246,,,0,0,0,,,0,0,0,29,10585,701,8,7246,5,1095,,,0,,0,,0,,,5,1095,,,0,1,1,1,1,0,0,1,0,1,,,,,5144,183,7907,,13,303
MCO,2018,800000390,800000085,35,12775,2202,310,12610,0,0,0,0,0,0,0,0,0,0,35,12775,2202,310,12610,0,0,0,0,100,0,0,0,0,0,0,0,0,0,0,100,1,1,1,1,0,1,1,0,1,60,,10,200,7508,2609,21007,63,3626,4838
MCO,2018,800000432,800000093,34,12410,2965,323,14697,15,5475,671,51,2964,15,5475,650,127,2192,64,23360,4286,501,19853,6,1140,0,0,652,4,705,1,100,0,0,11,1945,0,0,652,1,0,1,1,0,1,1,1,1,15,,15,88,18052,2416,18378,,644,2819
MCO,2018,800000440,800000085,10,3650,211,3,2360,0,0,0,0,0,0,0,0,0,0,10,3650,211,3,2360,0,0,0,0,0,0,0,0,0,0,0,0,0,0,0,0,0,0,0,0,0,0,0,0,0,,,,,740,160,655,316,30,0
MCO,2018,800000507,800000135,24,8760,296,1,6963,,,0,0,0,,,0,0,0,24,8760,296,1,6963,,0,,,1,,0,,0,,,,0,,,1,1,0,0,1,0,0,0,0,0,,,,,474,,574,,,
MCO,2018,800000614,800000044,17,5374,265,5,4478,,,0,0,0,,,0,0,0,17,5374,265,5,4478,,0,,,0,,0,,0,,,,0,,,0,,,,,,,,,,,,,,1,,0,,,
MCO,2018,800002503,800001141,6,2190,349,18,1979,73,25295,2614,221,7616,,,0,0,0,79,27485,2963,239,9595,,0,,,19841,29,5468,,0,,,29,5468,,,19841,,,,,,,,,,,,,,,,,,,
MCO,2018,800006124,800000044,529,188633,30376,3038,161030,313,112977,19398,842,86021,66,24090,4505,253,20168,908,325700,54279,4133,267219,35,7915,,,61055,32,6237,6,2280,,,73,16432,,,61055,1,,,1,1,1,1,,1,33,60,60,90,251557,7591,206401,2298,8032,75370
MCO,2018,800009466,800002982,20,7300,628,6,5079,167,60955,4627,0,15983,0,,0,0,0,187,68255,5255,6,21062,,0,,,0,17,9462,,0,,,17,9462,,,0,,,,,,,,,,,,,,,,,,,
MCO,2018,800009920,800003071,64,23360,3514,17,21948,98,35770,5162,0,18133,61,22265,3663,1,15430,223,81395,12339,18,55511,8,219,6,932,792,50,12992,7,93,,,71,13304,6,932,792,,,,,,,,,,,,,,,,,,,
MCO,2018,800013179,800013138,38,13870,2801,244,9877,,,0,0,0,,,0,0,0,38,13870,2801,244,9877,4,3376,,,8751,,0,,0,,,4,3376,,,8751,,,,,,,,,,,,,,,,,,,
MCO,2018,800015729,800015679,57,20805,5971,1843,13190,,,0,0,0,,,0,0,0,57,20805,5971,1843,13190,0,0,,,0,,0,,0,,,0,0,,,0,,,,,,,,,,,,,,,,,,,
MCO,2018,800017253,800000044,,,0,0,0,,,0,0,0,,,0,0,0,,,0,0,0,,0,,,0,10,2074,,0,,,10,2074,,,0,,,,,,,,,,,,,,,,,,,
MCO,2018,800018491,800018483,,,0,0,0,,,0,0,0,,,0,0,0,,,0,0,0,,0,,,0,29,3527,,0,,,29,3527,,,0,0,0,0,0,0,0,0,0,0,,,,,,,,,,
MCO,2018,810000224,810000471,143,52195,9000,716,45371,41,14965,2533,0,8771,18,6570,862,250,2454,202,73730,12395,966,56596,9,5331,2,198,30455,10,2794,1,76,,,22,8201,2,198,30455,,,,,,,,,,,,,,,,,,,
MCO,2018,810000448,810099945,21,7665,516,8,5793,,,0,0,0,,,0,0,0,21,7665,516,8,5793,,0,,,16,,0,,0,,,,0,,,16,0,0,1,0,0,0,0,0,0,90,,,,1327,,128,,,
MCO,2018,810000505,810000331,162,58119,8131,828,44508,50,17834,2740,98,15381,24,8760,1483,56,5889,236,84713,12354,982,65778,8,705,,,4068,8,2769,1,96,,,17,3570,,,4068,1,1,1,1,1,1,1,0,0,125,,75,,56785,5333,50909,153,3600,16027
MCO,2018,810000513,810000349,25,9125,601,7,7151,,,0,0,0,,,0,0,0,25,9125,601,7,7151,,0,,,6,,0,,0,,,,0,,,6,0,0,0,0,0,0,0,0,0,,,,,,,,,,
MCO,2018,810000521,810000380,228,81976,11444,1879,66371,78,28470,4286,186,20398,28,10220,2075,492,6631,334,120666,17805,2557,93400,11,274,,,5595,19,3948,0,0,,,30,4222,,,5595,1,1,1,1,1,1,1,1,1,10,120,60,40,59614,5750,77862,854,5268,18254
MCO,2018,810000539,810000398,18,6570,286,15,4573,,,0,0,0,,,0,0,0,18,6570,286,15,4573,,0,,,0,,0,,0,,,,0,,,0,0,0,0,0,0,0,0,0,0,,,,,,,,,,
MCO,2018,810000562,810000455,42,15330,2606,525,12529,0,0,1,1,0,17,6205,902,239,2466,59,21535,3509,765,14995,2,79,,,97,5,822,,0,,,7,901,,,97,1,0,1,1,1,1,1,0,1,68,,50,60,16778,2587,21397,389,3052,980
MCO,2018,810101170,810101162,6,2190,273,1,1689,100,36500,3631,67,11529,,,0,0,0,106,38690,3904,68,13218,0,0,,,377,15,5754,,0,,,15,5754,,,377,,,,,,,,,,,,,,,,,,,
MCO,2018,810101444,810000992,42,15330,2105,0,8425,81,29565,3364,0,13222,,,0,0,0,123,44895,5469,0,21647,5,1024,,,169,16,5986,,0,,,21,7010,,,169,0,0,0,0,0,0,0,0,0,,,,,,,,,,
MCO,2018,820000032,820000016,201,73140,10928,1165,60030,40,14600,2423,210,9419,23,8395,1307,64,5012,264,96135,14658,1439,74461,8,495,,,3940,8,2596,0,145,,,16,3236,,,3940,1,1,1,1,1,1,1,1,1,63,57,41,85,53280,3870,73364,891,561,15185
MCO,2018,820000040,820000081,16,5840,2652,275,12819,51,18615,2099,219,5858,15,5475,1196,423,2922,82,29930,5947,917,21599,10,3148,,,0,8,2246,2,342,,,20,5736,,,0,,,,,,,,,,,,,,,,,,,
MCO,2018,820000057,820000131,126,45990,6773,379,35254,75,27375,5131,149,22100,18,6570,701,26,2616,219,79935,12605,554,59970,15,4053,,,23361,18,3940,1,129,,,34,8122,,,23361,,,,,,,,,,,,,,,,,,,
MCO,2018,820000065,820000156,,,0,0,0,33,12045,1104,12,1911,,,0,0,0,33,12045,1104,12,1911,,0,,,0,3,7743,,0,,,3,7743,,,0,,,,,,,,,,,,,,,,,,,
MCO,2018,820000883,820004950,42,15330,2368,451,13211,24,8760,900,0,5357,,,0,0,0,66,24090,3268,451,18568,1,445,,,150,1,665,,0,,,2,1110,,,150,1,0,1,1,1,1,0,1,0,30,60,5,,12200,,25457,,,2328
MCO,2018,830000279,830100517,58,21170,5795,1126,23161,24,8760,1625,30,7724,15,5475,1195,367,3169,97,35405,8615,1523,34054,6,1480,,,777,8,990,,0,,,14,2470,,,777,0,1,0,0,0,1,1,1,0,,,5,,,,,,,
MCO,2018,830000287,830100525,155,55805,8885,1039,49105,40,14495,2166,55,11325,23,8395,1600,94,5766,218,78695,12651,1188,66196,23,2245,4,366,4039,8,1353,4,1094,,,39,4692,4,366,4039,1,0,0,1,1,1,1,1,1,,68,20,5,48076,3902,40211,556,7243,8610
MCO,2018,830000295,830100533,182,66430,10394,1550,50596,21,7665,1266,45,6492,20,7300,1330,228,4586,223,81395,12990,1823,61674,4,542,,,276,10,1662,0,0,,,14,2204,,,276,1,1,1,1,0,1,1,1,1,65,,45,36,28719,2048,27313,417,5911,7863
MCO,2018,830000311,830100566,200,65184,11440,876,69687,51,20523,2522,24,12946,26,9490,1835,64,6864,277,95197,15797,964,89497,9,2477,2,188,7196,8,1115,1,802,,,20,4394,2,188,7196,1,1,1,1,0,1,1,1,1,,,,,34632,2287,70150,0,591,6258
MCO,2018,830000337,830100590,38,13870,2899,321,12995,0,0,0,0,0,15,5475,634,52,2294,53,19345,3533,373,15289,4,147,,,1180,0,0,0,138,,,4,285,,,1180,0,0,0,0,0,1,0,0,0,,,,,2894,350,413,,2004,478
MCO,2018,830000345,830100616,370,128462,25579,5075,115882,141,49160,9740,341,41890,53,19341,4543,358,16153,564,196963,39862,5774,173925,48,1169,,,24226,25,5225,4,640,,,77,7034,,,24226,1,0,1,1,1,1,1,1,1,119,48,6,53,117236,5080,72523,967,4939,33578
MCO,2018,830012688,830012639,,,0,0,0,,,0,0,0,,,0,0,0,,,0,0,0,,0,,,19945,,0,,0,,,,0,,,19945,,,,,,,,,,,,,,,,,,,
MCO,2018,830100103,830000022,17,6205,990,11,9824,72,26280,3544,354,11405,,,0,0,0,89,32485,4534,365,21229,,0,,,17763,30,8958,,0,,,30,8958,,,17763,,,,,,,,,,,,,,60,,770,,,
MCO,2018,830100251,830000063,46,16790,1691,14,11395,54,19606,2298,38,6479,,,0,0,0,100,36396,3989,52,17874,,0,,,3618,27,5621,0,19,,,27,5640,,,3618,,,,,,,,,,,,,,,,,,,
MCO,2018,830100319,830020855,95,34675,6363,522,26067,69,25185,3379,50,15409,,,0,0,0,164,59860,9742,572,41476,,0,,,69,47,7790,,0,,,47,7790,,,69,,,,,,,,,,,,,,,,,,,
MCO,2018,830100327,830000105,,,0,0,0,41,14965,1826,24,5131,,,0,0,0,41,14965,1826,24,5131,,0,,,120,30,6630,,0,,,30,6630,,,120,,,,,,,,,,,,,,,,,,,
MCO,2018,830100368,830000147,,,0,0,0,59,21535,1766,25,7109,,,0,0,0,59,21535,1766,25,7109,,0,,,73,18,4721,,0,,,18,4721,,,73,,,,,,,,,,,,,,186,,,,,
MCO,2018,830100392,830000154,35,12775,2549,256,14027,65,23725,3672,749,7983,0,0,0,0,0,100,36500,6221,1005,22010,0,0,,,254,20,7021,,0,,,20,7021,,,254,0,0,0,0,0,0,0,0,0,,,,,,,,,,
MCO,2018,830100418,830000170,,,0,0,0,16,4776,1273,1,3435,,,0,0,0,16,4776,1273,1,3435,,0,,,0,15,4102,,0,,,15,4102,,,0,,,,,,,,,,,,,,,,,,,
MCO,2018,830100434,830000196,27,9855,2689,10,13204,48,17520,2571,0,7673,27,9855,3248,1755,6544,102,37230,8508,1765,27421,,1,,,5034,40,14955,4,647,,,44,15603,,,5034,,,,,,,,,,,,,,2609,,95,95,,
MCO,2018,830100459,830000212,6,2190,294,6,1330,50,18250,3316,73,8412,,,0,0,0,56,20440,3610,79,9742,,0,,,20,82,12600,,0,,,82,12600,,,20,,,,,,,,,,,,,,,,,,,
MCO,2018,830100475,830000238,,,0,0,0,64,23360,2188,5,7980,,,0,0,0,64,23360,2188,5,7980,,0,,,16,26,4266,,0,,,26,4266,,,16,,,,,,,,,,,,,,,,,,,
MCO,2018,830100558,690781810,25,8783,486,3,4418,51,13709,2212,486,7127,,,0,0,0,76,22492,2698,489,11545,6,1199,,,81,,0,,0,,,6,1199,,,81,1,0,0,0,0,0,1,1,0,,,,,11860,,13563,,,549
MCO,2018,830100574,750821092,195,69160,9971,1172,45809,101,34600,5012,29,30293,,,0,0,0,296,103760,14983,1201,76102,25,318,0,0,11420,15,3433,,0,,,40,3751,0,0,11420,1,1,0,1,1,0,1,0,1,,,,,74161,,74990,1219,,21895
MCO,2018,830100608,830100616,115,41111,6357,1434,39280,,,0,0,0,,,0,0,0,115,41111,6357,1434,39280,1,17,,,199,,0,,336,,,1,353,,,199,1,0,1,1,1,1,1,1,1,190,9,24,21,12002,106,6392,,172,1763
MCO,2018,830100855,830000493,36,13140,951,4,11157,0,0,0,0,0,0,0,0,0,0,36,13140,951,4,11157,,0,,,0,0,0,0,0,0,0,0,0,0,0,0,,,,,,,,,,,,,,,,,,,
MCO,2018,830200523,830210084,22,8030,1539,122,4780,42,15330,901,23,3200,,,0,0,0,64,23360,2440,145,7980,10,1787,,,371,34,2582,,0,,,44,4369,,,371,0,1,1,1,0,0,0,1,1,130,,,,38405,,15796,,,1917
MCO,2018,830213856,830100533,28,10220,919,7,9320,,,0,0,0,,,0,0,0,28,10220,919,7,9320,,0,,,0,,0,,0,,,,0,,,0,0,0,0,0,0,0,0,0,0,,,,,,,,,,
MCO,2018,830215687,830003521,,,0,0,0,,,0,0,0,,,0,0,0,,,0,0,0,,0,,,20677,,0,,0,,,,0,,,20677,0,0,0,0,0,0,0,0,0,,,,,,,,,,
MCO,2018,840000285,840000608,6,2190,254,9,1483,52,18980,1558,0,3494,59,21535,2933,0,10357,117,42705,4745,9,15334,1,1,,,9,26,6626,2,320,,,29,6947,,,9,,,,,,,,,,,,,,,,,,,
MCO,2018,840000327,840000640,3,1095,3,0,49,37,13505,1682,0,7064,,,0,0,0,40,14600,1685,0,7113,0,0,,,2,12,763,,0,,,12,763,,,2,,,,,,,,,,,,,,,,,,,
MCO,2018,840000343,840000012,39,13919,2418,641,11170,,,0,0,0,0,0,47,47,0,39,13919,2465,688,11170,10,847,,,1094,,0,,0,,,10,847,,,1094,0,0,0,1,1,1,1,1,1,,60,30,15,8986,925,1141,,1157,774
MCO,2018,840000350,840000657,86,29560,3658,242,22945,,,0,0,0,,,0,0,0,86,29560,3658,242,22945,2,823,,,73102,,0,,0,,,2,823,,,73102,0,0,0,0,0,0,0,0,0,,,,,41286,,50567,,,46288
MCO,2018,840000392,840000046,89,32485,4723,840,28553,,,0,0,0,26,9490,1644,54,6153,115,41975,6367,894,34706,4,178,0,0,535,2,414,,0,0,0,6,592,0,0,535,1,0,1,0,0,1,0,0,0,80,,,,9897,7740,3727,0,4824,1803
MCO,2018,840000400,840000673,10,3650,228,0,923,65,23725,2082,103,6008,,,0,0,0,75,27375,2310,103,6931,,0,,,0,22,6163,,0,,,22,6163,,,0,,,,,,,,,,,,,,,,,,,
MCO,2018,840000418,840004659,50,18250,4520,1395,18683,10,3650,508,6,2651,18,6570,1366,496,3156,78,28470,6394,1897,24490,7,401,,,1168,5,587,,0,,,12,988,,,1168,1,0,1,1,1,1,1,0,0,65,8,15,,11675,2194,15807,,2220,3173
MCO,2018,840000426,840000061,5,1825,84,1,1259,,,0,0,0,,,0,0,0,5,1825,84,1,1259,,0,,,0,,0,,0,,,,0,,,0,,,,,,,,,,,,,,,,,,,
MCO,2018,840000434,840000079,8,2920,128,1,2478,,,0,0,0,,,0,0,0,8,2920,128,1,2478,,0,,,0,,0,,0,,,,0,,,0,0,0,0,0,0,0,0,0,0,,,,,,,,,,
MCO,2018,840000467,840003651,,,0,0,0,44,16060,2209,171,6191,,,0,0,0,44,16060,2209,171,6191,,0,,,46,19,6755,,0,,,19,6755,,,46,,,,,,,,,,,,,,,,,,,
MCO,2018,840000483,840000087,101,36865,5779,728,34377,39,14235,2155,144,11193,25,9125,1955,481,5410,165,60225,9889,1353,50980,6,133,,,911,10,1369,,0,,,16,1502,,,911,1,1,1,1,1,1,1,1,0,,,,,20648,4924,8031,38,743,4543
MCO,2018,840000491,130041916,34,12410,3617,1425,11928,,,0,0,0,15,5475,963,66,3575,49,17885,4580,1491,15503,2,142,,,41,,0,7,754,,,9,896,,,41,1,1,0,0,0,1,0,0,0,,,9,,13427,737,13974,,3585,778
MCO,2018,840000517,840000103,6,2190,13,0,46,,,0,0,0,,,0,0,0,6,2190,13,0,46,,0,,,0,,0,,0,,,,0,,,0,0,0,0,0,0,0,0,0,0,,,,,,,,,,
MCO,2018,840000525,840000111,33,12045,1842,256,9714,,,0,0,0,,,0,0,0,33,12045,1842,256,9714,,0,,,2,,0,,0,,,,0,,,2,0,0,1,0,1,0,0,1,1,30,180,,60,13076,,7232,,,
MCO,2018,840000533,840000129,25,9125,1543,443,7827,,,0,0,0,,,19,19,0,25,9125,1562,462,7827,,0,,,1,,0,,0,,,,0,,,1,1,0,1,1,1,0,0,1,0,,,,,11414,2045,7776,,102,
MCO,2018,840001861,840006597,484,170218,25469,2198,147681,140,52906,6923,192,35906,65,23725,5230,889,18787,689,246849,37622,3279,202374,24,3991,2,11,24931,23,5863,,0,,,49,9854,2,11,24931,1,1,1,1,1,1,1,1,1,85,132,42,93,103523,3601,108533,867,5406,26232
MCO,2018,840011043,840002844,,,0,0,0,,,0,0,0,,,0,0,0,,,0,0,0,,0,,,18652,,0,,0,,,,0,,,18652,0,0,0,0,0,0,0,0,0,,,,,,,,,,
MCO,2018,840012538,840002844,,,0,0,0,,,0,0,0,,,0,0,0,,,0,0,0,,0,,,806,,0,,0,,,,0,,,806,0,0,0,0,0,0,0,0,0,,,,,,,,,,
MCO,2018,840013312,840003685,77,28105,5950,97,19546,45,16425,2111,46,7636,,,0,0,0,122,44530,8061,143,27182,4,54,,,373,13,2659,,0,,,17,2713,,,373,,,,,,,,,,,,,,,,,,,
MCO,2018,840013445,840014658,,,0,0,0,78,28470,1926,112,3793,,,0,0,0,78,28470,1926,112,3793,,0,,,111,13,18095,,0,,,13,18095,,,111,,,,,,,,,,,,,,,,,,,
MCO,2018,840017172,840017164,10,3650,163,0,1413,82,29930,3106,203,10544,,,0,0,0,92,33580,3269,203,11957,,0,,,173,15,7769,,0,,,15,7769,,,173,0,0,0,0,0,0,0,0,0,,,,,,,,,,
MCO,2018,840017222,840002844,,,0,0,0,,,0,0,0,,,0,0,0,,,0,0,0,,0,,,17037,,0,,0,,,,0,,,17037,0,0,0,0,0,0,0,0,0,,,,,,,,,,
MCO,2018,840017461,840002844,,,0,0,0,,,0,0,0,,,0,0,0,,,0,0,0,,0,,,14966,,0,,0,,,,0,,,14966,,,,,,,,,,,,,,,,,,,
MCO,2018,840018337,840006597,,,0,0,0,18,6154,557,40,2756,,,0,0,0,18,6154,557,40,2756,,0,,,0,2,272,,0,,,2,272,,,0,0,0,0,0,0,0,0,0,0,,,,,2593,1,275,,,1429
MCO,2018,840018774,840002844,,,0,0,0,,,0,0,0,,,0,0,0,,,0,0,0,,0,,,5665,,0,,0,,,,0,,,5665,,,,,,,,,,,,,,,,,,,
MCO,2018,840019079,840019053,,,0,0,0,0,,73,6,221,,,0,0,0,0,,73,6,221,,0,,,0,0,2,,0,,,0,2,,,0,0,0,0,0,0,0,0,0,0,,,,,,,,,,
MCO,2018,850000118,850013244,26,9490,2238,145,11979,72,26280,4286,152,12133,22,8030,655,41,2685,120,43800,7179,338,26797,,0,,,0,46,15018,,0,,,46,15018,,,0,0,0,0,0,0,0,0,0,0,,,,,,,,,,
MCO,2018,850000126,850022948,,,0,0,0,57,20805,2446,0,8501,,,0,0,0,57,20805,2446,0,8501,,0,,,48,27,6564,,0,,,27,6564,,,48,,,,,,,,,,,,,,,,,,,
MCO,2018,850000134,850013269,8,2920,243,2,1728,68,24820,3300,224,11452,,,0,0,0,76,27740,3543,226,13180,,0,,,0,14,5696,,0,,,14,5696,,,0,,,,,,,,,,,,,,,,,,,
MCO,2018,850000142,850000019,393,138452,22998,2195,128093,151,54513,8558,420,38621,57,21085,3997,179,16411,601,214050,35553,2794,183125,31,4478,1,260,61527,36,7665,10,2194,,,78,14337,1,260,61527,1,1,1,1,1,1,1,1,1,180,150,30,150,121326,3784,101378,204,2885,33662
MCO,2018,850000175,850009010,116,42978,6573,517,42984,37,13505,1979,52,9785,16,5840,975,82,3211,169,62323,9527,651,55980,16,2413,,,1641,8,1703,1,184,,,25,4300,,,1641,1,1,1,1,1,1,1,0,1,120,,15,90,30897,3498,31803,,1973,2435
MCO,2018,850000191,850000043,4,1460,325,55,2068,,,0,0,0,,,0,0,0,4,1460,325,55,2068,,0,,,3,,0,,0,,,,0,,,3,0,0,0,0,0,0,0,0,0,,,,,22998,101,,,,
MCO,2018,850000209,850000019,75,27375,3747,546,25298,,,0,0,0,,,0,0,0,75,27375,3747,546,25298,3,392,,,528,5,475,1,62,,,9,929,,,528,1,0,1,1,1,0,1,1,0,110,,,,8201,1465,21688,,1167,1448
MCO,2018,850000225,850000019,60,21900,2780,113,18890,,,0,0,0,,,0,0,0,60,21900,2780,113,18890,2,320,,,208,,0,,0,,,2,320,,,208,0,0,1,1,0,0,0,1,0,70,,,,4103,1239,5924,,2356,481
MCO,2018,850000241,850000084,154,54656,9422,810,50421,4,1460,207,91,396,15,5475,1317,387,3463,173,61591,10946,1288,54280,20,2576,,,3186,,0,,0,,,20,2576,,,3186,1,1,1,0,1,1,1,0,0,130,95,33,,16571,2535,31810,0,2671,2364
MCO,2018,850000647,850025867,18,6570,580,0,5488,0,0,0,0,0,0,0,0,0,0,18,6570,580,0,5488,,0,,,22,,0,,0,,,,0,,,22,0,0,0,0,0,0,0,0,0,,,,,380,,,,,
MCO,2018,850009630,850000035,106,38690,6420,1140,31591,,,0,0,0,19,6935,1298,378,3271,125,45625,7718,1518,34862,3,81,,,454,,0,,0,,,3,81,,,454,1,0,1,0,0,1,1,0,0,,,,,11375,1694,5341,,1802,460
MCO,2018,860000025,860013382,101,35721,6562,670,34185,30,11174,2048,79,8418,16,5718,1209,104,3902,147,52613,9819,853,46505,10,392,0,0,2377,17,2568,3,195,0,0,30,3155,0,0,2377,1,1,0,1,0,1,1,1,1,,,52,0,28484,4809,30962,671,3992,7857
MCO,2018,860000033,860013382,30,11721,1111,19,8789,,,0,0,0,,,0,0,0,30,11721,1111,19,8789,2,4,,,352,,0,0,5,,,2,9,,,352,1,0,0,1,0,0,1,1,0,,,,,9651,1127,12643,,937,2121
MCO,2018,860000058,860014208,35,12537,1965,123,11233,10,3560,437,45,1929,,,0,0,0,45,16097,2402,168,13162,6,57,,,1005,4,910,,0,,,10,967,,,1005,1,0,1,1,1,0,1,1,1,140,40,,85,10186,1451,18663,0,1469,2958
MCO,2018,860000223,860014208,678,247949,40137,5394,226731,257,78584,12871,645,69666,51,23131,3570,169,17288,986,349664,56578,6208,313685,60,13572,,,77752,31,7339,9,664,,,100,21575,,,77752,1,1,1,1,1,1,1,1,1,91,101,60,60,212678,10786,161204,2475,14218,101133
MCO,2018,860010321,860010313,37,13505,1712,65,10031,127,46355,7136,0,24785,,,0,0,0,164,59860,8848,65,34816,0,6255,,,270,44,8414,,0,,,44,14669,,,270,,,,,,,,,,,,,,,,,,,
MCO,2018,860780311,860010750,24,8760,811,95,4554,49,16317,1819,43,5553,,,0,0,0,73,25077,2630,138,10107,6,0,,,0,25,5857,,0,,,31,5857,,,0,,,,,,,,,,,,,,0,,,,,
MCO,2018,860780568,860000140,4,1460,53,3,579,7,2555,1714,44,2728,57,20805,1357,22,5117,68,24820,3124,69,8424,,0,,,39,5,4089,5,148,,,10,4237,,,39,,,,,,,,,,,,,,,,,,,
MCO,2018,870000064,870000015,498,177086,30634,2760,166134,229,78177,10436,362,59272,0,0,0,0,0,727,255263,41070,3122,225406,80,10213,3,437,55958,26,4101,,0,,,109,14314,3,437,55958,1,1,1,1,1,0,1,1,1,90,39,,115,182860,46,184580,1256,4,49829
MCO,2018,870000098,870000023,64,23360,3292,373,19014,25,9125,1393,59,6645,14,5110,496,66,1594,103,37595,5181,498,27253,7,184,,,492,7,2672,,0,,,14,2856,,,492,1,1,1,1,0,1,0,1,1,90,,0,210,25573,545,41861,146,1502,1339
MCO,2018,870000270,870000031,70,25550,2778,82,22963,,,0,0,0,0,,0,0,0,70,25550,2778,82,22963,2,488,,,935,2,444,1,3,,,5,935,,,935,1,1,1,1,1,1,1,1,1,120,,20,60,21382,,30607,162,36,68
MCO,2018,870000288,870017415,201,71909,9994,614,52346,154,54754,9293,201,37310,,,0,0,0,355,126663,19287,815,89656,12,5774,,,10392,37,12557,,0,,,49,18331,,,10392,,,,,,,,,,,,,,,,,,,
MCO,2018,870000403,870014503,11,4015,144,0,3564,,,0,0,0,,,0,0,0,11,4015,144,0,3564,,0,,,0,,0,,0,,,,0,,,0,,,,,,,,,,,,,,,,,,,
MCO,2018,870000411,870017415,6,2190,58,1,599,88,32120,4333,0,17096,28,10220,1219,23,5070,122,44530,5610,24,22765,,0,,,121,24,4687,2,42,,,26,4729,,,121,,,,,,,,,,,,,,,1438,,,,
MCO,2018,870000551,870014503,20,7216,268,3,5825,,,0,0,0,,,0,0,0,20,7216,268,3,5825,2,11,,,67,,0,,0,,,2,11,,,67,0,1,0,0,0,0,1,0,1,,,,180,1626,50,477,,,19
MCO,2018,870000601,870014248,8,2920,194,0,3247,,,0,0,0,,,0,0,0,8,2920,194,0,3247,,0,,,0,,0,,0,,,,0,,,0,0,1,0,0,0,0,1,0,1,,,,181,2552,,,,,
MCO,2018,870001567,870014503,16,5840,249,3,5885,,,0,0,0,,,0,0,0,16,5840,249,3,5885,,0,,,0,,0,,0,,,,0,,,0,0,0,0,0,0,0,0,0,0,,,,,0,,0,,,
MCO,2018,870003514,870000015,0,0,0,0,0,0,0,0,0,0,0,0,0,0,0,0,0,0,0,0,1,1057,0,0,2,0,0,0,0,,,1,1057,0,0,2,0,0,0,0,0,0,0,0,0,,,,,494,1,777,0,1,133
MCO,2018,870014859,870000015,75,26080,4225,566,19701,18,5871,1314,92,3062,72,25845,4417,202,17527,165,57796,9956,860,40290,8,986,0,0,711,7,1446,12,2274,,,27,4706,0,0,711,0,0,0,0,0,1,0,0,1,,,97,138,45317,8373,62345,1,739,20338
MCO,2018,880000021,880007059,207,75055,11834,786,70324,34,12410,1617,46,10674,15,5475,957,67,3346,256,92940,14408,899,84344,27,1193,0,0,17882,8,3073,0,238,0,0,35,4504,0,0,17882,1,0,1,1,1,1,1,0,0,15,90,16,180,37519,1624,43068,4965,1022,9465
MCO,2018,880000039,880780069,18,6570,499,14,5320,,,0,0,0,,,0,0,0,18,6570,499,14,5320,,0,,,4,,0,,0,,,,0,,,4,1,0,1,0,0,1,1,1,1,,,,,5664,374,14686,,431,73
MCO,2018,880000047,880780077,150,52788,7760,959,43203,37,13812,2226,93,9860,14,5110,1143,274,3374,201,71710,11129,1326,56437,10,2001,,,1672,10,2268,0,0,,,20,4269,,,1672,1,1,1,1,1,1,1,1,1,,,,,44019,2992,41818,1,3294,2797
MCO,2018,880000054,880007299,102,39820,6353,777,32583,30,10950,1450,64,6538,10,3650,576,123,1614,142,54420,8379,964,40735,9,906,,,1450,14,2082,,0,,,23,2988,,,1450,1,1,1,1,0,1,0,1,1,61,,11,64,22907,1280,30615,,1775,7629
MCO,2018,880000062,880780093,138,50370,6315,403,44496,55,19873,3083,96,13579,20,7300,1391,216,4467,213,77543,10789,715,62542,15,1263,,,1748,10,2394,,0,,,25,3657,,,1748,1,0,1,1,0,1,1,0,0,,,,,36306,1456,52479,0,1770,7267
MCO,2018,880000070,880007299,28,10220,1548,401,7736,,,0,0,0,,,0,0,0,28,10220,1548,401,7736,5,1161,,,11,,0,,0,,,5,1161,,,11,1,0,1,1,0,1,1,1,0,58,,15,,5804,8,10134,,44,257
MCO,2018,880000179,880780325,8,2720,120,2,2605,,,0,0,0,,,0,0,0,8,2720,120,2,2605,,0,,,0,,0,,0,,,,0,,,0,,,,,,,,,,,,,,,,,,,
MCO,2018,880000187,880780333,8,2920,107,5,2449,,,0,0,0,,,0,0,0,8,2920,107,5,2449,,0,,,0,,0,,0,,,,0,,,0,0,0,0,0,0,,0,0,0,,,,,,,,,,
MCO,2018,880006663,880007059,,,0,0,0,,,0,0,0,,,0,0,0,,,0,0,0,3,1182,,,0,,0,,0,,,3,1182,,,0,,,,,,,,,,,,,,25376,373,17779,0,659,5515
MCO,2018,880788591,880780150,19,6935,446,2,4263,221,80665,6465,351,22754,45,16425,1874,164,6508,285,104025,8785,517,33525,,0,,,18096,28,9641,,0,,,28,9641,,,18096,,,,,,,,,,,,,,,,,,,
MCO,2018,890000169,890000151,17,6205,321,4,2913,74,27010,3986,19,12530,1,365,1,1,0,92,33580,4308,24,15443,14,8,,,1667,33,8943,,0,,,47,8951,,,1667,,,,,,,,,,,,,,,,,,,
MCO,2018,890002389,890000730,11,4015,554,0,4348,35,13505,2225,14,7129,0,0,0,0,0,46,17520,2779,14,11477,0,0,,,1654,28,8084,0,0,,,28,8084,,,1654,,,,,,,,,,,,,,,,,,,
MCO,2018,890975519,890000052,25,9125,301,8,5063,,,0,0,0,,,0,0,0,25,9125,301,8,5063,5,622,,,0,,0,,0,,,5,622,,,0,0,0,0,0,0,0,0,0,0,,,,,,,,,,
MCO,2018,890975527,890000037,254,93070,15043,1074,79696,87,31755,4270,110,26028,58,20120,3646,545,13241,399,144945,22959,1729,118965,18,856,,,14740,14,3228,,0,,,32,4084,,,14740,1,1,1,1,1,1,1,1,1,,,,,70682,5235,69337,723,9893,27211
MCO,2018,890975535,890000409,55,20075,2383,491,15287,,,0,0,0,,,0,0,0,55,20075,2383,491,15287,,0,,,88,,0,,0,,,,0,,,88,1,0,0,1,1,0,1,1,1,,38,,97,3265,787,12446,0,1863,2352
MCO,2018,890975543,890000417,72,26280,3248,464,23302,0,,0,0,0,0,0,82,82,0,72,26280,3330,546,23302,2,82,0,0,41,0,0,0,0,0,0,2,82,0,0,41,1,0,0,0,0,0,0,0,0,,,,,6285,1588,2005,0,140,983
MCO,2018,890975550,890970569,211,77015,9852,715,68095,60,21900,3488,36,16387,26,9490,2320,323,7687,297,108405,15660,1074,92169,14,164,,,12097,11,2980,,0,,,25,3144,,,12097,1,0,1,1,1,1,1,0,0,45,127,56,,48774,3735,45012,109,6310,4997
MCO,2018,890975568,890000433,50,18250,1983,156,16457,,,0,0,0,,,0,0,0,50,18250,1983,156,16457,5,19,,,26,,0,,0,,,5,19,,,26,1,0,0,0,0,0,1,1,1,,,,204,2263,,514,,,120
MCO,2018,900000035,900003880,4,1460,145,0,591,43,15695,3040,48,8936,,,0,0,0,47,17155,3185,48,9527,,0,,,5,46,8595,,0,,,46,8595,,,5,0,0,0,0,0,0,0,0,0,,,,,,,,,,
MCO,2018,900003039,900000365,492,178206,24856,2713,176550,131,47815,7090,132,42510,76,27740,5420,141,22155,699,253761,37366,2986,241215,44,3367,,,18219,41,8970,3,2211,,,88,14548,,,18219,1,1,1,1,1,1,1,1,1,,,,,112342,2446,111585,223,2472,42299
MCO,2018,910000272,910110014,101,36187,6401,1141,32999,32,11680,2723,983,7622,27,9855,2065,220,7457,160,57722,11189,2344,48078,8,654,,,533,6,1094,,0,,,14,1748,,,533,1,1,1,1,0,1,1,0,1,110,,25,75,29414,6527,27058,222,7347,4113
MCO,2018,910000280,910019447,54,19710,3368,247,15753,0,3645,298,73,799,0,,0,0,0,54,23355,3666,320,16552,8,554,,,587,7,866,0,1,,,15,1421,,,587,1,1,1,1,0,1,1,1,1,,,,,17032,1254,19984,0,1451,5772
MCO,2018,910000298,910110055,196,71540,11365,1190,64379,48,17520,2770,87,13962,46,16399,3214,121,11811,290,105459,17349,1398,90152,12,1435,,,3345,7,1566,,731,,,19,3732,,,3345,1,0,1,1,0,1,1,0,1,149,,,,48701,4407,32631,2,4881,17651
MCO,2018,910000306,910110055,119,43435,6242,842,35477,30,10950,1510,45,7071,24,8760,1751,43,6608,173,63145,9503,930,49156,7,1121,,,414,4,1253,1,207,,,12,2581,,,414,1,0,0,1,1,1,0,1,0,,,,,25760,2001,12168,,2135,244
MCO,2018,910001973,910019447,83,30295,3319,255,25833,35,12775,1936,70,11096,20,7300,1584,81,6054,138,50370,6839,406,42983,8,158,,,921,12,1475,0,2,,,20,1635,,,921,1,1,1,1,0,1,1,0,0,,,,,28789,1451,16909,,699,6353
MCO,2018,910002609,910008259,,,0,0,0,,,0,0,0,,,0,0,0,,,0,0,0,,0,,,10794,,0,,0,,,,0,,,10794,0,0,0,0,0,0,0,0,0,,,,,,,,,,
MCO,2018,910015965,920030269,25,8760,421,2,5554,,,0,0,0,,,0,0,0,25,8760,421,2,5554,,0,,,0,,0,,0,,,,0,,,0,0,0,0,0,0,0,0,0,0,,,,,,,,,,
MCO,2018,910018423,910110055,68,24820,2402,332,17387,,,0,0,0,,,0,0,0,68,24820,2402,332,17387,4,160,,,70,,0,,0,,,4,160,,,70,1,0,1,1,0,,0,1,0,92,,,,5813,0,8471,0,0,308
MCO,2018,910020254,910002773,504,182234,24871,1544,158818,90,29530,4626,140,20867,96,35040,7673,714,29490,690,246804,37170,2398,209175,69,7371,1,207,17596,16,3153,0,1140,,,86,11664,1,207,17596,,,,,,,,,,,,,,127954,7114,108448,27,3585,23895
MCO,2018,910100015,750712184,34,12410,515,7,8311,,,0,0,0,,,0,0,0,34,12410,515,7,8311,2,259,,,0,,0,,0,,,2,259,,,0,0,0,0,0,0,0,0,0,0,,,,,2078,,1022,84,,578
MCO,2018,910100023,750712184,41,14965,721,5,12772,,,0,0,0,,,0,0,0,41,14965,721,5,12772,3,767,,,51,,0,,0,,,3,767,,,51,0,0,0,0,0,0,0,0,0,,,,,2910,,1201,479,,472
MCO,2018,910150010,910014919,2,730,220,139,353,,,0,0,0,,,0,0,0,2,730,220,139,353,,0,,,12680,,0,,0,,,,0,,,12680,0,0,1,0,0,0,0,0,0,90,,,,1383,,0,,,
MCO,2018,910150028,750811184,126,45710,4367,250,32482,,,0,0,0,,,0,0,0,126,45710,4367,250,32482,0,60,,,3168,,0,,0,,,0,60,,,3168,1,1,1,1,0,0,1,0,0,126,,,,19830,,12067,,,1434
MCO,2018,910150069,910000033,71,25915,2290,10,23558,,,0,0,0,,,0,0,0,71,25915,2290,10,23558,4,892,,,0,,0,,0,,,4,892,,,0,1,0,0,0,0,0,1,0,0,,,,,1509,,875,600,,
MCO,2018,910300011,910000348,15,5040,221,0,552,45,16425,1355,0,3327,0,0,0,0,0,60,21465,1576,0,3879,15,98,,,79,15,11056,0,0,,,30,11154,,,79,,,,,,,,,,,,,,,,,,,
MCO,2018,910300029,910000355,37,13505,1343,10,8783,,,0,0,0,,,0,0,0,37,13505,1343,10,8783,,0,,,0,,0,,0,,,,0,,,0,,,,,,,,,,,,,,,,,,,
MCO,2018,910300060,920030269,12,4380,209,2,2176,,,0,0,0,,,0,0,0,12,4380,209,2,2176,,0,,,0,,0,,0,,,,0,,,0,0,0,0,0,0,0,0,0,0,,,,,,,,,,
MCO,2018,910300144,910000447,30,10950,2203,471,12660,69,24379,3271,37,12524,17,6205,1190,306,3962,116,41534,6664,814,29146,0,2,,,28188,34,8667,,,,,34,8669,,,28188,,,,,,,,,,,,,,,,,,,
MCO,2018,910300177,910000462,10,3650,375,14,1960,80,29200,4556,372,13705,28,10220,1343,25,5056,118,43070,6274,411,20721,0,0,0,0,0,25,10989,1,111,0,0,26,11100,0,0,0,,,,,,,,,,,,,,,,,,,
MCO,2018,910300219,910003888,97,35405,5837,362,36322,134,48910,6047,83,34327,,,0,0,0,231,84315,11884,445,70649,1,3,,,10734,32,10389,1,34,,,34,10426,,,10734,,,,,,,,,,,,,,,,,,,
MCO,2018,910300300,910000538,79,28835,2766,380,21533,37,13505,949,17,5134,,,0,0,0,116,42340,3715,397,26667,,0,,,1152,7,2617,,0,,,7,2617,,,1152,0,0,0,0,0,0,0,0,0,,,,,,,,,,
MCO,2018,910300326,910000553,24,8760,762,4,3717,,,0,0,0,,,0,0,0,24,8760,762,4,3717,,9,,,3438,,0,,0,,,,9,,,3438,0,0,0,0,0,0,0,0,0,,,,,,,,,,
MCO,2018,910300359,910000587,4,1460,135,0,279,35,12775,470,54,1089,0,0,194,161,82,39,14235,799,215,1450,,0,,,0,25,3805,,0,,,25,3805,,,0,,,,,,,,,,,,,,,,,,,
MCO,2018,910500040,910009539,10,3650,143,1,4021,0,0,0,0,0,0,0,0,0,0,10,3650,143,1,4021,0,0,0,0,0,0,0,0,0,0,0,0,0,0,0,0,0,0,0,0,0,0,0,0,0,0,0,0,0,0,0,0,0,0,0
MCO,2018,910803543,910017615,112,40880,5847,450,36410,85,28000,4044,284,14898,28,10220,1331,35,5759,225,79100,11222,769,57067,0,0,,,20819,22,11965,2,203,,,24,12168,,,20819,,,,,,,,,,,,,,,,,,,
MCO,2018,910805357,910001643,0,0,11,0,47,32,11680,1894,0,6344,22,8030,832,0,3418,54,19710,2737,0,9809,,0,,,146,49,10118,1,163,,,50,10281,,,146,,,,,,,,,,,,,,,,,,,
MCO,2018,910813732,750813321,,,0,0,0,,,0,0,0,,,0,0,0,,,0,0,0,,0,,,12282,,0,,0,,,,0,,,12282,,,,,,,,,,,,,,,,,,,
MCO,2018,920000460,750813321,48,17520,2267,34,13339,25,9125,1918,45,4988,,,0,0,0,73,26645,4185,79,18327,4,704,,,59144,10,2383,,0,,,14,3087,,,59144,0,1,1,1,1,0,1,0,0,,,,,49916,0,45385,0,0,1394
MCO,2018,920000569,920026374,57,20272,1733,13,18997,,,0,0,0,,,0,0,0,57,20272,1733,13,18997,5,568,,,0,,0,,0,,,5,568,,,0,0,0,0,0,0,0,0,0,0,,,,,1656,2,8208,1219,0,6
MCO,2018,920000577,920110020,114,37580,4677,226,31655,0,,0,0,0,24,8760,1567,71,5970,138,46340,6244,297,37625,5,1697,,,428,0,0,0,0,,,5,1697,,,428,1,1,1,1,0,0,1,1,1,,,,,37863,3282,29554,692,3113,19482
MCO,2018,920000585,920026374,93,29109,6026,856,24529,10,3650,768,37,3004,41,14268,3325,206,11909,144,47027,10119,1099,39442,2,369,,,0,2,405,2,555,,,6,1329,,,0,1,0,,,,1,1,0,0,,,,,21059,6736,12315,0,6216,17491
MCO,2018,920000593,920026374,12,4380,253,2,3496,,,0,0,0,,,0,0,0,12,4380,253,2,3496,,0,,,0,,0,,0,,,,0,,,0,0,0,0,0,0,0,0,0,0,,,,,,,,,,
MCO,2018,920000601,920110053,48,17520,1531,18,15107,,,0,0,0,,,0,0,0,48,17520,1531,18,15107,,0,,,0,,0,,0,,,,0,,,0,1,1,1,1,0,0,0,0,0,60,,,,2057,,1277,,,0
MCO,2018,920000619,920009909,49,17885,3986,884,15408,20,6636,770,21,3180,52,18798,4640,551,16143,121,43319,9396,1456,34731,1,6,,,8317,4,770,10,1710,,,15,2486,,,8317,1,1,1,1,0,1,0,1,1,90,,,15,39415,4472,21830,,14858,17100
MCO,2018,920000627,920009909,81,29565,2747,30,26404,0,,0,0,0,0,,0,0,0,81,29565,2747,30,26404,15,2809,,,0,0,0,0,0,,,15,2809,,,0,1,0,1,1,0,0,0,1,0,,,,,2286,,647,,,11
MCO,2018,920000635,920150026,42,15266,1294,17,12265,,,0,0,0,,,0,0,0,42,15266,1294,17,12265,5,277,0,0,24,,0,,0,,,5,277,0,0,24,1,1,1,1,1,1,1,1,1,,,,,18498,,22471,,,254
MCO,2018,920000643,920150034,141,45335,5623,352,35909,42,15107,3440,901,10954,38,16056,2299,0,9581,221,76498,11362,1253,56444,4,1431,,,5310,15,2334,4,37,,,23,3802,,,5310,1,0,1,1,0,1,1,1,1,,,,,48366,5871,8153,,7320,21754
MCO,2018,920000650,920150059,298,108770,18635,1943,103653,139,50735,7050,8,24558,55,20075,4565,23,17948,492,179580,30250,1974,146159,83,4388,,,17610,18,4940,6,1485,,,107,10813,,,17610,1,1,1,1,1,0,1,0,1,61,48,,62,141470,8437,118438,1132,12101,55655
MCO,2018,920000684,920150091,97,35405,4349,151,34835,114,41610,4770,1105,16713,,,0,0,0,211,77015,9119,1256,51548,8,1765,,,0,,0,,0,,,8,1765,,,0,1,0,0,0,0,1,1,0,0,,,,,17911,,33041,,,799
MCO,2018,920100013,750712184,264,96329,15624,2097,84283,102,37230,5114,137,30030,0,0,0,0,0,366,133559,20738,2234,114313,56,7488,0,0,10197,17,4673,0,0,0,0,73,12161,0,0,10197,1,1,1,1,0,1,1,1,1,129,,50,60,162673,0,131776,476,0,
MCO,2018,920100021,750712184,217,79205,14789,2374,74601,76,27740,2897,130,18175,68,24260,5670,320,23897,361,131205,23356,2824,116673,18,4029,,,3556,8,526,10,3203,,,36,7758,,,3556,1,0,0,0,0,1,0,0,0,,,28,,168916,86495,97650,,7690,74705
MCO,2018,920100039,750712184,219,65057,10127,612,66932,155,56575,5775,50,43935,30,10352,2162,449,6251,404,131984,18064,1111,117118,33,4284,,,10440,3,653,2,498,,,38,5435,,,10440,1,1,0,1,0,0,1,1,0,,,,,112788,5543,13453,,2300,
MCO,2018,920100047,750712184,222,80522,10421,1014,64534,28,9060,1571,26,7630,64,24592,5033,225,20292,314,114174,17025,1265,92456,9,2812,0,0,3851,6,1755,1,1104,0,0,16,5671,0,0,3851,1,1,1,1,1,1,1,1,1,106,108,66,51,105305,4378,201508,67894,0,44790
MCO,2018,920100054,750712184,162,59079,4758,283,39192,41,14965,1584,21,9632,0,0,0,0,0,203,74044,6342,304,48824,34,8432,0,0,645,1,3357,0,0,0,0,35,11789,0,0,645,0,0,0,0,1,1,0,0,1,,78,90,,53642,0,46185,0,0,
MCO,2018,920100062,750712184,30,10950,880,7,11191,,,0,0,0,,,0,0,0,30,10950,880,7,11191,12,2470,0,0,0,,0,,647,,,12,3117,0,0,0,0,0,0,0,0,0,0,0,0,,,,,17342,,9874,36,,12999
MCO,2018,920120011,750821092,160,59124,7704,546,47231,91,33215,3514,27,25056,0,0,0,0,0,251,92339,11218,573,72287,14,434,0,0,5057,15,3165,0,0,0,0,29,3599,0,0,5057,1,1,0,1,1,0,1,0,1,,12,,44,62037,0,73733,1786,0,21753
MCO,2018,920300043,920001526,151,55115,8158,428,54777,115,41975,6757,171,26262,58,21170,4025,0,15727,324,118260,18940,599,96766,2,28,,,24162,55,25135,2,430,,,59,25593,,,24162,,,,,,,,,,,,,,,,,,,
MCO,2018,920300183,920000759,,,0,0,0,15,4950,768,0,1559,,,0,0,0,15,4950,768,0,1559,,0,,,0,28,12717,,0,,,28,12717,,,0,,,,,,,,,,,,,,,,,,,
MCO,2018,920300191,920000767,5,1680,37,0,110,60,20160,1882,2,4632,,,0,0,0,65,21840,1919,2,4742,,0,,,61,19,7972,,0,,,19,7972,,,61,,,,,,,,,,,,,,,,,,,
MCO,2018,920300266,920000940,24,8760,998,0,5538,,,0,0,0,,,0,0,0,24,8760,998,0,5538,5,469,,,40,,0,,0,,,5,469,,,40,,,,,,,,,,,,,,,,,,,
MCO,2018,920300365,920815388,0,,50,1,62,37,13505,2118,224,4045,0,,1,0,1,37,13505,2169,225,4108,0,1783,0,0,0,31,6845,0,154,,,31,8782,0,0,0,,,,,,,,,,,,,,,,,,,
MCO,2018,920300415,920000890,28,10220,684,3,7392,50,18250,1097,8,3487,23,8395,1081,7,4042,101,36865,2862,18,14921,15,2089,,,19333,19,3602,,0,,,34,5691,,,19333,,,,,,,,,,,,,,,,,,,
MCO,2018,920300597,920000940,43,15695,1761,0,14482,51,18615,2887,0,9829,,,32,31,1,94,34310,4680,31,24312,21,5667,,,2146,21,5099,,0,,,42,10766,,,2146,,,,,,,,,,,,,,,,,,,
MCO,2018,920300712,920810736,,,0,0,0,19,6935,1543,0,1832,,,0,0,0,19,6935,1543,0,1832,,0,,,0,37,8398,,0,,,37,8398,,,0,,,,,,,,,,,,,,,,,,,
MCO,2018,920300753,920810736,68,24820,2207,43,17113,130,47450,9440,41,35475,,,0,0,0,198,72270,11647,84,52588,,0,,,10721,10,3870,,0,,,10,3870,,,10721,,,,,,,,,,,,,,,,,,,
MCO,2018,920300761,920000973,29,10585,939,2,8625,35,12775,2853,0,7079,,,0,0,0,64,23360,3792,2,15704,15,20,,,7292,34,10002,,0,,,49,10022,,,7292,,,,,,,,,,,,,,,,,,,
MCO,2018,920300787,920000981,70,25550,3505,3,25116,54,18250,2207,0,7876,15,5475,736,41,3044,139,49275,6448,44,36036,2,3477,1,58,12349,19,1815,6,2062,,,28,7354,1,58,12349,,,,,,,,,,,,,,,,,,,
MCO,2018,920300837,920001005,3,0,0,0,0,29,10585,1058,6,2716,0,0,0,0,0,32,10585,1058,6,2716,9,2881,0,0,11752,25,5670,0,43,0,0,34,8594,0,0,11752,,,,,,,,,,,,,,,,,,,
MCO,2018,920300845,780020715,32,11680,474,10,7717,,,0,0,0,,,0,0,0,32,11680,474,10,7717,5,128,,,0,,0,,0,,,5,128,,,0,0,0,0,0,0,0,0,0,0,,,,,,,,,,
MCO,2018,920300936,920006848,14,5110,1307,0,10592,56,14483,1952,9,10005,,,0,0,0,70,19593,3259,9,20597,4,1510,,,0,14,1586,,0,,,18,3096,,,0,0,0,0,0,0,0,0,0,0,,,,,,,,,,
MCO,2018,920301033,920001062,9,1930,302,4,1010,,,0,0,0,,,0,0,0,9,1930,302,4,1010,,0,,,6300,,0,,0,,,,0,,,6300,,,,,,,,,,,,,,,,,,,
MCO,2018,920803798,920002037,23,8395,48,0,1207,,,0,0,0,,,0,0,0,23,8395,48,0,1207,,0,,,0,,0,,0,,,,0,,,0,,,,,,,,,,,,,,,,,,,
MCO,2018,930000286,930021480,259,92981,13807,784,83407,51,17970,2920,339,12191,43,15672,3662,606,12039,353,126623,20389,1729,107637,14,1759,,,11973,10,3901,,0,,,24,5660,,,11973,1,0,1,1,1,1,1,1,1,38,35,30,22,78097,10740,98383,59,4995,45181
MCO,2018,930000294,930021480,14,5110,296,8,3944,,,0,0,0,,,0,0,0,14,5110,296,8,3944,,0,,,0,,0,,0,,,,0,,,0,0,0,0,0,0,0,0,0,0,38,35,,22,,,,,,
MCO,2018,930000302,930110036,246,88059,9557,648,69882,50,18250,2086,48,9724,65,23725,4672,76,21166,361,130034,16315,772,100772,7,965,,,12190,9,2509,3,764,,,19,4238,,,12190,,,,,,,,,,27,,29,15,70773,,24984,2780,21450,17100
MCO,2018,930000328,930110051,260,93410,11995,1832,74255,61,20870,5263,2373,14628,94,34245,7823,1471,30236,415,148525,25081,5676,119119,24,2300,,,2317,23,0,8,1195,,,55,3495,,,2317,1,1,1,1,1,1,1,1,1,,60,30,30,86212,15163,49030,209,5362,29612
MCO,2018,930000336,930110069,265,96725,12963,406,90004,68,17680,3507,282,18059,56,18967,4905,142,20113,389,133372,21375,830,128176,34,2205,,,5286,19,4248,5,723,,,58,7176,,,5286,1,1,1,1,1,1,1,1,1,,,1,,,,,,,
MCO,2018,930100011,750712184,62,22630,1367,15,18145,,,0,0,0,,,0,0,0,62,22630,1367,15,18145,5,1698,,,0,,0,,0,,,5,1698,,,0,1,1,1,0,1,0,0,0,1,38,45,,33,2588,,1379,,,555
MCO,2018,930100037,750712184,322,107677,16232,1079,112748,98,34763,4556,311,27839,,,0,0,0,420,142440,20788,1390,140587,75,7794,,,15371,18,3093,6,737,,,99,11624,,,15371,1,1,1,1,1,0,1,1,1,,,,,123474,1,67226,,,68066
MCO,2018,930100045,750712184,116,42340,8101,693,36928,0,,0,0,0,52,18854,4174,160,18472,168,61194,12275,853,55400,38,5590,,,955,1,7,17,2560,,,56,8157,,,955,0,1,1,1,0,0,1,1,,33,,,,61164,8685,35045,1,7489,75149
MCO,2018,930150032,930000815,,,0,0,0,,,0,0,0,30,10220,1507,17,5966,30,10220,1507,17,5966,,0,,,0,,0,4,887,,,4,887,,,0,0,0,1,0,0,0,0,0,0,15,,,,10753,9258,3263,,989,
MCO,2018,930300025,930000393,102,36501,4701,531,31718,65,22598,2351,0,10916,30,10950,853,54,3445,197,70049,7905,585,46079,0,1,,,20630,33,5922,0,0,,,33,5923,,,20630,0,,,,,,,,,,,,,,,,,,
MCO,2018,930300066,930000401,63,22995,2863,22,17943,51,18615,2610,179,8620,,,0,0,0,114,41610,5473,201,26563,14,4752,,,38358,14,4208,,0,,,28,8960,,,38358,,,,,,,,,,,,,,,,,,,
MCO,2018,930300082,930000419,60,21900,1694,12,14643,35,12775,2220,21,9016,,,0,0,0,95,34675,3914,33,23659,,0,,,1575,35,11205,,0,,,35,11205,,,1575,,,,,,,,,,,,,,,,,,,
MCO,2018,930300116,930000427,71,25825,1714,11,19078,39,13600,3413,256,10447,47,17155,2777,29,11911,157,56580,7904,296,41436,16,4133,,,1594,33,6014,2,313,,,51,10460,,,1594,,,,,,,,,,,,,,,,,,,
MCO,2018,930300264,930000492,0,,0,0,0,36,13140,919,7,2913,0,,0,0,0,36,13140,919,7,2913,0,0,,,0,15,3068,0,0,,,15,3068,,,0,0,0,0,1,0,0,0,0,0,,,,,,,,,,
MCO,2018,930300298,930025523,4,1460,26,0,339,51,18615,1993,174,5897,30,10950,1800,293,5898,85,31025,3819,467,12134,,0,,,1,21,8572,1,86,,,22,8658,,,1,0,0,0,0,0,0,0,0,0,,,,,,,,,,
MCO,2018,930300553,930000633,73,18419,3139,277,24294,60,13862,2938,42,12059,31,10024,2094,50,9654,164,42305,8171,369,46007,1,24,,,1961,23,8360,1,194,,,25,8578,,,1961,1,0,1,1,1,1,1,1,1,15,15,15,15,,,,,,
MCO,2018,930300587,930000641,17,5610,439,3,3204,31,10447,659,1,1710,0,0,0,0,0,48,16057,1098,4,4914,1,1,,,19905,53,5706,0,0,,,54,5707,,,19905,1,0,1,1,0,0,1,0,1,,,,,,,,,,
MCO,2018,930300595,930000658,41,14245,1804,34,14888,49,17075,4599,1957,10254,0,4095,441,10,1808,90,35415,6844,2001,26950,0,1,,,19848,24,7498,0,233,,,24,7732,,,19848,,,,,,,,,,,,,,,,,,,
MCO,2018,930300645,930000682,104,35908,9032,106,49597,100,36500,2121,56,10638,,,0,0,0,204,72408,11153,162,60235,,0,,,5,8,5300,,0,,,8,5300,,,5,,,,,,,,,,,,,,,,,,,
MCO,2018,930706239,930110051,32,11480,832,16,9779,,,0,0,0,,,0,0,0,32,11480,832,16,9779,2,106,,,4,,0,,0,,,2,106,,,4,0,0,0,0,0,0,0,0,0,,,,,3120,,200,,,
MCO,2018,930817333,930817325,,,0,0,0,,,0,0,0,,,0,0,0,,,0,0,0,,0,,,33010,,0,,0,,,,0,,,33010,0,0,0,0,0,0,0,0,0,,,,,,,,,,
MCO,2018,940000573,940110018,264,94784,12166,793,79513,62,20866,5699,352,14887,90,31442,6486,414,28601,416,147092,24351,1559,123001,41,4749,2,291,24064,30,6556,7,948,,,80,12253,2,291,24064,1,1,1,1,1,1,1,1,1,,,,,132835,23675,118773,47,17174,84005
MCO,2018,940000599,940110042,283,103295,12347,746,73248,72,26280,4968,296,26627,48,17520,4332,151,17356,403,147095,21647,1193,117231,22,6956,,,1145,20,0,,0,,,42,6956,,,1145,1,0,1,1,1,1,1,1,1,,,,,,,,,,
MCO,2018,940000649,940150014,196,70920,13809,2728,66565,66,23408,2954,137,14144,,,0,0,0,262,94328,16763,2865,80709,23,1976,,,3189,13,2040,,0,,,36,4016,,,3189,1,1,1,1,1,1,1,1,1,120,110,45,150,47478,,35930,,,12836
MCO,2018,940000656,940160013,54,19041,908,0,13363,,,0,0,0,,,0,0,0,54,19041,908,0,13363,29,56,,,8227,,0,,0,,,29,56,,,8227,1,0,1,0,0,0,0,0,0,,,,,1540,0,76,,0,196
MCO,2018,940000664,940160013,216,76819,10914,165,71282,147,50343,7695,92,43693,,,0,0,0,363,127162,18609,257,114975,5,4843,,,95967,14,4055,,0,,,19,8898,,,95967,0,0,0,0,0,0,0,0,0,,,,,140839,0,65783,225,0,59980
MCO,2018,940006679,940017338,29,10585,1189,15,7596,48,17520,2649,112,7193,40,14600,2144,39,8173,117,42705,5982,166,22962,,1,,,12734,48,10513,,61,,,48,10575,,,12734,,,,,,,,,,,,,,,,,,,
MCO,2018,940016868,940016819,15,4745,580,8,7224,0,0,0,0,0,50,18250,4373,389,13004,65,22995,4953,397,20228,2,187,,,15119,0,0,2,590,,,4,777,,,15119,0,0,0,0,0,0,0,0,0,,,,,20327,15650,13684,,1990,812
MCO,2018,940100027,750712184,553,192100,25267,930,177123,294,104806,10838,130,67662,,,0,0,0,847,296906,36105,1060,244785,90,14193,,,40313,12,3009,,0,,,102,17202,,,40313,1,1,1,1,1,0,0,1,1,49,73,,20,174281,,110069,9133,,82565
MCO,2018,940100035,750712184,132,48180,4388,51,41550,,,0,0,0,,,0,0,0,132,48180,4388,51,41550,3,1073,0,,406,,0,,0,,,3,1073,0,,406,0,1,0,0,1,0,0,0,1,,,,,5469,,9788,4213,,351
MCO,2018,940100043,750712184,558,203670,27160,1498,175595,220,80300,8327,403,46310,59,21535,5032,322,20799,837,305505,40519,2223,242704,78,11936,,,16839,8,3719,12,2353,,,98,18008,,,16839,1,0,1,1,1,1,1,1,1,97,113,38,33,320680,13361,168079,1989,1789,178334
MCO,2018,940100050,750712184,66,20440,1562,10,20432,,,0,0,0,,,0,0,0,66,20440,1562,10,20432,4,1379,,,0,,0,,0,,,4,1379,,,0,0,0,0,0,1,0,0,0,1,,,,15,4452,,3127,40,,2009
MCO,2018,940100068,750712184,179,65335,4951,62,56522,34,12410,1263,49,8173,,,0,0,0,213,77745,6214,111,64695,38,6304,,,6094,5,830,0,0,,,43,7134,,,6094,0,0,0,1,0,0,0,0,0,,,,,54760,0,21719,30,,12200
MCO,2018,940120017,750821092,143,52195,7861,567,40695,48,21120,3374,98,14905,0,0,28,27,1,191,73315,11263,692,55601,22,2410,,,3382,18,2888,0,0,,,40,5298,,,3382,1,1,1,1,0,0,1,1,1,166,,,,98279,757,77120,2084,235,32744
MCO,2018,940300031,940000706,63,22715,2367,65,16233,66,22816,4120,55,14505,0,0,4,4,0,129,45531,6491,124,30738,,0,,,18911,60,17122,,0,,,60,17122,,,18911,0,0,0,0,0,0,0,0,0,,,,,,,,,,
MCO,2018,940300163,920030269,20,7300,402,0,4892,,,0,0,0,,,0,0,0,20,7300,402,0,4892,,0,,,0,,0,,0,,,,0,,,0,0,0,0,0,0,0,0,0,0,,,,,,,,,,
MCO,2018,940300270,940000771,47,17155,2303,149,17802,62,22320,4094,133,12730,34,12240,2216,10,8780,143,51715,8613,292,39312,0,0,0,0,16743,36,9984,3,134,0,0,39,10118,0,0,16743,,,,,,,,,,,,,,,,,,,
MCO,2018,940300379,940000805,23,8395,701,4,6540,44,16060,1893,13,6813,20,7300,1036,145,3276,87,31755,3630,162,16629,0,0,,,0,19,5226,0,0,,,19,5226,,,0,,,,,,,,,,,,,,,,,,,
MCO,2018,940300445,940000854,36,13140,1799,136,9383,30,10950,940,0,3251,,,0,0,0,66,24090,2739,136,12634,,0,,,18645,16,4248,,0,,,16,4248,,,18645,,,,,,,,,,,,,,,,,,,
MCO,2018,940300452,940000862,40,14600,2191,0,8618,,,0,0,0,,,0,0,0,40,14600,2191,0,8618,,0,,,0,,0,,0,,,,0,,,0,,,,,,,,,,,,,,,,,,,
MCO,2018,940300494,940000896,20,7300,804,5,5746,57,20805,1553,14,6061,,,0,0,0,77,28105,2357,19,11807,,1,,,31397,23,4855,,0,,,23,4856,,,31397,1,1,1,1,1,0,1,1,1,90,30,,90,,,,,,
MCO,2018,940300551,940000912,6,2190,212,30,1674,17,6205,167,32,190,28,10220,1827,40,6891,51,18615,2206,102,8755,0,0,0,0,60,10,1916,1,173,,,11,2089,0,0,60,,,,,,,,,,,,,,,,,,,
MCO,2018,940300569,940000912,61,22265,2815,341,17626,33,12045,1857,251,5453,0,,0,0,0,94,34310,4672,592,23079,,0,,,2,15,4491,,0,,,15,4491,,,2,,,,,,,,,,,,,,,,,,,
MCO,2018,940806490,750810798,16,5840,353,6,4424,,,0,0,0,,,0,0,0,16,5840,353,6,4424,,0,,,0,,0,,0,,,,0,,,0,1,0,0,1,0,0,1,0,0,,,,,,,,,,
MCO,2018,940813033,940001894,4,1460,66,3,419,39,14235,2684,19,5799,0,,0,0,0,43,15695,2750,22,6218,,0,,,271,31,12565,,0,,,31,12565,,,271,,,,,,,,,,,,,,,,,,,
MCO,2018,950000307,950110015,317,115705,19604,2721,105255,48,17475,2819,109,12921,55,19619,4098,100,16991,420,152799,26521,2930,135167,24,4119,,,17963,16,1750,3,1070,,,43,6939,,,17963,1,1,1,1,1,1,1,1,1,,,,,97210,10049,52700,661,8887,15554
MCO,2018,950000315,950001370,139,48645,6745,681,41714,25,8221,1040,85,5353,26,9490,1493,6,6409,190,66356,9278,772,53476,9,636,,,205,6,632,0,428,,,15,1696,,,205,1,1,1,1,1,1,1,0,1,,,,,28809,2496,18911,3,3955,3322
MCO,2018,950000323,950013870,272,99280,14143,808,82427,69,25185,3921,224,17892,48,17520,4103,75,15986,389,141985,22167,1107,116305,27,4869,,,3552,16,3553,2,1338,,,45,9760,,,3552,1,1,1,0,1,1,0,0,1,73,60,34,32,67309,8268,63837,92,6266,11707
MCO,2018,950000331,950110049,309,112785,15548,1065,90488,45,16425,2850,138,11432,50,18250,4930,848,15918,404,147460,23328,2051,117838,30,4047,6,978,2973,11,3166,3,428,0,0,50,7641,6,978,2973,1,1,1,1,1,1,1,1,1,,79,44,67,94606,3687,59572,424,2306,24410
MCO,2018,950000349,950015289,26,9490,1139,192,8338,,,0,0,0,,,0,0,0,26,9490,1139,192,8338,,0,,,0,,0,,0,,,,0,,,0,0,1,1,1,0,0,1,0,1,120,,,90,3526,,5630,,,340
MCO,2018,950000364,950110080,409,146373,19387,1717,115953,92,33580,5921,308,24829,85,30814,6499,184,27754,586,210767,31807,2209,168536,18,3462,,,26866,20,4387,12,1958,,,50,9807,,,26866,1,1,1,1,1,1,1,1,1,,,,,71530,7442,30940,476,7501,27905
MCO,2018,950000406,950150037,20,7300,577,2,7362,,,0,0,0,,,0,0,0,20,7300,577,2,7362,,0,,,0,,0,,0,,,,0,,,0,,,,,,,,,,,,,,,,,,,
MCO,2018,950032714,950000471,,,0,0,0,,,0,0,0,,,0,0,0,,,0,0,0,,0,0,0,0,34,11047,0,0,0,0,34,11047,0,0,0,0,0,0,0,0,0,0,0,0,,,,,,,207,,,
MCO,2018,950300095,950000455,14,5110,288,0,2936,42,15330,1040,0,4285,,,0,0,0,56,20440,1328,0,7221,,0,,,21719,20,4644,0,9,,,20,4653,,,21719,,,,,,,,,,,,,,,,,,,
MCO,2018,950300152,920030269,16,5840,284,2,2517,,,0,0,0,,,0,0,0,16,5840,284,2,2517,,0,,,0,,0,,0,,,,0,,,0,0,0,0,0,0,0,0,0,0,,,,,,,,,,
MCO,2018,950300202,950000521,5,1825,18,0,197,55,20075,3419,14,10143,25,9125,870,22,3620,85,31025,4307,36,13960,,0,0,0,30,30,11800,,0,0,0,30,11800,0,0,30,0,0,0,0,0,0,0,0,0,,,,,,,,,,
MCO,2018,950300244,950000539,61,22265,2385,517,12092,53,19345,2814,0,9716,,,0,0,0,114,41610,5199,517,21808,12,407,,,6625,61,17949,,0,,,73,18356,,,6625,,,,,,,,,,,,,,,,,,,
MCO,2018,950300277,950000547,50,18250,1796,545,8107,50,16500,2386,6,11300,38,13870,2532,582,8433,138,48620,6714,1133,27840,,0,,,26193,45,10566,,0,,,45,10566,,,26193,,,,,,,,,,,,,,,,,,,
MCO,2018,950300301,950000562,18,6116,616,6,6083,,,0,0,0,,,0,0,0,18,6116,616,6,6083,,0,,,225,,0,,0,,,,0,,,225,,,,,,,,,,,,,,,,,,,
MCO,2018,950300350,950015438,15,5475,496,20,4346,9,3033,251,27,397,0,0,3,3,0,24,8508,750,50,4743,0,0,0,0,7106,18,3122,0,0,0,0,18,3122,0,0,7106,,,,,,,,,,,,,,171,,317,0,,
MCO,2018,950630012,750721334,5,1825,252,0,1252,,,0,0,0,,,0,0,0,5,1825,252,0,1252,,0,,,0,,0,,0,,,,0,,,0,0,0,0,0,0,0,0,0,0,,,,,,,,,,
MCO,2018,950807982,950001636,25,9125,1568,167,10446,67,24455,4337,114,13909,36,13140,2642,69,10194,128,46720,8547,350,34549,8,8580,,,12130,38,9377,0,168,,,46,18125,,,12130,,,,,,,,,,,,,,,,,,,
MCO,2018,970100012,970100103,67,12025,2437,5,9362,6,2100,751,32,1979,19,6916,1421,85,4501,92,21041,4609,122,15842,,0,,,31,28,5764,2,120,,,30,5884,,,31,0,0,0,0,0,0,0,0,0,,,,,,,,,,
MCO,2018,970100020,970100152,58,21170,5966,4212,6988,,,0,0,0,,,0,0,0,58,21170,5966,4212,6988,10,2884,,,157,,0,,0,,,10,2884,,,157,,,,,,,,,,,,,,,,,,,
MCO,2018,970100111,970100343,,,0,0,0,,,0,0,0,,,0,0,0,,,0,0,0,,0,,,4746,,0,,0,,,,0,,,4746,,,,,,,,,,,,,,,,,,,
MCO,2018,970100137,970100368,15,5475,350,1,1906,,,0,0,0,,,0,0,0,15,5475,350,1,1906,10,95,,,1,,0,,0,,,10,95,,,1,1,0,0,0,0,0,0,0,0,,,,,245,,,,,
MCO,2018,970100384,970100160,10,3650,995,311,1949,,,0,0,0,,,0,0,0,10,3650,995,311,1949,,0,,,0,,0,,0,,,,0,,,0,1,0,1,1,0,0,0,0,1,,,,,,,,,,
MCO,2018,970100392,970100178,138,50370,5167,155,36964,40,14600,1612,26,8138,20,7300,1412,64,6362,198,72270,8191,245,51464,14,671,,,1562,10,1846,2,266,,,26,2783,,,1562,1,0,0,1,1,1,0,0,1,,22,25,43,49667,4026,,,,
MCO,2018,970100400,970100186,37,13505,2236,208,9558,17,6205,877,46,4055,17,6205,962,40,3070,71,25915,4075,294,16683,3,1600,0,0,101,6,0,0,101,0,0,9,1701,0,0,101,0,0,1,0,1,1,0,0,0,10,30,10,,13121,1931,1743,0,1037,1353
MCO,2018,970100426,970100202,17,6205,1083,372,4491,,,0,0,0,,,0,0,0,17,6205,1083,372,4491,2,15,,,8,,0,,0,,,2,15,,,8,1,1,0,0,0,0,0,0,1,,,,23,2069,1735,2525,,1510,512
MCO,2018,970100442,970100228,274,95655,11049,494,81491,124,36470,4196,160,21964,0,0,0,0,0,398,132125,15245,654,103455,27,4925,2,260,17946,,0,0,0,,,29,4925,2,260,17946,1,1,1,1,1,1,1,1,1,,,,,130389,,522562,689,,
MCO,2018,970102596,970100491,27,9855,976,0,3857,,,0,0,0,,,0,0,0,27,9855,976,0,3857,5,1158,,,47255,,0,,0,,,5,1158,,,47255,,,,,,,,,,,,,,,,,,,
MCO,2018,970103099,970100525,24,8760,503,1,3250,,,0,0,0,,,0,0,0,24,8760,503,1,3250,,0,,,0,,0,,0,,,,0,,,0,,,,,,,,,,,,,,,,,,,
MCO,2018,970107249,970100731,25,9125,2120,0,8525,100,36500,5238,0,19189,26,9490,3458,1856,6017,151,55115,10816,1856,33731,8,3198,0,0,229,34,11927,,0,,,42,15125,0,0,229,0,0,0,0,0,0,0,0,0,,,,,,,,,,
MCO,2018,970111571,970100343,,,0,0,0,,,0,0,0,,,0,0,0,,,0,0,0,,0,,,18863,,0,,0,,,,0,,,18863,,,,,,,,,,,,,,,,,,,
MCO,2018,970111662,970111654,,,0,0,0,,,0,0,0,,,0,0,0,,,0,0,0,,0,,,4182,,0,,0,,,,0,,,4182,,,,,,,,,,,,,,,,,,,
MCO,2018,970111688,970111654,,,0,0,0,,,0,0,0,,,0,0,0,,,0,0,0,,0,,,760,,0,,0,,,,0,,,760,,,,,,,,,,,,,,,,,,,
MCO,2018,970112835,970100228,,,0,0,0,,,0,0,0,27,9855,2188,52,6891,27,9855,2188,52,6891,,0,,,0,,0,4,1423,,,4,1423,,,0,,,,,,,,,,,,,,,,,,,
MCO,2018,970112850,970100228,,,0,0,0,25,9125,806,30,4223,0,0,0,0,0,25,9125,806,30,4223,,0,,,0,22,1201,0,0,,,22,1201,,,0,,,,,,,,,,,,,,,,,,,
MCO,2018,970200036,970202156,40,14600,1064,18,6554,,,0,0,0,,,0,0,0,40,14600,1064,18,6554,,0,,,0,,0,,0,,,,0,,,0,0,0,1,0,0,0,0,0,0,,,,,995,,432,,,531
MCO,2018,970200044,970202164,32,11680,539,5,6715,,,0,0,0,,,0,0,0,32,11680,539,5,6715,,0,,,0,,0,,0,,,,0,,,0,0,0,0,0,0,0,0,0,0,,,,,,,,,,
MCO,2018,970202313,970200168,20,5475,743,2,2195,45,18250,2693,6,10384,18,6570,1052,6,4299,83,30295,4488,14,16878,,0,,,0,18,13202,,0,,,18,13202,,,0,,,,,,,,,,,,,,,,,,,
MCO,2018,970202321,970210423,24,8760,961,0,8300,21,7245,1695,751,3602,0,,157,0,842,45,16005,2813,751,12744,,0,,,33,20,2261,,0,,,20,2261,,,33,,,,,,,,,,,,,,,,,,,
MCO,2018,970203774,970203766,,,0,0,0,,,0,0,0,,,0,0,0,,,0,0,0,,0,,,16682,,0,,0,,,,0,,,16682,,,,,,,,,,,,,,,,,,,
MCO,2018,970209219,970209169,,,0,0,0,,,0,0,0,,,0,0,0,,,0,0,0,,0,,,13232,,0,,0,,,,0,,,13232,0,0,0,0,0,0,0,0,0,,,,,,,,,,
MCO,2018,970211215,970211207,246,89790,11936,288,85179,158,57670,8106,784,44644,,,0,0,0,404,147460,20042,1072,129823,26,1487,,,6114,6,1529,,0,,,32,3016,,,6114,1,1,1,1,1,0,1,1,1,,,,,75222,1,89584,331,,18238
MCO,2018,970211223,970211207,89,32485,4693,596,25695,,,0,0,0,20,7300,1169,238,3443,109,39785,5862,834,29138,12,47,,,54,,0,2,190,,,14,237,,,54,1,0,1,1,1,1,0,1,1,,,,,14454,914,24647,,464,2116
MCO,2018,970211231,970211207,60,21900,1069,17,13761,56,20440,1954,30,7691,,,0,0,0,116,42340,3023,47,21452,9,885,,,34091,24,2576,,0,,,33,3461,,,34091,0,0,0,0,0,0,0,0,1,,,,,32645,,22093,37,72,18511
MCO,2018,970211249,970211207,19,6935,1114,5,4411,,,0,0,0,,,0,0,0,19,6935,1114,5,4411,12,11,,,24990,,0,,0,,,12,11,,,24990,0,0,0,0,0,0,0,0,0,,,,,10530,,6,,,14
MCO,2018,970211256,970211207,78,28470,4249,963,21105,10,3650,758,70,2579,61,22265,4019,363,15857,149,54385,9026,1396,39541,8,443,,,378,4,441,5,1999,,,17,2883,,,378,1,0,1,0,0,1,0,0,1,,,,,26355,5669,30952,,4205,26430
MCO,2018,970300026,970302022,224,81136,10700,2421,73998,67,22995,2630,65,19330,111,40515,6718,755,38448,402,144646,20048,3241,131776,18,2929,,,15787,7,504,,0,,,25,3433,,,15787,1,1,1,1,1,1,1,1,1,7,90,120,8,58752,3422,25653,196,2500,20217
MCO,2018,970300083,970302121,68,22000,2832,120,21992,20,6570,1081,139,6077,56,17710,4096,81,15429,144,46280,8009,340,43498,9,399,,,336,10,134,1,185,,,20,718,,,336,1,0,1,0,0,1,0,0,1,,,,,14203,51,11920,792,4988,5836
MCO,2018,970302055,970303285,17,6205,215,2,1222,19,6935,604,5,1808,11,4015,14,0,54,47,17155,833,7,3084,4,15,,,11255,14,2833,4,60,,,22,2908,,,11255,0,0,0,0,0,0,0,0,0,,,,,,,,,,
MCO,2018,970302071,970304739,10,3650,85,0,662,,,0,0,0,,,0,0,0,10,3650,85,0,662,1,1,,,0,,0,,0,,,1,1,,,0,0,0,0,0,0,0,0,0,0,,,,,,,,,,
MCO,2018,970305637,970305629,48,17520,2175,220,10405,26,9490,1386,76,5589,18,6570,1442,95,5707,92,33580,5003,391,21701,5,8,,,250,5,875,3,438,,,13,1321,,,250,,,0,,0,1,,,0,,,15,,21664,3732,22954,,5572,5556
MCO,2018,970400024,970408589,401,145757,19896,1793,125315,102,37830,5421,384,30014,57,21594,4006,214,16475,560,205181,29323,2391,171804,49,5517,4,602,17098,16,3829,2,681,,,71,10027,4,602,17098,1,1,1,1,1,1,1,1,1,90,65,,,107993,3787,59092,672,546,36604
MCO,2018,970400057,970408589,333,118056,20933,2222,98965,122,44710,7047,284,32700,99,36135,6488,155,30289,554,198901,34468,2661,161954,39,4938,3,249,36778,17,4199,7,923,,,66,10060,3,249,36778,1,1,1,1,1,1,1,1,1,25,,,,101631,7169,68156,60,8420,36082
MCO,2018,970400065,970421038,157,57305,11543,1583,52415,32,11680,2428,176,10380,37,13505,2926,181,10475,226,82490,16897,1940,73270,8,743,0,0,609,7,1422,5,628,0,0,20,2793,0,0,609,1,1,1,1,1,1,1,1,0,60,60,45,,36972,4669,22733,0,3978,13413
MCO,2018,970400073,970403606,119,41020,9250,1445,32886,27,9678,1272,169,5359,36,12477,2368,376,7558,182,63175,12890,1990,45803,5,37,,,12276,16,3046,,0,,,21,3083,,,12276,1,1,1,0,1,1,1,1,0,15,40,40,,27098,721,5192,,5349,1878
MCO,2018,970400081,970408589,47,17155,1821,19,14051,,,0,0,0,,,0,0,0,47,17155,1821,19,14051,,0,,,0,,0,,0,,,,0,,,0,0,0,0,0,0,0,0,0,0,,,,,2280,,3,,,
MCO,2018,970400099,970408589,15,5475,209,25,3139,,,0,0,0,,,0,0,0,15,5475,209,25,3139,,0,,,0,,0,,0,,,,0,,,0,0,0,0,0,0,0,0,0,0,,,,,271,,80,,,204
MCO,2018,970400180,970408589,44,16060,1462,20,13397,,,0,0,0,,,0,0,0,44,16060,1462,20,13397,4,520,,,54,,0,,0,,,4,520,,,54,,,,,,,,,,,,,,1553,243,735,,,
MCO,2018,970404018,970403978,,,0,0,0,,,0,0,0,,,0,0,0,,,0,0,0,0,1,,,14926,,0,,0,,,0,1,,,14926,,,,,,,,,,,,,,,,,,,
MCO,2018,970404109,970404059,20,7300,507,0,3897,,,0,0,0,,,0,0,0,20,7300,507,0,3897,,0,,,0,,0,,0,,,,0,,,0,0,0,0,0,0,0,0,0,0,,,,,,,,,,
MCO,2018,970404158,970463592,,,0,0,0,,,0,0,0,,,0,0,0,,,0,0,0,,0,,,16407,,0,,0,,,,0,,,16407,,,,,,,,,,,,,,,,,,,
MCO,2018,970404844,970404836,,,0,0,0,12,4380,1047,30,1337,,,0,0,0,12,4380,1047,30,1337,,0,,,12,15,6358,,0,,,15,6358,,,12,,,,,,,,,,,,,,,,,,,
MCO,2018,970405064,970463592,,,0,0,0,,,0,0,0,,,0,0,0,,,0,0,0,,0,,,13785,,0,,0,,,,0,,,13785,,,,,,,,,,,,,,,,,,,
MCO,2018,970405411,970405403,,,0,0,0,,,0,0,0,,,0,0,0,,,0,0,0,,91,,,28782,,0,,0,,,,91,,,28782,,,,,,,,,,,,,,,,,,,
MCO,2018,970405452,970405403,,,0,0,0,,,0,0,0,,,0,0,0,,,0,0,0,,0,,,2637,,0,,0,,,,0,,,2637,,,,,,,,,,,,,,,,,,,
MCO,2018,970410064,970405403,,,0,0,0,,,0,0,0,,,0,0,0,,,0,0,0,,0,,,21487,,0,,0,,,,0,,,21487,,,,,,,,,,,,,,,,,,,
MCO,2018,970462024,970400255,6,2190,489,1,2474,,,0,0,0,32,11680,2164,90,8176,38,13870,2653,91,10650,,0,,,117,6,1062,,0,,,6,1062,,,117,,,,,,,,,,,,,,,,,,,
MCO,2018,970462073,970400271,,,0,0,0,48,14989,3023,138,6237,21,7665,1119,65,3854,69,22654,4142,203,10091,,0,,,2,42,10641,,0,,,42,10641,,,2,,,,,,,,,,,,,,,,,,,
MCO,2018,970462081,970400255,5,1825,175,30,768,40,14600,5396,1749,9193,,,0,0,0,45,16425,5571,1779,9961,,723,,,3935,28,6880,,0,,,28,7603,,,3935,0,0,0,0,0,0,0,0,0,,,,,,,,,,
MCO,2018,970462107,970400305,120,43800,9073,773,34187,104,37960,6767,520,22848,40,14600,2884,202,10922,264,96360,18724,1495,67957,9,2170,,,5951,21,5396,,0,,,30,7566,,,5951,,,,,,,,,,,,,,,,,,,
MCO,2018,970466751,970400446,,,0,0,0,,,0,0,0,,,0,0,0,,,0,0,0,,0,,,0,5,3543,,0,,,5,3543,,,0,0,0,0,0,0,0,0,0,0,,,,,,,,,,
MCO,2018,980500011,980500003,163,59495,7774,429,61512,60,21900,3507,77,20817,129,47085,10783,326,45120,352,128480,22064,832,127449,13,577,,,2138,34,2749,2,1477,,,49,4803,,,2138,1,1,1,1,0,1,1,1,1,45,,90,90,345893,28223,9024,1661,3666,26047
MCO,2018,980500763,970407250,,,0,0,0,,,0,0,0,,,0,0,0,,,0,0,0,,0,,,7533,,0,,0,,,,0,,,7533,,,,,,,,,,,,,,,,,,,
