BOR;AN;FI;FI_EJ;GDE;AUT;LIT;PLA;APEC;SEJHC;JOUHC;SEJ3M;JOUHP
SSR;2018;010000032;010780062;SSR_A;;40;8;;545;13490;9;1814
SSR;2018;010000032;010780062;SSR_A50;1;40;8;0;;13490;;1814
SSR;2018;010000032;010780062;SSR_TOT;;40;8;0;545;13490;9;1814
SSR;2018;010000065;010780096;SSR_A;;69;;;812;23057;36;0
SSR;2018;010000065;010780096;SSR_A50;1;34;;0;;11782;;0
SSR;2018;010000065;010780096;SSR_A59;1;35;;0;;11275;;0
SSR;2018;010000065;010780096;SSR_TOT;;69;;0;812;23057;36;0
SSR;2018;010000081;010780112;SSR_A;;20;0;;177;6791;12;0
SSR;2018;010000081;010780112;SSR_A50;1;20;0;1;;6791;;0
SSR;2018;010000081;010780112;SSR_TOT;;20;0;0;177;6791;12;0
SSR;2018;010000099;010780120;SSR_A;;20;;;333;7570;1;0
SSR;2018;010000099;010780120;SSR_A50;1;20;;0;;7570;;0
SSR;2018;010000099;010780120;SSR_TOT;;20;;0;333;7570;1;0
SSR;2018;010000107;010780138;SSR_A;;20;;;320;8045;6;0
SSR;2018;010000107;010780138;SSR_A50;1;20;;0;;8045;;0
SSR;2018;010000107;010780138;SSR_TOT;;20;;0;320;8045;6;0
SSR;2018;010000115;010009132;SSR_A;;18;;;204;6259;2;0
SSR;2018;010000115;010009132;SSR_A50;1;18;;0;;6259;;0
SSR;2018;010000115;010009132;SSR_TOT;;18;;0;204;6259;2;0
SSR;2018;010000131;010009132;SSR_A;;29;;;414;10063;1;0
SSR;2018;010000131;010009132;SSR_A50;1;29;;0;;10063;;0
SSR;2018;010000131;010009132;SSR_TOT;;29;;0;414;10063;1;0
SSR;2018;010000180;010007987;SSR_A;;40;;;573;11591;0;0
SSR;2018;010000180;010007987;SSR_A58;1;40;;0;;11591;;0
SSR;2018;010000180;010007987;SSR_TOT;;40;;0;573;11591;0;0
SSR;2018;010000198;010007987;SSR_A;;85;;;1112;21269;7;0
SSR;2018;010000198;010007987;SSR_A50;1;;;0;;0;;0
SSR;2018;010000198;010007987;SSR_A51;1;85;;;;21269;;0
SSR;2018;010000198;010007987;SSR_E;;4;;;85;1002;0;0
SSR;2018;010000198;010007987;SSR_E50;1;0;;0;;0;;0
SSR;2018;010000198;010007987;SSR_E51;1;4;;0;;1002;;0
SSR;2018;010000198;010007987;SSR_TOT;;89;;0;1197;22271;7;0
SSR;2018;010000214;010007987;SSR_A;;111;;;886;32897;48;0
SSR;2018;010000214;010007987;SSR_A50;1;4;;0;;513;;0
SSR;2018;010000214;010007987;SSR_A51;1;18;;;;5786;;0
SSR;2018;010000214;010007987;SSR_A54;1;34;;0;;9390;;0
SSR;2018;010000214;010007987;SSR_A59;1;55;;0;;17208;;0
SSR;2018;010000214;010007987;SSR_TOT;;111;;0;886;32897;48;0
SSR;2018;010002129;750056335;SSR_A;;100;;;956;35878;72;0
SSR;2018;010002129;750056335;SSR_A50;1;47;;0;;15925;;0
SSR;2018;010002129;750056335;SSR_A51;1;20;;;;10674;;0
SSR;2018;010002129;750056335;SSR_A52;1;33;;0;;9279;;0
SSR;2018;010002129;750056335;SSR_TOT;;100;;0;956;35878;72;0
SSR;2018;010005239;010008407;SSR_A;;30;;;323;10058;6;0
SSR;2018;010005239;010008407;SSR_A50;1;30;;0;;10058;;0
SSR;2018;010005239;010008407;SSR_TOT;;30;;0;323;10058;6;0
SSR;2018;010008852;010783009;SSR_A;;;10;;0;0;0;2685
SSR;2018;010008852;010783009;SSR_A50;1;;;0;;0;;0
SSR;2018;010008852;010783009;SSR_A52;1;;10;0;;0;;2685
SSR;2018;010008852;010783009;SSR_TOT;;;10;0;0;0;0;2685
SSR;2018;010009314;010780054;SSR_A;;70;13;;695;18012;18;3379
SSR;2018;010009314;010780054;SSR_A50;1;10;;0;;0;;0
SSR;2018;010009314;010780054;SSR_A53;1;;;0;;0;;1520
SSR;2018;010009314;010780054;SSR_A54;1;;;0;;0;;608
SSR;2018;010009314;010780054;SSR_A59;1;60;13;0;;18012;;1251
SSR;2018;010009314;010780054;SSR_TOT;;70;13;0;695;18012;18;3379
SSR;2018;010780252;010783009;SSR_A;;71;;;566;20590;35;0
SSR;2018;010780252;010783009;SSR_A50;1;;;0;;0;;0
SSR;2018;010780252;010783009;SSR_A51;1;66;;;;18253;;0
SSR;2018;010780252;010783009;SSR_A52;1;5;;0;;2337;;0
SSR;2018;010780252;010783009;SSR_TOT;;71;;0;566;20590;35;0
SSR;2018;010780278;010783009;SSR_A;;100;;;452;31269;152;0
SSR;2018;010780278;010783009;SSR_A50;1;;;0;;0;;0
SSR;2018;010780278;010783009;SSR_A51;1;25;;;;7881;;0
SSR;2018;010780278;010783009;SSR_A52;1;75;;0;;23388;;0
SSR;2018;010780278;010783009;SSR_TOT;;100;;0;452;31269;152;0
SSR;2018;010780310;010000222;SSR_A;;38;;;310;11284;17;0
SSR;2018;010780310;010000222;SSR_A50;1;20;;0;;5170;;0
SSR;2018;010780310;010000222;SSR_A54;1;18;;0;;6114;;0
SSR;2018;010780310;010000222;SSR_TOT;;38;;0;310;11284;17;0
SSR;2018;010780328;010000222;SSR_A;;58;;;446;18494;41;0
SSR;2018;010780328;010000222;SSR_A50;1;7;;0;;2538;;0
SSR;2018;010780328;010000222;SSR_A54;1;51;;0;;15956;;0
SSR;2018;010780328;010000222;SSR_TOT;;58;;0;446;18494;41;0
SSR;2018;010780476;750005068;SSR_E;;115;3;;934;16841;2;222
SSR;2018;010780476;750005068;SSR_E50;1;58;1;0;;12265;;163
SSR;2018;010780476;750005068;SSR_E55;1;46;1;0;;3406;;44
SSR;2018;010780476;750005068;SSR_E58;1;11;1;0;;1170;;15
SSR;2018;010780476;750005068;SSR_TOT;;115;3;0;934;16841;2;222
SSR;2018;010780492;360000707;SSR_A;;1;20;;77;894;2;3106
SSR;2018;010780492;360000707;SSR_A51;1;;1;;;31;;50
SSR;2018;010780492;360000707;SSR_A52;1;1;1;0;;4;;12
SSR;2018;010780492;360000707;SSR_A57;1;;18;0;;859;;3044
SSR;2018;010780492;360000707;SSR_E;;67;20;;841;11311;25;8139
SSR;2018;010780492;360000707;SSR_E50;1;;;0;;0;;0
SSR;2018;010780492;360000707;SSR_E51;1;6;2;0;;1795;;421
SSR;2018;010780492;360000707;SSR_E52;1;29;6;0;;4937;;1952
SSR;2018;010780492;360000707;SSR_E57;1;32;12;0;;4579;;5766
SSR;2018;010780492;360000707;SSR_TOT;;68;40;0;918;12205;27;11245
SSR;2018;010780708;310021381;SSR_A;;65;0;;819;23248;17;0
SSR;2018;010780708;310021381;SSR_A50;1;65;;0;;23248;;0
SSR;2018;010780708;310021381;SSR_A51;1;;0;;;0;;0
SSR;2018;010780708;310021381;SSR_A54;0;;;1;;0;;0
SSR;2018;010780708;310021381;SSR_TOT;;65;0;0;819;23248;17;0
SSR;2018;010780799;750721334;SSR_A;;30;;;271;9028;11;0
SSR;2018;010780799;750721334;SSR_A50;1;20;;0;;4694;;0
SSR;2018;010780799;750721334;SSR_A51;1;10;;;;4334;;0
SSR;2018;010780799;750721334;SSR_TOT;;30;;0;271;9028;11;0
SSR;2018;020000089;020000022;SSR_A;;42;;;462;13471;23;0
SSR;2018;020000089;020000022;SSR_A50;1;22;;0;;6735;;0
SSR;2018;020000089;020000022;SSR_A59;1;20;;0;;6736;;0
SSR;2018;020000089;020000022;SSR_TOT;;42;;0;462;13471;23;0
SSR;2018;020000097;020000048;SSR_A;;31;;;298;8965;9;0
SSR;2018;020000097;020000048;SSR_A50;1;31;;0;;8965;;0
SSR;2018;020000097;020000048;SSR_TOT;;31;;0;298;8965;9;0
SSR;2018;020000105;020000055;SSR_A;;15;;;313;4261;1;0
SSR;2018;020000105;020000055;SSR_A50;1;15;;0;;4261;;0
SSR;2018;020000105;020000055;SSR_TOT;;15;;0;313;4261;1;0
SSR;2018;020000162;020000063;SSR_A;;44;;;502;15757;33;0
SSR;2018;020000162;020000063;SSR_A50;1;0;;0;;1517;;0
SSR;2018;020000162;020000063;SSR_A51;1;6;;;;2895;;0
SSR;2018;020000162;020000063;SSR_A52;1;8;;0;;1933;;0
SSR;2018;020000162;020000063;SSR_A59;1;30;;0;;9412;;0
SSR;2018;020000162;020000063;SSR_TOT;;44;;0;502;15757;33;0
SSR;2018;020000246;020000071;SSR_A;;33;;;286;6678;6;0
SSR;2018;020000246;020000071;SSR_A50;1;33;;0;;6678;;0
SSR;2018;020000246;020000071;SSR_TOT;;33;;0;286;6678;6;0
SSR;2018;020000303;750814030;SSR_A;;303;25;;4206;102215;210;8993
SSR;2018;020000303;750814030;SSR_A50;1;31;;0;;12335;;0
SSR;2018;020000303;750814030;SSR_A51;1;137;11;;;36977;;3611
SSR;2018;020000303;750814030;SSR_A52;1;23;5;0;;7788;;2710
SSR;2018;020000303;750814030;SSR_A53;1;9;4;0;;3727;;414
SSR;2018;020000303;750814030;SSR_A54;1;27;;0;;8550;;0
SSR;2018;020000303;750814030;SSR_A55;1;15;1;0;;5079;;518
SSR;2018;020000303;750814030;SSR_A59;1;61;4;0;;27759;;1740
SSR;2018;020000303;750814030;SSR_TOT;;303;25;0;4206;102215;210;8993
SSR;2018;020000394;020000253;SSR_A;;;16;;0;0;0;3035
SSR;2018;020000394;020000253;SSR_A53;1;;16;0;;0;;3035
SSR;2018;020000394;020000253;SSR_TOT;;;16;0;0;0;0;3035
SSR;2018;020000519;020000261;SSR_A;;60;;;782;18846;13;0
SSR;2018;020000519;020000261;SSR_A50;1;60;;0;;18846;;0
SSR;2018;020000519;020000261;SSR_A59;1;;;0;;0;;0
SSR;2018;020000519;020000261;SSR_TOT;;60;;0;782;18846;13;0
SSR;2018;020000535;020000287;SSR_A;;38;;;264;19084;25;0
SSR;2018;020000535;020000287;SSR_A50;1;38;;0;;9542;;0
SSR;2018;020000535;020000287;SSR_A55;0;;;1;;0;;0
SSR;2018;020000535;020000287;SSR_A59;1;;;1;;9542;;0
SSR;2018;020000535;020000287;SSR_TOT;;38;;0;264;19084;25;0
SSR;2018;020000915;020003620;SSR_A;;184;16;;1582;48929;125;6028
SSR;2018;020000915;020003620;SSR_A50;1;184;16;0;;48929;;6028
SSR;2018;020000915;020003620;SSR_A51;1;;;;;0;;0
SSR;2018;020000915;020003620;SSR_A52;1;;;0;;0;;0
SSR;2018;020000915;020003620;SSR_A55;1;;;0;;0;;0
SSR;2018;020000915;020003620;SSR_TOT;;184;16;0;1582;48929;125;6028
SSR;2018;020001087;020004495;SSR_A;;30;;;283;8670;18;0
SSR;2018;020001087;020004495;SSR_A50;1;30;;0;;8670;;0
SSR;2018;020001087;020004495;SSR_TOT;;30;;0;283;8670;18;0
SSR;2018;020003877;020000253;SSR_A;;40;;;534;13767;1;0
SSR;2018;020003877;020000253;SSR_A59;1;40;;0;;13767;;0
SSR;2018;020003877;020000253;SSR_TOT;;40;;0;534;13767;1;0
SSR;2018;020010310;750719361;SSR_A;;14;0;;86;4898;10;0
SSR;2018;020010310;750719361;SSR_A58;1;14;0;0;;4898;;0
SSR;2018;020010310;750719361;SSR_TOT;;14;0;0;86;4898;10;0
SSR;2018;030000012;030180020;SSR_A;;59;10;;553;15960;15;2679
SSR;2018;030000012;030180020;SSR_A51;1;59;10;;;15960;;2679
SSR;2018;030000012;030180020;SSR_TOT;;59;10;0;553;15960;15;2679
SSR;2018;030000061;030780092;SSR_A;;40;7;;405;13540;19;1750
SSR;2018;030000061;030780092;SSR_A50;1;18;1;0;;7432;;132
SSR;2018;030000061;030780092;SSR_A59;1;22;6;0;;6108;;1618
SSR;2018;030000061;030780092;SSR_TOT;;40;7;0;405;13540;19;1750
SSR;2018;030000079;030780100;SSR_A;;30;0;;482;10663;1;0
SSR;2018;030000079;030780100;SSR_A50;0;;;1;;0;;0
SSR;2018;030000079;030780100;SSR_A59;1;30;0;0;;10663;;0
SSR;2018;030000079;030780100;SSR_TOT;;30;0;0;482;10663;1;0
SSR;2018;030000087;030780118;SSR_A;;70;5;;735;23877;48;1232
SSR;2018;030000087;030780118;SSR_A50;1;24;5;0;;6278;;1232
SSR;2018;030000087;030780118;SSR_A59;1;46;;0;;17599;;0
SSR;2018;030000087;030780118;SSR_TOT;;70;5;0;735;23877;48;1232
SSR;2018;030000095;030780126;SSR_A;;40;2;;353;12982;13;229
SSR;2018;030000095;030780126;SSR_A50;1;40;2;0;;12982;;229
SSR;2018;030000095;030780126;SSR_TOT;;40;2;0;353;12982;13;229
SSR;2018;030002208;030002158;SSR_A;;89;;;703;25042;76;0
SSR;2018;030002208;030002158;SSR_A50;1;61;;0;;21032;;0
SSR;2018;030002208;030002158;SSR_A58;1;28;;0;;4010;;0
SSR;2018;030002208;030002158;SSR_TOT;;89;;0;703;25042;76;0
SSR;2018;030007942;030002158;SSR_A;;36;5;;245;8508;0;698
SSR;2018;030007942;030002158;SSR_A50;1;36;5;0;;8508;;698
SSR;2018;030007942;030002158;SSR_TOT;;36;5;0;245;8508;0;698
SSR;2018;030780548;030000194;SSR_A;;55;10;;444;14044;17;7291
SSR;2018;030780548;030000194;SSR_A50;1;;10;0;;;;7291
SSR;2018;030780548;030000194;SSR_A51;1;30;;;;8547;;0
SSR;2018;030780548;030000194;SSR_A59;1;25;;0;;5497;;0
SSR;2018;030780548;030000194;SSR_TOT;;55;10;0;444;14044;17;7291
SSR;2018;030781116;030000426;SSR_A;;67;0;;619;18428;25;0
SSR;2018;030781116;030000426;SSR_A50;1;67;0;0;;18428;;0
SSR;2018;030781116;030000426;SSR_TOT;;67;0;0;619;18428;25;0
SSR;2018;040000028;040780124;SSR_A;;20;;;158;4165;8;0
SSR;2018;040000028;040780124;SSR_A50;1;20;;0;;4165;;0
SSR;2018;040000028;040780124;SSR_TOT;;20;;0;158;4165;8;0
SSR;2018;040000036;040780132;SSR_A;;10;;;123;2686;1;0
SSR;2018;040000036;040780132;SSR_A50;1;10;;0;;2686;;0
SSR;2018;040000036;040780132;SSR_TOT;;10;;0;123;2686;1;0
SSR;2018;040000044;040780140;SSR_A;;5;0;;76;2178;3;0
SSR;2018;040000044;040780140;SSR_A50;1;5;0;0;;2178;;0
SSR;2018;040000044;040780140;SSR_TOT;;5;0;0;76;2178;3;0
SSR;2018;040000051;040780173;SSR_A;;15;;;28;658;0;0
SSR;2018;040000051;040780173;SSR_A50;1;15;;0;;658;;0
SSR;2018;040000051;040780173;SSR_TOT;;15;;0;28;658;0;0
SSR;2018;040000069;040780181;SSR_A;;43;;;473;14110;18;0
SSR;2018;040000069;040780181;SSR_A50;1;;;0;;0;;0
SSR;2018;040000069;040780181;SSR_A51;1;43;;;;14110;;0
SSR;2018;040000069;040780181;SSR_TOT;;43;;0;473;14110;18;0
SSR;2018;040000119;040780231;SSR_A;;14;;;252;4782;3;0
SSR;2018;040000119;040780231;SSR_A50;1;14;;0;;4782;;0
SSR;2018;040000119;040780231;SSR_TOT;;14;;0;252;4782;3;0
SSR;2018;040000135;050002948;SSR_A;;27;10;;307;8148;8;1914
SSR;2018;040000135;050002948;SSR_A50;1;27;;0;;8148;;0
SSR;2018;040000135;050002948;SSR_A53;1;;10;0;;0;;1914
SSR;2018;040000135;050002948;SSR_A54;1;;;0;;0;;0
SSR;2018;040000135;050002948;SSR_A55;1;;;0;;0;;0
SSR;2018;040000135;050002948;SSR_TOT;;27;10;0;307;8148;8;1914
SSR;2018;040780389;040000192;SSR_A;;85;;;819;26268;64;0
SSR;2018;040780389;040000192;SSR_A50;1;;;0;;22592;;0
SSR;2018;040780389;040000192;SSR_A59;1;85;;0;;3676;;0
SSR;2018;040780389;040000192;SSR_TOT;;85;;0;819;26268;64;0
SSR;2018;040780405;040000168;SSR_A;;70;5;;704;24878;39;1547
SSR;2018;040780405;040000168;SSR_A50;1;70;;0;;3347;;0
SSR;2018;040780405;040000168;SSR_A51;1;;5;;;21531;;1547
SSR;2018;040780405;040000168;SSR_E;;;5;;0;0;0;475
SSR;2018;040780405;040000168;SSR_E50;1;;;0;;0;;0
SSR;2018;040780405;040000168;SSR_E51;1;;5;0;;0;;475
SSR;2018;040780405;040000168;SSR_TOT;;70;10;0;704;24878;39;2022
SSR;2018;040780488;040000200;SSR_A;;80;10;;755;27767;56;3412
SSR;2018;040780488;040000200;SSR_A50;1;;;0;;0;;0
SSR;2018;040780488;040000200;SSR_A51;1;40;10;;;14015;;3412
SSR;2018;040780488;040000200;SSR_A52;1;40;;0;;13752;;0
SSR;2018;040780488;040000200;SSR_TOT;;80;10;0;755;27767;56;3412
SSR;2018;040780520;750056335;SSR_A;;40;;;407;15505;46;0
SSR;2018;040780520;750056335;SSR_A50;1;40;;0;;15505;;0
SSR;2018;040780520;750056335;SSR_TOT;;40;;0;407;15505;46;0
SSR;2018;040782021;130037815;SSR_A;;66;;;528;19967;42;0
SSR;2018;040782021;130037815;SSR_A50;1;46;;0;;15780;;0
SSR;2018;040782021;130037815;SSR_A59;1;20;;0;;4187;;0
SSR;2018;040782021;130037815;SSR_TOT;;66;;0;528;19967;42;0
SSR;2018;050000041;130037815;SSR_A;;90;25;;870;29820;52;7285
SSR;2018;050000041;130037815;SSR_A50;1;26;5;0;;8199;;1437
SSR;2018;050000041;130037815;SSR_A51;1;40;19;;;13977;;5645
SSR;2018;050000041;130037815;SSR_A53;1;2;;0;;0;;0
SSR;2018;050000041;130037815;SSR_A54;1;22;1;0;;7644;;203
SSR;2018;050000041;130037815;SSR_A56;0;;;1;;0;;0
SSR;2018;050000041;130037815;SSR_TOT;;90;25;0;870;29820;52;7285
SSR;2018;050000058;050000033;SSR_A;;62;;;551;18904;29;0
SSR;2018;050000058;050000033;SSR_A50;1;62;;0;;18904;;0
SSR;2018;050000058;050000033;SSR_TOT;;62;;0;551;18904;29;0
SSR;2018;050000066;050000082;SSR_A;;60;;;609;18505;14;0
SSR;2018;050000066;050000082;SSR_A50;1;60;;0;;18505;;0
SSR;2018;050000066;050000082;SSR_TOT;;60;;0;609;18505;14;0
SSR;2018;050000256;050000124;SSR_A;;34;;;327;10017;14;0
SSR;2018;050000256;050000124;SSR_A50;1;20;;0;;5694;;0
SSR;2018;050000256;050000124;SSR_A59;1;14;;1;;4323;;0
SSR;2018;050000256;050000124;SSR_TOT;;34;;0;327;10017;14;0
SSR;2018;050000298;050000496;SSR_E;;53;;;339;13304;18;0
SSR;2018;050000298;050000496;SSR_E54;1;53;;0;;13304;;0
SSR;2018;050000298;050000496;SSR_TOT;;53;;0;339;13304;18;0
SSR;2018;050000306;050000538;SSR_E;;60;;;173;12120;;0
SSR;2018;050000306;050000538;SSR_E54;1;60;;0;;12120;;0
SSR;2018;050000306;050000538;SSR_TOT;;60;;0;173;12120;;0
SSR;2018;050000330;050007145;SSR_A;;12;;;106;3770;6;0
SSR;2018;050000330;050007145;SSR_A50;1;12;;0;;3770;;0
SSR;2018;050000330;050007145;SSR_TOT;;12;;0;106;3770;6;0
SSR;2018;050000348;050002948;SSR_A;;30;;;292;9637;7;0
SSR;2018;050000348;050002948;SSR_A50;1;;;0;;0;;0
SSR;2018;050000348;050002948;SSR_A59;1;30;;0;;9637;;0
SSR;2018;050000348;050002948;SSR_TOT;;30;;0;292;9637;7;0
SSR;2018;050000371;050003508;SSR_E;;47;2;;329;14410;40;42
SSR;2018;050000371;050003508;SSR_E54;1;47;2;0;;14410;;42
SSR;2018;050000371;050003508;SSR_TOT;;47;2;0;329;14410;40;42
SSR;2018;050000488;050000678;SSR_A;;72;;;679;26276;26;0
SSR;2018;050000488;050000678;SSR_A50;1;;;0;;0;;0
SSR;2018;050000488;050000678;SSR_A54;1;72;;0;;26276;;0
SSR;2018;050000488;050000678;SSR_TOT;;72;;0;679;26276;26;0
SSR;2018;050000637;050001163;SSR_A;;66;;;417;21769;75;0
SSR;2018;050000637;050001163;SSR_A50;1;66;;0;;21769;;0
SSR;2018;050000637;050001163;SSR_TOT;;66;;0;417;21769;75;0
SSR;2018;050000991;050000546;SSR_A;;131;10;;1444;41387;38;997
SSR;2018;050000991;050000546;SSR_A50;1;33;;0;;10728;;0
SSR;2018;050000991;050000546;SSR_A55;1;54;10;0;;16591;;997
SSR;2018;050000991;050000546;SSR_A58;1;18;;0;;5554;;0
SSR;2018;050000991;050000546;SSR_A59;1;26;;0;;8514;;0
SSR;2018;050000991;050000546;SSR_TOT;;131;10;0;1444;41387;38;997
SSR;2018;050001064;050000561;SSR_A;;90;;;925;28691;19;0
SSR;2018;050001064;050000561;SSR_A50;1;90;;0;;28691;;0
SSR;2018;050001064;050000561;SSR_TOT;;90;;0;925;28691;19;0
SSR;2018;050002351;130037815;SSR_A;;25;17;;285;8187;10;7096
SSR;2018;050002351;130037815;SSR_A50;1;;0;0;;0;;
SSR;2018;050002351;130037815;SSR_A51;1;20;9;;;5785;;4459
SSR;2018;050002351;130037815;SSR_A52;1;5;5;0;;2402;;2196
SSR;2018;050002351;130037815;SSR_A53;1;;3;0;;0;;441
SSR;2018;050002351;130037815;SSR_TOT;;25;17;0;285;8187;10;7096
SSR;2018;060000163;060780327;SSR_A;;6;;;44;1207;1;0
SSR;2018;060000163;060780327;SSR_A50;1;6;;0;;1207;;0
SSR;2018;060000163;060780327;SSR_TOT;;6;;0;44;1207;1;0
SSR;2018;060000296;060780640;SSR_A;;84;;;939;24338;2;0
SSR;2018;060000296;060780640;SSR_A53;1;42;;0;;10690;;0
SSR;2018;060000296;060780640;SSR_A54;1;42;;0;;13648;;0
SSR;2018;060000296;060780640;SSR_TOT;;84;;0;939;24338;2;0
SSR;2018;060000304;060780657;SSR_A;;10;;;135;3348;8;0
SSR;2018;060000304;060780657;SSR_A50;1;10;;1;;3348;;0
SSR;2018;060000304;060780657;SSR_TOT;;10;;0;135;3348;8;0
SSR;2018;060000411;060780780;SSR_A;;10;;;14;348;0;0
SSR;2018;060000411;060780780;SSR_A50;1;10;;0;;348;;0
SSR;2018;060000411;060780780;SSR_TOT;;10;;0;14;348;0;0
SSR;2018;060000478;060780897;SSR_A;;30;;;213;10840;35;0
SSR;2018;060000478;060780897;SSR_A50;1;30;;0;;10840;;0
SSR;2018;060000478;060780897;SSR_A59;1;;;0;;0;;0
SSR;2018;060000478;060780897;SSR_TOT;;30;;0;213;10840;35;0
SSR;2018;060000486;060780905;SSR_A;;13;;;171;4011;6;0
SSR;2018;060000486;060780905;SSR_A50;1;13;;0;;4011;;0
SSR;2018;060000486;060780905;SSR_TOT;;13;;0;171;4011;6;0
SSR;2018;060000510;060780954;SSR_A;;25;0;;295;8907;6;0
SSR;2018;060000510;060780954;SSR_A50;1;25;0;0;;1954;;0
SSR;2018;060000510;060780954;SSR_A59;1;;;0;;6953;;0
SSR;2018;060000510;060780954;SSR_TOT;;25;0;0;295;8907;6;0
SSR;2018;060001625;060006889;SSR_A;;19;;;183;5163;2;0
SSR;2018;060001625;060006889;SSR_A50;1;19;;0;;5163;;0
SSR;2018;060001625;060006889;SSR_TOT;;19;;0;183;5163;2;0
SSR;2018;060002102;060791761;SSR_A;;82;;;786;26549;31;0
SSR;2018;060002102;060791761;SSR_A50;1;82;;0;;26549;;0
SSR;2018;060002102;060791761;SSR_A59;1;;;0;;0;;0
SSR;2018;060002102;060791761;SSR_TOT;;82;;0;786;26549;31;0
SSR;2018;060005469;920030269;SSR_A;;117;;;1437;41285;9;0
SSR;2018;060005469;920030269;SSR_A50;1;90;;0;;30746;;0
SSR;2018;060005469;920030269;SSR_A59;1;27;;0;;10539;;0
SSR;2018;060005469;920030269;SSR_TOT;;117;;0;1437;41285;9;0
SSR;2018;060015328;060015278;SSR_E;;15;25;;84;3253;0;5675
SSR;2018;060015328;060015278;SSR_E50;1;15;25;0;;3253;;5675
SSR;2018;060015328;060015278;SSR_TOT;;15;25;0;84;3253;0;5675
SSR;2018;060021094;060024619;SSR_A;;43;;;508;16342;11;0
SSR;2018;060021094;060024619;SSR_A50;1;43;;1;;16342;;0
SSR;2018;060021094;060024619;SSR_TOT;;43;;0;508;16342;11;0
SSR;2018;060021201;060000155;SSR_A;;50;25;;748;16823;3;4462
SSR;2018;060021201;060000155;SSR_A50;1;20;;0;;2664;;0
SSR;2018;060021201;060000155;SSR_A51;1;30;25;;;14159;;4462
SSR;2018;060021201;060000155;SSR_TOT;;50;25;0;748;16823;3;4462
SSR;2018;060023694;060023686;SSR_A;;;30;;0;0;0;4714
SSR;2018;060023694;060023686;SSR_A55;1;;30;0;;0;;4714
SSR;2018;060023694;060023686;SSR_TOT;;;30;0;0;0;0;4714
SSR;2018;060780145;060000049;SSR_A;;101;;;1113;33752;31;0
SSR;2018;060780145;060000049;SSR_A50;1;3;;0;;1871;;0
SSR;2018;060780145;060000049;SSR_A56;1;9;;0;;3243;;0
SSR;2018;060780145;060000049;SSR_A59;1;89;;0;;28638;;0
SSR;2018;060780145;060000049;SSR_TOT;;101;;0;1113;33752;31;0
SSR;2018;060780186;060006939;SSR_A;;52;;;585;18931;18;0
SSR;2018;060780186;060006939;SSR_A50;1;52;;0;;18931;;0
SSR;2018;060780186;060006939;SSR_TOT;;52;;0;585;18931;18;0
SSR;2018;060780277;920030269;SSR_A;;123;;;1111;42061;77;0
SSR;2018;060780277;920030269;SSR_A50;1;93;;0;;28936;;0
SSR;2018;060780277;920030269;SSR_A59;1;30;;0;;13125;;0
SSR;2018;060780277;920030269;SSR_TOT;;123;;0;1111;42061;77;0
SSR;2018;060780343;060000171;SSR_A;;58;;;656;20304;17;0
SSR;2018;060780343;060000171;SSR_A50;1;58;;0;;20304;;0
SSR;2018;060780343;060000171;SSR_TOT;;58;;0;656;20304;17;0
SSR;2018;060780350;750056335;SSR_A;;44;;;438;14922;39;0
SSR;2018;060780350;750056335;SSR_A50;1;44;;0;;14922;;0
SSR;2018;060780350;750056335;SSR_TOT;;44;;0;438;14922;39;0
SSR;2018;060780392;060000205;SSR_A;;97;;;902;32899;56;0
SSR;2018;060780392;060000205;SSR_A50;1;97;;0;;32899;;0
SSR;2018;060780392;060000205;SSR_TOT;;97;;0;902;32899;56;0
SSR;2018;060780459;010783009;SSR_A;;85;22;;618;28131;50;6578
SSR;2018;060780459;010783009;SSR_A50;1;12;1;0;;2449;;74
SSR;2018;060780459;010783009;SSR_A51;1;39;16;;;17129;;5149
SSR;2018;060780459;010783009;SSR_A52;1;34;5;0;;8553;;1355
SSR;2018;060780459;010783009;SSR_TOT;;85;22;0;618;28131;50;6578
SSR;2018;060780558;750720575;SSR_A;;5;2;;142;248;0;0
SSR;2018;060780558;750720575;SSR_A50;1;5;2;0;;248;;0
SSR;2018;060780558;750720575;SSR_E;;94;5;;635;28804;27;2584
SSR;2018;060780558;750720575;SSR_E50;1;62;5;0;;16691;;2326
SSR;2018;060780558;750720575;SSR_E55;1;32;;0;;12113;;258
SSR;2018;060780558;750720575;SSR_TOT;;99;7;0;777;29052;27;2584
SSR;2018;060780665;060000312;SSR_A;;65;;;529;16453;21;0
SSR;2018;060780665;060000312;SSR_A50;1;65;;0;;16453;;0
SSR;2018;060780665;060000312;SSR_TOT;;65;;0;529;16453;21;0
SSR;2018;060781374;060000718;SSR_A;;170;10;;1465;54056;99;4389
SSR;2018;060781374;060000718;SSR_A50;1;46;;0;;28207;;0
SSR;2018;060781374;060000718;SSR_A51;1;61;10;;;14071;;4389
SSR;2018;060781374;060000718;SSR_A55;1;63;;0;;11778;;0
SSR;2018;060781374;060000718;SSR_TOT;;170;10;0;1465;54056;99;4389
SSR;2018;060785227;060780608;SSR_A;;108;10;;1314;33262;18;1554
SSR;2018;060785227;060780608;SSR_A50;1;87;;0;;28410;;0
SSR;2018;060785227;060780608;SSR_A53;1;21;10;0;;4852;;1554
SSR;2018;060785227;060780608;SSR_TOT;;108;10;0;1314;33262;18;1554
SSR;2018;060788957;060785011;SSR_A;;171;;;1818;60527;111;0
SSR;2018;060788957;060785011;SSR_A50;1;171;;0;;60527;;0
SSR;2018;060788957;060785011;SSR_A59;1;;;0;;;;0
SSR;2018;060788957;060785011;SSR_TOT;;171;;0;1818;60527;111;0
SSR;2018;060789195;060785011;SSR_A;;24;5;;127;7778;40;3206
SSR;2018;060789195;060785011;SSR_A50;1;;;0;;0;;0
SSR;2018;060789195;060785011;SSR_A51;1;8;5;;;2605;;3206
SSR;2018;060789195;060785011;SSR_A52;1;16;;0;;5173;;0
SSR;2018;060789195;060785011;SSR_TOT;;24;5;0;127;7778;40;3206
SSR;2018;060789674;130037815;SSR_A;;170;50;;1302;56815;184;17829
SSR;2018;060789674;130037815;SSR_A50;1;;;0;;0;;0
SSR;2018;060789674;130037815;SSR_A51;1;114;36;;;34619;;11302
SSR;2018;060789674;130037815;SSR_A52;1;56;14;0;;22196;;6527
SSR;2018;060789674;130037815;SSR_TOT;;170;50;0;1302;56815;184;17829
SSR;2018;060790177;060785011;SSR_A;;80;;;321;27779;122;0
SSR;2018;060790177;060785011;SSR_A50;1;80;;0;;27779;;0
SSR;2018;060790177;060785011;SSR_TOT;;80;;0;321;27779;122;0
SSR;2018;060790862;060001997;SSR_A;;45;;;674;16165;0;0
SSR;2018;060790862;060001997;SSR_A58;1;45;;0;;16165;;0
SSR;2018;060790862;060001997;SSR_TOT;;45;;0;674;16165;0;0
SSR;2018;060791746;060024627;SSR_A;;109;;;1001;34498;52;0
SSR;2018;060791746;060024627;SSR_A50;1;109;;0;;34498;;0
SSR;2018;060791746;060024627;SSR_TOT;;109;;0;1001;34498;52;0
SSR;2018;060791811;060010808;SSR_A;;59;;;915;19517;4;0
SSR;2018;060791811;060010808;SSR_A50;1;;;0;;0;;0
SSR;2018;060791811;060010808;SSR_A59;1;59;;0;;19517;;0
SSR;2018;060791811;060010808;SSR_TOT;;59;;0;915;19517;4;0
SSR;2018;060794021;060780988;SSR_A;;20;;;265;6834;4;0
SSR;2018;060794021;060780988;SSR_A50;1;;;0;;0;;0
SSR;2018;060794021;060780988;SSR_A59;1;20;;0;;6834;;0
SSR;2018;060794021;060780988;SSR_TOT;;20;;0;265;6834;4;0
SSR;2018;060798881;060798873;SSR_A;;104;;;1613;35473;9;0
SSR;2018;060798881;060798873;SSR_A50;1;104;;0;;35473;;0
SSR;2018;060798881;060798873;SSR_TOT;;104;;0;1613;35473;9;0
SSR;2018;060800182;060002912;SSR_A;;140;10;;1403;45017;48;2538
SSR;2018;060800182;060002912;SSR_A50;1;61;;0;;19130;;0
SSR;2018;060800182;060002912;SSR_A55;1;79;10;0;;25887;;2538
SSR;2018;060800182;060002912;SSR_TOT;;140;10;0;1403;45017;48;2538
SSR;2018;070000021;070780101;SSR_A;;18;;;234;6052;3;0
SSR;2018;070000021;070780101;SSR_A50;1;18;;0;;6052;;0
SSR;2018;070000021;070780101;SSR_TOT;;18;;0;234;6052;3;0
SSR;2018;070000039;070780119;SSR_A;;10;;;234;6060;5;0
SSR;2018;070000039;070780119;SSR_A50;1;10;;0;;6060;;0
SSR;2018;070000039;070780119;SSR_TOT;;10;;0;234;6060;5;0
SSR;2018;070000047;070780127;SSR_A;;35;;;365;10600;13;0
SSR;2018;070000047;070780127;SSR_A50;1;35;;0;;10600;;0
SSR;2018;070000047;070780127;SSR_TOT;;35;;0;365;10600;13;0
SSR;2018;070000062;070005558;SSR_A;;22;22;;280;4953;0;0
SSR;2018;070000062;070005558;SSR_A50;1;22;22;0;;4953;;0
SSR;2018;070000062;070005558;SSR_TOT;;22;22;0;280;4953;0;0
SSR;2018;070000070;070780150;SSR_A;;15;;;204;5237;8;0
SSR;2018;070000070;070780150;SSR_A50;1;15;;0;;5237;;0
SSR;2018;070000070;070780150;SSR_TOT;;15;;0;204;5237;8;0
SSR;2018;070000096;070780184;SSR_A;;17;;;270;6033;3;0
SSR;2018;070000096;070780184;SSR_A50;1;17;;;;6033;;0
SSR;2018;070000096;070780184;SSR_TOT;;17;;;270;6033;3;0
SSR;2018;070000146;070004742;SSR_A;;35;;;260;10690;23;0
SSR;2018;070000146;070004742;SSR_A50;1;35;;0;;10690;;0
SSR;2018;070000146;070004742;SSR_TOT;;35;;0;260;10690;23;0
SSR;2018;070000179;070780358;SSR_A;;23;2;;351;7868;4;1909
SSR;2018;070000179;070780358;SSR_A53;1;;2;0;;0;;1909
SSR;2018;070000179;070780358;SSR_A59;1;23;;0;;7868;;0
SSR;2018;070000179;070780358;SSR_TOT;;23;2;0;351;7868;4;1909
SSR;2018;070000187;070780366;SSR_A;;27;0;;331;8025;0;0
SSR;2018;070000187;070780366;SSR_A50;1;27;0;0;;8025;;0
SSR;2018;070000187;070780366;SSR_TOT;;27;0;0;331;8025;0;0
SSR;2018;070000195;070780374;SSR_A;;23;;;270;8123;10;0
SSR;2018;070000195;070780374;SSR_A50;1;6;;0;;2147;;0
SSR;2018;070000195;070780374;SSR_A59;1;17;;0;;5976;;0
SSR;2018;070000195;070780374;SSR_TOT;;23;;0;270;8123;10;0
SSR;2018;070000203;070780382;SSR_A;;24;;;314;7912;3;0
SSR;2018;070000203;070780382;SSR_A50;1;24;;0;;7912;;0
SSR;2018;070000203;070780382;SSR_TOT;;24;;0;314;7912;3;0
SSR;2018;070000484;070005566;SSR_A;;130;5;;1509;32195;49;2598
SSR;2018;070000484;070005566;SSR_A51;1;30;3;;;8213;;1677
SSR;2018;070000484;070005566;SSR_A52;1;30;2;0;;8313;;921
SSR;2018;070000484;070005566;SSR_A55;1;70;;0;;15669;;0
SSR;2018;070000484;070005566;SSR_TOT;;130;5;0;1509;32195;49;2598
SSR;2018;070000609;070005566;SSR_A;;;5;;0;0;0;1239
SSR;2018;070000609;070005566;SSR_A53;1;;5;0;;0;;1239
SSR;2018;070000609;070005566;SSR_TOT;;;5;0;0;0;0;1239
SSR;2018;070006168;300016847;SSR_A;;;5;;0;0;0;0
SSR;2018;070006168;300016847;SSR_A50;1;;;0;;0;;0
SSR;2018;070006168;300016847;SSR_A54;1;;5;0;;0;;0
SSR;2018;070006168;300016847;SSR_TOT;;;5;0;0;0;0;0
SSR;2018;070006804;070005566;SSR_A;;14;;;128;5122;9;0
SSR;2018;070006804;070005566;SSR_A59;1;14;;0;;5122;;0
SSR;2018;070006804;070005566;SSR_TOT;;14;;0;128;5122;9;0
SSR;2018;070780226;300016847;SSR_A;;60;;;491;16023;5;0
SSR;2018;070780226;300016847;SSR_A50;1;;;0;;0;;0
SSR;2018;070780226;300016847;SSR_A54;1;60;;0;;16023;;0
SSR;2018;070780226;300016847;SSR_TOT;;60;;0;491;16023;5;0
SSR;2018;070780234;750721300;SSR_A;;34;;;398;8487;0;0
SSR;2018;070780234;750721300;SSR_A50;1;34;;0;;8487;;0
SSR;2018;070780234;750721300;SSR_TOT;;34;;0;398;8487;0;0
SSR;2018;070780242;070000120;SSR_A;;60;0;;495;18116;43;0
SSR;2018;070780242;070000120;SSR_A50;1;60;0;0;;18116;;0
SSR;2018;070780242;070000120;SSR_TOT;;60;0;0;495;18116;43;0
SSR;2018;070780390;070000211;SSR_A;;33;;;462;11557;1;0
SSR;2018;070780390;070000211;SSR_A50;1;33;;0;;11557;;0
SSR;2018;070780390;070000211;SSR_TOT;;33;;0;462;11557;1;0
SSR;2018;070783824;070002878;SSR_A;;;;;267;7440;2;0
SSR;2018;070783824;070002878;SSR_A50;1;;;0;;0;;0
SSR;2018;070783824;070002878;SSR_A59;1;;;0;;7440;;0
SSR;2018;070783824;070002878;SSR_TOT;;;;0;267;7440;2;0
SSR;2018;070784897;750820680;SSR_A;;30;;;166;9905;66;0
SSR;2018;070784897;750820680;SSR_A50;1;;;0;;0;;0
SSR;2018;070784897;750820680;SSR_A58;1;30;;0;;9905;;0
SSR;2018;070784897;750820680;SSR_TOT;;30;;0;166;9905;66;0
SSR;2018;080000110;080000037;SSR_A;;30;;;336;10260;12;0
SSR;2018;080000110;080000037;SSR_A50;1;10;;0;;1187;;0
SSR;2018;080000110;080000037;SSR_A59;1;20;;0;;9073;;0
SSR;2018;080000110;080000037;SSR_TOT;;30;;0;336;10260;12;0
SSR;2018;080000136;750055311;SSR_A;;28;;;241;9659;29;0
SSR;2018;080000136;750055311;SSR_A50;1;3;;0;;401;;0
SSR;2018;080000136;750055311;SSR_A51;1;25;;;;9258;;0
SSR;2018;080000136;750055311;SSR_TOT;;28;;0;241;9659;29;0
SSR;2018;080000219;080001969;SSR_A;;22;;;230;7506;13;0
SSR;2018;080000219;080001969;SSR_A50;1;22;;0;;7506;;0
SSR;2018;080000219;080001969;SSR_TOT;;22;;0;230;7506;13;0
SSR;2018;080000250;540019726;SSR_A;;90;30;;459;16382;56;14703
SSR;2018;080000250;540019726;SSR_A50;1;7;3;0;;81;;3523
SSR;2018;080000250;540019726;SSR_A51;1;44;12;;;8269;;6859
SSR;2018;080000250;540019726;SSR_A52;1;39;7;0;;8032;;2426
SSR;2018;080000250;540019726;SSR_A53;1;;4;0;;0;;1346
SSR;2018;080000250;540019726;SSR_A54;1;;4;0;;0;;549
SSR;2018;080000250;540019726;SSR_TOT;;90;30;0;459;16382;56;14703
SSR;2018;080000268;540019726;SSR_A;;37;;;229;11686;30;0
SSR;2018;080000268;540019726;SSR_A50;1;37;;0;;11686;;0
SSR;2018;080000268;540019726;SSR_TOT;;37;;0;229;11686;30;0
SSR;2018;080000276;080001969;SSR_A;;24;;;289;8383;20;0
SSR;2018;080000276;080001969;SSR_A50;1;24;;1;;8383;;0
SSR;2018;080000276;080001969;SSR_TOT;;24;;0;289;8383;20;0
SSR;2018;080000284;080000060;SSR_A;;15;;;144;4586;7;0
SSR;2018;080000284;080000060;SSR_A50;1;15;;0;;4586;;0
SSR;2018;080000284;080000060;SSR_TOT;;15;;0;144;4586;7;0
SSR;2018;080000300;080000078;SSR_A;;8;;;144;3162;0;0
SSR;2018;080000300;080000078;SSR_A50;1;8;;0;;3162;;0
SSR;2018;080000300;080000078;SSR_TOT;;8;;0;144;3162;0;0
SSR;2018;080002140;540019726;SSR_E;;7;7;;114;869;1;2246
SSR;2018;080002140;540019726;SSR_E50;1;;1;0;;0;;782
SSR;2018;080002140;540019726;SSR_E51;1;2;3;0;;87;;617
SSR;2018;080002140;540019726;SSR_E52;1;5;3;0;;782;;847
SSR;2018;080002140;540019726;SSR_TOT;;7;7;0;114;869;1;2246
SSR;2018;080010523;920030269;SSR_A;;109;;;1105;41527;60;0
SSR;2018;080010523;920030269;SSR_A50;1;54;;0;;33824;;0
SSR;2018;080010523;920030269;SSR_A59;1;55;;0;;7703;;0
SSR;2018;080010523;920030269;SSR_TOT;;109;;0;1105;41527;60;0
SSR;2018;090000019;090180019;SSR_A;;50;6;;561;14529;11;1248
SSR;2018;090000019;090180019;SSR_A50;1;10;;0;;3301;;0
SSR;2018;090000019;090180019;SSR_A51;1;40;6;;;11228;;1248
SSR;2018;090000019;090180019;SSR_TOT;;50;6;0;561;14529;11;1248
SSR;2018;090000175;090781774;SSR_A;;29;;;247;9896;22;0
SSR;2018;090000175;090781774;SSR_A59;1;29;;0;;9896;;0
SSR;2018;090000175;090781774;SSR_TOT;;29;;0;247;9896;22;0
SSR;2018;090000183;090781816;SSR_A;;62;;;617;20608;44;0
SSR;2018;090000183;090781816;SSR_A50;1;22;;1;;6314;;0
SSR;2018;090000183;090781816;SSR_A52;1;20;;0;;6296;;0
SSR;2018;090000183;090781816;SSR_A59;1;20;;0;;7998;;0
SSR;2018;090000183;090781816;SSR_TOT;;62;;0;617;20608;44;0
SSR;2018;090001629;090781774;SSR_A;;26;;;252;7803;1;0
SSR;2018;090001629;090781774;SSR_A50;1;;;0;;0;;0
SSR;2018;090001629;090781774;SSR_A59;1;26;;0;;7803;;0
SSR;2018;090001629;090781774;SSR_TOT;;26;;0;252;7803;1;0
SSR;2018;090002841;090781774;SSR_A;;30;;;219;9017;20;0
SSR;2018;090002841;090781774;SSR_A50;1;30;;0;;9017;;0
SSR;2018;090002841;090781774;SSR_TOT;;30;;0;219;9017;20;0
SSR;2018;100000116;100000041;SSR_A;;22;;;226;7401;15;0
SSR;2018;100000116;100000041;SSR_A50;1;22;;0;;7401;;0
SSR;2018;100000116;100000041;SSR_TOT;;22;;0;226;7401;15;0
SSR;2018;100000140;100000058;SSR_A;;23;;;212;8874;22;0
SSR;2018;100000140;100000058;SSR_A50;1;23;;0;;8874;;0
SSR;2018;100000140;100000058;SSR_TOT;;23;;0;212;8874;22;0
SSR;2018;100000801;100006279;SSR_A;;39;;;213;8635;23;0
SSR;2018;100000801;100006279;SSR_A59;1;39;;1;;8635;;0
SSR;2018;100000801;100006279;SSR_TOT;;39;;0;213;8635;23;0
SSR;2018;100006493;100000017;SSR_A;;70;;;619;24753;58;0
SSR;2018;100006493;100000017;SSR_A50;1;35;;0;;12450;;0
SSR;2018;100006493;100000017;SSR_A59;1;35;;0;;12303;;0
SSR;2018;100006493;100000017;SSR_TOT;;70;;0;619;24753;58;0
SSR;2018;100007285;140017617;SSR_A;;60;6;;553;21684;55;8324
SSR;2018;100007285;140017617;SSR_A50;1;60;6;0;;21684;;8324
SSR;2018;100007285;140017617;SSR_A51;1;;;;;0;;0
SSR;2018;100007285;140017617;SSR_A52;1;;;0;;0;;0
SSR;2018;100007285;140017617;SSR_A57;1;;;0;;0;;0
SSR;2018;100007285;140017617;SSR_TOT;;60;6;0;553;21684;55;8324
SSR;2018;100010362;100010347;SSR_A;;58;41;;540;21605;63;10544
SSR;2018;100010362;100010347;SSR_A50;1;;;0;;0;;0
SSR;2018;100010362;100010347;SSR_A51;1;29;18;;;10597;;6065
SSR;2018;100010362;100010347;SSR_A52;1;29;18;0;;11008;;3307
SSR;2018;100010362;100010347;SSR_A53;1;;5;0;;0;;1172
SSR;2018;100010362;100010347;SSR_A54;1;;0;0;;0;;0
SSR;2018;100010362;100010347;SSR_TOT;;58;41;0;540;21605;63;10544
SSR;2018;100010545;310025010;SSR_A;;74;10;;721;24883;54;4509
SSR;2018;100010545;310025010;SSR_A50;1;74;10;0;;24883;;4509
SSR;2018;100010545;310025010;SSR_TOT;;74;10;0;721;24883;54;4509
SSR;2018;110000049;110780087;SSR_A;;25;;;394;8341;2;0
SSR;2018;110000049;110780087;SSR_A50;1;;;0;;0;;0
SSR;2018;110000049;110780087;SSR_A59;1;25;;0;;8341;;0
SSR;2018;110000049;110780087;SSR_TOT;;25;;0;394;8341;2;0
SSR;2018;110000189;110780707;SSR_A;;29;;;359;10659;11;0
SSR;2018;110000189;110780707;SSR_A51;1;29;;;;10659;;0
SSR;2018;110000189;110780707;SSR_TOT;;29;;0;359;10659;11;0
SSR;2018;110000247;110780772;SSR_A;;37;;;272;11786;20;0
SSR;2018;110000247;110780772;SSR_A50;1;;;0;;0;;0
SSR;2018;110000247;110780772;SSR_A59;1;37;;0;;11786;;0
SSR;2018;110000247;110780772;SSR_TOT;;37;;0;272;11786;20;0
SSR;2018;110000262;110781010;SSR_A;;38;10;;348;12031;37;2288
SSR;2018;110000262;110781010;SSR_A51;1;25;7;;;7834;;1565
SSR;2018;110000262;110781010;SSR_A52;1;13;3;0;;4197;;723
SSR;2018;110000262;110781010;SSR_E;;2;;;3;93;0;0
SSR;2018;110000262;110781010;SSR_E51;1;1;;0;;42;;0
SSR;2018;110000262;110781010;SSR_E52;1;1;;0;;51;;0
SSR;2018;110000262;110781010;SSR_TOT;;40;10;0;351;12124;37;2288
SSR;2018;110003118;110007341;SSR_A;;73;20;;921;25609;29;12149
SSR;2018;110003118;110007341;SSR_A50;1;73;20;0;;0;;0
SSR;2018;110003118;110007341;SSR_A51;1;;;;;12092;;4113
SSR;2018;110003118;110007341;SSR_A52;1;;;0;;6041;;2543
SSR;2018;110003118;110007341;SSR_A53;1;;;0;;6711;;4350
SSR;2018;110003118;110007341;SSR_A54;1;;;0;;765;;1143
SSR;2018;110003118;110007341;SSR_TOT;;73;20;0;921;25609;29;12149
SSR;2018;110004942;310021324;SSR_A;;77;;;993;26975;9;0
SSR;2018;110004942;310021324;SSR_A50;1;58;;0;;13147;;0
SSR;2018;110004942;310021324;SSR_A55;1;19;;0;;13828;;0
SSR;2018;110004942;310021324;SSR_TOT;;77;;0;993;26975;9;0
SSR;2018;110005246;110780137;SSR_A;;30;;;402;10415;2;0
SSR;2018;110005246;110780137;SSR_A59;1;30;;0;;10415;;0
SSR;2018;110005246;110780137;SSR_TOT;;30;;0;402;10415;2;0
SSR;2018;110007630;110000072;SSR_A;;40;;;498;13683;8;0
SSR;2018;110007630;110000072;SSR_A50;1;40;;1;;13683;;0
SSR;2018;110007630;110000072;SSR_TOT;;40;;0;498;13683;8;0
SSR;2018;110780194;110000080;SSR_A;;66;;;637;24768;53;0
SSR;2018;110780194;110000080;SSR_A50;1;66;;1;;24768;;0
SSR;2018;110780194;110000080;SSR_TOT;;66;;0;637;24768;53;0
SSR;2018;110780202;310021316;SSR_A;;87;;;1018;31647;24;0
SSR;2018;110780202;310021316;SSR_A50;1;67;;0;;13459;;0
SSR;2018;110780202;310021316;SSR_A59;1;20;;0;;18188;;0
SSR;2018;110780202;310021316;SSR_TOT;;87;;0;1018;31647;24;0
SSR;2018;110780228;110000114;SSR_A;;33;10;;363;9029;4;4358
SSR;2018;110780228;110000114;SSR_A50;1;;;0;;;;
SSR;2018;110780228;110000114;SSR_A51;1;33;10;;;9029;;4358
SSR;2018;110780228;110000114;SSR_TOT;;33;10;0;363;9029;4;4358
SSR;2018;110780236;110780707;SSR_A;;15;;;195;5471;8;0
SSR;2018;110780236;110780707;SSR_A50;1;15;;0;;5471;;0
SSR;2018;110780236;110780707;SSR_TOT;;15;;0;195;5471;8;0
SSR;2018;110786746;110786324;SSR_A;;44;;;376;14761;31;0
SSR;2018;110786746;110786324;SSR_A50;1;19;;0;;6614;;0
SSR;2018;110786746;110786324;SSR_A59;1;25;;0;;8147;;0
SSR;2018;110786746;110786324;SSR_TOT;;44;;0;376;14761;31;0
SSR;2018;120000054;120780069;SSR_A;;40;;;378;11510;17;0
SSR;2018;120000054;120780069;SSR_A50;1;21;;0;;5430;;0
SSR;2018;120000054;120780069;SSR_A51;1;19;;;;6080;;0
SSR;2018;120000054;120780069;SSR_TOT;;40;;0;378;11510;17;0
SSR;2018;120000070;120780085;SSR_A;;35;;;518;11745;1;0
SSR;2018;120000070;120780085;SSR_A50;1;20;;0;;4971;;0
SSR;2018;120000070;120780085;SSR_A59;1;15;;0;;6774;;0
SSR;2018;120000070;120780085;SSR_TOT;;35;;0;518;11745;1;0
SSR;2018;120000088;120780093;SSR_A;;24;;;257;6517;4;0
SSR;2018;120000088;120780093;SSR_A50;1;24;;0;;6517;;0
SSR;2018;120000088;120780093;SSR_TOT;;24;;0;257;6517;4;0
SSR;2018;120000096;120780101;SSR_A;;85;10;;809;26508;48;1446
SSR;2018;120000096;120780101;SSR_A50;1;15;0;0;;5584;;
SSR;2018;120000096;120780101;SSR_A51;1;30;5;;;8407;;1398
SSR;2018;120000096;120780101;SSR_A52;1;20;5;0;;6146;;48
SSR;2018;120000096;120780101;SSR_A59;1;20;;0;;6371;;
SSR;2018;120000096;120780101;SSR_TOT;;85;10;0;809;26508;48;1446
SSR;2018;120000153;120780291;SSR_A;;51;0;;449;15743;17;0
SSR;2018;120000153;120780291;SSR_A50;1;51;0;0;;15743;;0
SSR;2018;120000153;120780291;SSR_TOT;;51;0;0;449;15743;17;0
SSR;2018;120000237;120780481;SSR_A;;34;;;375;10738;2;0
SSR;2018;120000237;120780481;SSR_A50;1;34;;0;;10738;;0
SSR;2018;120000237;120780481;SSR_TOT;;34;;0;375;10738;2;0
SSR;2018;120004569;120004528;SSR_A;;40;;;266;6849;1;0
SSR;2018;120004569;120004528;SSR_A50;1;20;;0;;0;;0
SSR;2018;120004569;120004528;SSR_A59;1;20;;0;;6849;;0
SSR;2018;120004569;120004528;SSR_TOT;;40;;0;266;6849;1;0
SSR;2018;120004668;120004619;SSR_A;;30;;;410;10055;5;0
SSR;2018;120004668;120004619;SSR_A50;1;10;;1;;4098;;0
SSR;2018;120004668;120004619;SSR_A59;1;20;;1;;5957;;0
SSR;2018;120004668;120004619;SSR_TOT;;30;;0;410;10055;5;0
SSR;2018;120780135;120000104;SSR_A;;74;;;785;25513;18;0
SSR;2018;120780135;120000104;SSR_A50;1;24;;0;;10166;;0
SSR;2018;120780135;120000104;SSR_A59;1;50;;0;;15347;;0
SSR;2018;120780135;120000104;SSR_TOT;;74;;0;785;25513;18;0
SSR;2018;120780143;120000112;SSR_A;;110;10;;1103;28803;3;1583
SSR;2018;120780143;120000112;SSR_A50;1;40;;0;;17427;;0
SSR;2018;120780143;120000112;SSR_A53;1;30;5;0;;9497;;1517
SSR;2018;120780143;120000112;SSR_A54;1;10;5;0;;462;;66
SSR;2018;120780143;120000112;SSR_A59;1;30;;0;;1417;;0
SSR;2018;120780143;120000112;SSR_TOT;;110;10;0;1103;28803;3;1583
SSR;2018;120780325;120004528;SSR_A;;;;;115;2054;0;0
SSR;2018;120780325;120004528;SSR_A50;1;;;0;;2054;;0
SSR;2018;120780325;120004528;SSR_TOT;;;;0;115;2054;0;0
SSR;2018;120783188;120780044;SSR_A;;40;;;529;13278;5;0
SSR;2018;120783188;120780044;SSR_A50;1;19;;0;;6831;;0
SSR;2018;120783188;120780044;SSR_A59;1;21;;0;;6447;;0
SSR;2018;120783188;120780044;SSR_TOT;;40;;0;529;13278;5;0
SSR;2018;130000409;130041916;SSR_A;;54;8;;556;18128;29;4412
SSR;2018;130000409;130041916;SSR_A50;1;14;8;0;;4690;;4412
SSR;2018;130000409;130041916;SSR_A52;1;;;0;;0;;0
SSR;2018;130000409;130041916;SSR_A53;1;;;0;;0;;0
SSR;2018;130000409;130041916;SSR_A59;1;40;;0;;13438;;0
SSR;2018;130000409;130041916;SSR_E;;4;10;;50;1295;0;752
SSR;2018;130000409;130041916;SSR_E50;1;4;10;0;;1295;;752
SSR;2018;130000409;130041916;SSR_E51;1;;;0;;0;;0
SSR;2018;130000409;130041916;SSR_E52;1;;;0;;0;;0
SSR;2018;130000409;130041916;SSR_TOT;;58;18;0;606;19423;29;5164
SSR;2018;130000516;130781339;SSR_A;;57;;;652;15096;4;0
SSR;2018;130000516;130781339;SSR_A50;1;20;;0;;696;;0
SSR;2018;130000516;130781339;SSR_A58;1;10;;0;;3050;;0
SSR;2018;130000516;130781339;SSR_A59;1;27;;0;;11350;;0
SSR;2018;130000516;130781339;SSR_TOT;;57;;0;652;15096;4;0
SSR;2018;130000565;130781446;SSR_A;;20;;;248;6433;1;0
SSR;2018;130000565;130781446;SSR_A50;1;1;;1;;124;;0
SSR;2018;130000565;130781446;SSR_A59;1;19;;0;;6309;;0
SSR;2018;130000565;130781446;SSR_TOT;;20;;0;248;6433;1;0
SSR;2018;130001225;130782634;SSR_A;;20;;;330;7147;2;0
SSR;2018;130001225;130782634;SSR_A50;1;20;;0;;7147;;0
SSR;2018;130001225;130782634;SSR_A59;1;;;0;;0;;0
SSR;2018;130001225;130782634;SSR_TOT;;20;;0;330;7147;2;0
SSR;2018;130001258;130028228;SSR_A;;44;;;236;10719;24;0
SSR;2018;130001258;130028228;SSR_A50;1;44;;0;;10719;;0
SSR;2018;130001258;130028228;SSR_TOT;;44;;0;236;10719;24;0
SSR;2018;130002694;130043458;SSR_A;;14;;;191;3049;0;0
SSR;2018;130002694;130043458;SSR_A50;1;;;0;;0;;0
SSR;2018;130002694;130043458;SSR_A53;1;14;;0;;3049;;0
SSR;2018;130002694;130043458;SSR_TOT;;14;;0;191;3049;0;0
SSR;2018;130002827;130789274;SSR_A;;28;;;381;9938;2;0
SSR;2018;130002827;130789274;SSR_A59;1;28;;0;;9938;;0
SSR;2018;130002827;130789274;SSR_TOT;;28;;0;381;9938;2;0
SSR;2018;130008048;130043169;SSR_A;;90;;;860;32298;88;0
SSR;2018;130008048;130043169;SSR_A50;1;;;0;;0;;0
SSR;2018;130008048;130043169;SSR_A51;1;30;;;;10830;;0
SSR;2018;130008048;130043169;SSR_A52;1;60;;0;;21468;;0
SSR;2018;130008048;130043169;SSR_TOT;;90;;0;860;32298;88;0
SSR;2018;130008238;130044118;SSR_A;;80;0;;1106;30113;9;0
SSR;2018;130008238;130044118;SSR_A59;1;80;0;0;;30113;;0
SSR;2018;130008238;130044118;SSR_TOT;;80;0;0;1106;30113;9;0
SSR;2018;130035793;130013139;SSR_A;;73;3;;795;26243;41;3606
SSR;2018;130035793;130013139;SSR_A50;1;41;0;1;;5967;;0
SSR;2018;130035793;130013139;SSR_A51;1;32;3;;;20276;;3606
SSR;2018;130035793;130013139;SSR_TOT;;73;3;1;795;26243;41;3606
SSR;2018;130042526;310021399;SSR_A;;205;20;;1669;75355;236;9527
SSR;2018;130042526;310021399;SSR_A50;1;95;5;0;;24674;;2309
SSR;2018;130042526;310021399;SSR_A54;1;110;15;0;;50681;;7218
SSR;2018;130042526;310021399;SSR_TOT;;205;20;0;1669;75355;236;9527
SSR;2018;130043318;130043300;SSR_E;;40;10;;480;8445;0;542
SSR;2018;130043318;130043300;SSR_E55;1;40;10;0;;8445;;542
SSR;2018;130043318;130043300;SSR_TOT;;40;10;0;480;8445;0;542
SSR;2018;130043508;250002284;SSR_E;;;15;;0;0;0;3587
SSR;2018;130043508;250002284;SSR_E50;1;;15;0;;0;;3587
SSR;2018;130043508;250002284;SSR_E51;1;;;0;;0;;0
SSR;2018;130043508;250002284;SSR_TOT;;;15;0;0;0;0;3587
SSR;2018;130043854;130037815;SSR_A;;65;45;;604;21392;23;15714
SSR;2018;130043854;130037815;SSR_A50;1;;;0;;0;;0
SSR;2018;130043854;130037815;SSR_A51;1;48;25;;;17656;;8094
SSR;2018;130043854;130037815;SSR_A52;1;17;20;0;;3736;;7620
SSR;2018;130043854;130037815;SSR_TOT;;65;45;0;604;21392;23;15714
SSR;2018;130044662;920030913;SSR_A;;;20;;0;0;0;1474
SSR;2018;130044662;920030913;SSR_A55;1;;20;0;;0;;1474
SSR;2018;130044662;920030913;SSR_E;;;20;;0;0;0;779
SSR;2018;130044662;920030913;SSR_E55;1;;20;1;;0;;779
SSR;2018;130044662;920030913;SSR_TOT;;;40;0;0;0;0;2253
SSR;2018;130780083;130000060;SSR_A;;130;;;1353;46202;53;0
SSR;2018;130780083;130000060;SSR_A50;1;1;;0;;65;;0
SSR;2018;130780083;130000060;SSR_A59;1;129;;0;;46137;;0
SSR;2018;130780083;130000060;SSR_TOT;;130;;0;1353;46202;53;0
SSR;2018;130780521;130786049;SSR_A;;6;;;56;1528;4;0
SSR;2018;130780521;130786049;SSR_A50;1;6;;1;;1528;;0
SSR;2018;130780521;130786049;SSR_TOT;;6;;0;56;1528;4;0
SSR;2018;130781438;130000557;SSR_A;;134;50;;1037;44971;134;13650
SSR;2018;130781438;130000557;SSR_A50;1;;0;0;;0;;
SSR;2018;130781438;130000557;SSR_A51;1;67;35;;;34541;;11157
SSR;2018;130781438;130000557;SSR_A52;1;67;15;0;;10430;;2493
SSR;2018;130781438;130000557;SSR_TOT;;134;50;0;1037;44971;134;13650
SSR;2018;130781479;130000599;SSR_A;;84;16;;923;22035;12;9323
SSR;2018;130781479;130000599;SSR_A50;1;10;2;0;;4883;;1722
SSR;2018;130781479;130000599;SSR_A51;1;54;9;;;11423;;5859
SSR;2018;130781479;130000599;SSR_A53;1;20;5;0;;5729;;1742
SSR;2018;130781479;130000599;SSR_TOT;;84;16;0;923;22035;12;9323
SSR;2018;130781768;130000763;SSR_A;;108;;;1204;35481;12;0
SSR;2018;130781768;130000763;SSR_A50;1;18;;0;;5673;;0
SSR;2018;130781768;130000763;SSR_A55;1;90;;0;;29808;;0
SSR;2018;130781768;130000763;SSR_TOT;;108;;0;1204;35481;12;0
SSR;2018;130781834;130000805;SSR_A;;80;65;;791;29018;16;43456
SSR;2018;130781834;130000805;SSR_A50;1;80;65;0;;29018;;43456
SSR;2018;130781834;130000805;SSR_TOT;;80;65;0;791;29018;16;43456
SSR;2018;130781917;130000847;SSR_A;;131;10;;1129;40592;95;405
SSR;2018;130781917;130000847;SSR_A50;1;29;;0;;27246;;0
SSR;2018;130781917;130000847;SSR_A55;1;102;10;0;;13346;;405
SSR;2018;130781917;130000847;SSR_TOT;;131;10;0;1129;40592;95;405
SSR;2018;130781925;920030269;SSR_A;;91;8;;1191;31622;20;3765
SSR;2018;130781925;920030269;SSR_A50;1;30;;0;;9284;;0
SSR;2018;130781925;920030269;SSR_A53;1;61;8;0;;22338;;3765
SSR;2018;130781925;920030269;SSR_TOT;;91;8;0;1191;31622;20;3765
SSR;2018;130782071;130002454;SSR_A;;38;;;370;11662;23;0
SSR;2018;130782071;130002454;SSR_A50;1;18;;1;;2342;;0
SSR;2018;130782071;130002454;SSR_A59;1;20;;1;;9320;;0
SSR;2018;130782071;130002454;SSR_TOT;;38;;0;370;11662;23;0
SSR;2018;130782097;130000938;SSR_A;;113;;;1215;41201;63;0
SSR;2018;130782097;130000938;SSR_A50;1;113;;0;;41201;;0
SSR;2018;130782097;130000938;SSR_TOT;;113;;0;1215;41201;63;0
SSR;2018;130782303;750056335;SSR_A;;80;;;729;27559;53;0
SSR;2018;130782303;750056335;SSR_A50;1;40;;0;;12371;;0
SSR;2018;130782303;750056335;SSR_A51;1;40;;;;15188;;0
SSR;2018;130782303;750056335;SSR_TOT;;80;;0;729;27559;53;0
SSR;2018;130782444;130001100;SSR_A;;136;;;1343;43336;42;0
SSR;2018;130782444;130001100;SSR_A50;1;136;;0;;43336;;0
SSR;2018;130782444;130001100;SSR_TOT;;136;;0;1343;43336;42;0
SSR;2018;130782451;130001118;SSR_A;;140;;;1166;45399;95;0
SSR;2018;130782451;130001118;SSR_A50;1;110;;0;;32218;;0
SSR;2018;130782451;130001118;SSR_A55;1;30;;0;;13181;;0
SSR;2018;130782451;130001118;SSR_TOT;;140;;0;1166;45399;95;0
SSR;2018;130782493;330050899;SSR_A;;74;10;;1051;26264;2;2244
SSR;2018;130782493;330050899;SSR_A50;1;;;0;;0;;0
SSR;2018;130782493;330050899;SSR_A55;1;74;10;0;;26264;;2244
SSR;2018;130782493;330050899;SSR_TOT;;74;10;0;1051;26264;2;2244
SSR;2018;130783152;130001365;SSR_A;;35;0;;343;11037;17;0
SSR;2018;130783152;130001365;SSR_A50;1;35;0;0;;11037;;0
SSR;2018;130783152;130001365;SSR_TOT;;35;0;0;343;11037;17;0
SSR;2018;130783475;130001431;SSR_A;;85;;;806;25062;55;0
SSR;2018;130783475;130001431;SSR_A56;1;85;;0;;25062;;0
SSR;2018;130783475;130001431;SSR_TOT;;85;;0;806;25062;55;0
SSR;2018;130783665;130043722;SSR_A;;10;;;227;2433;0;0
SSR;2018;130783665;130043722;SSR_A50;1;10;;0;;2433;;0
SSR;2018;130783665;130043722;SSR_TOT;;10;;0;227;2433;0;0
SSR;2018;130783871;130001548;SSR_A;;119;46;;194;15288;65;6676
SSR;2018;130783871;130001548;SSR_A50;1;;;0;;0;;0
SSR;2018;130783871;130001548;SSR_A51;1;119;46;;;15288;;6676
SSR;2018;130783871;130001548;SSR_TOT;;119;46;0;194;15288;65;6676
SSR;2018;130784051;130037823;SSR_A;;30;15;;496;9256;1;3725
SSR;2018;130784051;130037823;SSR_A50;1;;;0;;0;;0
SSR;2018;130784051;130037823;SSR_A53;1;30;15;0;;9256;;3725
SSR;2018;130784051;130037823;SSR_TOT;;30;15;0;496;9256;1;3725
SSR;2018;130784234;130786049;SSR_A;;50;;;392;16089;24;0
SSR;2018;130784234;130786049;SSR_A50;0;;;1;;0;;0
SSR;2018;130784234;130786049;SSR_A59;1;50;;1;;16089;;0
SSR;2018;130784234;130786049;SSR_TOT;;50;;1;392;16089;24;0
SSR;2018;130784580;920030269;SSR_A;;115;;;953;38652;106;0
SSR;2018;130784580;920030269;SSR_A50;1;115;;0;;38652;;0
SSR;2018;130784580;920030269;SSR_TOT;;115;;0;953;38652;106;0
SSR;2018;130784598;130001852;SSR_A;;160;20;;1081;55830;212;8462
SSR;2018;130784598;130001852;SSR_A50;1;;;0;;0;;0
SSR;2018;130784598;130001852;SSR_A51;1;;3;;;0;;513
SSR;2018;130784598;130001852;SSR_A52;1;160;17;0;;55830;;7949
SSR;2018;130784598;130001852;SSR_TOT;;160;20;0;1081;55830;212;8462
SSR;2018;130784812;130001985;SSR_A;;75;15;;755;22490;9;7100
SSR;2018;130784812;130001985;SSR_A50;1;;;0;;0;;0
SSR;2018;130784812;130001985;SSR_A58;1;75;15;0;;22490;;7100
SSR;2018;130784812;130001985;SSR_TOT;;75;15;0;755;22490;9;7100
SSR;2018;130784903;130002041;SSR_A;;42;;;587;15612;1;0
SSR;2018;130784903;130002041;SSR_A50;1;42;;0;;15612;;0
SSR;2018;130784903;130002041;SSR_TOT;;42;;0;587;15612;1;0
SSR;2018;130784911;920030855;SSR_A;;80;;;759;28093;69;0
SSR;2018;130784911;920030855;SSR_A50;1;50;;0;;18836;;0
SSR;2018;130784911;920030855;SSR_A59;1;30;;0;;9257;;0
SSR;2018;130784911;920030855;SSR_TOT;;80;;0;759;28093;69;0
SSR;2018;130784952;130014228;SSR_A;;52;;;475;16328;26;0
SSR;2018;130784952;130014228;SSR_A50;1;52;;0;;16328;;0
SSR;2018;130784952;130014228;SSR_TOT;;52;;0;475;16328;26;0
SSR;2018;130785389;130002173;SSR_A;;55;;;657;21543;44;0
SSR;2018;130785389;130002173;SSR_A50;1;5;;0;;92;;0
SSR;2018;130785389;130002173;SSR_A51;1;50;;;;21451;;0
SSR;2018;130785389;130002173;SSR_TOT;;55;;0;657;21543;44;0
SSR;2018;130785462;130002207;SSR_A;;147;0;;1417;49242;60;0
SSR;2018;130785462;130002207;SSR_A50;1;147;0;0;;49242;;0
SSR;2018;130785462;130002207;SSR_TOT;;147;0;0;1417;49242;60;0
SSR;2018;130785975;310021340;SSR_A;;82;;;730;29634;82;0
SSR;2018;130785975;310021340;SSR_A50;1;;;0;;0;;0
SSR;2018;130785975;310021340;SSR_A59;1;82;;0;;29634;;0
SSR;2018;130785975;310021340;SSR_TOT;;82;;0;730;29634;82;0
SSR;2018;130785983;130002306;SSR_A;;174;6;;2014;62058;37;2290
SSR;2018;130785983;130002306;SSR_A50;1;109;;0;;44579;;0
SSR;2018;130785983;130002306;SSR_A55;1;65;6;0;;17479;;2290
SSR;2018;130785983;130002306;SSR_TOT;;174;6;0;2014;62058;37;2290
SSR;2018;130786023;130002330;SSR_A;;94;10;;1123;35380;50;7193
SSR;2018;130786023;130002330;SSR_A50;1;46;;0;;13080;;0
SSR;2018;130786023;130002330;SSR_A51;1;48;10;;;22300;;7193
SSR;2018;130786023;130002330;SSR_TOT;;94;10;0;1123;35380;50;7193
SSR;2018;130786296;130002421;SSR_A;;95;;;1152;35569;19;0
SSR;2018;130786296;130002421;SSR_A50;1;35;;0;;4376;;0
SSR;2018;130786296;130002421;SSR_A59;1;60;;0;;31193;;0
SSR;2018;130786296;130002421;SSR_TOT;;95;;0;1152;35569;19;0
SSR;2018;130786742;750821092;SSR_A;;25;4;;352;7254;8;1606
SSR;2018;130786742;750821092;SSR_A50;1;25;4;0;;7254;;1606
SSR;2018;130786742;750821092;SSR_A51;1;;;;;0;;0
SSR;2018;130786742;750821092;SSR_A52;1;;;0;;0;;0
SSR;2018;130786742;750821092;SSR_TOT;;25;4;0;352;7254;8;1606
SSR;2018;130786924;130037815;SSR_A;;90;40;;782;29956;69;13886
SSR;2018;130786924;130037815;SSR_A50;1;;;0;;0;;0
SSR;2018;130786924;130037815;SSR_A51;1;58;22;;;18892;;8755
SSR;2018;130786924;130037815;SSR_A52;1;32;18;0;;11064;;5131
SSR;2018;130786924;130037815;SSR_TOT;;90;40;0;782;29956;69;13886
SSR;2018;130786932;130002660;SSR_A;;86;36;;902;30467;48;15769
SSR;2018;130786932;130002660;SSR_A50;1;;;0;;0;;0
SSR;2018;130786932;130002660;SSR_A51;1;24;21;;;7705;;10188
SSR;2018;130786932;130002660;SSR_A52;1;42;;0;;16360;;0
SSR;2018;130786932;130002660;SSR_A54;1;20;15;0;;6402;;5581
SSR;2018;130786932;130002660;SSR_TOT;;86;36;0;902;30467;48;15769
SSR;2018;130787369;130002777;SSR_A;;;75;;0;0;0;29670
SSR;2018;130787369;130002777;SSR_A50;1;;;0;;0;;0
SSR;2018;130787369;130002777;SSR_A51;1;;55;;;0;;27459
SSR;2018;130787369;130002777;SSR_A52;1;;20;0;;0;;2211
SSR;2018;130787369;130002777;SSR_TOT;;;75;0;0;0;0;29670
SSR;2018;130789159;920030269;SSR_A;;90;10;;1297;27478;8;7546
SSR;2018;130789159;920030269;SSR_A53;1;90;10;1;;27478;;7546
SSR;2018;130789159;920030269;SSR_TOT;;90;10;0;1297;27478;8;7546
SSR;2018;130789357;130002843;SSR_A;;158;37;;1656;53720;93;14576
SSR;2018;130789357;130002843;SSR_A50;1;158;37;0;;7;;14576
SSR;2018;130789357;130002843;SSR_A51;1;;;;;44156;;0
SSR;2018;130789357;130002843;SSR_A52;1;;;0;;9557;;0
SSR;2018;130789357;130002843;SSR_TOT;;158;37;0;1656;53720;93;14576
SSR;2018;130790157;130789316;SSR_A;;27;0;;300;7944;3;0
SSR;2018;130790157;130789316;SSR_A59;1;27;0;0;;7944;;0
SSR;2018;130790157;130789316;SSR_TOT;;27;0;0;300;7944;3;0
SSR;2018;130809015;130001928;SSR_A;;51;;;753;16348;2;0
SSR;2018;130809015;130001928;SSR_A59;1;51;;0;;16348;;0
SSR;2018;130809015;130001928;SSR_TOT;;51;;0;753;16348;2;0
SSR;2018;130809981;750056335;SSR_A;;93;20;;746;32338;98;6165
SSR;2018;130809981;750056335;SSR_A50;1;50;0;0;;13127;;0
SSR;2018;130809981;750056335;SSR_A51;1;43;20;;;19211;;6165
SSR;2018;130809981;750056335;SSR_TOT;;93;20;0;746;32338;98;6165
SSR;2018;140000027;140000035;SSR_A;;25;;;262;7749;15;0
SSR;2018;140000027;140000035;SSR_A50;1;;;0;;0;;0
SSR;2018;140000027;140000035;SSR_A59;1;25;;0;;7749;;0
SSR;2018;140000027;140000035;SSR_TOT;;25;;0;262;7749;15;0
SSR;2018;140000076;140000092;SSR_A;;65;4;;462;19813;56;1282
SSR;2018;140000076;140000092;SSR_A50;1;18;;1;;5637;;0
SSR;2018;140000076;140000092;SSR_A51;1;17;;;;631;;0
SSR;2018;140000076;140000092;SSR_A52;1;30;4;1;;13545;;1282
SSR;2018;140000076;140000092;SSR_TOT;;65;4;1;462;19813;56;1282
SSR;2018;140000209;140000100;SSR_A;;;3;;0;0;0;82
SSR;2018;140000209;140000100;SSR_A54;1;;3;0;;0;;82
SSR;2018;140000209;140000100;SSR_TOT;;;3;0;0;0;0;82
SSR;2018;140000233;140000118;SSR_A;;38;2;;398;10281;10;449
SSR;2018;140000233;140000118;SSR_A50;1;18;1;1;;6287;;446
SSR;2018;140000233;140000118;SSR_A58;1;;1;1;;0;;3
SSR;2018;140000233;140000118;SSR_A59;1;20;;1;;3994;;0
SSR;2018;140000233;140000118;SSR_TOT;;38;2;0;398;10281;10;449
SSR;2018;140000241;140026279;SSR_A;;40;;;507;11912;3;0
SSR;2018;140000241;140026279;SSR_A55;1;20;;0;;5051;;0
SSR;2018;140000241;140026279;SSR_A59;1;20;;0;;6861;;0
SSR;2018;140000241;140026279;SSR_TOT;;40;;0;507;11912;3;0
SSR;2018;140000258;140000415;SSR_A;;70;15;;696;24572;50;12519
SSR;2018;140000258;140000415;SSR_A50;1;;;0;;0;;0
SSR;2018;140000258;140000415;SSR_A51;1;33;12;;;12793;;9624
SSR;2018;140000258;140000415;SSR_A52;1;37;3;0;;11779;;2895
SSR;2018;140000258;140000415;SSR_TOT;;70;15;0;696;24572;50;12519
SSR;2018;140000308;140000134;SSR_A;;80;;;566;21930;34;0
SSR;2018;140000308;140000134;SSR_A50;1;80;;0;;21930;;0
SSR;2018;140000308;140000134;SSR_TOT;;80;;0;566;21930;34;0
SSR;2018;140000340;140025800;SSR_A;;72;;;667;24031;;
SSR;2018;140000340;140025800;SSR_A50;1;62;;0;;19675;;
SSR;2018;140000340;140025800;SSR_A59;1;10;;0;;4356;;
SSR;2018;140000340;140025800;SSR_TOT;;72;;0;667;24031;;
SSR;2018;140000373;140000159;SSR_A;;20;4;;387;7243;3;609
SSR;2018;140000373;140000159;SSR_A50;1;20;4;0;;7243;;609
SSR;2018;140000373;140000159;SSR_TOT;;20;4;0;387;7243;3;609
SSR;2018;140002452;140025800;SSR_A;;;16;;0;0;0;7226
SSR;2018;140002452;140025800;SSR_A50;1;;;0;;0;;0
SSR;2018;140002452;140025800;SSR_A53;1;;16;1;;0;;7226
SSR;2018;140002452;140025800;SSR_TOT;;;16;0;0;0;0;7226
SSR;2018;140015975;310021092;SSR_A;;46;;;440;16477;36;0
SSR;2018;140015975;310021092;SSR_A50;1;46;;0;;16477;;0
SSR;2018;140015975;310021092;SSR_TOT;;46;;0;440;16477;36;0
SSR;2018;140017278;610787285;SSR_A;;;63;;0;0;0;23151
SSR;2018;140017278;610787285;SSR_A50;1;;1;0;;0;;66
SSR;2018;140017278;610787285;SSR_A51;1;;45;;;0;;16543
SSR;2018;140017278;610787285;SSR_A52;1;;17;0;;0;;6542
SSR;2018;140017278;610787285;SSR_TOT;;;63;0;0;0;0;23151
SSR;2018;140019175;930019484;SSR_E;;24;6;;570;4456;6;2444
SSR;2018;140019175;930019484;SSR_E50;1;2;1;0;;278;;46
SSR;2018;140019175;930019484;SSR_E51;1;10;2;0;;2286;;1138
SSR;2018;140019175;930019484;SSR_E52;1;3;2;0;;190;;1032
SSR;2018;140019175;930019484;SSR_E54;1;1;0;0;;279;;0
SSR;2018;140019175;930019484;SSR_E55;1;8;1;0;;1423;;228
SSR;2018;140019175;930019484;SSR_TOT;;24;6;0;570;4456;6;2444
SSR;2018;140024886;140000092;SSR_A;;;5;;0;0;0;1779
SSR;2018;140024886;140000092;SSR_A53;1;;5;0;;0;;1779
SSR;2018;140024886;140000092;SSR_TOT;;;5;0;0;0;0;1779
SSR;2018;140025123;310021126;SSR_A;;66;;;716;22928;42;0
SSR;2018;140025123;310021126;SSR_A50;1;28;;0;;6777;;0
SSR;2018;140025123;310021126;SSR_A51;1;28;;;;12539;;0
SSR;2018;140025123;310021126;SSR_A52;1;10;;0;;3612;;0
SSR;2018;140025123;310021126;SSR_TOT;;66;;0;716;22928;42;0
SSR;2018;140025255;310020383;SSR_A;;145;;;1554;51838;94;0
SSR;2018;140025255;310020383;SSR_A50;1;70;;0;;19497;;0
SSR;2018;140025255;310020383;SSR_A59;1;75;;0;;32341;;0
SSR;2018;140025255;310020383;SSR_TOT;;145;;0;1554;51838;94;0
SSR;2018;140025362;140000092;SSR_A;;34;;;336;9732;16;0
SSR;2018;140025362;140000092;SSR_A50;1;9;;0;;1685;;0
SSR;2018;140025362;140000092;SSR_A59;1;25;;0;;8047;;0
SSR;2018;140025362;140000092;SSR_TOT;;34;;0;336;9732;16;0
SSR;2018;140026410;140026279;SSR_A;;56;20;;883;16095;0;7267
SSR;2018;140026410;140026279;SSR_A53;1;56;20;0;;16095;;7267
SSR;2018;140026410;140026279;SSR_TOT;;56;20;0;883;16095;0;7267
SSR;2018;140026709;140000415;SSR_A;;28;2;;229;8845;24;202
SSR;2018;140026709;140000415;SSR_A58;1;28;2;0;;8845;;202
SSR;2018;140026709;140000415;SSR_TOT;;28;2;0;229;8845;24;202
SSR;2018;140027681;610787764;SSR_E;;;23;;0;0;0;4231
SSR;2018;140027681;610787764;SSR_E50;1;;2;0;;0;;254
SSR;2018;140027681;610787764;SSR_E51;1;;8;0;;0;;1453
SSR;2018;140027681;610787764;SSR_E52;1;;12;0;;0;;2524
SSR;2018;140027681;610787764;SSR_E54;1;;1;0;;0;;0
SSR;2018;140027681;610787764;SSR_TOT;;;23;0;0;0;0;4231
SSR;2018;150000040;150780096;SSR_A;;72;10;;671;22563;27;1718
SSR;2018;150000040;150780096;SSR_A50;1;72;10;0;;22563;;1718
SSR;2018;150000040;150780096;SSR_TOT;;72;10;0;671;22563;27;1718
SSR;2018;150000149;150780393;SSR_A;;51;5;;394;13590;28;141
SSR;2018;150000149;150780393;SSR_A50;1;51;5;0;;13590;;141
SSR;2018;150000149;150780393;SSR_TOT;;51;5;0;394;13590;28;141
SSR;2018;150000164;150780468;SSR_A;;18;;;238;5409;4;0
SSR;2018;150000164;150780468;SSR_A50;1;18;;0;;5409;;0
SSR;2018;150000164;150780468;SSR_TOT;;18;;0;238;5409;4;0
SSR;2018;150000180;150780500;SSR_A;;40;;;442;10655;3;0
SSR;2018;150000180;150780500;SSR_A50;1;40;;1;;10655;;0
SSR;2018;150000180;150780500;SSR_TOT;;40;;0;442;10655;3;0
SSR;2018;150002608;660006370;SSR_A;;78;11;;993;26128;0;1720
SSR;2018;150002608;660006370;SSR_A50;1;;;0;;0;;0
SSR;2018;150002608;660006370;SSR_A54;1;78;11;0;;26128;;1720
SSR;2018;150002608;660006370;SSR_TOT;;78;11;0;993;26128;0;1720
SSR;2018;150780120;150000065;SSR_A;;40;;;427;13906;37;0
SSR;2018;150780120;150000065;SSR_A50;1;40;;0;;13906;;0
SSR;2018;150780120;150000065;SSR_TOT;;40;;0;427;13906;37;0
SSR;2018;150780708;870015336;SSR_A;;60;5;;573;16450;13;1081
SSR;2018;150780708;870015336;SSR_A50;1;60;5;0;;16450;;1081
SSR;2018;150780708;870015336;SSR_TOT;;60;5;0;573;16450;13;1081
SSR;2018;150780732;150000271;SSR_A;;15;10;;450;10073;10;5124
SSR;2018;150780732;150000271;SSR_A50;1;15;10;1;;10073;;5124
SSR;2018;150780732;150000271;SSR_TOT;;15;10;0;450;10073;10;5124
SSR;2018;160000188;160000121;SSR_A;;48;7;;499;15084;10;2059
SSR;2018;160000188;160000121;SSR_A50;1;48;7;0;;15084;;2059
SSR;2018;160000188;160000121;SSR_TOT;;48;7;0;499;15084;10;2059
SSR;2018;160000253;160000451;SSR_A;;70;2;;925;22914;19;504
SSR;2018;160000253;160000451;SSR_A50;1;27;2;0;;11757;;504
SSR;2018;160000253;160000451;SSR_A52;1;15;;0;;4746;;0
SSR;2018;160000253;160000451;SSR_A59;1;28;;0;;6411;;0
SSR;2018;160000253;160000451;SSR_TOT;;70;2;0;925;22914;19;504
SSR;2018;160000261;160014411;SSR_A;;40;;;432;14404;17;0
SSR;2018;160000261;160014411;SSR_A50;1;40;;0;;14404;;0
SSR;2018;160000261;160014411;SSR_TOT;;40;;0;432;14404;17;0
SSR;2018;160000303;160006037;SSR_A;;107;5;;886;25525;35;2191
SSR;2018;160000303;160006037;SSR_A50;1;38;;0;;10480;;0
SSR;2018;160000303;160006037;SSR_A51;1;46;5;;;10186;;2191
SSR;2018;160000303;160006037;SSR_A59;1;23;;0;;4859;;0
SSR;2018;160000303;160006037;SSR_TOT;;107;5;0;886;25525;35;2191
SSR;2018;160000311;160000485;SSR_A;;25;0;;303;8767;6;0
SSR;2018;160000311;160000485;SSR_A59;1;25;0;0;;8767;;0
SSR;2018;160000311;160000485;SSR_TOT;;25;0;0;303;8767;6;0
SSR;2018;160000337;160000493;SSR_A;;35;;;426;10999;6;0
SSR;2018;160000337;160000493;SSR_A50;1;15;;0;;4423;;0
SSR;2018;160000337;160000493;SSR_A59;1;20;;0;;6576;;0
SSR;2018;160000337;160000493;SSR_TOT;;35;;0;426;10999;6;0
SSR;2018;160000360;160000519;SSR_A;;6;;;74;1673;0;0
SSR;2018;160000360;160000519;SSR_A50;1;6;;1;;1673;;0
SSR;2018;160000360;160000519;SSR_TOT;;6;;0;74;1673;0;0
SSR;2018;160009080;160001574;SSR_A;;84;19;;904;24447;34;6010
SSR;2018;160009080;160001574;SSR_A50;1;44;;0;;11841;;0
SSR;2018;160009080;160001574;SSR_A51;1;20;10;;;5723;;2411
SSR;2018;160009080;160001574;SSR_A52;1;20;9;0;;6883;;3599
SSR;2018;160009080;160001574;SSR_E;;1;1;;1;20;0;179
SSR;2018;160009080;160001574;SSR_E50;1;1;1;0;;20;;179
SSR;2018;160009080;160001574;SSR_E51;1;;;0;;0;;0
SSR;2018;160009080;160001574;SSR_E52;1;;;0;;0;;0
SSR;2018;160009080;160001574;SSR_TOT;;85;20;0;905;24467;34;6189
SSR;2018;160012209;160012191;SSR_A;;35;;;498;11782;12;0
SSR;2018;160012209;160012191;SSR_A50;1;35;;0;;11782;;0
SSR;2018;160012209;160012191;SSR_TOT;;35;;0;498;11782;12;0
SSR;2018;170000038;170780050;SSR_A;;45;5;;396;14656;34;1476
SSR;2018;170000038;170780050;SSR_A59;1;45;5;0;;14656;;1476
SSR;2018;170000038;170780050;SSR_TOT;;45;5;0;396;14656;34;1476
SSR;2018;170000061;170024194;SSR_A;;69;;;626;21063;33;0
SSR;2018;170000061;170024194;SSR_A50;1;37;;0;;11251;;0
SSR;2018;170000061;170024194;SSR_A59;1;32;;0;;9812;;0
SSR;2018;170000061;170024194;SSR_TOT;;69;;0;626;21063;33;0
SSR;2018;170000079;170780142;SSR_A;;15;;;193;4885;1;0
SSR;2018;170000079;170780142;SSR_A50;1;15;;0;;4885;;0
SSR;2018;170000079;170780142;SSR_TOT;;15;;0;193;4885;1;0
SSR;2018;170000095;170780167;SSR_A;;94;14;;896;31489;64;3275
SSR;2018;170000095;170780167;SSR_A50;1;7;1;0;;2284;;19
SSR;2018;170000095;170780167;SSR_A51;1;35;3;;;11686;;1076
SSR;2018;170000095;170780167;SSR_A52;1;32;2;0;;10890;;848
SSR;2018;170000095;170780167;SSR_A53;1;;8;0;;0;;1332
SSR;2018;170000095;170780167;SSR_A59;1;20;;0;;6629;;0
SSR;2018;170000095;170780167;SSR_TOT;;94;14;0;896;31489;64;3275
SSR;2018;170000111;170024194;SSR_A;;27;;;323;8541;3;0
SSR;2018;170000111;170024194;SSR_A50;1;27;;0;;8541;;0
SSR;2018;170000111;170024194;SSR_TOT;;27;;0;323;8541;3;0
SSR;2018;170000129;170780191;SSR_A;;60;;;910;21388;18;0
SSR;2018;170000129;170780191;SSR_A50;1;;;0;;0;;0
SSR;2018;170000129;170780191;SSR_A59;1;60;;0;;21388;;0
SSR;2018;170000129;170780191;SSR_TOT;;60;;0;910;21388;18;0
SSR;2018;170000137;170780209;SSR_A;;25;1;;236;4341;0;29
SSR;2018;170000137;170780209;SSR_A50;1;25;1;0;;4341;;29
SSR;2018;170000137;170780209;SSR_TOT;;25;1;0;236;4341;0;29
SSR;2018;170000152;170780225;SSR_A;;60;;;645;21037;27;0
SSR;2018;170000152;170780225;SSR_A50;1;25;;0;;6046;;0
SSR;2018;170000152;170780225;SSR_A59;1;35;;0;;14991;;0
SSR;2018;170000152;170780225;SSR_TOT;;60;;0;645;21037;27;0
SSR;2018;170000178;170780266;SSR_A;;70;;;733;23062;24;0
SSR;2018;170000178;170780266;SSR_A50;1;70;;0;;23062;;0
SSR;2018;170000178;170780266;SSR_TOT;;70;;0;733;23062;24;0
SSR;2018;170780043;750721334;SSR_A;;87;26;;876;27453;71;7611
SSR;2018;170780043;750721334;SSR_A51;1;33;13;;;9335;;3529
SSR;2018;170780043;750721334;SSR_A52;1;32;11;0;;10000;;2823
SSR;2018;170780043;750721334;SSR_A54;1;22;2;0;;8118;;1259
SSR;2018;170780043;750721334;SSR_TOT;;87;26;0;876;27453;71;7611
SSR;2018;170780068;170000046;SSR_A;;67;;;599;20034;27;0
SSR;2018;170780068;170000046;SSR_A50;1;67;;0;;20034;;0
SSR;2018;170780068;170000046;SSR_TOT;;67;;0;599;20034;27;0
SSR;2018;170780100;310021357;SSR_A;;64;0;;575;19189;32;0
SSR;2018;170780100;310021357;SSR_A50;1;;;0;;0;;0
SSR;2018;170780100;310021357;SSR_A59;1;64;0;0;;19189;;0
SSR;2018;170780100;310021357;SSR_TOT;;64;0;0;575;19189;32;0
SSR;2018;170780621;170000285;SSR_A;;60;5;;717;20089;16;1632
SSR;2018;170780621;170000285;SSR_A50;1;60;5;0;;20089;;1632
SSR;2018;170780621;170000285;SSR_TOT;;60;5;0;717;20089;16;1632
SSR;2018;170780662;170024053;SSR_A;;;30;;0;0;0;6004
SSR;2018;170780662;170024053;SSR_A50;1;;30;0;;0;;6004
SSR;2018;170780662;170024053;SSR_A51;1;;;;;0;;
SSR;2018;170780662;170024053;SSR_TOT;;;30;0;0;0;0;6004
SSR;2018;170780803;170017321;SSR_A;;9;1;;82;1462;0;792
SSR;2018;170780803;170017321;SSR_A50;1;9;1;0;;1462;;792
SSR;2018;170780803;170017321;SSR_E;;31;1;;386;7332;16;212
SSR;2018;170780803;170017321;SSR_E50;1;31;1;0;;7332;;212
SSR;2018;170780803;170017321;SSR_TOT;;40;2;0;468;8794;16;1004
SSR;2018;170781199;170000400;SSR_A;;50;;;491;17816;0;0
SSR;2018;170781199;170000400;SSR_A58;1;50;;0;;17816;;0
SSR;2018;170781199;170000400;SSR_TOT;;50;;0;491;17816;0;0
SSR;2018;170784110;170024194;SSR_A;;54;5;;517;18713;25;1859
SSR;2018;170784110;170024194;SSR_A50;1;54;5;0;;2023;;496
SSR;2018;170784110;170024194;SSR_A52;1;;;0;;0;;0
SSR;2018;170784110;170024194;SSR_A59;1;;0;0;;16690;;1363
SSR;2018;170784110;170024194;SSR_TOT;;54;5;0;517;18713;25;1859
SSR;2018;170792220;170780175;SSR_A;;;9;;0;0;0;4501
SSR;2018;170792220;170780175;SSR_A50;1;;1;;;0;;257
SSR;2018;170792220;170780175;SSR_A51;1;;3;;;0;;1554
SSR;2018;170792220;170780175;SSR_A52;1;;5;;;0;;2690
SSR;2018;170792220;170780175;SSR_A59;1;;;;;0;;0
SSR;2018;170792220;170780175;SSR_E;;;1;;0;0;0;368
SSR;2018;170792220;170780175;SSR_E50;1;;1;;;0;;368
SSR;2018;170792220;170780175;SSR_TOT;;;10;;0;0;0;4869
SSR;2018;170803431;920030269;SSR_A;;80;10;;1332;26831;0;5402
SSR;2018;170803431;920030269;SSR_A53;1;80;10;0;;26831;;5402
SSR;2018;170803431;920030269;SSR_TOT;;80;10;0;1332;26831;0;5402
SSR;2018;180000010;180000028;SSR_A;;70;10;;762;24278;44;2375
SSR;2018;180000010;180000028;SSR_A53;1;20;10;0;;6118;;2375
SSR;2018;180000010;180000028;SSR_A59;1;50;0;0;;18160;;0
SSR;2018;180000010;180000028;SSR_TOT;;70;10;0;762;24278;44;2375
SSR;2018;180000283;180000069;SSR_A;;17;5;;174;5483;9;443
SSR;2018;180000283;180000069;SSR_A59;1;17;5;0;;5483;;443
SSR;2018;180000283;180000069;SSR_TOT;;17;5;0;174;5483;9;443
SSR;2018;180000333;180000093;SSR_A;;30;;;194;10372;40;0
SSR;2018;180000333;180000093;SSR_A50;1;;;0;;0;;0
SSR;2018;180000333;180000093;SSR_A59;1;30;;0;;10372;;0
SSR;2018;180000333;180000093;SSR_TOT;;30;;0;194;10372;40;0
SSR;2018;180000598;180000887;SSR_A;;64;10;;674;20411;33;8012
SSR;2018;180000598;180000887;SSR_A50;1;64;10;0;;20411;;8012
SSR;2018;180000598;180000887;SSR_A59;1;;;0;;0;;0
SSR;2018;180000598;180000887;SSR_TOT;;64;10;0;674;20411;33;8012
SSR;2018;180003287;180000028;SSR_A;;55;0;;496;19931;59;0
SSR;2018;180003287;180000028;SSR_A59;1;55;0;0;;19931;;0
SSR;2018;180003287;180000028;SSR_TOT;;55;0;0;496;19931;59;0
SSR;2018;180003345;180000051;SSR_A;;86;17;;745;29915;83;3203
SSR;2018;180003345;180000051;SSR_A50;1;18;;0;;7761;;0
SSR;2018;180003345;180000051;SSR_A51;1;5;1;;;1280;;35
SSR;2018;180003345;180000051;SSR_A52;1;20;4;0;;5846;;1013
SSR;2018;180003345;180000051;SSR_A59;1;43;12;0;;15028;;2155
SSR;2018;180003345;180000051;SSR_TOT;;86;17;0;745;29915;83;3203
SSR;2018;180003386;180000069;SSR_A;;46;;;372;12438;25;0
SSR;2018;180003386;180000069;SSR_A50;1;20;;0;;10482;;0
SSR;2018;180003386;180000069;SSR_A51;1;15;;;;1106;;0
SSR;2018;180003386;180000069;SSR_A52;1;11;;0;;850;;0
SSR;2018;180003386;180000069;SSR_TOT;;46;;0;372;12438;25;0
SSR;2018;190000018;190000042;SSR_A;;102;5;;1041;31852;64;919
SSR;2018;190000018;190000042;SSR_A50;1;102;5;0;;3696;;298
SSR;2018;190000018;190000042;SSR_A51;1;;;;;2855;;66
SSR;2018;190000018;190000042;SSR_A52;1;;;0;;5355;;555
SSR;2018;190000018;190000042;SSR_A59;1;;;0;;19946;;0
SSR;2018;190000018;190000042;SSR_E;;;;;2;13;0;16
SSR;2018;190000018;190000042;SSR_E50;1;;;0;;0;;0
SSR;2018;190000018;190000042;SSR_E51;1;;;0;;0;;13
SSR;2018;190000018;190000042;SSR_E52;1;;;0;;13;;3
SSR;2018;190000018;190000042;SSR_TOT;;102;5;0;1043;31865;64;935
SSR;2018;190000034;190000067;SSR_A;;20;;;288;5492;3;0
SSR;2018;190000034;190000067;SSR_A50;1;20;;0;;5492;;0
SSR;2018;190000034;190000067;SSR_TOT;;20;;0;288;5492;3;0
SSR;2018;190000091;190000075;SSR_A;;40;;;473;12426;16;0
SSR;2018;190000091;190000075;SSR_A50;1;30;;0;;9141;;0
SSR;2018;190000091;190000075;SSR_A59;1;10;;0;;3285;;0
SSR;2018;190000091;190000075;SSR_TOT;;40;;0;473;12426;16;0
SSR;2018;190000257;190001131;SSR_A;;;16;;0;0;0;101
SSR;2018;190000257;190001131;SSR_A53;1;;16;0;;0;;101
SSR;2018;190000257;190001131;SSR_TOT;;;16;0;0;0;0;101
SSR;2018;190002493;190000059;SSR_A;;30;;;333;10362;5;0
SSR;2018;190002493;190000059;SSR_A59;1;30;;0;;10362;;0
SSR;2018;190002493;190000059;SSR_TOT;;30;;0;333;10362;5;0
SSR;2018;190005694;750056335;SSR_A;;81;;;872;29420;47;0
SSR;2018;190005694;750056335;SSR_A50;1;54;;0;;10388;;0
SSR;2018;190005694;750056335;SSR_A59;1;27;;0;;19032;;0
SSR;2018;190005694;750056335;SSR_TOT;;81;;0;872;29420;47;0
SSR;2018;190009985;190000117;SSR_A;;5;;;107;1384;1;0
SSR;2018;190009985;190000117;SSR_A58;1;5;;0;;1384;;0
SSR;2018;190009985;190000117;SSR_TOT;;5;;0;107;1384;1;0
SSR;2018;190011197;190000059;SSR_A;;30;3;;327;8091;14;1193
SSR;2018;190011197;190000059;SSR_A50;1;;;0;;0;;0
SSR;2018;190011197;190000059;SSR_A51;1;15;1;;;4336;;151
SSR;2018;190011197;190000059;SSR_A52;1;15;2;0;;3755;;1042
SSR;2018;190011197;190000059;SSR_E50;1;;;0;;0;;0
SSR;2018;190011197;190000059;SSR_E51;1;;;0;;0;;0
SSR;2018;190011197;190000059;SSR_E52;1;;;0;;0;;0
SSR;2018;190011197;190000059;SSR_TOT;;30;3;0;327;8091;14;1193
SSR;2018;190012476;190002519;SSR_A;;15;;;152;5024;7;0
SSR;2018;190012476;190002519;SSR_A50;1;15;;0;;5024;;0
SSR;2018;190012476;190002519;SSR_TOT;;15;;0;152;5024;7;0
SSR;2018;210007399;210007308;SSR_A;;37;10;;185;11477;56;2486
SSR;2018;210007399;210007308;SSR_A50;1;37;10;0;;11477;;2486
SSR;2018;210007399;210007308;SSR_TOT;;37;10;0;185;11477;56;2486
SSR;2018;210010443;210000337;SSR_A;;24;3;;227;8839;20;1146
SSR;2018;210010443;210000337;SSR_A50;1;;;0;;0;;0
SSR;2018;210010443;210000337;SSR_A58;1;24;3;0;;8839;;1146
SSR;2018;210010443;210000337;SSR_TOT;;24;3;0;227;8839;20;1146
SSR;2018;210780144;750721235;SSR_A;;97;17;;712;33848;102;6297
SSR;2018;210780144;750721235;SSR_A51;1;34;3;;;16125;;1286
SSR;2018;210780144;750721235;SSR_A52;1;63;14;0;;17723;;5011
SSR;2018;210780144;750721235;SSR_TOT;;97;17;0;712;33848;102;6297
SSR;2018;210780276;210003208;SSR_A;;102;10;;1192;36082;31;1630
SSR;2018;210780276;210003208;SSR_A50;1;13;;0;;4416;;0
SSR;2018;210780276;210003208;SSR_A52;1;12;;0;;4355;;0
SSR;2018;210780276;210003208;SSR_A55;1;20;10;0;;6914;;1630
SSR;2018;210780276;210003208;SSR_A59;1;57;;0;;20397;;0
SSR;2018;210780276;210003208;SSR_TOT;;102;10;0;1192;36082;31;1630
SSR;2018;210780292;210000105;SSR_A;;78;53;;888;27817;30;21489
SSR;2018;210780292;210000105;SSR_A50;1;;;1;;0;;0
SSR;2018;210780292;210000105;SSR_A51;1;73;30;;;26578;;11235
SSR;2018;210780292;210000105;SSR_A53;1;;11;1;;0;;5983
SSR;2018;210780292;210000105;SSR_A54;1;5;12;1;;1239;;4271
SSR;2018;210780292;210000105;SSR_TOT;;78;53;1;888;27817;30;21489
SSR;2018;210986089;210780581;SSR_A;;68;;;739;23932;25;0
SSR;2018;210986089;210780581;SSR_A59;1;68;;0;;23932;;0
SSR;2018;210986089;210780581;SSR_TOT;;68;;0;739;23932;25;0
SSR;2018;210986725;210986717;SSR_A;;36;0;;396;11779;14;0
SSR;2018;210986725;210986717;SSR_A50;1;36;0;0;;11779;;0
SSR;2018;210986725;210986717;SSR_TOT;;36;0;0;396;11779;14;0
SSR;2018;210986741;210986733;SSR_A;;60;;;735;20967;20;0
SSR;2018;210986741;210986733;SSR_A50;1;30;;0;;8152;;0
SSR;2018;210986741;210986733;SSR_A59;1;30;;0;;12815;;0
SSR;2018;210986741;210986733;SSR_TOT;;60;;0;735;20967;20;0
SSR;2018;210987046;210987038;SSR_A;;90;;;778;31316;38;0
SSR;2018;210987046;210987038;SSR_A50;1;;;0;;0;;0
SSR;2018;210987046;210987038;SSR_A59;1;90;;1;;31316;;0
SSR;2018;210987046;210987038;SSR_TOT;;90;;0;778;31316;38;0
SSR;2018;210987558;210780581;SSR_A;;91;9;;902;31247;58;12073
SSR;2018;210987558;210780581;SSR_A50;1;32;1;0;;11275;;3990
SSR;2018;210987558;210780581;SSR_A51;1;;3;;;275;;1179
SSR;2018;210987558;210780581;SSR_A52;1;27;4;0;;9273;;1926
SSR;2018;210987558;210780581;SSR_A53;1;32;1;0;;10424;;4978
SSR;2018;210987558;210780581;SSR_TOT;;91;9;0;902;31247;58;12073
SSR;2018;210987582;210780631;SSR_A;;12;;;173;3778;3;0
SSR;2018;210987582;210780631;SSR_A50;1;12;;0;;3778;;0
SSR;2018;210987582;210780631;SSR_TOT;;12;;0;173;3778;3;0
SSR;2018;210987640;210780672;SSR_A;;30;;;275;10286;16;0
SSR;2018;210987640;210780672;SSR_A50;1;30;;0;;10286;;0
SSR;2018;210987640;210780672;SSR_TOT;;30;;0;275;10286;16;0
SSR;2018;210987657;210012175;SSR_A;;60;;;479;16777;17;0
SSR;2018;210987657;210012175;SSR_A50;1;10;;0;;3161;;0
SSR;2018;210987657;210012175;SSR_A59;1;50;;0;;13616;;0
SSR;2018;210987657;210012175;SSR_TOT;;60;;0;479;16777;17;0
SSR;2018;210987665;210012142;SSR_A;;30;;;210;9187;22;0
SSR;2018;210987665;210012142;SSR_A50;1;30;;0;;9187;;0
SSR;2018;210987665;210012142;SSR_TOT;;30;;0;210;9187;22;0
SSR;2018;210987673;210012142;SSR_A;;64;8;;776;18502;8;1574
SSR;2018;210987673;210012142;SSR_A50;1;12;;0;;12222;;0
SSR;2018;210987673;210012142;SSR_A53;1;14;6;0;;4156;;812
SSR;2018;210987673;210012142;SSR_A59;1;38;2;0;;2124;;762
SSR;2018;210987673;210012142;SSR_TOT;;64;8;0;776;18502;8;1574
SSR;2018;210987681;210012142;SSR_A;;42;;;374;13173;24;0
SSR;2018;210987681;210012142;SSR_A59;1;42;;0;;13173;;0
SSR;2018;210987681;210012142;SSR_TOT;;42;;0;374;13173;24;0
SSR;2018;220000012;220000020;SSR_A;;;22;;0;0;0;6563
SSR;2018;220000012;220000020;SSR_A51;1;;5;;;0;;3109
SSR;2018;220000012;220000020;SSR_A52;1;;10;0;;0;;2478
SSR;2018;220000012;220000020;SSR_A54;1;;7;0;;0;;976
SSR;2018;220000012;220000020;SSR_TOT;;;22;0;0;0;0;6563
SSR;2018;220000095;220000046;SSR_A;;62;3;;625;22041;49;652
SSR;2018;220000095;220000046;SSR_A50;1;6;;0;;3042;;0
SSR;2018;220000095;220000046;SSR_A59;1;56;3;0;;18999;;652
SSR;2018;220000095;220000046;SSR_TOT;;62;3;0;625;22041;49;652
SSR;2018;220000194;560014748;SSR_A;;60;6;;549;19684;46;2070
SSR;2018;220000194;560014748;SSR_A51;1;40;4;;;12414;;1505
SSR;2018;220000194;560014748;SSR_A52;1;20;2;0;;7270;;565
SSR;2018;220000194;560014748;SSR_TOT;;60;6;0;549;19684;46;2070
SSR;2018;220000236;220017974;SSR_A;;27;;;211;5136;5;0
SSR;2018;220000236;220017974;SSR_A50;1;27;;0;;5136;;0
SSR;2018;220000236;220017974;SSR_TOT;;27;;0;211;5136;5;0
SSR;2018;220000343;220000079;SSR_A;;80;15;;930;24138;18;3531
SSR;2018;220000343;220000079;SSR_A50;1;20;;0;;6722;;0
SSR;2018;220000343;220000079;SSR_A51;1;15;5;;;5777;;2488
SSR;2018;220000343;220000079;SSR_A52;1;15;5;0;;3458;;307
SSR;2018;220000343;220000079;SSR_A59;1;30;5;0;;8181;;736
SSR;2018;220000343;220000079;SSR_TOT;;80;15;0;930;24138;18;3531
SSR;2018;220000368;220000103;SSR_A;;37;;;465;13038;6;0
SSR;2018;220000368;220000103;SSR_A50;1;7;;0;;2239;;0
SSR;2018;220000368;220000103;SSR_A59;1;30;;0;;10799;;0
SSR;2018;220000368;220000103;SSR_TOT;;37;;0;465;13038;6;0
SSR;2018;220000467;920030269;SSR_A;;116;;;1109;41816;100;0
SSR;2018;220000467;920030269;SSR_A50;1;96;;0;;30624;;0
SSR;2018;220000467;920030269;SSR_A51;1;20;;;;11192;;0
SSR;2018;220000467;920030269;SSR_TOT;;116;;0;1109;41816;100;0
SSR;2018;220000475;220020531;SSR_A;;100;10;;1169;33153;24;2879
SSR;2018;220000475;220020531;SSR_A50;1;70;5;0;;22354;;689
SSR;2018;220000475;220020531;SSR_A59;1;30;5;0;;10799;;2190
SSR;2018;220000475;220020531;SSR_TOT;;100;10;0;1169;33153;24;2879
SSR;2018;220000483;560014748;SSR_A;;40;;;567;11747;4;0
SSR;2018;220000483;560014748;SSR_A50;1;20;;0;;7169;;0
SSR;2018;220000483;560014748;SSR_A54;1;20;;0;;4578;;0
SSR;2018;220000483;560014748;SSR_TOT;;40;;0;567;11747;4;0
SSR;2018;220000541;220000152;SSR_A;;63;9;;968;16687;5;2384
SSR;2018;220000541;220000152;SSR_A50;1;45;;0;;13644;;0
SSR;2018;220000541;220000152;SSR_A53;1;18;9;0;;3043;;2384
SSR;2018;220000541;220000152;SSR_TOT;;63;9;0;968;16687;5;2384
SSR;2018;220000566;220021968;SSR_A;;20;;;271;6573;3;0
SSR;2018;220000566;220021968;SSR_A50;1;20;;0;;6573;;0
SSR;2018;220000566;220021968;SSR_TOT;;20;;0;271;6573;3;0
SSR;2018;220000574;220021968;SSR_A;;20;;;294;6203;1;0
SSR;2018;220000574;220021968;SSR_A50;1;20;;0;;6203;;0
SSR;2018;220000574;220021968;SSR_TOT;;20;;0;294;6203;1;0
SSR;2018;220000590;220000202;SSR_E;;;15;;0;0;0;4100
SSR;2018;220000590;220000202;SSR_E50;1;;15;0;;0;;4100
SSR;2018;220000590;220000202;SSR_TOT;;;15;0;0;0;0;4100
SSR;2018;220001259;220005045;SSR_A;;50;10;;597;15835;10;2364
SSR;2018;220001259;220005045;SSR_A59;1;50;10;0;;15835;;2364
SSR;2018;220001259;220005045;SSR_TOT;;50;10;0;597;15835;10;2364
SSR;2018;220012884;220000103;SSR_A;;81;32;;817;24013;70;8893
SSR;2018;220012884;220000103;SSR_A51;1;46;22;;;12957;;4909
SSR;2018;220012884;220000103;SSR_A52;1;35;10;0;;11056;;3984
SSR;2018;220012884;220000103;SSR_E;;10;15;;353;1264;0;6979
SSR;2018;220012884;220000103;SSR_E50;1;;;0;;;;0
SSR;2018;220012884;220000103;SSR_E51;1;6;;0;;983;;0
SSR;2018;220012884;220000103;SSR_E52;1;4;15;0;;281;;6979
SSR;2018;220012884;220000103;SSR_TOT;;91;47;0;1170;25277;70;15872
SSR;2018;220014708;220017974;SSR_A;;39;1;;187;8858;49;112
SSR;2018;220014708;220017974;SSR_A58;1;39;1;0;;8858;;112
SSR;2018;220014708;220017974;SSR_TOT;;39;1;0;187;8858;49;112
SSR;2018;220019061;220000020;SSR_A;;30;;;439;10339;3;0
SSR;2018;220019061;220000020;SSR_A59;1;30;;0;;10339;;0
SSR;2018;220019061;220000020;SSR_TOT;;30;;0;439;10339;3;0
SSR;2018;230000820;230780041;SSR_A;;38;1;;418;10466;2;0
SSR;2018;230000820;230780041;SSR_A50;1;24;;0;;5542;;0
SSR;2018;230000820;230780041;SSR_A59;1;14;1;0;;4924;;0
SSR;2018;230000820;230780041;SSR_TOT;;38;1;0;418;10466;2;0
SSR;2018;230000838;230780058;SSR_A;;27;2;;266;7941;7;232
SSR;2018;230000838;230780058;SSR_A50;1;27;0;0;;2994;;0
SSR;2018;230000838;230780058;SSR_A51;1;;0;;;4947;;0
SSR;2018;230000838;230780058;SSR_A59;1;;2;0;;0;;232
SSR;2018;230000838;230780058;SSR_TOT;;27;2;0;266;7941;7;232
SSR;2018;230000846;230780066;SSR_A;;33;;;430;9095;1;0
SSR;2018;230000846;230780066;SSR_A50;1;;;0;;0;;0
SSR;2018;230000846;230780066;SSR_A59;1;33;;0;;9095;;0
SSR;2018;230000846;230780066;SSR_TOT;;33;;0;430;9095;1;0
SSR;2018;230000952;230780512;SSR_A;;19;;;212;5940;;0
SSR;2018;230000952;230780512;SSR_A50;1;19;;0;;5940;;0
SSR;2018;230000952;230780512;SSR_TOT;;19;;0;212;5940;;0
SSR;2018;230000960;230780520;SSR_A;;27;;;281;8731;7;0
SSR;2018;230000960;230780520;SSR_A50;1;27;;0;;8731;;0
SSR;2018;230000960;230780520;SSR_TOT;;27;;0;281;8731;7;0
SSR;2018;230780082;750005068;SSR_A;;131;5;;1723;33197;9;2659
SSR;2018;230780082;750005068;SSR_A50;1;14;;0;;4229;;0
SSR;2018;230780082;750005068;SSR_A53;1;73;2;0;;17789;;1292
SSR;2018;230780082;750005068;SSR_A54;1;44;3;0;;11179;;1367
SSR;2018;230780082;750005068;SSR_TOT;;131;5;0;1723;33197;9;2659
SSR;2018;230782617;920028560;SSR_A;;57;10;;564;17137;25;3261
SSR;2018;230782617;920028560;SSR_A50;1;7;;0;;577;;0
SSR;2018;230782617;920028560;SSR_A51;1;25;5;;;9135;;2050
SSR;2018;230782617;920028560;SSR_A52;1;25;5;0;;7425;;1211
SSR;2018;230782617;920028560;SSR_E50;1;;;0;;0;;0
SSR;2018;230782617;920028560;SSR_E51;1;;;0;;0;;0
SSR;2018;230782617;920028560;SSR_E52;1;;;0;;0;;0
SSR;2018;230782617;920028560;SSR_TOT;;57;10;0;564;17137;25;3261
SSR;2018;240000091;240000034;SSR_A;;120;;;1090;39965;79;0
SSR;2018;240000091;240000034;SSR_A50;1;20;;0;;6715;;0
SSR;2018;240000091;240000034;SSR_A51;1;20;;;;6504;;0
SSR;2018;240000091;240000034;SSR_A52;1;19;;0;;6510;;0
SSR;2018;240000091;240000034;SSR_A54;1;19;;0;;6261;;0
SSR;2018;240000091;240000034;SSR_A59;1;42;;0;;13975;;0
SSR;2018;240000091;240000034;SSR_TOT;;120;;0;1090;39965;79;0
SSR;2018;240000174;240000042;SSR_A;;25;;;311;7341;3;0
SSR;2018;240000174;240000042;SSR_A50;1;25;;0;;7341;;0
SSR;2018;240000174;240000042;SSR_TOT;;25;;0;311;7341;3;0
SSR;2018;240000208;240000612;SSR_A;;30;;;471;12152;7;0
SSR;2018;240000208;240000612;SSR_A50;1;30;;1;;12152;;0
SSR;2018;240000208;240000612;SSR_TOT;;30;;0;471;12152;7;0
SSR;2018;240000273;920030269;SSR_A;;56;;;558;20838;51;0
SSR;2018;240000273;920030269;SSR_A50;1;56;;1;;20838;;0
SSR;2018;240000273;920030269;SSR_TOT;;56;;0;558;20838;51;0
SSR;2018;240000307;330056540;SSR_A;;80;;;866;25686;26;0
SSR;2018;240000307;330056540;SSR_A50;1;45;;0;;13201;;0
SSR;2018;240000307;330056540;SSR_A59;1;35;;0;;12485;;0
SSR;2018;240000307;330056540;SSR_TOT;;80;;0;866;25686;26;0
SSR;2018;240000414;240000067;SSR_A;;21;;;319;6301;0;0
SSR;2018;240000414;240000067;SSR_A50;1;21;;0;;6301;;0
SSR;2018;240000414;240000067;SSR_TOT;;21;;0;319;6301;0;0
SSR;2018;240000455;240000075;SSR_A;;40;;;460;13360;25;0
SSR;2018;240000455;240000075;SSR_A50;1;40;;0;;13360;;0
SSR;2018;240000455;240000075;SSR_TOT;;40;;0;460;13360;25;0
SSR;2018;240000463;240000083;SSR_A;;20;;;180;6093;7;0
SSR;2018;240000463;240000083;SSR_A50;1;;;0;;0;;0
SSR;2018;240000463;240000083;SSR_A58;1;20;;0;;6093;;0
SSR;2018;240000463;240000083;SSR_TOT;;20;;0;180;6093;7;0
SSR;2018;240000471;240000109;SSR_A;;28;;;245;8493;15;0
SSR;2018;240000471;240000109;SSR_A50;1;28;;0;;8493;;0
SSR;2018;240000471;240000109;SSR_TOT;;28;;0;245;8493;15;0
SSR;2018;240000489;240000117;SSR_A;;39;12;;368;10900;18;3110
SSR;2018;240000489;240000117;SSR_A50;1;19;;0;;3808;;0
SSR;2018;240000489;240000117;SSR_A53;1;;12;0;;0;;3110
SSR;2018;240000489;240000117;SSR_A59;1;20;;0;;7092;;0
SSR;2018;240000489;240000117;SSR_TOT;;39;12;0;368;10900;18;3110
SSR;2018;240000505;240016055;SSR_A;;6;;;74;1648;166;0
SSR;2018;240000505;240016055;SSR_A50;1;6;;0;;1648;;0
SSR;2018;240000505;240016055;SSR_TOT;;6;;0;74;1648;166;0
SSR;2018;240000513;240000141;SSR_A;;40;;;345;11572;21;0
SSR;2018;240000513;240000141;SSR_A50;1;40;;0;;11572;;0
SSR;2018;240000513;240000141;SSR_TOT;;40;;0;345;11572;21;0
SSR;2018;240000521;240016055;SSR_A;;32;;;305;7610;4;0
SSR;2018;240000521;240016055;SSR_A50;1;32;;0;;7610;;0
SSR;2018;240000521;240016055;SSR_TOT;;32;;0;305;7610;4;0
SSR;2018;240000539;240016055;SSR_A;;35;;;203;8298;10;0
SSR;2018;240000539;240016055;SSR_A50;1;25;;0;;6144;;0
SSR;2018;240000539;240016055;SSR_A59;1;10;;0;;2154;;0
SSR;2018;240000539;240016055;SSR_TOT;;35;;0;203;8298;10;0
SSR;2018;240000661;240000281;SSR_A;;30;;;373;9508;3;0
SSR;2018;240000661;240000281;SSR_A50;1;30;;1;;9508;;0
SSR;2018;240000661;240000281;SSR_TOT;;30;;0;373;9508;3;0
SSR;2018;240000687;240000448;SSR_A;;30;;;342;8537;8;0
SSR;2018;240000687;240000448;SSR_A50;1;5;;0;;591;;0
SSR;2018;240000687;240000448;SSR_A59;1;25;;0;;7946;;0
SSR;2018;240000687;240000448;SSR_TOT;;30;;0;342;8537;8;0
SSR;2018;240002402;240003251;SSR_A;;91;10;;1181;34774;57;1583
SSR;2018;240002402;240003251;SSR_A51;1;61;4;;;17804;;887
SSR;2018;240002402;240003251;SSR_A52;1;10;2;0;;6843;;381
SSR;2018;240002402;240003251;SSR_A53;1;15;2;0;;9163;;170
SSR;2018;240002402;240003251;SSR_A55;1;5;2;0;;964;;145
SSR;2018;240002402;240003251;SSR_TOT;;91;10;0;1181;34774;57;1583
SSR;2018;240008318;240002428;SSR_A;;12;;;177;4209;1;0
SSR;2018;240008318;240002428;SSR_A50;1;;;0;;0;;0
SSR;2018;240008318;240002428;SSR_A59;1;12;;0;;4209;;0
SSR;2018;240008318;240002428;SSR_TOT;;12;;0;177;4209;1;0
SSR;2018;250000023;250000015;SSR_A;;27;;;112;3252;6;0
SSR;2018;250000023;250000015;SSR_A51;1;8;;;;1324;;0
SSR;2018;250000023;250000015;SSR_A52;1;19;;0;;1928;;0
SSR;2018;250000023;250000015;SSR_TOT;;27;;0;112;3252;6;0
SSR;2018;250000270;250000643;SSR_A;;70;12;;1154;22984;10;2709
SSR;2018;250000270;250000643;SSR_A59;1;70;12;0;;22984;;2709
SSR;2018;250000270;250000643;SSR_TOT;;70;12;0;1154;22984;10;2709
SSR;2018;250000288;250000643;SSR_A;;70;5;;619;23011;;2151
SSR;2018;250000288;250000643;SSR_A59;1;70;5;0;;23011;;2151
SSR;2018;250000288;250000643;SSR_TOT;;70;5;0;619;23011;;2151
SSR;2018;250000544;250002284;SSR_A;;37;12;;191;11297;54;8497
SSR;2018;250000544;250002284;SSR_A50;1;;;0;;0;;0
SSR;2018;250000544;250002284;SSR_A51;1;4;2;;;286;;326
SSR;2018;250000544;250002284;SSR_A52;1;33;10;0;;11011;;8171
SSR;2018;250000544;250002284;SSR_E;;15;3;;101;1630;5;787
SSR;2018;250000544;250002284;SSR_E50;1;;;0;;0;;0
SSR;2018;250000544;250002284;SSR_E51;1;2;1;0;;161;;35
SSR;2018;250000544;250002284;SSR_E52;1;13;2;0;;1469;;752
SSR;2018;250000544;250002284;SSR_TOT;;52;15;0;292;12927;59;9284
SSR;2018;250000627;250000221;SSR_A;;22;;;365;7851;9;0
SSR;2018;250000627;250000221;SSR_A50;1;22;;1;;7851;;0
SSR;2018;250000627;250000221;SSR_TOT;;22;;0;365;7851;9;0
SSR;2018;250000635;250000239;SSR_A;;28;6;;341;9182;8;1127
SSR;2018;250000635;250000239;SSR_A50;1;28;6;0;;9182;;1127
SSR;2018;250000635;250000239;SSR_TOT;;28;6;0;341;9182;8;1127
SSR;2018;250000726;250000478;SSR_A;;31;5;;323;10221;14;1209
SSR;2018;250000726;250000478;SSR_A50;1;31;5;0;;10221;;1209
SSR;2018;250000726;250000478;SSR_TOT;;31;5;0;323;10221;14;1209
SSR;2018;250000734;250000452;SSR_A;;7;;;149;2681;2;0
SSR;2018;250000734;250000452;SSR_A50;1;7;;0;;2681;;0
SSR;2018;250000734;250000452;SSR_TOT;;7;;0;149;2681;2;0
SSR;2018;250000759;250000569;SSR_A;;147;4;;745;43407;193;1255
SSR;2018;250000759;250000569;SSR_A50;1;30;2;0;;8705;;132
SSR;2018;250000759;250000569;SSR_A59;1;117;2;0;;34702;;1123
SSR;2018;250000759;250000569;SSR_TOT;;147;4;0;745;43407;193;1255
SSR;2018;250000882;250002839;SSR_A;;75;5;;674;22591;42;3121
SSR;2018;250000882;250002839;SSR_A50;1;;;0;;0;;0
SSR;2018;250000882;250002839;SSR_A51;1;50;2;;;16217;;1891
SSR;2018;250000882;250002839;SSR_A52;1;25;3;0;;6374;;1230
SSR;2018;250000882;250002839;SSR_TOT;;75;5;0;674;22591;42;3121
SSR;2018;250004009;900000365;SSR_A;;140;;;1213;50306;140;0
SSR;2018;250004009;900000365;SSR_A50;1;;;0;;0;;0
SSR;2018;250004009;900000365;SSR_A52;1;18;;0;;6411;;0
SSR;2018;250004009;900000365;SSR_A59;1;122;;0;;43895;;0
SSR;2018;250004009;900000365;SSR_TOT;;140;;0;1213;50306;140;0
SSR;2018;250006954;250000015;SSR_A;;0;;;125;4301;22;0
SSR;2018;250006954;250000015;SSR_A51;1;0;;;;536;;0
SSR;2018;250006954;250000015;SSR_A52;1;0;;0;;3765;;0
SSR;2018;250006954;250000015;SSR_TOT;;0;;0;125;4301;22;0
SSR;2018;250016003;250006335;SSR_A;;;40;;0;0;0;14210
SSR;2018;250016003;250006335;SSR_A53;1;;27;0;;0;;7286
SSR;2018;250016003;250006335;SSR_A54;1;;13;0;;0;;6924
SSR;2018;250016003;250006335;SSR_TOT;;;40;0;0;0;0;14210
SSR;2018;260000013;260000021;SSR_A;;59;16;;816;17930;5;2912
SSR;2018;260000013;260000021;SSR_A50;1;;;0;;0;;0
SSR;2018;260000013;260000021;SSR_A53;1;;5;0;;0;;1111
SSR;2018;260000013;260000021;SSR_A58;1;24;3;0;;5677;;442
SSR;2018;260000013;260000021;SSR_A59;1;35;8;0;;12253;;1359
SSR;2018;260000013;260000021;SSR_TOT;;59;16;0;816;17930;5;2912
SSR;2018;260000120;260016910;SSR_A;;30;;;489;10338;1;0
SSR;2018;260000120;260016910;SSR_A50;1;30;;0;;10338;;0
SSR;2018;260000120;260016910;SSR_TOT;;30;;0;489;10338;1;0
SSR;2018;260000138;260000047;SSR_A;;46;;;528;16173;11;0
SSR;2018;260000138;260000047;SSR_A50;1;31;;0;;11161;;0
SSR;2018;260000138;260000047;SSR_A59;1;15;;0;;5012;;0
SSR;2018;260000138;260000047;SSR_TOT;;46;;0;528;16173;11;0
SSR;2018;260000153;930019484;SSR_A;;60;;;613;15841;2;0
SSR;2018;260000153;930019484;SSR_A50;1;60;;0;;15841;;0
SSR;2018;260000153;930019484;SSR_TOT;;60;;0;613;15841;2;0
SSR;2018;260000195;260006770;SSR_A;;61;;;739;18964;0;0
SSR;2018;260000195;260006770;SSR_A50;1;;;0;;0;;0
SSR;2018;260000195;260006770;SSR_A54;1;61;;0;;18964;;0
SSR;2018;260000195;260006770;SSR_TOT;;61;;0;739;18964;0;0
SSR;2018;260000203;260016910;SSR_A;;59;5;;418;15449;45;2106
SSR;2018;260000203;260016910;SSR_A50;1;;;1;;0;;0
SSR;2018;260000203;260016910;SSR_A51;1;29;2;;;8056;;813
SSR;2018;260000203;260016910;SSR_A52;1;30;3;0;;7393;;1293
SSR;2018;260000203;260016910;SSR_TOT;;59;5;0;418;15449;45;2106
SSR;2018;260000229;260000047;SSR_A;;12;;;138;3973;2;0
SSR;2018;260000229;260000047;SSR_A50;1;12;;0;;3973;;0
SSR;2018;260000229;260000047;SSR_TOT;;12;;0;138;3973;2;0
SSR;2018;260000237;260000088;SSR_A;;25;;;306;8562;8;0
SSR;2018;260000237;260000088;SSR_A50;1;25;;0;;8562;;0
SSR;2018;260000237;260000088;SSR_TOT;;25;;0;306;8562;8;0
SSR;2018;260000278;260000096;SSR_A;;19;;;271;6491;6;0
SSR;2018;260000278;260000096;SSR_A50;1;19;;0;;6491;;0
SSR;2018;260000278;260000096;SSR_TOT;;19;;0;271;6491;6;0
SSR;2018;260000286;260000104;SSR_A;;15;;;178;5117;0;0
SSR;2018;260000286;260000104;SSR_A50;1;15;;0;;5117;;0
SSR;2018;260000286;260000104;SSR_TOT;;15;;0;178;5117;0;0
SSR;2018;260000682;930019484;SSR_A;;65;19;;487;18858;55;6336
SSR;2018;260000682;930019484;SSR_A50;1;;;0;;0;;0
SSR;2018;260000682;930019484;SSR_A51;1;26;8;;;8081;;3227
SSR;2018;260000682;930019484;SSR_A52;1;39;11;0;;10777;;3109
SSR;2018;260000682;930019484;SSR_E;;;1;;0;0;0;29
SSR;2018;260000682;930019484;SSR_E50;1;;;0;;0;;0
SSR;2018;260000682;930019484;SSR_E51;1;;1;0;;0;;29
SSR;2018;260000682;930019484;SSR_E52;1;;;0;;0;;0
SSR;2018;260000682;930019484;SSR_TOT;;65;20;0;487;18858;55;6365
SSR;2018;260006267;070000245;SSR_A;;67;10;;582;24776;66;5022
SSR;2018;260006267;070000245;SSR_A50;1;10;2;0;;4457;;1250
SSR;2018;260006267;070000245;SSR_A51;1;42;5;;;14443;;3387
SSR;2018;260006267;070000245;SSR_A52;1;15;3;0;;5876;;385
SSR;2018;260006267;070000245;SSR_TOT;;67;10;0;582;24776;66;5022
SSR;2018;260017454;260016761;SSR_A;;101;12;;1454;29697;6;2935
SSR;2018;260017454;260016761;SSR_A50;1;;;0;;0;;0
SSR;2018;260017454;260016761;SSR_A51;1;10;;;;4072;;0
SSR;2018;260017454;260016761;SSR_A52;1;10;;0;;3290;;0
SSR;2018;260017454;260016761;SSR_A53;1;54;8;0;;13644;;2165
SSR;2018;260017454;260016761;SSR_A54;1;27;4;0;;8691;;770
SSR;2018;260017454;260016761;SSR_E;;0;1;;0;0;0;18
SSR;2018;260017454;260016761;SSR_E50;1;;;0;;0;;0
SSR;2018;260017454;260016761;SSR_E53;1;0;;0;;0;;0
SSR;2018;260017454;260016761;SSR_E54;1;0;1;0;;0;;18
SSR;2018;260017454;260016761;SSR_E55;1;0;0;0;;0;;0
SSR;2018;260017454;260016761;SSR_TOT;;101;13;0;1454;29697;6;2953
SSR;2018;270000045;270000060;SSR_A;;21;;;269;6985;1;0
SSR;2018;270000045;270000060;SSR_A50;1;;;0;;0;;0
SSR;2018;270000045;270000060;SSR_A59;1;21;;0;;6985;;0
SSR;2018;270000045;270000060;SSR_TOT;;21;;0;269;6985;1;0
SSR;2018;270000342;920030269;SSR_A;;45;15;;346;22288;37;8594
SSR;2018;270000342;920030269;SSR_A51;1;30;8;;;14535;;5841
SSR;2018;270000342;920030269;SSR_A52;1;15;7;1;;7753;;2753
SSR;2018;270000342;920030269;SSR_TOT;;45;15;1;346;22288;37;8594
SSR;2018;270000367;270000086;SSR_A;;33;;;377;11321;22;0
SSR;2018;270000367;270000086;SSR_A50;1;13;;0;;1606;;0
SSR;2018;270000367;270000086;SSR_A59;1;20;;0;;9715;;0
SSR;2018;270000367;270000086;SSR_TOT;;33;;0;377;11321;22;0
SSR;2018;270000391;760024042;SSR_A;;42;;;386;14891;35;0
SSR;2018;270000391;760024042;SSR_A50;1;30;;0;;10484;;0
SSR;2018;270000391;760024042;SSR_A59;1;12;;0;;4407;;0
SSR;2018;270000391;760024042;SSR_TOT;;42;;0;386;14891;35;0
SSR;2018;270000417;760025734;SSR_A;;82;;;627;23528;65;0
SSR;2018;270000417;760025734;SSR_A50;1;82;;0;;23528;;0
SSR;2018;270000417;760025734;SSR_TOT;;82;;0;627;23528;65;0
SSR;2018;270000425;270000102;SSR_A;;38;;;462;10635;5;0
SSR;2018;270000425;270000102;SSR_A50;1;18;;0;;6242;;0
SSR;2018;270000425;270000102;SSR_A59;1;20;;0;;4393;;0
SSR;2018;270000425;270000102;SSR_TOT;;38;;0;462;10635;5;0
SSR;2018;270000433;920030269;SSR_A;;80;;;415;23404;83;0
SSR;2018;270000433;920030269;SSR_A50;1;80;;0;;23404;;0
SSR;2018;270000433;920030269;SSR_TOT;;80;;0;415;23404;83;0
SSR;2018;270000441;270000110;SSR_A;;30;;;398;8466;2;0
SSR;2018;270000441;270000110;SSR_A50;1;30;;1;;8466;;0
SSR;2018;270000441;270000110;SSR_A52;0;;;1;;0;;0
SSR;2018;270000441;270000110;SSR_A56;0;;;1;;0;;0
SSR;2018;270000441;270000110;SSR_A59;0;;;1;;0;;0
SSR;2018;270000441;270000110;SSR_E50;0;;;1;;0;;0
SSR;2018;270000441;270000110;SSR_TOT;;30;;0;398;8466;2;0
SSR;2018;270000458;270023724;SSR_A;;22;;;292;7860;10;0
SSR;2018;270000458;270023724;SSR_A50;1;22;;0;;7860;;0
SSR;2018;270000458;270023724;SSR_TOT;;22;;0;292;7860;10;0
SSR;2018;270000474;270000136;SSR_A;;20;;;198;6973;4;0
SSR;2018;270000474;270000136;SSR_A50;1;20;;0;;6973;;0
SSR;2018;270000474;270000136;SSR_TOT;;20;;0;198;6973;4;0
SSR;2018;270000482;270000144;SSR_A;;15;;;153;5053;6;0
SSR;2018;270000482;270000144;SSR_A50;1;15;;0;;5053;;0
SSR;2018;270000482;270000144;SSR_TOT;;15;;0;153;5053;6;0
SSR;2018;270000516;270000177;SSR_A;;20;;;195;6854;10;0
SSR;2018;270000516;270000177;SSR_A50;1;20;;0;;6854;;0
SSR;2018;270000516;270000177;SSR_TOT;;20;;0;195;6854;10;0
SSR;2018;270000870;920031770;SSR_A;;51;;;361;15099;11;0
SSR;2018;270000870;920031770;SSR_A58;1;51;;0;;15099;;0
SSR;2018;270000870;920031770;SSR_TOT;;51;;0;361;15099;11;0
SSR;2018;270000896;930019484;SSR_A;;60;5;;408;16202;39;2166
SSR;2018;270000896;930019484;SSR_A50;1;10;;0;;2700;;0
SSR;2018;270000896;930019484;SSR_A51;1;30;3;;;7702;;1539
SSR;2018;270000896;930019484;SSR_A52;1;20;2;0;;5800;;627
SSR;2018;270000896;930019484;SSR_TOT;;60;5;0;408;16202;39;2166
SSR;2018;270000912;750814030;SSR_A;;375;27;;3285;118485;255;17138
SSR;2018;270000912;750814030;SSR_A50;1;60;;0;;19859;;0
SSR;2018;270000912;750814030;SSR_A51;1;74;14;;;23206;;8405
SSR;2018;270000912;750814030;SSR_A52;1;49;4;0;;14989;;2081
SSR;2018;270000912;750814030;SSR_A53;1;;5;0;;0;;4289
SSR;2018;270000912;750814030;SSR_A54;1;39;1;0;;11856;;1767
SSR;2018;270000912;750814030;SSR_A55;1;43;1;0;;12082;;352
SSR;2018;270000912;750814030;SSR_A56;1;37;;0;;11222;;0
SSR;2018;270000912;750814030;SSR_A57;1;3;;0;;1635;;0
SSR;2018;270000912;750814030;SSR_A59;1;70;2;0;;23636;;244
SSR;2018;270000912;750814030;SSR_E;;3;3;;21;719;3;1934
SSR;2018;270000912;750814030;SSR_E50;1;;;0;;0;;0
SSR;2018;270000912;750814030;SSR_E51;1;1;1;0;;9;;146
SSR;2018;270000912;750814030;SSR_E52;1;1;1;0;;572;;1649
SSR;2018;270000912;750814030;SSR_E55;1;1;1;0;;138;;139
SSR;2018;270000912;750814030;SSR_TOT;;378;30;0;3306;119204;258;19072
SSR;2018;280000043;280000134;SSR_A;;80;;;504;26084;105;0
SSR;2018;280000043;280000134;SSR_A59;1;80;;0;;26084;;0
SSR;2018;280000043;280000134;SSR_TOT;;80;;0;504;26084;105;0
SSR;2018;280000084;280000183;SSR_A;;110;6;;1011;34869;82;2994
SSR;2018;280000084;280000183;SSR_A50;1;60;6;0;;0;;0
SSR;2018;280000084;280000183;SSR_A51;1;;;;;7170;;1577
SSR;2018;280000084;280000183;SSR_A52;1;;;0;;9861;;971
SSR;2018;280000084;280000183;SSR_A54;1;;;0;;0;;446
SSR;2018;280000084;280000183;SSR_A59;1;50;;0;;17838;;0
SSR;2018;280000084;280000183;SSR_TOT;;110;6;0;1011;34869;82;2994
SSR;2018;280000100;280000225;SSR_A;;17;;;188;5403;5;0
SSR;2018;280000100;280000225;SSR_A59;1;17;;0;;5403;;0
SSR;2018;280000100;280000225;SSR_TOT;;17;;0;188;5403;5;0
SSR;2018;280000266;450018106;SSR_A;;97;;;844;31124;65;0
SSR;2018;280000266;450018106;SSR_A51;1;48;;;;16537;;0
SSR;2018;280000266;450018106;SSR_A52;1;32;;0;;9321;;0
SSR;2018;280000266;450018106;SSR_A59;1;17;;0;;5266;;0
SSR;2018;280000266;450018106;SSR_TOT;;97;;0;844;31124;65;0
SSR;2018;280000431;310021167;SSR_A;;68;5;;664;17444;6;1505
SSR;2018;280000431;310021167;SSR_A53;1;68;5;0;;17444;;1505
SSR;2018;280000431;310021167;SSR_TOT;;68;5;0;664;17444;6;1505
SSR;2018;280000449;920030269;SSR_A;;135;20;;808;28654;75;5808
SSR;2018;280000449;920030269;SSR_A50;1;48;;0;;8428;;0
SSR;2018;280000449;920030269;SSR_A53;1;31;5;0;;9684;;3915
SSR;2018;280000449;920030269;SSR_A55;1;28;5;0;;308;;82
SSR;2018;280000449;920030269;SSR_A59;1;28;10;0;;10234;;1811
SSR;2018;280000449;920030269;SSR_TOT;;135;20;0;808;28654;75;5808
SSR;2018;280000662;280500075;SSR_A;;50;0;;464;16272;22;0
SSR;2018;280000662;280500075;SSR_A50;1;;;0;;0;;0
SSR;2018;280000662;280500075;SSR_A59;1;50;0;0;;16272;;0
SSR;2018;280000662;280500075;SSR_TOT;;50;0;0;464;16272;22;0
SSR;2018;280007261;450018106;SSR_A;;;15;;0;0;0;4093
SSR;2018;280007261;450018106;SSR_A51;1;;6;;;0;;2630
SSR;2018;280007261;450018106;SSR_A52;1;;9;0;;0;;1463
SSR;2018;280007261;450018106;SSR_TOT;;;15;0;0;0;0;4093
SSR;2018;280502998;280000589;SSR_A;;30;;;254;10520;33;0
SSR;2018;280502998;280000589;SSR_A50;1;30;;0;;10520;;0
SSR;2018;280502998;280000589;SSR_TOT;;30;;0;254;10520;33;0
SSR;2018;280504267;280000134;SSR_A;;;5;;0;0;0;625
SSR;2018;280504267;280000134;SSR_A54;1;;5;0;;0;;625
SSR;2018;280504267;280000134;SSR_TOT;;;5;0;0;0;0;625
SSR;2018;280505223;440052041;SSR_A;;99;15;;1702;34122;0;3368
SSR;2018;280505223;440052041;SSR_A50;1;;;0;;6;;0
SSR;2018;280505223;440052041;SSR_A55;1;99;15;0;;34116;;3368
SSR;2018;280505223;440052041;SSR_TOT;;99;15;0;1702;34122;0;3368
SSR;2018;280505264;280006370;SSR_A;;69;;;653;24633;64;0
SSR;2018;280505264;280006370;SSR_A50;1;39;;0;;5380;;0
SSR;2018;280505264;280006370;SSR_A59;1;30;;0;;19253;;0
SSR;2018;280505264;280006370;SSR_TOT;;69;;0;653;24633;64;0
SSR;2018;280506015;280001264;SSR_A;;43;;;605;15171;0;0
SSR;2018;280506015;280001264;SSR_A50;1;;;0;;0;;0
SSR;2018;280506015;280001264;SSR_A58;1;43;;0;;15171;;0
SSR;2018;280506015;280001264;SSR_TOT;;43;;0;605;15171;0;0
SSR;2018;290000033;290021542;SSR_A;;74;;;639;22670;45;0
SSR;2018;290000033;290021542;SSR_A50;1;28;;0;;9955;;0
SSR;2018;290000033;290021542;SSR_A59;1;46;;0;;12715;;0
SSR;2018;290000033;290021542;SSR_TOT;;74;;0;639;22670;45;0
SSR;2018;290000058;290000017;SSR_A;;20;5;;144;6782;21;2160
SSR;2018;290000058;290000017;SSR_A51;1;0;1;;;0;;562
SSR;2018;290000058;290000017;SSR_A52;1;20;4;0;;6782;;1598
SSR;2018;290000058;290000017;SSR_E;;5;;;10;66;0;0
SSR;2018;290000058;290000017;SSR_E50;1;5;;1;;66;;0
SSR;2018;290000058;290000017;SSR_TOT;;25;5;0;154;6848;21;2160
SSR;2018;290000066;290020700;SSR_A;;66;20;;716;20309;24;4318
SSR;2018;290000066;290020700;SSR_A51;1;20;9;;;5485;;2947
SSR;2018;290000066;290020700;SSR_A54;1;;6;0;;0;;987
SSR;2018;290000066;290020700;SSR_A58;1;15;5;0;;4276;;384
SSR;2018;290000066;290020700;SSR_A59;1;31;;0;;10548;;0
SSR;2018;290000066;290020700;SSR_E;;;4;;0;0;0;407
SSR;2018;290000066;290020700;SSR_E51;1;;1;0;;0;;54
SSR;2018;290000066;290020700;SSR_E52;1;;3;0;;0;;353
SSR;2018;290000066;290020700;SSR_TOT;;66;24;0;716;20309;24;4725
SSR;2018;290000165;290030592;SSR_A;;67;;;769;23140;15;0
SSR;2018;290000165;290030592;SSR_A50;1;33;;0;;17820;;0
SSR;2018;290000165;290030592;SSR_A59;1;34;;0;;5320;;0
SSR;2018;290000165;290030592;SSR_TOT;;67;;0;769;23140;15;0
SSR;2018;290000173;290000041;SSR_A;;30;0;;511;10480;3;0
SSR;2018;290000173;290000041;SSR_A50;1;30;0;0;;10480;;0
SSR;2018;290000173;290000041;SSR_TOT;;30;0;0;511;10480;3;0
SSR;2018;290000181;290000074;SSR_A;;45;14;;598;15679;12;2833
SSR;2018;290000181;290000074;SSR_A50;1;23;;0;;5560;;0
SSR;2018;290000181;290000074;SSR_A53;1;2;9;0;;480;;2614
SSR;2018;290000181;290000074;SSR_A59;1;20;5;0;;9639;;219
SSR;2018;290000181;290000074;SSR_TOT;;45;14;0;598;15679;12;2833
SSR;2018;290000256;290000017;SSR_A;;45;0;;491;13659;17;0
SSR;2018;290000256;290000017;SSR_A50;1;21;0;0;;4178;;0
SSR;2018;290000256;290000017;SSR_A59;1;24;0;0;;9481;;0
SSR;2018;290000256;290000017;SSR_TOT;;45;0;0;491;13659;17;0
SSR;2018;290000272;290000090;SSR_A;;10;;;140;3325;2;0
SSR;2018;290000272;290000090;SSR_A50;1;10;;0;;3325;;0
SSR;2018;290000272;290000090;SSR_TOT;;10;;0;140;3325;2;0
SSR;2018;290000322;290000108;SSR_A;;33;;;388;11010;11;0
SSR;2018;290000322;290000108;SSR_A50;1;33;;0;;11010;;0
SSR;2018;290000322;290000108;SSR_TOT;;33;;0;388;11010;11;0
SSR;2018;290000371;920030269;SSR_A;;127;;;1414;43627;17;0
SSR;2018;290000371;920030269;SSR_A50;1;48;;0;;11991;;0
SSR;2018;290000371;920030269;SSR_A59;1;79;;0;;31636;;0
SSR;2018;290000371;920030269;SSR_TOT;;127;;0;1414;43627;17;0
SSR;2018;290000389;290000116;SSR_A;;15;;;231;5098;0;0
SSR;2018;290000389;290000116;SSR_A50;1;15;;0;;5098;;0
SSR;2018;290000389;290000116;SSR_TOT;;15;;0;231;5098;0;0
SSR;2018;290000413;290009752;SSR_A;;50;;;500;13614;7;0
SSR;2018;290000413;290009752;SSR_A50;1;50;;0;;13614;;0
SSR;2018;290000413;290009752;SSR_TOT;;50;;0;500;13614;7;0
SSR;2018;290000553;290021542;SSR_A;;52;5;;614;17245;22;1414
SSR;2018;290000553;290021542;SSR_A54;1;24;5;0;;7675;;1414
SSR;2018;290000553;290021542;SSR_A59;1;28;0;0;;9570;;0
SSR;2018;290000553;290021542;SSR_TOT;;52;5;0;614;17245;22;1414
SSR;2018;290000686;440042844;SSR_A;;50;;;709;17415;5;0
SSR;2018;290000686;440042844;SSR_A50;1;16;;0;;5642;;0
SSR;2018;290000686;440042844;SSR_A59;1;34;;0;;11773;;0
SSR;2018;290000686;440042844;SSR_TOT;;50;;0;709;17415;5;0
SSR;2018;290000728;750821092;SSR_A;;6;2;;146;1521;0;931
SSR;2018;290000728;750821092;SSR_A50;1;6;2;0;;25;;19
SSR;2018;290000728;750821092;SSR_A51;1;;;;;1339;;762
SSR;2018;290000728;750821092;SSR_A52;1;;;0;;157;;150
SSR;2018;290000728;750821092;SSR_TOT;;6;2;0;146;1521;0;931
SSR;2018;290000785;220020739;SSR_A;;48;12;;559;16133;15;2615
SSR;2018;290000785;220020739;SSR_A50;1;48;;1;;16133;;0
SSR;2018;290000785;220020739;SSR_A55;1;;12;0;;0;;2615
SSR;2018;290000785;220020739;SSR_TOT;;48;12;0;559;16133;15;2615
SSR;2018;290000819;290001023;SSR_A;;110;20;;1097;36370;41;10021
SSR;2018;290000819;290001023;SSR_A50;1;5;0;1;;2524;;0
SSR;2018;290000819;290001023;SSR_A51;1;85;15;;;27610;;9910
SSR;2018;290000819;290001023;SSR_A59;1;20;5;1;;6236;;111
SSR;2018;290000819;290001023;SSR_TOT;;110;20;1;1097;36370;41;10021
SSR;2018;290000827;290000546;SSR_A;;95;24;;1037;30153;54;6244
SSR;2018;290000827;290000546;SSR_A50;1;52;2;0;;17447;;197
SSR;2018;290000827;290000546;SSR_A53;1;;20;0;;0;;5695
SSR;2018;290000827;290000546;SSR_A58;1;43;2;0;;12706;;352
SSR;2018;290000827;290000546;SSR_E;;25;20;;368;4962;11;6105
SSR;2018;290000827;290000546;SSR_E50;1;11;8;0;;2066;;1282
SSR;2018;290000827;290000546;SSR_E51;1;9;5;0;;1400;;2688
SSR;2018;290000827;290000546;SSR_E52;1;3;5;0;;1496;;1863
SSR;2018;290000827;290000546;SSR_E55;1;2;2;0;;0;;272
SSR;2018;290000827;290000546;SSR_TOT;;120;44;0;1405;35115;65;12349
SSR;2018;290000934;560005746;SSR_A;;20;6;;481;4890;0;894
SSR;2018;290000934;560005746;SSR_A50;1;;;0;;0;;0
SSR;2018;290000934;560005746;SSR_A54;1;20;6;0;;4890;;894
SSR;2018;290000934;560005746;SSR_TOT;;20;6;0;481;4890;0;894
SSR;2018;290000975;290000546;SSR_A;;107;33;;1173;33815;53;11525
SSR;2018;290000975;290000546;SSR_A51;1;29;20;;;9801;;7510
SSR;2018;290000975;290000546;SSR_A52;1;42;7;0;;12308;;2853
SSR;2018;290000975;290000546;SSR_A54;1;12;3;0;;3373;;185
SSR;2018;290000975;290000546;SSR_A55;1;22;3;0;;7863;;977
SSR;2018;290000975;290000546;SSR_A56;1;2;0;0;;470;;0
SSR;2018;290000975;290000546;SSR_E;;28;8;;255;5404;0;1996
SSR;2018;290000975;290000546;SSR_E51;1;4;3;0;;1486;;500
SSR;2018;290000975;290000546;SSR_E52;1;3;2;0;;43;;1317
SSR;2018;290000975;290000546;SSR_E54;1;3;2;0;;333;;62
SSR;2018;290000975;290000546;SSR_E55;1;18;1;0;;3542;;117
SSR;2018;290000975;290000546;SSR_TOT;;135;41;0;1428;39219;53;13521
SSR;2018;290000983;290000546;SSR_A;;20;15;;417;7114;0;3475
SSR;2018;290000983;290000546;SSR_A53;1;20;15;0;;7114;;3475
SSR;2018;290000983;290000546;SSR_TOT;;20;15;0;417;7114;0;3475
SSR;2018;290001015;290000751;SSR_A;;31;;;311;10170;7;0
SSR;2018;290001015;290000751;SSR_A50;1;31;;0;;10170;;0
SSR;2018;290001015;290000751;SSR_TOT;;31;;0;311;10170;7;0
SSR;2018;290002344;440042844;SSR_A;;90;;;926;30498;31;0
SSR;2018;290002344;440042844;SSR_A50;1;90;;0;;30498;;0
SSR;2018;290002344;440042844;SSR_TOT;;90;;0;926;30498;31;0
SSR;2018;290003953;920030269;SSR_A;;140;33;;1125;38791;35;23384
SSR;2018;290003953;920030269;SSR_A51;1;120;28;;;31923;;20457
SSR;2018;290003953;920030269;SSR_A52;1;20;5;1;;6868;;2927
SSR;2018;290003953;920030269;SSR_TOT;;140;33;1;1125;38791;35;23384
SSR;2018;290004324;290000017;SSR_A;;;7;;0;0;0;2193
SSR;2018;290004324;290000017;SSR_A54;1;;7;0;;0;;2193
SSR;2018;290004324;290000017;SSR_TOT;;;7;0;0;0;0;2193
SSR;2018;290004365;290000017;SSR_A;;115;0;;1332;40410;51;0
SSR;2018;290004365;290000017;SSR_A50;1;15;0;0;;6484;;0
SSR;2018;290004365;290000017;SSR_A51;1;30;0;;;9587;;0
SSR;2018;290004365;290000017;SSR_A56;1;15;0;0;;4109;;0
SSR;2018;290004365;290000017;SSR_A59;1;55;0;0;;20230;;0
SSR;2018;290004365;290000017;SSR_TOT;;115;0;0;1332;40410;51;0
SSR;2018;290005826;290020700;SSR_A;;50;7;;488;17168;44;1574
SSR;2018;290005826;290020700;SSR_A50;1;30;;0;;10760;;0
SSR;2018;290005826;290020700;SSR_A52;1;20;7;0;;6408;;1574
SSR;2018;290005826;290020700;SSR_TOT;;50;7;0;488;17168;44;1574
SSR;2018;290007905;750826307;SSR_E;;40;;;80;1090;0;0
SSR;2018;290007905;750826307;SSR_E50;1;40;;0;;1090;;0
SSR;2018;290007905;750826307;SSR_TOT;;40;;0;80;1090;0;0
SSR;2018;290034610;560005746;SSR_A;;43;;;458;15126;14;0
SSR;2018;290034610;560005746;SSR_A50;1;;;0;;0;;0
SSR;2018;290034610;560005746;SSR_A59;1;43;;0;;15126;;0
SSR;2018;290034610;560005746;SSR_TOT;;43;;0;458;15126;14;0
SSR;2018;2A0000030;2A0000048;SSR_A;;103;50;;966;39771;91;27721
SSR;2018;2A0000030;2A0000048;SSR_A50;1;;;0;;0;;0
SSR;2018;2A0000030;2A0000048;SSR_A51;1;40;26;;;15722;;19419
SSR;2018;2A0000030;2A0000048;SSR_A52;1;37;17;0;;16343;;4283
SSR;2018;2A0000030;2A0000048;SSR_A53;1;18;5;0;;4928;;2698
SSR;2018;2A0000030;2A0000048;SSR_A58;1;8;2;0;;2778;;1321
SSR;2018;2A0000030;2A0000048;SSR_TOT;;103;50;0;966;39771;91;27721
SSR;2018;2A0000212;2A0000170;SSR_A;;18;;;200;5689;6;0
SSR;2018;2A0000212;2A0000170;SSR_A50;1;18;;0;;5689;;0
SSR;2018;2A0000212;2A0000170;SSR_TOT;;18;;0;200;5689;6;0
SSR;2018;2A0000261;2A0000279;SSR_A;;84;;;518;27000;112;0
SSR;2018;2A0000261;2A0000279;SSR_A50;1;84;;0;;27000;;0
SSR;2018;2A0000261;2A0000279;SSR_TOT;;84;;0;518;27000;112;0
SSR;2018;2A0000287;2A0000386;SSR_A;;20;;;243;5579;9;0
SSR;2018;2A0000287;2A0000386;SSR_A50;1;20;;0;;5579;;0
SSR;2018;2A0000287;2A0000386;SSR_TOT;;20;;0;243;5579;9;0
SSR;2018;2A0002051;2A0000303;SSR_A;;99;28;;738;30841;85;10115
SSR;2018;2A0002051;2A0000303;SSR_A50;1;14;;0;;1;;0
SSR;2018;2A0002051;2A0000303;SSR_A51;1;49;19;;;22893;;7822
SSR;2018;2A0002051;2A0000303;SSR_A52;1;36;9;0;;7947;;2293
SSR;2018;2A0002051;2A0000303;SSR_E;;;2;;0;0;0;104
SSR;2018;2A0002051;2A0000303;SSR_E50;1;;;0;;0;;0
SSR;2018;2A0002051;2A0000303;SSR_E51;1;;1;0;;0;;92
SSR;2018;2A0002051;2A0000303;SSR_E52;1;;1;0;;0;;12
SSR;2018;2A0002051;2A0000303;SSR_TOT;;99;30;0;738;30841;85;10219
SSR;2018;2A0002614;2A0002606;SSR_A;;5;0;;81;1779;1;0
SSR;2018;2A0002614;2A0002606;SSR_A50;1;5;0;1;;1779;;0
SSR;2018;2A0002614;2A0002606;SSR_TOT;;5;0;0;81;1779;1;0
SSR;2018;2A0022554;2A0000311;SSR_A;;70;;;863;22872;0;0
SSR;2018;2A0022554;2A0000311;SSR_A50;1;;;0;;0;;0
SSR;2018;2A0022554;2A0000311;SSR_A55;1;70;;0;;22872;;0
SSR;2018;2A0022554;2A0000311;SSR_TOT;;70;;0;863;22872;0;0
SSR;2018;2A0023271;2A0000014;SSR_A;;35;;;284;12329;38;0
SSR;2018;2A0023271;2A0000014;SSR_A50;1;35;;0;;12329;;0
SSR;2018;2A0023271;2A0000014;SSR_A59;1;;;0;;0;;0
SSR;2018;2A0023271;2A0000014;SSR_TOT;;35;;0;284;12329;38;0
SSR;2018;2B0000012;2B0000020;SSR_A;;52;27;;506;14571;21;10880
SSR;2018;2B0000012;2B0000020;SSR_A50;1;;;0;;0;;0
SSR;2018;2B0000012;2B0000020;SSR_A51;1;28;12;;;6850;;2843
SSR;2018;2B0000012;2B0000020;SSR_A52;1;;;0;;0;;0
SSR;2018;2B0000012;2B0000020;SSR_A53;1;;15;0;;0;;8037
SSR;2018;2B0000012;2B0000020;SSR_A59;1;24;0;0;;7721;;0
SSR;2018;2B0000012;2B0000020;SSR_TOT;;52;27;0;506;14571;21;10880
SSR;2018;2B0000038;2B0004246;SSR_A;;20;;;173;5213;8;0
SSR;2018;2B0000038;2B0004246;SSR_A50;1;20;;1;;5213;;0
SSR;2018;2B0000038;2B0004246;SSR_TOT;;20;;0;173;5213;8;0
SSR;2018;2B0000400;2B0000137;SSR_A;;80;;;380;26885;145;0
SSR;2018;2B0000400;2B0000137;SSR_A50;1;80;;0;;26885;;0
SSR;2018;2B0000400;2B0000137;SSR_TOT;;80;;0;380;26885;145;0
SSR;2018;2B0005664;2B0005656;SSR_A;;20;;;158;3466;1;0
SSR;2018;2B0005664;2B0005656;SSR_A50;1;20;;0;;3466;;0
SSR;2018;2B0005664;2B0005656;SSR_TOT;;20;;0;158;3466;1;0
SSR;2018;300000023;300780046;SSR_A;;53;12;;577;14074;8;2727
SSR;2018;300000023;300780046;SSR_A51;1;22;7;;;5635;;2260
SSR;2018;300000023;300780046;SSR_A52;1;16;5;0;;3674;;467
SSR;2018;300000023;300780046;SSR_A59;1;15;0;0;;4765;;0
SSR;2018;300000023;300780046;SSR_TOT;;53;12;0;577;14074;8;2727
SSR;2018;300000049;130028228;SSR_A;;22;;;228;7158;11;
SSR;2018;300000049;130028228;SSR_A50;1;22;;;;7158;;
SSR;2018;300000049;130028228;SSR_TOT;;22;;;228;7158;11;
SSR;2018;300000056;300780079;SSR_A;;35;0;;529;12366;2;0
SSR;2018;300000056;300780079;SSR_A50;1;35;0;0;;12366;;0
SSR;2018;300000056;300780079;SSR_A59;1;;;0;;0;;0
SSR;2018;300000056;300780079;SSR_TOT;;35;0;0;529;12366;2;0
SSR;2018;300000064;300780087;SSR_A;;44;;;484;14907;23;0
SSR;2018;300000064;300780087;SSR_A50;1;44;;0;;14907;;0
SSR;2018;300000064;300780087;SSR_TOT;;44;;0;484;14907;23;0
SSR;2018;300000072;300780095;SSR_A;;14;0;;204;4863;2;0
SSR;2018;300000072;300780095;SSR_A50;1;14;0;0;;4863;;0
SSR;2018;300000072;300780095;SSR_A51;1;;;;;0;;0
SSR;2018;300000072;300780095;SSR_A52;1;;;0;;0;;0
SSR;2018;300000072;300780095;SSR_A53;1;;;0;;0;;0
SSR;2018;300000072;300780095;SSR_A54;1;;;0;;0;;0
SSR;2018;300000072;300780095;SSR_A55;1;;;0;;0;;0
SSR;2018;300000072;300780095;SSR_A56;1;;;0;;0;;0
SSR;2018;300000072;300780095;SSR_A58;1;;;0;;0;;0
SSR;2018;300000072;300780095;SSR_A59;1;;;0;;0;;0
SSR;2018;300000072;300780095;SSR_TOT;;14;0;0;204;4863;2;0
SSR;2018;300000478;300781010;SSR_A;;34;;;394;10330;7;0
SSR;2018;300000478;300781010;SSR_A50;1;17;;0;;9314;;0
SSR;2018;300000478;300781010;SSR_A54;1;17;;0;;1016;;0
SSR;2018;300000478;300781010;SSR_TOT;;34;;0;394;10330;7;0
SSR;2018;300002169;780020715;SSR_A;;35;0;;348;12201;20;0
SSR;2018;300002169;780020715;SSR_A59;1;35;0;0;;12201;;0
SSR;2018;300002169;780020715;SSR_TOT;;35;0;0;348;12201;20;0
SSR;2018;300012358;340015171;SSR_A;;90;;;1046;26299;12;0
SSR;2018;300012358;340015171;SSR_A50;1;90;;0;;26299;;0
SSR;2018;300012358;340015171;SSR_TOT;;90;;0;1046;26299;12;0
SSR;2018;300014040;300014024;SSR_A;;30;15;;395;11159;3;5537
SSR;2018;300014040;300014024;SSR_A51;1;30;15;;;11159;;5537
SSR;2018;300014040;300014024;SSR_TOT;;30;15;0;395;11159;3;5537
SSR;2018;300017423;380804542;SSR_A;;60;10;;619;17901;13;1131
SSR;2018;300017423;380804542;SSR_A54;1;30;10;0;;9249;;1131
SSR;2018;300017423;380804542;SSR_A58;1;30;;0;;8652;;0
SSR;2018;300017423;380804542;SSR_TOT;;60;10;0;619;17901;13;1131
SSR;2018;300780111;750050759;SSR_A;;40;;;419;12905;21;0
SSR;2018;300780111;750050759;SSR_A50;1;40;;0;;12905;;0
SSR;2018;300780111;750050759;SSR_TOT;;40;;0;419;12905;21;0
SSR;2018;300780285;300000726;SSR_A;;104;22;;973;35216;69;15826
SSR;2018;300780285;300000726;SSR_A50;1;;;0;;0;;0
SSR;2018;300780285;300000726;SSR_A51;1;80;22;;;26804;;15826
SSR;2018;300780285;300000726;SSR_A59;1;24;;0;;8412;;0
SSR;2018;300780285;300000726;SSR_TOT;;104;22;0;973;35216;69;15826
SSR;2018;300780442;300017464;SSR_A;;49;;;570;17444;19;0
SSR;2018;300780442;300017464;SSR_A50;1;49;;0;;17444;;0
SSR;2018;300780442;300017464;SSR_TOT;;49;;0;570;17444;19;0
SSR;2018;300780491;340016963;SSR_A;;75;10;;1040;24253;24;3312
SSR;2018;300780491;340016963;SSR_A50;1;44;;0;;15225;;0
SSR;2018;300780491;340016963;SSR_A55;1;31;10;0;;9028;;3312
SSR;2018;300780491;340016963;SSR_TOT;;75;10;0;1040;24253;24;3312
SSR;2018;300781440;300000700;SSR_A;;63;;;556;18088;23;0
SSR;2018;300781440;300000700;SSR_A50;1;63;;0;;18088;;0
SSR;2018;300781440;300000700;SSR_TOT;;63;;0;556;18088;23;0
SSR;2018;300782117;300780038;SSR_A;;135;46;;1388;41857;66;11738
SSR;2018;300782117;300780038;SSR_A50;1;20;;0;;7147;;0
SSR;2018;300782117;300780038;SSR_A51;1;50;5;;;19195;;3149
SSR;2018;300782117;300780038;SSR_A52;1;61;6;0;;14764;;207
SSR;2018;300782117;300780038;SSR_A53;1;4;20;0;;751;;5255
SSR;2018;300782117;300780038;SSR_A59;1;;15;0;;0;;3127
SSR;2018;300782117;300780038;SSR_E;;;8;;0;0;0;1520
SSR;2018;300782117;300780038;SSR_E50;1;;8;0;;0;;1520
SSR;2018;300782117;300780038;SSR_TOT;;135;54;0;1388;41857;66;13258
SSR;2018;300782125;300780038;SSR_A;;42;;;468;14297;18;0
SSR;2018;300782125;300780038;SSR_A50;1;;;0;;0;;0
SSR;2018;300782125;300780038;SSR_A59;1;42;;0;;14297;;0
SSR;2018;300782125;300780038;SSR_TOT;;42;;0;468;14297;18;0
SSR;2018;300782141;300780038;SSR_A;;180;10;;1970;57951;122;2385
SSR;2018;300782141;300780038;SSR_A50;1;0;;0;;0;;0
SSR;2018;300782141;300780038;SSR_A51;1;50;5;;;15724;;1502
SSR;2018;300782141;300780038;SSR_A52;1;54;5;0;;17021;;883
SSR;2018;300782141;300780038;SSR_A55;1;30;;0;;10123;;0
SSR;2018;300782141;300780038;SSR_A58;1;46;;0;;15083;;0
SSR;2018;300782141;300780038;SSR_TOT;;180;10;0;1970;57951;122;2385
SSR;2018;300786274;300786266;SSR_A;;20;2;;133;5854;8;565
SSR;2018;300786274;300786266;SSR_A50;1;20;2;0;;5854;;565
SSR;2018;300786274;300786266;SSR_TOT;;20;2;0;133;5854;8;565
SSR;2018;310000013;310180013;SSR_A;;26;;;270;8390;8;0
SSR;2018;310000013;310180013;SSR_A50;1;20;;1;;8369;;0
SSR;2018;310000013;310180013;SSR_A59;1;6;;1;;21;;0
SSR;2018;310000013;310180013;SSR_TOT;;26;;0;270;8390;8;0
SSR;2018;310000310;310780671;SSR_A;;20;;;255;6827;5;0
SSR;2018;310000310;310780671;SSR_A50;1;;;0;;0;;0
SSR;2018;310000310;310780671;SSR_A59;1;20;;0;;6827;;0
SSR;2018;310000310;310780671;SSR_TOT;;20;;0;255;6827;5;0
SSR;2018;310000336;310780713;SSR_A;;41;;;479;13827;10;0
SSR;2018;310000336;310780713;SSR_A50;1;41;;0;;13827;;0
SSR;2018;310000336;310780713;SSR_TOT;;41;;0;479;13827;10;0
SSR;2018;310013628;310786256;SSR_A;;35;;;478;12556;13;0
SSR;2018;310013628;310786256;SSR_A50;1;30;;0;;12099;;0
SSR;2018;310013628;310786256;SSR_A59;1;5;;0;;457;;0
SSR;2018;310013628;310786256;SSR_TOT;;35;;0;478;12556;13;0
SSR;2018;310014329;310781562;SSR_A;;15;;;85;4191;15;0
SSR;2018;310014329;310781562;SSR_A50;1;15;;0;;4191;;0
SSR;2018;310014329;310781562;SSR_TOT;;15;;0;85;4191;15;0
SSR;2018;310019351;310781406;SSR_A;;;5;;0;0;0;898
SSR;2018;310019351;310781406;SSR_A50;1;;5;0;;0;;898
SSR;2018;310019351;310781406;SSR_TOT;;;5;0;0;0;0;898
SSR;2018;310020938;750056335;SSR_A;;115;0;;1093;42064;100;0
SSR;2018;310020938;750056335;SSR_A50;1;115;0;0;;42064;;0
SSR;2018;310020938;750056335;SSR_TOT;;115;0;0;1093;42064;100;0
SSR;2018;310021571;310021563;SSR_A;;93;10;;1012;33580;41;2284
SSR;2018;310021571;310021563;SSR_A50;1;43;10;0;;15453;;2284
SSR;2018;310021571;310021563;SSR_A59;1;50;;0;;18127;;0
SSR;2018;310021571;310021563;SSR_TOT;;93;10;0;1012;33580;41;2284
SSR;2018;310022298;310781406;SSR_A;;82;;;999;29636;30;0
SSR;2018;310022298;310781406;SSR_A50;1;;;0;;0;;0
SSR;2018;310022298;310781406;SSR_A59;1;82;;0;;29636;;0
SSR;2018;310022298;310781406;SSR_TOT;;82;;0;999;29636;30;0
SSR;2018;310023007;810005678;SSR_A;;40;0;;388;13312;17;0
SSR;2018;310023007;810005678;SSR_A50;1;;;0;;0;;0
SSR;2018;310023007;810005678;SSR_A58;1;40;0;0;;13312;;0
SSR;2018;310023007;810005678;SSR_TOT;;40;0;0;388;13312;17;0
SSR;2018;310026927;310026794;SSR_A;;5;;;25;374;0;0
SSR;2018;310026927;310026794;SSR_A50;1;5;;0;;374;;0
SSR;2018;310026927;310026794;SSR_TOT;;5;;0;25;374;0;0
SSR;2018;310780150;310788799;SSR_A;;14;40;;187;3652;1;9421
SSR;2018;310780150;310788799;SSR_A50;1;;;0;;0;;0
SSR;2018;310780150;310788799;SSR_A51;1;14;40;;;3652;;9421
SSR;2018;310780150;310788799;SSR_TOT;;14;40;0;187;3652;1;9421
SSR;2018;310780234;920030871;SSR_A;;105;15;;1034;37989;79;7180
SSR;2018;310780234;920030871;SSR_A51;1;85;10;;;27343;;5416
SSR;2018;310780234;920030871;SSR_A52;1;20;5;0;;10646;;1764
SSR;2018;310780234;920030871;SSR_TOT;;105;15;0;1034;37989;79;7180
SSR;2018;310780366;310000153;SSR_A;;111;10;;1243;38277;46;4540
SSR;2018;310780366;310000153;SSR_A50;1;16;;0;;6496;;0
SSR;2018;310780366;310000153;SSR_A51;1;55;5;;;16685;;4540
SSR;2018;310780366;310000153;SSR_A52;1;20;5;0;;6485;;0
SSR;2018;310780366;310000153;SSR_A59;1;20;;0;;8611;;0
SSR;2018;310780366;310000153;SSR_TOT;;111;10;0;1243;38277;46;4540
SSR;2018;310780374;310000161;SSR_A;;148;10;;2323;53856;14;2417
SSR;2018;310780374;310000161;SSR_A50;1;20;;0;;5954;;0
SSR;2018;310780374;310000161;SSR_A55;1;108;10;0;;40509;;2417
SSR;2018;310780374;310000161;SSR_A59;1;20;;0;;7393;;0
SSR;2018;310780374;310000161;SSR_TOT;;148;10;0;2323;53856;14;2417
SSR;2018;310780481;340015171;SSR_A;;30;5;;249;5415;0;712
SSR;2018;310780481;340015171;SSR_A50;1;30;5;0;;5415;;712
SSR;2018;310780481;340015171;SSR_E;;30;15;;366;4727;0;2806
SSR;2018;310780481;340015171;SSR_E50;1;30;15;0;;4727;;2806
SSR;2018;310780481;340015171;SSR_TOT;;60;20;0;615;10142;0;3518
SSR;2018;310781125;310000419;SSR_A;;50;;;595;17259;23;0
SSR;2018;310781125;310000419;SSR_A50;1;50;;0;;17259;;0
SSR;2018;310781125;310000419;SSR_TOT;;50;;0;595;17259;23;0
SSR;2018;310781174;310000450;SSR_A;;69;0;;721;22591;38;0
SSR;2018;310781174;310000450;SSR_A50;1;69;0;0;;22591;;0
SSR;2018;310781174;310000450;SSR_TOT;;69;0;0;721;22591;38;0
SSR;2018;310781422;310781562;SSR_E;;60;85;;561;10836;5;13515
SSR;2018;310781422;310781562;SSR_E50;1;;;0;;0;;0
SSR;2018;310781422;310781562;SSR_E51;1;17;1;1;;3236;;146
SSR;2018;310781422;310781562;SSR_E52;1;13;79;1;;2354;;13113
SSR;2018;310781422;310781562;SSR_E55;1;30;5;1;;5246;;256
SSR;2018;310781422;310781562;SSR_TOT;;60;85;0;561;10836;5;13515
SSR;2018;310781695;920030269;SSR_A;;107;;;976;36626;103;0
SSR;2018;310781695;920030269;SSR_A50;1;40;;0;;12804;;0
SSR;2018;310781695;920030269;SSR_A59;1;67;;0;;23822;;0
SSR;2018;310781695;920030269;SSR_TOT;;107;;0;976;36626;103;0
SSR;2018;310781984;310014378;SSR_A;;158;5;;1108;57297;210;3592
SSR;2018;310781984;310014378;SSR_A50;1;24;;0;;8958;;0
SSR;2018;310781984;310014378;SSR_A51;1;74;4;;;20848;;3590
SSR;2018;310781984;310014378;SSR_A52;1;60;1;0;;27491;;2
SSR;2018;310781984;310014378;SSR_TOT;;158;5;0;1108;57297;210;3592
SSR;2018;310782339;310781406;SSR_A;;76;;;890;19534;21;0
SSR;2018;310782339;310781406;SSR_A50;1;15;;0;;5206;;0
SSR;2018;310782339;310781406;SSR_A51;1;35;;;;9242;;0
SSR;2018;310782339;310781406;SSR_A55;1;26;;0;;5086;;0
SSR;2018;310782339;310781406;SSR_TOT;;76;;0;890;19534;21;0
SSR;2018;310782396;750056335;SSR_A;;100;;;867;32317;87;0
SSR;2018;310782396;750056335;SSR_A50;1;100;;1;;32317;;0
SSR;2018;310782396;750056335;SSR_TOT;;100;;0;867;32317;87;0
SSR;2018;310783055;310781406;SSR_A;;29;20;;251;8494;39;5784
SSR;2018;310783055;310781406;SSR_A50;1;;;0;;0;;0
SSR;2018;310783055;310781406;SSR_A52;1;29;10;0;;8494;;2892
SSR;2018;310783055;310781406;SSR_A53;1;;10;0;;0;;2892
SSR;2018;310783055;310781406;SSR_TOT;;29;20;0;251;8494;39;5784
SSR;2018;310784558;310180013;SSR_A;;50;7;;629;19645;26;2398
SSR;2018;310784558;310180013;SSR_A50;1;5;;1;;434;;0
SSR;2018;310784558;310180013;SSR_A51;1;30;7;;;14530;;2398
SSR;2018;310784558;310180013;SSR_A52;1;15;;1;;4681;;0
SSR;2018;310784558;310180013;SSR_A59;1;;;0;;0;;0
SSR;2018;310784558;310180013;SSR_TOT;;50;7;1;629;19645;26;2398
SSR;2018;310784830;310788880;SSR_A;;110;5;;1075;31320;29;17080
SSR;2018;310784830;310788880;SSR_A50;1;50;;0;;9014;;0
SSR;2018;310784830;310788880;SSR_A51;1;30;4;;;19143;;14403
SSR;2018;310784830;310788880;SSR_A52;1;30;1;0;;3163;;2677
SSR;2018;310784830;310788880;SSR_TOT;;110;5;0;1075;31320;29;17080
SSR;2018;310786389;310001433;SSR_A;;98;6;;1050;36840;55;1468
SSR;2018;310786389;310001433;SSR_A50;1;29;6;0;;6127;;1468
SSR;2018;310786389;310001433;SSR_A59;1;69;;0;;30713;;0
SSR;2018;310786389;310001433;SSR_TOT;;98;6;0;1050;36840;55;1468
SSR;2018;310786702;750043713;SSR_A;;63;10;;560;21280;30;217
SSR;2018;310786702;750043713;SSR_A50;1;20;10;0;;5974;;217
SSR;2018;310786702;750043713;SSR_A59;1;43;0;0;;15306;;0
SSR;2018;310786702;750043713;SSR_TOT;;63;10;0;560;21280;30;217
SSR;2018;310787965;310788898;SSR_A;;;30;;0;0;0;8660
SSR;2018;310787965;310788898;SSR_A51;1;;15;;;0;;5685
SSR;2018;310787965;310788898;SSR_A52;1;;15;0;;0;;2975
SSR;2018;310787965;310788898;SSR_TOT;;;30;0;0;0;0;8660
SSR;2018;310790472;310790464;SSR_A;;141;60;;1772;47096;15;15673
SSR;2018;310790472;310790464;SSR_A50;1;12;;0;;4337;;0
SSR;2018;310790472;310790464;SSR_A53;1;88;40;0;;29372;;13259
SSR;2018;310790472;310790464;SSR_A54;1;41;20;0;;13387;;2414
SSR;2018;310790472;310790464;SSR_TOT;;141;60;0;1772;47096;15;15673
SSR;2018;310792635;310002191;SSR_A;;108;10;;973;36346;77;2142
SSR;2018;310792635;310002191;SSR_A50;1;68;;0;;17664;;0
SSR;2018;310792635;310002191;SSR_A51;1;20;10;;;17744;;2142
SSR;2018;310792635;310002191;SSR_A59;1;20;;0;;938;;0
SSR;2018;310792635;310002191;SSR_TOT;;108;10;0;973;36346;77;2142
SSR;2018;310792874;310788997;SSR_E;;10;5;;333;2342;2;974
SSR;2018;310792874;310788997;SSR_E50;1;10;5;0;;2342;;974
SSR;2018;310792874;310788997;SSR_TOT;;10;5;0;333;2342;2;974
SSR;2018;310793617;310026794;SSR_A;;62;;;616;15406;7;0
SSR;2018;310793617;310026794;SSR_A50;1;62;;0;;15406;;0
SSR;2018;310793617;310026794;SSR_TOT;;62;;0;616;15406;7;0
SSR;2018;320000086;320780117;SSR_A;;60;5;;794;18421;5;1163
SSR;2018;320000086;320780117;SSR_A50;1;20;;0;;5930;;0
SSR;2018;320000086;320780117;SSR_A51;1;20;5;;;5713;;1163
SSR;2018;320000086;320780117;SSR_A59;1;20;;0;;6778;;0
SSR;2018;320000086;320780117;SSR_TOT;;60;5;0;794;18421;5;1163
SSR;2018;320000102;320780133;SSR_A;;20;;;264;6584;0;1
SSR;2018;320000102;320780133;SSR_A50;1;20;;0;;6584;;1
SSR;2018;320000102;320780133;SSR_TOT;;20;;0;264;6584;0;1
SSR;2018;320000110;320004310;SSR_A;;24;;;364;7726;2;0
SSR;2018;320000110;320004310;SSR_A50;1;24;;0;;7726;;0
SSR;2018;320000110;320004310;SSR_TOT;;24;;0;364;7726;2;0
SSR;2018;320000128;320780158;SSR_A;;15;;;241;5618;2;0
SSR;2018;320000128;320780158;SSR_A50;1;15;;0;;5618;;0
SSR;2018;320000128;320780158;SSR_TOT;;15;;0;241;5618;2;0
SSR;2018;320000144;320780174;SSR_A;;30;;;404;9829;2;0
SSR;2018;320000144;320780174;SSR_A50;1;30;;0;;9829;;0
SSR;2018;320000144;320780174;SSR_TOT;;30;;0;404;9829;2;0
SSR;2018;320000151;320780182;SSR_A;;25;;;228;5795;4;0
SSR;2018;320000151;320780182;SSR_A50;1;25;;0;;5795;;0
SSR;2018;320000151;320780182;SSR_TOT;;25;;0;228;5795;4;0
SSR;2018;320000169;320780190;SSR_A;;20;;;263;6059;4;0
SSR;2018;320000169;320780190;SSR_A50;1;20;;0;;6059;;0
SSR;2018;320000169;320780190;SSR_TOT;;20;;0;263;6059;4;0
SSR;2018;320000177;320780208;SSR_A;;25;;;311;7512;5;0
SSR;2018;320000177;320780208;SSR_A50;1;25;;0;;7512;;0
SSR;2018;320000177;320780208;SSR_TOT;;25;;0;311;7512;5;0
SSR;2018;320000185;320780216;SSR_A;;19;;;286;5995;1;0
SSR;2018;320000185;320780216;SSR_A50;1;19;;0;;5995;;0
SSR;2018;320000185;320780216;SSR_TOT;;19;;0;286;5995;1;0
SSR;2018;320780323;750810590;SSR_A;;5;2;;71;1839;6;59
SSR;2018;320780323;750810590;SSR_A50;1;1;1;0;;13;;22
SSR;2018;320780323;750810590;SSR_A51;1;2;1;;;657;;37
SSR;2018;320780323;750810590;SSR_A52;1;2;;0;;1169;;0
SSR;2018;320780323;750810590;SSR_E;;50;13;;1005;9482;10;2780
SSR;2018;320780323;750810590;SSR_E50;1;12;2;0;;2215;;423
SSR;2018;320780323;750810590;SSR_E51;1;17;5;0;;3572;;738
SSR;2018;320780323;750810590;SSR_E52;1;15;6;0;;2246;;1619
SSR;2018;320780323;750810590;SSR_E57;1;6;;0;;1449;;0
SSR;2018;320780323;750810590;SSR_TOT;;55;15;0;1076;11321;16;2839
SSR;2018;320784333;320000565;SSR_A;;103;;;561;38375;152;0
SSR;2018;320784333;320000565;SSR_A50;1;33;;0;;12396;;0
SSR;2018;320784333;320000565;SSR_A51;1;20;;;;5473;;0
SSR;2018;320784333;320000565;SSR_A52;1;50;;0;;20506;;0
SSR;2018;320784333;320000565;SSR_TOT;;103;;0;561;38375;152;0
SSR;2018;330000217;330780347;SSR_A;;58;1;;661;20235;18;1
SSR;2018;330000217;330780347;SSR_A50;1;38;1;0;;12996;;1
SSR;2018;330000217;330780347;SSR_A59;1;20;;0;;7239;;0
SSR;2018;330000217;330780347;SSR_TOT;;58;1;0;661;20235;18;1
SSR;2018;330000340;330780552;SSR_A;;10;0;;179;3069;0;0
SSR;2018;330000340;330780552;SSR_A50;1;10;0;1;;3069;;0
SSR;2018;330000340;330780552;SSR_A59;1;;;0;;0;;0
SSR;2018;330000340;330780552;SSR_TOT;;10;0;0;179;3069;0;0
SSR;2018;330000555;330781204;SSR_A;;20;;;160;6544;23;0
SSR;2018;330000555;330781204;SSR_A50;1;2;;0;;505;;0
SSR;2018;330000555;330781204;SSR_A51;1;6;;;;2028;;0
SSR;2018;330000555;330781204;SSR_A52;1;12;;0;;4011;;0
SSR;2018;330000555;330781204;SSR_TOT;;20;;0;160;6544;23;0
SSR;2018;330000571;330781220;SSR_A;;20;;;209;6303;6;0
SSR;2018;330000571;330781220;SSR_A50;1;20;;0;;6303;;0
SSR;2018;330000571;330781220;SSR_TOT;;20;;0;209;6303;6;0
SSR;2018;330000597;330027509;SSR_A;;40;2;;461;12434;5;307
SSR;2018;330000597;330027509;SSR_A50;1;20;;0;;5803;;0
SSR;2018;330000597;330027509;SSR_A59;1;20;2;0;;6631;;307
SSR;2018;330000597;330027509;SSR_TOT;;40;2;0;461;12434;5;307
SSR;2018;330000605;330781253;SSR_A;;24;18;;271;7678;9;4369
SSR;2018;330000605;330781253;SSR_A50;1;;5;0;;0;;999
SSR;2018;330000605;330781253;SSR_A51;1;5;6;;;2117;;1985
SSR;2018;330000605;330781253;SSR_A52;1;19;7;0;;5561;;1385
SSR;2018;330000605;330781253;SSR_TOT;;24;18;0;271;7678;9;4369
SSR;2018;330000613;330781261;SSR_A;;60;0;;662;19882;35;0
SSR;2018;330000613;330781261;SSR_A50;1;23;0;0;;8273;;0
SSR;2018;330000613;330781261;SSR_A58;1;15;0;0;;3770;;0
SSR;2018;330000613;330781261;SSR_A59;1;22;0;0;;7839;;0
SSR;2018;330000613;330781261;SSR_TOT;;60;0;0;662;19882;35;0
SSR;2018;330024928;330050899;SSR_A;;70;10;;1263;25818;7;7211
SSR;2018;330024928;330050899;SSR_A50;1;2;;0;;497;;0
SSR;2018;330024928;330050899;SSR_A53;1;40;8;0;;13497;;5704
SSR;2018;330024928;330050899;SSR_A54;1;28;2;0;;11824;;1507
SSR;2018;330024928;330050899;SSR_TOT;;70;10;0;1263;25818;7;7211
SSR;2018;330057654;310024732;SSR_A;;103;10;;1100;31944;39;270
SSR;2018;330057654;310024732;SSR_A50;1;33;;0;;8665;;0
SSR;2018;330057654;310024732;SSR_A55;1;35;10;0;;8178;;270
SSR;2018;330057654;310024732;SSR_A59;1;35;;0;;15101;;0
SSR;2018;330057654;310024732;SSR_TOT;;103;10;0;1100;31944;39;270
SSR;2018;330059106;330781386;SSR_A;;;20;;0;0;0;1987
SSR;2018;330059106;330781386;SSR_A53;1;;10;0;;0;;361
SSR;2018;330059106;330781386;SSR_A54;1;;10;0;;0;;1626
SSR;2018;330059106;330781386;SSR_TOT;;;20;0;0;0;0;1987
SSR;2018;330780081;330000043;SSR_A;;;30;;0;0;0;6022
SSR;2018;330780081;330000043;SSR_A50;1;;;0;;0;;0
SSR;2018;330780081;330000043;SSR_A53;1;;15;1;;0;;5834
SSR;2018;330780081;330000043;SSR_A54;1;;15;1;;0;;188
SSR;2018;330780081;330000043;SSR_A57;0;;;1;;0;;0
SSR;2018;330780081;330000043;SSR_TOT;;;30;0;0;0;0;6022
SSR;2018;330780206;330000126;SSR_A;;23;;;376;7621;0;0
SSR;2018;330780206;330000126;SSR_A50;1;18;;0;;7522;;0
SSR;2018;330780206;330000126;SSR_A56;1;5;;0;;99;;0
SSR;2018;330780206;330000126;SSR_TOT;;23;;0;376;7621;0;0
SSR;2018;330780354;330000225;SSR_A;;19;;;292;6370;4;0
SSR;2018;330780354;330000225;SSR_A50;1;7;;0;;2312;;0
SSR;2018;330780354;330000225;SSR_A56;1;6;;0;;1114;;0
SSR;2018;330780354;330000225;SSR_A59;1;6;;0;;2944;;0
SSR;2018;330780354;330000225;SSR_TOT;;19;;0;292;6370;4;0
SSR;2018;330780370;750034589;SSR_A;;30;7;;283;8875;6;2600
SSR;2018;330780370;750034589;SSR_A50;1;;;0;;;;
SSR;2018;330780370;750034589;SSR_A55;0;;;1;;0;;0
SSR;2018;330780370;750034589;SSR_A59;1;30;7;0;;8875;;2600
SSR;2018;330780370;750034589;SSR_TOT;;30;7;0;283;8875;6;2600
SSR;2018;330780479;330000274;SSR_A;;;22;;0;0;0;13517
SSR;2018;330780479;330000274;SSR_A50;1;;;0;;0;;0
SSR;2018;330780479;330000274;SSR_A53;1;;16;0;;0;;10694
SSR;2018;330780479;330000274;SSR_A54;1;;6;0;;0;;2823
SSR;2018;330780479;330000274;SSR_TOT;;;22;0;0;0;0;13517
SSR;2018;330780495;330796392;SSR_A;;30;;;436;7541;0;0
SSR;2018;330780495;330796392;SSR_A50;1;30;;0;;7541;;0
SSR;2018;330780495;330796392;SSR_TOT;;30;;0;436;7541;0;0
SSR;2018;330780503;330000308;SSR_A;;35;;;554;11547;8;0
SSR;2018;330780503;330000308;SSR_A50;1;35;;1;;11547;;0
SSR;2018;330780503;330000308;SSR_TOT;;35;;0;554;11547;8;0
SSR;2018;330780529;330796392;SSR_A;;20;;;200;6481;8;0
SSR;2018;330780529;330796392;SSR_A50;1;20;;0;;6481;;0
SSR;2018;330780529;330796392;SSR_TOT;;20;;0;200;6481;8;0
SSR;2018;330780560;330781386;SSR_A;;50;;;905;17419;0;0
SSR;2018;330780560;330781386;SSR_A50;1;;;0;;0;;0
SSR;2018;330780560;330781386;SSR_A53;1;25;;0;;8589;;0
SSR;2018;330780560;330781386;SSR_A54;1;25;;0;;8830;;0
SSR;2018;330780560;330781386;SSR_TOT;;50;;0;905;17419;0;0
SSR;2018;330780719;310020383;SSR_A;;65;;;769;22644;25;0
SSR;2018;330780719;310020383;SSR_A50;1;65;;0;;22644;;0
SSR;2018;330780719;310020383;SSR_TOT;;65;;0;769;22644;25;0
SSR;2018;330780743;330056540;SSR_A;;87;;;966;29008;15;0
SSR;2018;330780743;330056540;SSR_A50;1;17;;1;;3780;;0
SSR;2018;330780743;330056540;SSR_A59;1;70;;1;;25228;;0
SSR;2018;330780743;330056540;SSR_TOT;;87;;0;966;29008;15;0
SSR;2018;330780750;330056540;SSR_A;;133;6;;1495;44969;33;432
SSR;2018;330780750;330056540;SSR_A50;1;89;;0;;32450;;0
SSR;2018;330780750;330056540;SSR_A55;1;25;3;0;;6560;;8
SSR;2018;330780750;330056540;SSR_A58;1;19;3;0;;5959;;424
SSR;2018;330780750;330056540;SSR_TOT;;133;6;0;1495;44969;33;432
SSR;2018;330780768;330780552;SSR_A;;53;;;486;15932;13;0
SSR;2018;330780768;330780552;SSR_A50;1;53;;0;;15932;;0
SSR;2018;330780768;330780552;SSR_TOT;;53;;0;486;15932;13;0
SSR;2018;330781121;930019484;SSR_A;;40;16;;240;10236;42;3259
SSR;2018;330781121;930019484;SSR_A50;1;;;0;;664;;578
SSR;2018;330781121;930019484;SSR_A52;1;40;16;0;;9572;;2681
SSR;2018;330781121;930019484;SSR_E;;;;;1;190;1;411
SSR;2018;330781121;930019484;SSR_E50;1;;;0;;0;;0
SSR;2018;330781121;930019484;SSR_E52;1;;;0;;190;;411
SSR;2018;330781121;930019484;SSR_TOT;;40;16;0;241;10426;43;3670
SSR;2018;330781139;330056540;SSR_A;;161;78;;1351;45238;136;16259
SSR;2018;330781139;330056540;SSR_A50;1;;;0;;0;;0
SSR;2018;330781139;330056540;SSR_A51;1;65;28;;;16668;;6646
SSR;2018;330781139;330056540;SSR_A52;1;81;45;0;;23753;;9047
SSR;2018;330781139;330056540;SSR_A57;1;15;5;0;;4817;;566
SSR;2018;330781139;330056540;SSR_TOT;;161;78;0;1351;45238;136;16259
SSR;2018;330781154;330055542;SSR_A;;132;61;;1204;46357;74;24471
SSR;2018;330781154;330055542;SSR_A50;1;;;1;;0;;417
SSR;2018;330781154;330055542;SSR_A51;1;90;40;;;31642;;15759
SSR;2018;330781154;330055542;SSR_A52;1;42;21;1;;14715;;8295
SSR;2018;330781154;330055542;SSR_TOT;;132;61;1;1204;46357;74;24471
SSR;2018;330781303;750821092;SSR_A;;14;0;;332;2355;0;0
SSR;2018;330781303;750821092;SSR_A50;1;14;0;0;;2355;;0
SSR;2018;330781303;750821092;SSR_A51;1;0;0;;;0;;0
SSR;2018;330781303;750821092;SSR_A52;1;0;0;0;;0;;0
SSR;2018;330781303;750821092;SSR_A54;1;0;0;0;;0;;0
SSR;2018;330781303;750821092;SSR_A56;1;0;0;0;;0;;0
SSR;2018;330781303;750821092;SSR_TOT;;14;0;0;332;2355;0;0
SSR;2018;330781337;330781196;SSR_A;;80;0;;568;21363;26;0
SSR;2018;330781337;330781196;SSR_A50;1;;;1;;0;;0
SSR;2018;330781337;330781196;SSR_A59;1;80;0;1;;21363;;0
SSR;2018;330781337;330781196;SSR_TOT;;80;0;0;568;21363;26;0
SSR;2018;330781360;330781196;SSR_A;;42;4;;335;12142;36;367
SSR;2018;330781360;330781196;SSR_A50;1;;;0;;0;;0
SSR;2018;330781360;330781196;SSR_A51;1;;2;;;0;;169
SSR;2018;330781360;330781196;SSR_A52;1;42;2;0;;12142;;198
SSR;2018;330781360;330781196;SSR_TOT;;42;4;0;335;12142;36;367
SSR;2018;330781402;330000670;SSR_A;;39;;;468;12835;17;0
SSR;2018;330781402;330000670;SSR_A50;1;15;;0;;8673;;0
SSR;2018;330781402;330000670;SSR_A55;1;12;;0;;2048;;0
SSR;2018;330781402;330000670;SSR_A56;1;12;;0;;2114;;0
SSR;2018;330781402;330000670;SSR_TOT;;39;;0;468;12835;17;0
SSR;2018;330781626;920030269;SSR_A;;74;10;;767;26059;18;2267
SSR;2018;330781626;920030269;SSR_A50;1;44;;0;;10965;;0
SSR;2018;330781626;920030269;SSR_A59;1;30;10;1;;15094;;2267
SSR;2018;330781626;920030269;SSR_TOT;;74;10;0;767;26059;18;2267
SSR;2018;330783648;330781196;SSR_A;;;7;;0;0;0;6631
SSR;2018;330783648;330781196;SSR_A50;1;;;0;;0;;0
SSR;2018;330783648;330781196;SSR_A53;1;;4;0;;0;;5941
SSR;2018;330783648;330781196;SSR_A55;1;;3;0;;0;;690
SSR;2018;330783648;330781196;SSR_TOT;;;7;0;0;0;0;6631
SSR;2018;330783721;330781253;SSR_A;;72;;;746;24657;58;0
SSR;2018;330783721;330781253;SSR_A56;1;7;;0;;682;;0
SSR;2018;330783721;330781253;SSR_A59;1;65;;0;;23975;;0
SSR;2018;330783721;330781253;SSR_TOT;;72;;0;746;24657;58;0
SSR;2018;330802778;310020383;SSR_A;;95;15;;1178;31956;33;6497
SSR;2018;330802778;310020383;SSR_A50;1;55;;0;;17997;;0
SSR;2018;330802778;310020383;SSR_A53;1;40;15;0;;13959;;6497
SSR;2018;330802778;310020383;SSR_TOT;;95;15;0;1178;31956;33;6497
SSR;2018;330804501;330781212;SSR_A;;43;;;554;12740;4;0
SSR;2018;330804501;330781212;SSR_A50;1;43;;0;;12740;;0
SSR;2018;330804501;330781212;SSR_TOT;;43;;0;554;12740;4;0
SSR;2018;340000025;340022722;SSR_E;;101;60;;1468;17353;9;21607
SSR;2018;340000025;340022722;SSR_E50;1;7;41;0;;1202;;14764
SSR;2018;340000025;340022722;SSR_E51;1;28;11;0;;4811;;3961
SSR;2018;340000025;340022722;SSR_E52;1;13;3;0;;2234;;1080
SSR;2018;340000025;340022722;SSR_E53;1;1;1;0;;172;;360
SSR;2018;340000025;340022722;SSR_E54;1;1;1;0;;173;;359
SSR;2018;340000025;340022722;SSR_E55;1;47;2;0;;8075;;720
SSR;2018;340000025;340022722;SSR_E56;1;4;1;0;;686;;363
SSR;2018;340000025;340022722;SSR_TOT;;101;60;0;1468;17353;9;21607
SSR;2018;340000181;340780469;SSR_A;;19;;;177;6088;4;0
SSR;2018;340000181;340780469;SSR_A50;1;19;;0;;6088;;0
SSR;2018;340000181;340780469;SSR_TOT;;19;;0;177;6088;4;0
SSR;2018;340000215;340780519;SSR_A;;18;;;232;5482;1;0
SSR;2018;340000215;340780519;SSR_A50;1;18;;0;;5482;;0
SSR;2018;340000215;340780519;SSR_TOT;;18;;0;232;5482;1;0
SSR;2018;340000223;340011295;SSR_A;;;5;;0;0;0;1615
SSR;2018;340000223;340011295;SSR_A53;1;;5;0;;0;;1615
SSR;2018;340000223;340011295;SSR_TOT;;;5;0;0;0;0;1615
SSR;2018;340000231;340780535;SSR_A;;18;;;273;5926;1;0
SSR;2018;340000231;340780535;SSR_A50;1;18;;0;;5926;;0
SSR;2018;340000231;340780535;SSR_TOT;;18;;0;273;5926;1;0
SSR;2018;340000249;340780543;SSR_A;;18;0;;259;5192;0;0
SSR;2018;340000249;340780543;SSR_A50;1;18;0;0;;5192;;0
SSR;2018;340000249;340780543;SSR_TOT;;18;0;0;259;5192;0;0
SSR;2018;340000439;340780881;SSR_A;;68;7;;723;21099;28;1723
SSR;2018;340000439;340780881;SSR_A50;1;;;0;;18;;0
SSR;2018;340000439;340780881;SSR_A51;1;68;7;;;21081;;1723
SSR;2018;340000439;340780881;SSR_TOT;;68;7;0;723;21099;28;1723
SSR;2018;340001064;340013028;SSR_A;;60;8;;338;21334;100;2682
SSR;2018;340001064;340013028;SSR_A50;1;8;1;0;;4066;;36
SSR;2018;340001064;340013028;SSR_A51;1;10;1;;;1500;;52
SSR;2018;340001064;340013028;SSR_A52;1;42;6;0;;15768;;2594
SSR;2018;340001064;340013028;SSR_TOT;;60;8;0;338;21334;100;2682
SSR;2018;340008176;340780469;SSR_A;;20;;;218;6015;0;
SSR;2018;340008176;340780469;SSR_A58;1;20;;0;;6015;;
SSR;2018;340008176;340780469;SSR_TOT;;20;;0;218;6015;0;
SSR;2018;340008275;340780477;SSR_A;;30;1;;290;9005;13;18
SSR;2018;340008275;340780477;SSR_A50;1;;;0;;0;;0
SSR;2018;340008275;340780477;SSR_A59;1;30;1;0;;9005;;18
SSR;2018;340008275;340780477;SSR_TOT;;30;1;0;290;9005;13;18
SSR;2018;340009018;340008978;SSR_A;;100;12;;1383;33476;8;6279
SSR;2018;340009018;340008978;SSR_A50;1;27;1;0;;2106;;0
SSR;2018;340009018;340008978;SSR_A53;1;28;9;0;;11782;;4453
SSR;2018;340009018;340008978;SSR_A54;1;13;2;0;;3591;;1826
SSR;2018;340009018;340008978;SSR_A59;1;32;;0;;15997;;0
SSR;2018;340009018;340008978;SSR_TOT;;100;12;0;1383;33476;8;6279
SSR;2018;340017771;340780055;SSR_A;;45;;;562;14422;11;0
SSR;2018;340017771;340780055;SSR_A50;1;15;;0;;4875;;0
SSR;2018;340017771;340780055;SSR_A59;1;30;;0;;9547;;0
SSR;2018;340017771;340780055;SSR_TOT;;45;;0;562;14422;11;0
SSR;2018;340019090;340019082;SSR_A;;88;33;;640;29447;103;8646
SSR;2018;340019090;340019082;SSR_A50;1;;;0;;0;;0
SSR;2018;340019090;340019082;SSR_A52;1;88;33;0;;29447;;8646
SSR;2018;340019090;340019082;SSR_TOT;;88;33;0;640;29447;103;8646
SSR;2018;340024512;340001825;SSR_A;;;50;;0;0;0;11136
SSR;2018;340024512;340001825;SSR_A50;1;;50;0;;0;;11136
SSR;2018;340024512;340001825;SSR_TOT;;;50;0;0;0;0;11136
SSR;2018;340780196;340798123;SSR_A;;80;15;;871;26441;20;5969
SSR;2018;340780196;340798123;SSR_A50;1;;;0;;0;;0
SSR;2018;340780196;340798123;SSR_A51;1;80;15;;;26441;;5969
SSR;2018;340780196;340798123;SSR_TOT;;80;15;0;871;26441;20;5969
SSR;2018;340780212;340796069;SSR_A;;180;15;;1488;61474;130;2385
SSR;2018;340780212;340796069;SSR_A51;1;120;15;;;38351;;2385
SSR;2018;340780212;340796069;SSR_A57;1;60;;0;;23123;;0
SSR;2018;340780212;340796069;SSR_E;;8;10;;41;517;0;76
SSR;2018;340780212;340796069;SSR_E57;1;8;10;0;;517;;76
SSR;2018;340780212;340796069;SSR_TOT;;188;25;0;1529;61991;130;2461
SSR;2018;340780220;340796358;SSR_A;;148;19;;1146;44725;102;6132
SSR;2018;340780220;340796358;SSR_A50;1;0;1;0;;48;;15
SSR;2018;340780220;340796358;SSR_A51;1;64;10;;;16384;;4053
SSR;2018;340780220;340796358;SSR_A52;1;84;8;0;;28293;;2064
SSR;2018;340780220;340796358;SSR_TOT;;148;19;0;1146;44725;102;6132
SSR;2018;340780253;340001387;SSR_A;;42;;;495;14514;17;0
SSR;2018;340780253;340001387;SSR_A50;1;22;;0;;5188;;0
SSR;2018;340780253;340001387;SSR_A59;1;20;;0;;9326;;0
SSR;2018;340780253;340001387;SSR_TOT;;42;;0;495;14514;17;0
SSR;2018;340780436;340011295;SSR_A;;15;;;192;5109;5;0
SSR;2018;340780436;340011295;SSR_A50;1;15;;0;;5109;;0
SSR;2018;340780436;340011295;SSR_TOT;;15;;0;192;5109;5;0
SSR;2018;340780444;340009893;SSR_A;;30;;;256;9890;24;0
SSR;2018;340780444;340009893;SSR_A50;1;10;;0;;3450;;0
SSR;2018;340780444;340009893;SSR_A59;1;20;;0;;6440;;0
SSR;2018;340780444;340009893;SSR_TOT;;30;;0;256;9890;24;0
SSR;2018;340780568;340000256;SSR_A;;49;;;928;21214;1;0
SSR;2018;340780568;340000256;SSR_A50;1;;;0;;0;;0
SSR;2018;340780568;340000256;SSR_A54;1;49;;0;;21214;;0
SSR;2018;340780568;340000256;SSR_TOT;;49;;0;928;21214;1;0
SSR;2018;340780816;340023209;SSR_A;;102;;;1107;34982;41;0
SSR;2018;340780816;340023209;SSR_A50;1;28;;0;;10781;;0
SSR;2018;340780816;340023209;SSR_A59;1;74;;0;;24201;;0
SSR;2018;340780816;340023209;SSR_TOT;;102;;0;1107;34982;41;0
SSR;2018;340780824;340000405;SSR_A;;54;0;;595;19308;31;0
SSR;2018;340780824;340000405;SSR_A50;1;54;0;0;;19308;;0
SSR;2018;340780824;340000405;SSR_TOT;;54;0;0;595;19308;31;0
SSR;2018;340780857;340000421;SSR_A;;106;22;;1055;32647;41;7897
SSR;2018;340780857;340000421;SSR_A50;1;7;0;0;;629;;0
SSR;2018;340780857;340000421;SSR_A51;1;99;22;;;32018;;7897
SSR;2018;340780857;340000421;SSR_TOT;;106;22;0;1055;32647;41;7897
SSR;2018;340781608;340015171;SSR_A;;60;;;1168;18776;6;0
SSR;2018;340781608;340015171;SSR_A50;1;22;;0;;9365;;0
SSR;2018;340781608;340015171;SSR_A56;1;18;;0;;2172;;0
SSR;2018;340781608;340015171;SSR_A59;1;20;;0;;7239;;0
SSR;2018;340781608;340015171;SSR_TOT;;60;;0;1168;18776;6;0
SSR;2018;340782002;340000629;SSR_A;;73;3;;645;25246;50;1381
SSR;2018;340782002;340000629;SSR_A50;1;;;0;;0;;0
SSR;2018;340782002;340000629;SSR_A51;1;40;3;;;16665;;1381
SSR;2018;340782002;340000629;SSR_A52;1;33;;0;;8581;;0
SSR;2018;340782002;340000629;SSR_TOT;;73;3;0;645;25246;50;1381
SSR;2018;340782481;340780477;SSR_A;;40;;;264;9657;9;0
SSR;2018;340782481;340780477;SSR_A50;1;;;0;;0;;0
SSR;2018;340782481;340780477;SSR_A59;1;40;;0;;9657;;0
SSR;2018;340782481;340780477;SSR_TOT;;40;;0;264;9657;9;0
SSR;2018;340785161;340780477;SSR_A;;21;20;;629;4096;0;5331
SSR;2018;340785161;340780477;SSR_A50;1;;;0;;0;;0
SSR;2018;340785161;340780477;SSR_A51;1;21;20;;;4096;;5331
SSR;2018;340785161;340780477;SSR_A52;1;;;0;;0;;0
SSR;2018;340785161;340780477;SSR_TOT;;21;20;0;629;4096;0;5331
SSR;2018;340789981;340001866;SSR_A;;99;28;;1010;32424;53;10891
SSR;2018;340789981;340001866;SSR_A50;1;12;;0;;4292;;0
SSR;2018;340789981;340001866;SSR_A51;1;72;20;;;24134;;6133
SSR;2018;340789981;340001866;SSR_A53;1;15;8;0;;3998;;4758
SSR;2018;340789981;340001866;SSR_TOT;;99;28;0;1010;32424;53;10891
SSR;2018;340796051;340011295;SSR_A;;57;;;619;20027;36;0
SSR;2018;340796051;340011295;SSR_A50;1;20;;0;;7514;;0
SSR;2018;340796051;340011295;SSR_A59;1;37;;0;;12513;;0
SSR;2018;340796051;340011295;SSR_TOT;;57;;0;619;20027;36;0
SSR;2018;340796093;340796069;SSR_A;;74;25;;969;26735;12;7585
SSR;2018;340796093;340796069;SSR_A51;1;74;25;;;26735;;7585
SSR;2018;340796093;340796069;SSR_TOT;;74;25;0;969;26735;12;7585
SSR;2018;340797596;920030269;SSR_A;;61;;;671;26607;39;0
SSR;2018;340797596;920030269;SSR_A50;1;31;;0;;5561;;0
SSR;2018;340797596;920030269;SSR_A59;1;30;;1;;21046;;0
SSR;2018;340797596;920030269;SSR_TOT;;61;;0;671;26607;39;0
SSR;2018;340798552;340798545;SSR_A;;79;;;861;28473;41;0
SSR;2018;340798552;340798545;SSR_A50;1;16;;1;;5985;;0
SSR;2018;340798552;340798545;SSR_A59;1;63;;1;;22488;;0
SSR;2018;340798552;340798545;SSR_TOT;;79;;0;861;28473;41;0
SSR;2018;350000063;220020739;SSR_A;;60;;;614;19473;31;0
SSR;2018;350000063;220020739;SSR_A50;1;25;;0;;8202;;0
SSR;2018;350000063;220020739;SSR_A58;1;15;;0;;4847;;0
SSR;2018;350000063;220020739;SSR_A59;1;20;;0;;6424;;0
SSR;2018;350000063;220020739;SSR_TOT;;60;;0;614;19473;31;0
SSR;2018;350000071;920028560;SSR_A;;44;10;;463;12251;16;3823
SSR;2018;350000071;920028560;SSR_A50;1;20;;0;;3311;;0
SSR;2018;350000071;920028560;SSR_A53;1;;10;0;;0;;3823
SSR;2018;350000071;920028560;SSR_A59;1;24;;0;;8940;;0
SSR;2018;350000071;920028560;SSR_TOT;;44;10;0;463;12251;16;3823
SSR;2018;350000147;350000022;SSR_A;;50;8;;501;16482;35;2530
SSR;2018;350000147;350000022;SSR_A50;1;5;0;0;;555;;0
SSR;2018;350000147;350000022;SSR_A51;1;8;4;;;1782;;1391
SSR;2018;350000147;350000022;SSR_A52;1;12;4;0;;3961;;1139
SSR;2018;350000147;350000022;SSR_A59;1;25;0;0;;10184;;0
SSR;2018;350000147;350000022;SSR_TOT;;50;8;0;501;16482;35;2530
SSR;2018;350000154;350000030;SSR_A;;25;;;382;8888;7;0
SSR;2018;350000154;350000030;SSR_A50;1;25;;0;;8888;;0
SSR;2018;350000154;350000030;SSR_TOT;;25;;0;382;8888;7;0
SSR;2018;350000162;350000048;SSR_A;;50;;;517;17675;34;0
SSR;2018;350000162;350000048;SSR_A50;1;12;;0;;4432;;0
SSR;2018;350000162;350000048;SSR_A51;1;7;;;;3194;;0
SSR;2018;350000162;350000048;SSR_A52;1;7;;0;;1681;;0
SSR;2018;350000162;350000048;SSR_A59;1;24;;0;;8368;;0
SSR;2018;350000162;350000048;SSR_TOT;;50;;0;517;17675;34;0
SSR;2018;350000204;350023248;SSR_A;;32;;;362;11307;14;0
SSR;2018;350000204;350023248;SSR_A50;1;32;;0;;11307;;0
SSR;2018;350000204;350023248;SSR_TOT;;32;;0;362;11307;14;0
SSR;2018;350000212;350000089;SSR_A;;20;;;244;6433;7;0
SSR;2018;350000212;350000089;SSR_A50;1;20;;0;;6433;;0
SSR;2018;350000212;350000089;SSR_TOT;;20;;0;244;6433;7;0
SSR;2018;350000360;350048518;SSR_A;;11;;;182;3504;0;0
SSR;2018;350000360;350048518;SSR_A50;1;11;;0;;3504;;0
SSR;2018;350000360;350048518;SSR_TOT;;11;;0;182;3504;0;0
SSR;2018;350000410;350002291;SSR_A;;25;;;296;8280;13;0
SSR;2018;350000410;350002291;SSR_A50;1;25;;0;;8280;;0
SSR;2018;350000410;350002291;SSR_TOT;;25;;0;296;8280;13;0
SSR;2018;350000428;350002309;SSR_A;;21;;;210;7376;8;0
SSR;2018;350000428;350002309;SSR_A50;1;21;;0;;7376;;0
SSR;2018;350000428;350002309;SSR_TOT;;21;;0;210;7376;8;0
SSR;2018;350000436;350002317;SSR_A;;31;;;236;10875;31;0
SSR;2018;350000436;350002317;SSR_A50;1;31;;0;;10875;;0
SSR;2018;350000436;350002317;SSR_TOT;;31;;0;236;10875;31;0
SSR;2018;350000444;350048518;SSR_A;;55;10;;485;14635;32;3202
SSR;2018;350000444;350048518;SSR_A50;1;12;;0;;3782;;0
SSR;2018;350000444;350048518;SSR_A51;1;33;5;;;6137;;1634
SSR;2018;350000444;350048518;SSR_A52;1;10;5;1;;4716;;1568
SSR;2018;350000444;350048518;SSR_TOT;;55;10;1;485;14635;32;3202
SSR;2018;350000451;350002333;SSR_A;;45;0;;420;12247;16;0
SSR;2018;350000451;350002333;SSR_A50;1;45;0;0;;12247;;0
SSR;2018;350000451;350002333;SSR_TOT;;45;0;0;420;12247;16;0
SSR;2018;350000741;350005179;SSR_A;;30;4;;505;9125;28;3561
SSR;2018;350000741;350005179;SSR_A50;1;30;;0;;0;;0
SSR;2018;350000741;350005179;SSR_A51;1;;;;;643;;0
SSR;2018;350000741;350005179;SSR_A52;1;;4;0;;8482;;3561
SSR;2018;350000741;350005179;SSR_E;;12;8;;552;2155;0;2685
SSR;2018;350000741;350005179;SSR_E50;1;12;8;0;;0;;0
SSR;2018;350000741;350005179;SSR_E51;1;;;0;;1026;;463
SSR;2018;350000741;350005179;SSR_E52;1;;;0;;1129;;2222
SSR;2018;350000741;350005179;SSR_TOT;;42;12;0;1057;11280;28;6246
SSR;2018;350002192;220020739;SSR_A;;87;6;;1108;31306;44;586
SSR;2018;350002192;220020739;SSR_A50;1;72;;0;;26322;;0
SSR;2018;350002192;220020739;SSR_A54;1;15;6;0;;4984;;586
SSR;2018;350002192;220020739;SSR_TOT;;87;6;0;1108;31306;44;586
SSR;2018;350002200;350029948;SSR_A;;103;23;;1462;31724;40;6841
SSR;2018;350002200;350029948;SSR_A53;1;35;20;0;;10560;;6341
SSR;2018;350002200;350029948;SSR_A55;1;68;3;0;;21164;;500
SSR;2018;350002200;350029948;SSR_TOT;;103;23;0;1462;31724;40;6841
SSR;2018;350002234;750720575;SSR_A;;35;22;;293;9834;31;6861
SSR;2018;350002234;750720575;SSR_A51;1;15;8;;;3329;;3851
SSR;2018;350002234;750720575;SSR_A52;1;20;14;0;;6505;;3010
SSR;2018;350002234;750720575;SSR_E;;9;5;;70;1524;2;800
SSR;2018;350002234;750720575;SSR_E51;1;3;2;0;;720;;161
SSR;2018;350002234;750720575;SSR_E52;1;6;3;0;;804;;639
SSR;2018;350002234;750720575;SSR_TOT;;44;27;0;363;11358;33;7661
SSR;2018;350002564;350046199;SSR_A;;120;78;;1145;37921;103;29209
SSR;2018;350002564;350046199;SSR_A51;1;34;33;;;10603;;10895
SSR;2018;350002564;350046199;SSR_A52;1;86;45;1;;27318;;18314
SSR;2018;350002564;350046199;SSR_TOT;;120;78;1;1145;37921;103;29209
SSR;2018;350002747;440042844;SSR_A;;;34;;0;0;0;9677
SSR;2018;350002747;440042844;SSR_A58;1;;34;0;;0;;9677
SSR;2018;350002747;440042844;SSR_TOT;;;34;0;0;0;0;9677
SSR;2018;350002911;220020739;SSR_A;;30;0;;414;9611;3;0
SSR;2018;350002911;220020739;SSR_A50;1;30;0;0;;9611;;0
SSR;2018;350002911;220020739;SSR_TOT;;30;0;0;414;9611;3;0
SSR;2018;350005021;440042844;SSR_A;;150;10;;1311;48956;121;1588
SSR;2018;350005021;440042844;SSR_A50;1;30;;0;;4840;;0
SSR;2018;350005021;440042844;SSR_A51;1;30;5;;;9679;;636
SSR;2018;350005021;440042844;SSR_A52;1;30;5;0;;9029;;952
SSR;2018;350005021;440042844;SSR_A59;1;60;;0;;25408;;0
SSR;2018;350005021;440042844;SSR_TOT;;150;10;0;1311;48956;121;1588
SSR;2018;350005278;350023586;SSR_E;;46;10;;171;4919;15;1175
SSR;2018;350005278;350023586;SSR_E50;1;46;10;0;;4919;;1175
SSR;2018;350005278;350023586;SSR_TOT;;46;10;0;171;4919;15;1175
SSR;2018;350006771;350005179;SSR_A;;67;;;568;23651;69;0
SSR;2018;350006771;350005179;SSR_A50;1;32;;0;;5332;;0
SSR;2018;350006771;350005179;SSR_A59;1;35;;0;;18319;;0
SSR;2018;350006771;350005179;SSR_TOT;;67;;0;568;23651;69;0
SSR;2018;350007084;350005179;SSR_A;;;2;;0;0;0;2373
SSR;2018;350007084;350005179;SSR_A51;1;;2;;;0;;2373
SSR;2018;350007084;350005179;SSR_TOT;;;2;0;0;0;0;2373
SSR;2018;350008579;350039673;SSR_A;;24;12;;210;3306;0;4576
SSR;2018;350008579;350039673;SSR_A51;1;24;12;;;3306;;4576
SSR;2018;350008579;350039673;SSR_TOT;;24;12;0;210;3306;0;4576
SSR;2018;350016135;350000055;SSR_A;;52;;;527;17558;27;0
SSR;2018;350016135;350000055;SSR_A50;1;13;;0;;3773;;0
SSR;2018;350016135;350000055;SSR_A59;1;39;;0;;13785;;0
SSR;2018;350016135;350000055;SSR_TOT;;52;;0;527;17558;27;0
SSR;2018;350040499;350040291;SSR_A;;25;;;326;7895;3;0
SSR;2018;350040499;350040291;SSR_A50;1;25;;0;;7895;;0
SSR;2018;350040499;350040291;SSR_TOT;;25;;0;326;7895;3;0
SSR;2018;350044756;350044749;SSR_A;;38;;;272;12259;38;0
SSR;2018;350044756;350044749;SSR_A58;1;38;;0;;12259;;0
SSR;2018;350044756;350044749;SSR_TOT;;38;;0;272;12259;38;0
SSR;2018;360000038;360000046;SSR_A;;122;10;;808;37445;149;5794
SSR;2018;360000038;360000046;SSR_A50;1;20;;0;;6478;;0
SSR;2018;360000038;360000046;SSR_A51;1;50;4;;;8312;;4210
SSR;2018;360000038;360000046;SSR_A52;1;34;6;0;;16921;;1584
SSR;2018;360000038;360000046;SSR_A59;1;18;;0;;5734;;0
SSR;2018;360000038;360000046;SSR_TOT;;122;10;0;808;37445;149;5794
SSR;2018;360000129;360000269;SSR_A;;15;10;;164;3813;1;1577
SSR;2018;360000129;360000269;SSR_A50;1;15;10;0;;3813;;1577
SSR;2018;360000129;360000269;SSR_A56;0;;;1;;0;;0
SSR;2018;360000129;360000269;SSR_TOT;;15;10;0;164;3813;1;1577
SSR;2018;360000145;360000061;SSR_A;;35;;;439;10120;5;0
SSR;2018;360000145;360000061;SSR_A50;1;35;;1;;10120;;0
SSR;2018;360000145;360000061;SSR_TOT;;35;;0;439;10120;5;0
SSR;2018;360000160;360000053;SSR_A;;50;;;524;13672;5;0
SSR;2018;360000160;360000053;SSR_A58;1;20;;0;;3624;;0
SSR;2018;360000160;360000053;SSR_A59;1;30;;0;;10048;;0
SSR;2018;360000160;360000053;SSR_TOT;;50;;0;524;13672;5;0
SSR;2018;360000178;360000087;SSR_A;;30;;;278;9696;11;0
SSR;2018;360000178;360000087;SSR_A50;1;30;;0;;9696;;0
SSR;2018;360000178;360000087;SSR_TOT;;30;;0;278;9696;11;0
SSR;2018;360000186;360000095;SSR_A;;28;0;;333;9599;10;0
SSR;2018;360000186;360000095;SSR_A50;1;28;0;0;;9599;;0
SSR;2018;360000186;360000095;SSR_TOT;;28;0;0;333;9599;10;0
SSR;2018;360000202;360000103;SSR_A;;35;;;350;11552;17;0
SSR;2018;360000202;360000103;SSR_A50;1;35;;1;;11552;;0
SSR;2018;360000202;360000103;SSR_TOT;;35;;0;350;11552;17;0
SSR;2018;360000251;360000111;SSR_A;;15;;;171;4985;3;0
SSR;2018;360000251;360000111;SSR_A50;1;15;;0;;4985;;0
SSR;2018;360000251;360000111;SSR_TOT;;15;;0;171;4985;3;0
SSR;2018;360002232;360000541;SSR_A;;92;;;1388;30429;20;0
SSR;2018;360002232;360000541;SSR_A50;1;;;0;;5736;;0
SSR;2018;360002232;360000541;SSR_A55;1;60;;0;;19600;;0
SSR;2018;360002232;360000541;SSR_A59;1;32;;0;;5093;;0
SSR;2018;360002232;360000541;SSR_TOT;;92;;0;1388;30429;20;0
SSR;2018;360003149;360000053;SSR_A;;61;;;705;21182;34;248
SSR;2018;360003149;360000053;SSR_A50;1;61;;0;;21182;;0
SSR;2018;360003149;360000053;SSR_A54;1;;;0;;0;;248
SSR;2018;360003149;360000053;SSR_TOT;;61;;0;705;21182;34;248
SSR;2018;370000150;370000333;SSR_A;;105;0;;750;27244;74;0
SSR;2018;370000150;370000333;SSR_A50;1;105;0;1;;27244;;0
SSR;2018;370000150;370000333;SSR_TOT;;105;0;0;750;27244;74;0
SSR;2018;370000184;940805963;SSR_A;;56;;;435;18141;2;0
SSR;2018;370000184;940805963;SSR_A58;1;56;;0;;18141;;0
SSR;2018;370000184;940805963;SSR_TOT;;56;;0;435;18141;2;0
SSR;2018;370000218;450018106;SSR_A;;90;12;;721;27343;77;3078
SSR;2018;370000218;450018106;SSR_A50;1;;;0;;0;;0
SSR;2018;370000218;450018106;SSR_A51;1;45;8;;;13653;;2605
SSR;2018;370000218;450018106;SSR_A52;1;45;4;0;;13690;;473
SSR;2018;370000218;450018106;SSR_TOT;;90;12;0;721;27343;77;3078
SSR;2018;370000341;750721391;SSR_A;;62;;;403;12328;2;0
SSR;2018;370000341;750721391;SSR_A58;1;62;;0;;12328;;0
SSR;2018;370000341;750721391;SSR_TOT;;62;;0;403;12328;2;0
SSR;2018;370000374;750721334;SSR_A;;96;11;;545;26225;108;5844
SSR;2018;370000374;750721334;SSR_A50;1;;;0;;0;;0
SSR;2018;370000374;750721334;SSR_A51;1;17;3;;;4760;;533
SSR;2018;370000374;750721334;SSR_A52;1;76;8;0;;21004;;5311
SSR;2018;370000374;750721334;SSR_A57;1;3;;0;;461;;0
SSR;2018;370000374;750721334;SSR_TOT;;96;11;0;545;26225;108;5844
SSR;2018;370000499;370000481;SSR_E;;8;5;;148;2048;4;942
SSR;2018;370000499;370000481;SSR_E50;1;8;5;0;;2048;;942
SSR;2018;370000499;370000481;SSR_TOT;;8;5;0;148;2048;4;942
SSR;2018;370000515;370000481;SSR_A;;96;;;619;30766;108;0
SSR;2018;370000515;370000481;SSR_A50;1;;;0;;0;;0
SSR;2018;370000515;370000481;SSR_A59;1;96;;0;;30766;;0
SSR;2018;370000515;370000481;SSR_TOT;;96;;0;619;30766;108;0
SSR;2018;370000531;370000606;SSR_A;;70;0;;852;24858;15;0
SSR;2018;370000531;370000606;SSR_A50;1;30;0;0;;10284;;0
SSR;2018;370000531;370000606;SSR_A59;1;40;0;0;;14574;;0
SSR;2018;370000531;370000606;SSR_E;;6;9;;300;1101;0;1466
SSR;2018;370000531;370000606;SSR_E50;1;6;9;0;;1101;;1466
SSR;2018;370000531;370000606;SSR_TOT;;76;9;0;1152;25959;15;1466
SSR;2018;370000580;370000564;SSR_A;;33;2;;434;9974;4;1298
SSR;2018;370000580;370000564;SSR_A51;1;28;2;;;8099;;1298
SSR;2018;370000580;370000564;SSR_A59;1;5;;0;;1875;;0
SSR;2018;370000580;370000564;SSR_TOT;;33;2;0;434;9974;4;1298
SSR;2018;370000879;370000564;SSR_A;;29;;;273;9189;16;0
SSR;2018;370000879;370000564;SSR_A59;1;29;;0;;9189;;0
SSR;2018;370000879;370000564;SSR_TOT;;29;;0;273;9189;16;0
SSR;2018;370000986;370000713;SSR_A;;140;;;966;39204;163;0
SSR;2018;370000986;370000713;SSR_A58;1;140;;0;;39204;;0
SSR;2018;370000986;370000713;SSR_TOT;;140;;0;966;39204;163;0
SSR;2018;370001109;370002701;SSR_A;;70;;;596;22542;53;0
SSR;2018;370001109;370002701;SSR_A50;1;;;0;;0;;0
SSR;2018;370001109;370002701;SSR_A59;1;70;;0;;22542;;0
SSR;2018;370001109;370002701;SSR_TOT;;70;;0;596;22542;53;0
SSR;2018;370004301;370000614;SSR_A;;30;;;363;10450;4;0
SSR;2018;370004301;370000614;SSR_A59;1;30;;0;;10450;;0
SSR;2018;370004301;370000614;SSR_TOT;;30;;0;363;10450;4;0
SSR;2018;370007569;370007528;SSR_A;;88;4;;990;24419;7;808
SSR;2018;370007569;370007528;SSR_A50;1;30;;0;;8810;;0
SSR;2018;370007569;370007528;SSR_A54;1;28;4;0;;3291;;808
SSR;2018;370007569;370007528;SSR_A59;1;30;;0;;12318;;0
SSR;2018;370007569;370007528;SSR_TOT;;88;4;0;990;24419;7;808
SSR;2018;370100539;370100935;SSR_A;;92;23;;1426;26913;0;6325
SSR;2018;370100539;370100935;SSR_A50;1;;10;0;;0;;2751
SSR;2018;370100539;370100935;SSR_A53;1;92;13;0;;26913;;3574
SSR;2018;370100539;370100935;SSR_TOT;;92;23;0;1426;26913;0;6325
SSR;2018;380000018;380780023;SSR_A;;57;3;;1197;18005;0;1036
SSR;2018;380000018;380780023;SSR_A51;1;57;3;;;18005;;1036
SSR;2018;380000018;380780023;SSR_TOT;;57;3;0;1197;18005;0;1036
SSR;2018;380000026;380780031;SSR_A;;20;0;;230;5808;6;0
SSR;2018;380000026;380780031;SSR_A50;1;20;0;0;;5808;;0
SSR;2018;380000026;380780031;SSR_TOT;;20;0;0;230;5808;6;0
SSR;2018;380000042;380780056;SSR_A;;50;10;;569;15437;14;3105
SSR;2018;380000042;380780056;SSR_A50;1;0;;0;;0;;0
SSR;2018;380000042;380780056;SSR_A51;1;20;6;;;6773;;2200
SSR;2018;380000042;380780056;SSR_A52;1;10;3;0;;2704;;859
SSR;2018;380000042;380780056;SSR_A59;1;20;1;0;;5960;;46
SSR;2018;380000042;380780056;SSR_TOT;;50;10;0;569;15437;14;3105
SSR;2018;380000059;380780072;SSR_A;;30;0;;294;10342;8;0
SSR;2018;380000059;380780072;SSR_A50;1;15;0;0;;5171;;0
SSR;2018;380000059;380780072;SSR_A59;1;15;0;0;;5171;;0
SSR;2018;380000059;380780072;SSR_TOT;;30;0;0;294;10342;8;0
SSR;2018;380000067;380780080;SSR_A;;76;3;;615;17895;19;151
SSR;2018;380000067;380780080;SSR_A50;1;;;0;;0;;0
SSR;2018;380000067;380780080;SSR_A52;1;6;;0;;579;;0
SSR;2018;380000067;380780080;SSR_A53;1;;3;0;;0;;151
SSR;2018;380000067;380780080;SSR_A59;1;70;;0;;17316;;0
SSR;2018;380000067;380780080;SSR_E;;8;5;;254;955;0;1081
SSR;2018;380000067;380780080;SSR_E50;1;;;0;;0;;0
SSR;2018;380000067;380780080;SSR_E51;1;;;0;;0;;0
SSR;2018;380000067;380780080;SSR_E52;1;8;5;0;;955;;1081
SSR;2018;380000067;380780080;SSR_TOT;;84;8;0;869;18850;19;1232
SSR;2018;380000075;380780098;SSR_A;;66;15;;575;23653;63;5707
SSR;2018;380000075;380780098;SSR_A50;1;;;0;;0;;0
SSR;2018;380000075;380780098;SSR_A51;1;30;9;;;9710;;3340
SSR;2018;380000075;380780098;SSR_A52;1;36;6;0;;13943;;2367
SSR;2018;380000075;380780098;SSR_TOT;;66;15;0;575;23653;63;5707
SSR;2018;380000091;380780171;SSR_A;;50;;;523;16952;13;0
SSR;2018;380000091;380780171;SSR_A59;1;50;;0;;16952;;0
SSR;2018;380000091;380780171;SSR_TOT;;50;;0;523;16952;13;0
SSR;2018;380000109;380780213;SSR_A;;25;;;234;5673;1;0
SSR;2018;380000109;380780213;SSR_A50;1;25;;0;;5673;;0
SSR;2018;380000109;380780213;SSR_TOT;;25;;0;234;5673;1;0
SSR;2018;380000125;380780239;SSR_A;;30;;;367;9042;0;0
SSR;2018;380000125;380780239;SSR_A50;1;30;;0;;9042;;0
SSR;2018;380000125;380780239;SSR_TOT;;30;;0;367;9042;0;0
SSR;2018;380000166;380781351;SSR_A;;35;;;184;5638;8;0
SSR;2018;380000166;380781351;SSR_A50;1;35;;0;;5638;;0
SSR;2018;380000166;380781351;SSR_TOT;;35;;0;184;5638;8;0
SSR;2018;380000174;380781435;SSR_A;;78;5;;853;24586;51;1252
SSR;2018;380000174;380781435;SSR_A50;1;1;;0;;186;;0
SSR;2018;380000174;380781435;SSR_A51;1;13;;;;3606;;0
SSR;2018;380000174;380781435;SSR_A52;1;16;;0;;5576;;0
SSR;2018;380000174;380781435;SSR_A53;1;;5;0;;0;;1252
SSR;2018;380000174;380781435;SSR_A59;1;48;;0;;15218;;0
SSR;2018;380000174;380781435;SSR_TOT;;78;5;0;853;24586;51;1252
SSR;2018;380000356;380782698;SSR_A;;30;;;255;8972;10;0
SSR;2018;380000356;380782698;SSR_A50;1;30;;0;;8972;;0
SSR;2018;380000356;380782698;SSR_TOT;;30;;0;255;8972;10;0
SSR;2018;380000364;380782771;SSR_A;;30;;;340;8757;3;0
SSR;2018;380000364;380782771;SSR_A50;1;30;;0;;8757;;0
SSR;2018;380000364;380782771;SSR_TOT;;30;;0;340;8757;3;0
SSR;2018;380005868;010783009;SSR_A;;73;;;642;20350;19;0
SSR;2018;380005868;010783009;SSR_A50;1;39;;0;;10123;;0
SSR;2018;380005868;010783009;SSR_A59;1;34;;0;;10227;;0
SSR;2018;380005868;010783009;SSR_TOT;;73;;0;642;20350;19;0
SSR;2018;380005918;750056335;SSR_A;;88;10;;717;31502;73;480
SSR;2018;380005918;750056335;SSR_A50;1;8;;0;;2878;;0
SSR;2018;380005918;750056335;SSR_A52;1;35;10;0;;12152;;480
SSR;2018;380005918;750056335;SSR_A59;1;45;;0;;16472;;0
SSR;2018;380005918;750056335;SSR_TOT;;88;10;0;717;31502;73;480
SSR;2018;380009928;380804542;SSR_A;;247;41;;2025;71242;120;18521
SSR;2018;380009928;380804542;SSR_A50;1;50;1;0;;18186;;159
SSR;2018;380009928;380804542;SSR_A51;1;87;30;;;24140;;13104
SSR;2018;380009928;380804542;SSR_A54;1;;10;0;;0;;5258
SSR;2018;380009928;380804542;SSR_A55;1;29;;0;;2407;;0
SSR;2018;380009928;380804542;SSR_A58;0;0;;0;;1173;;0
SSR;2018;380009928;380804542;SSR_A59;1;81;;0;;25336;;0
SSR;2018;380009928;380804542;SSR_TOT;;247;41;0;2025;71242;120;18521
SSR;2018;380012658;380012609;SSR_A;;30;;;409;10321;1;0
SSR;2018;380012658;380012609;SSR_A50;1;;;0;;0;;0
SSR;2018;380012658;380012609;SSR_A59;1;30;;0;;10321;;0
SSR;2018;380012658;380012609;SSR_TOT;;30;;0;409;10321;1;0
SSR;2018;380017095;380017087;SSR_A;;52;50;;502;18376;52;12009
SSR;2018;380017095;380017087;SSR_A50;1;;;0;;0;;0
SSR;2018;380017095;380017087;SSR_A51;1;21;24;;;7864;;5941
SSR;2018;380017095;380017087;SSR_A52;1;31;26;0;;10512;;6068
SSR;2018;380017095;380017087;SSR_E;;;5;;0;0;0;1127
SSR;2018;380017095;380017087;SSR_E50;1;;;0;;0;;0
SSR;2018;380017095;380017087;SSR_E52;1;;5;0;;0;;1127
SSR;2018;380017095;380017087;SSR_TOT;;52;55;0;502;18376;52;13136
SSR;2018;380780312;750720575;SSR_A;;55;10;;310;16338;71;2490
SSR;2018;380780312;750720575;SSR_A52;1;41;9;0;;12951;;2279
SSR;2018;380780312;750720575;SSR_A55;1;6;1;0;;1442;;211
SSR;2018;380780312;750720575;SSR_A56;1;8;;0;;1945;;0
SSR;2018;380780312;750720575;SSR_E;;10;5;;58;2741;11;1625
SSR;2018;380780312;750720575;SSR_E50;1;;;0;;0;;0
SSR;2018;380780312;750720575;SSR_E52;1;3;1;0;;572;;28
SSR;2018;380780312;750720575;SSR_E55;1;5;4;0;;1803;;1597
SSR;2018;380780312;750720575;SSR_E56;1;2;;0;;366;;0
SSR;2018;380780312;750720575;SSR_TOT;;65;15;0;368;19079;82;4115
SSR;2018;380780379;380798249;SSR_A;;71;;;663;21350;9;0
SSR;2018;380780379;380798249;SSR_A50;1;;;0;;0;;0
SSR;2018;380780379;380798249;SSR_A54;1;71;;0;;21350;;0
SSR;2018;380780379;380798249;SSR_TOT;;71;;0;663;21350;9;0
SSR;2018;380781138;010783009;SSR_A;;71;;;598;21367;30;0
SSR;2018;380781138;010783009;SSR_A50;1;35;;0;;11216;;0
SSR;2018;380781138;010783009;SSR_A59;1;36;;0;;10151;;0
SSR;2018;380781138;010783009;SSR_TOT;;71;;0;598;21367;30;0
SSR;2018;380781369;010783009;SSR_A;;57;;;401;13530;24;0
SSR;2018;380781369;010783009;SSR_A50;1;57;;0;;13530;;0
SSR;2018;380781369;010783009;SSR_TOT;;57;;0;401;13530;24;0
SSR;2018;380782722;380780080;SSR_A;;180;27;;1834;47489;86;10437
SSR;2018;380782722;380780080;SSR_A50;1;;;0;;0;;0
SSR;2018;380782722;380780080;SSR_A51;1;30;0;;;9283;;0
SSR;2018;380782722;380780080;SSR_A52;1;40;12;0;;12669;;3103
SSR;2018;380782722;380780080;SSR_A53;1;90;15;0;;23057;;7334
SSR;2018;380782722;380780080;SSR_A59;1;20;;0;;2480;;0
SSR;2018;380782722;380780080;SSR_TOT;;180;27;0;1834;47489;86;10437
SSR;2018;390000040;390780146;SSR_A;;40;;;435;14461;21;0
SSR;2018;390000040;390780146;SSR_A50;1;;;0;;0;;0
SSR;2018;390000040;390780146;SSR_A59;1;40;;0;;14461;;0
SSR;2018;390000040;390780146;SSR_TOT;;40;;0;435;14461;21;0
SSR;2018;390000057;390780153;SSR_A;;20;0;;205;6439;17;0
SSR;2018;390000057;390780153;SSR_A50;1;20;0;0;;6439;;0
SSR;2018;390000057;390780153;SSR_TOT;;20;0;0;205;6439;17;0
SSR;2018;390000065;390780161;SSR_A;;12;0;;219;4563;160;0
SSR;2018;390000065;390780161;SSR_A50;1;12;0;0;;4563;;0
SSR;2018;390000065;390780161;SSR_TOT;;12;0;0;219;4563;160;0
SSR;2018;390000073;390780179;SSR_A;;80;35;;642;25191;65;7572
SSR;2018;390000073;390780179;SSR_A50;1;80;35;0;;618;;0
SSR;2018;390000073;390780179;SSR_A51;1;;;;;6918;;4242
SSR;2018;390000073;390780179;SSR_A52;1;;;0;;11302;;3330
SSR;2018;390000073;390780179;SSR_A59;1;;;0;;6353;;0
SSR;2018;390000073;390780179;SSR_TOT;;80;35;0;642;25191;65;7572
SSR;2018;390000081;390780179;SSR_A;;44;0;;408;12198;11;0
SSR;2018;390000081;390780179;SSR_A50;1;0;0;0;;0;;0
SSR;2018;390000081;390780179;SSR_A59;1;44;;0;;12198;;0
SSR;2018;390000081;390780179;SSR_TOT;;44;0;0;408;12198;11;0
SSR;2018;390000172;250006335;SSR_A;;96;4;;1189;28880;2;1233
SSR;2018;390000172;250006335;SSR_A53;1;61;2;0;;19288;;1023
SSR;2018;390000172;250006335;SSR_A54;1;35;2;0;;9592;;210
SSR;2018;390000172;250006335;SSR_TOT;;96;4;0;1189;28880;2;1233
SSR;2018;390000214;390780146;SSR_A;;60;0;;442;14378;32;0
SSR;2018;390000214;390780146;SSR_A50;1;60;0;0;;14378;;0
SSR;2018;390000214;390780146;SSR_TOT;;60;0;0;442;14378;32;0
SSR;2018;390000222;390780609;SSR_A;;82;6;;906;28201;46;1926
SSR;2018;390000222;390780609;SSR_A50;1;;;0;;0;;0
SSR;2018;390000222;390780609;SSR_A51;1;26;4;;;8607;;1313
SSR;2018;390000222;390780609;SSR_A52;1;;;0;;0;;0
SSR;2018;390000222;390780609;SSR_A59;1;56;2;0;;19594;;613
SSR;2018;390000222;390780609;SSR_TOT;;82;6;0;906;28201;46;1926
SSR;2018;390006161;390780146;SSR_A;;20;0;;222;7056;17;0
SSR;2018;390006161;390780146;SSR_A50;1;20;0;0;;7056;;0
SSR;2018;390006161;390780146;SSR_TOT;;20;0;0;222;7056;17;0
SSR;2018;390780369;210010294;SSR_E;;40;8;;644;2965;0;129
SSR;2018;390780369;210010294;SSR_E55;1;40;8;0;;2965;;129
SSR;2018;390780369;210010294;SSR_TOT;;40;8;0;644;2965;0;129
SSR;2018;390781193;390000768;SSR_A;;40;;;335;12430;7;0
SSR;2018;390781193;390000768;SSR_A58;1;40;;0;;12430;;0
SSR;2018;390781193;390000768;SSR_TOT;;40;;0;335;12430;7;0
SSR;2018;400000147;400780268;SSR_A;;30;;;393;8310;4;0
SSR;2018;400000147;400780268;SSR_A50;1;;;0;;0;;0
SSR;2018;400000147;400780268;SSR_A59;1;30;;0;;8310;;0
SSR;2018;400000147;400780268;SSR_TOT;;30;;0;393;8310;4;0
SSR;2018;400000261;400780458;SSR_A;;30;;;272;10803;32;0
SSR;2018;400000261;400780458;SSR_A50;1;;;0;;0;;0
SSR;2018;400000261;400780458;SSR_A59;1;30;;0;;10803;;0
SSR;2018;400000261;400780458;SSR_TOT;;30;;0;272;10803;32;0
SSR;2018;400780102;400000055;SSR_A;;90;10;;960;29436;29;8604
SSR;2018;400780102;400000055;SSR_A50;1;;;0;;0;;0
SSR;2018;400780102;400000055;SSR_A51;1;75;8;;;24299;;7107
SSR;2018;400780102;400000055;SSR_A52;1;15;2;0;;5137;;1497
SSR;2018;400780102;400000055;SSR_TOT;;90;10;0;960;29436;29;8604
SSR;2018;400780250;400011177;SSR_A;;110;15;;1173;39497;62;7321
SSR;2018;400780250;400011177;SSR_A50;1;12;;0;;4350;;0
SSR;2018;400780250;400011177;SSR_A51;1;20;13;;;7124;;6307
SSR;2018;400780250;400011177;SSR_A52;1;25;2;0;;9035;;1014
SSR;2018;400780250;400011177;SSR_A59;1;53;;0;;18988;;0
SSR;2018;400780250;400011177;SSR_TOT;;110;15;0;1173;39497;62;7321
SSR;2018;400780375;400013801;SSR_A;;14;;;140;5173;7;0
SSR;2018;400780375;400013801;SSR_A58;1;14;;0;;5173;;0
SSR;2018;400780375;400013801;SSR_TOT;;14;;0;140;5173;7;0
SSR;2018;400780383;640010328;SSR_A;;45;;;399;13853;20;0
SSR;2018;400780383;640010328;SSR_A50;1;45;;0;;13853;;0
SSR;2018;400780383;640010328;SSR_TOT;;45;;0;399;13853;20;0
SSR;2018;400780425;400000246;SSR_A;;74;;;818;23720;23;0
SSR;2018;400780425;400000246;SSR_A50;1;74;;1;;23720;;0
SSR;2018;400780425;400000246;SSR_TOT;;74;;0;818;23720;23;0
SSR;2018;400780466;400000279;SSR_A;;42;;;345;12924;17;0
SSR;2018;400780466;400000279;SSR_A50;1;42;;0;;12924;;0
SSR;2018;400780466;400000279;SSR_TOT;;42;;0;345;12924;17;0
SSR;2018;400780482;310021068;SSR_E;;85;;;1032;25469;13;0
SSR;2018;400780482;310021068;SSR_E50;1;31;;0;;4104;;0
SSR;2018;400780482;310021068;SSR_E51;1;14;;0;;2771;;0
SSR;2018;400780482;310021068;SSR_E55;1;40;;0;;18594;;0
SSR;2018;400780482;310021068;SSR_TOT;;85;;0;1032;25469;13;0
SSR;2018;400782769;400014213;SSR_A;;31;;;249;5809;3;0
SSR;2018;400782769;400014213;SSR_A50;1;31;;0;;5809;;0
SSR;2018;400782769;400014213;SSR_TOT;;31;;0;249;5809;3;0
SSR;2018;400782777;400780193;SSR_A;;60;20;;595;12095;0;4645
SSR;2018;400782777;400780193;SSR_A50;1;60;0;0;;12095;;0
SSR;2018;400782777;400780193;SSR_A52;0;0;10;0;;0;;1325
SSR;2018;400782777;400780193;SSR_A53;1;0;10;0;;0;;3320
SSR;2018;400782777;400780193;SSR_TOT;;60;20;0;595;12095;0;4645
SSR;2018;400787354;400780193;SSR_A;;70;2;;630;21662;31;683
SSR;2018;400787354;400780193;SSR_A59;1;70;2;0;;21662;;683
SSR;2018;400787354;400780193;SSR_TOT;;70;2;0;630;21662;31;683
SSR;2018;400791018;400790994;SSR_A;;141;20;;2285;45508;0;4798
SSR;2018;400791018;400790994;SSR_A50;1;;;0;;0;;0
SSR;2018;400791018;400790994;SSR_A51;1;141;20;;;45508;;4798
SSR;2018;400791018;400790994;SSR_TOT;;141;20;0;2285;45508;0;4798
SSR;2018;410000020;410000087;SSR_A;;125;4;;1025;39963;106;796
SSR;2018;410000020;410000087;SSR_A50;1;45;;0;;3043;;0
SSR;2018;410000020;410000087;SSR_A51;1;17;2;;;2777;;182
SSR;2018;410000020;410000087;SSR_A52;1;13;2;0;;6383;;614
SSR;2018;410000020;410000087;SSR_A59;1;50;;0;;27760;;0
SSR;2018;410000020;410000087;SSR_TOT;;125;4;0;1025;39963;106;796
SSR;2018;410000046;410000103;SSR_A;;30;0;;294;9650;12;0
SSR;2018;410000046;410000103;SSR_A50;1;30;0;0;;5446;;0
SSR;2018;410000046;410000103;SSR_A59;1;;;0;;4204;;0
SSR;2018;410000046;410000103;SSR_TOT;;30;0;0;294;9650;12;0
SSR;2018;410000053;410000111;SSR_A;;30;;;263;9247;18;0
SSR;2018;410000053;410000111;SSR_A50;1;30;;0;;9247;;0
SSR;2018;410000053;410000111;SSR_TOT;;30;;0;263;9247;18;0
SSR;2018;410000210;410000145;SSR_A;;15;;;138;5064;6;0
SSR;2018;410000210;410000145;SSR_A50;1;15;;1;;5064;;0
SSR;2018;410000210;410000145;SSR_TOT;;15;;0;138;5064;6;0
SSR;2018;410000244;410000152;SSR_A;;27;;;236;6931;10;0
SSR;2018;410000244;410000152;SSR_A50;1;27;;0;;6931;;0
SSR;2018;410000244;410000152;SSR_TOT;;27;;0;236;6931;10;0
SSR;2018;410000418;440052041;SSR_A;;180;30;;2012;56895;39;6382
SSR;2018;410000418;440052041;SSR_A50;1;0;0;0;;0;;0
SSR;2018;410000418;440052041;SSR_A53;1;81;10;0;;24612;;2063
SSR;2018;410000418;440052041;SSR_A54;1;66;10;0;;18095;;1286
SSR;2018;410000418;440052041;SSR_A59;1;33;10;0;;14188;;3033
SSR;2018;410000418;440052041;SSR_TOT;;180;30;0;2012;56895;39;6382
SSR;2018;410000442;750005068;SSR_A;;94;5;;794;24290;45;1506
SSR;2018;410000442;750005068;SSR_A50;1;31;;0;;6684;;0
SSR;2018;410000442;750005068;SSR_A51;1;25;3;;;6480;;919
SSR;2018;410000442;750005068;SSR_A52;1;13;1;0;;3520;;531
SSR;2018;410000442;750005068;SSR_A55;1;20;1;0;;5142;;56
SSR;2018;410000442;750005068;SSR_A59;1;5;;0;;2464;;0
SSR;2018;410000442;750005068;SSR_TOT;;94;5;0;794;24290;45;1506
SSR;2018;410004063;410000095;SSR_A;;80;;;707;27111;64;0
SSR;2018;410004063;410000095;SSR_A50;1;80;;0;;27111;;0
SSR;2018;410004063;410000095;SSR_A59;1;;;0;;0;;0
SSR;2018;410004063;410000095;SSR_TOT;;80;;0;707;27111;64;0
SSR;2018;410005284;410000947;SSR_A;;96;2;;1171;30150;16;207
SSR;2018;410005284;410000947;SSR_A50;1;58;;0;;19505;;0
SSR;2018;410005284;410000947;SSR_A55;1;38;2;0;;10645;;207
SSR;2018;410005284;410000947;SSR_E;;16;0;;115;4021;0;0
SSR;2018;410005284;410000947;SSR_E55;1;16;0;0;;4021;;0
SSR;2018;410005284;410000947;SSR_TOT;;112;2;0;1286;34171;16;207
SSR;2018;410005391;410000905;SSR_A;;36;2;;137;12354;52;435
SSR;2018;410005391;410000905;SSR_A52;1;36;2;0;;12354;;435
SSR;2018;410005391;410000905;SSR_TOT;;36;2;0;137;12354;52;435
SSR;2018;420000010;420780033;SSR_A;;30;2;;262;8808;8;377
SSR;2018;420000010;420780033;SSR_A50;1;20;1;0;;6714;;193
SSR;2018;420000010;420780033;SSR_A52;1;10;1;0;;2094;;184
SSR;2018;420000010;420780033;SSR_TOT;;30;2;0;262;8808;8;377
SSR;2018;420000028;420780041;SSR_A;;12;;;98;3987;10;0
SSR;2018;420000028;420780041;SSR_A50;1;12;;0;;3987;;0
SSR;2018;420000028;420780041;SSR_TOT;;12;;0;98;3987;10;0
SSR;2018;420000036;420780058;SSR_A;;35;;;311;10784;18;0
SSR;2018;420000036;420780058;SSR_A50;1;35;;0;;10784;;0
SSR;2018;420000036;420780058;SSR_TOT;;35;;0;311;10784;18;0
SSR;2018;420000192;750034589;SSR_A;;24;;;353;7734;5;0
SSR;2018;420000192;750034589;SSR_A50;1;24;;0;;7734;;0
SSR;2018;420000192;750034589;SSR_TOT;;24;;0;353;7734;5;0
SSR;2018;420000234;420780652;SSR_A;;68;5;;798;19860;3;1660
SSR;2018;420000234;420780652;SSR_A50;1;8;;0;;3422;;0
SSR;2018;420000234;420780652;SSR_A53;1;;5;0;;0;;1660
SSR;2018;420000234;420780652;SSR_A59;1;60;;0;;16438;;0
SSR;2018;420000234;420780652;SSR_TOT;;68;5;0;798;19860;3;1660
SSR;2018;420000242;420780660;SSR_A;;89;;;640;26509;43;0
SSR;2018;420000242;420780660;SSR_A50;1;50;;0;;13375;;0
SSR;2018;420000242;420780660;SSR_A52;1;21;;0;;7445;;0
SSR;2018;420000242;420780660;SSR_A56;1;18;;0;;5689;;0
SSR;2018;420000242;420780660;SSR_TOT;;89;;0;640;26509;43;0
SSR;2018;420000267;420013831;SSR_A;;60;8;;657;19565;20;1883
SSR;2018;420000267;420013831;SSR_A50;1;50;8;0;;16312;;1883
SSR;2018;420000267;420013831;SSR_A59;1;10;;0;;3253;;0
SSR;2018;420000267;420013831;SSR_TOT;;60;8;0;657;19565;20;1883
SSR;2018;420000275;420780694;SSR_A;;22;;;274;7629;0;0
SSR;2018;420000275;420780694;SSR_A50;1;22;;1;;7629;;0
SSR;2018;420000275;420780694;SSR_TOT;;22;;0;274;7629;0;0
SSR;2018;420000283;420780702;SSR_A;;24;;;211;6559;6;0
SSR;2018;420000283;420780702;SSR_A50;1;24;;0;;6559;;0
SSR;2018;420000283;420780702;SSR_TOT;;24;;0;211;6559;6;0
SSR;2018;420000317;420780736;SSR_A;;28;0;;273;9204;19;0
SSR;2018;420000317;420780736;SSR_A50;1;28;0;0;;9204;;0
SSR;2018;420000317;420780736;SSR_TOT;;28;0;0;273;9204;19;0
SSR;2018;420000556;420781791;SSR_A;;15;;;242;5329;0;0
SSR;2018;420000556;420781791;SSR_A50;1;15;;0;;5329;;0
SSR;2018;420000556;420781791;SSR_TOT;;15;;0;242;5329;0;0
SSR;2018;420002677;420787061;SSR_A;;51;;;455;12417;0;0
SSR;2018;420002677;420787061;SSR_A58;1;51;;0;;12417;;0
SSR;2018;420002677;420787061;SSR_TOT;;51;;0;455;12417;0;0
SSR;2018;420009599;420002495;SSR_A;;25;25;;295;8800;7;9125
SSR;2018;420009599;420002495;SSR_A50;1;0;0;0;;0;;0
SSR;2018;420009599;420002495;SSR_A59;1;25;25;0;;8800;;9125
SSR;2018;420009599;420002495;SSR_TOT;;25;25;0;295;8800;7;9125
SSR;2018;420011512;420011504;SSR_A;;179;65;;1809;49938;26;21285
SSR;2018;420011512;420011504;SSR_A50;1;19;;0;;33;;
SSR;2018;420011512;420011504;SSR_A51;1;60;20;;;23189;;7925
SSR;2018;420011512;420011504;SSR_A52;1;20;10;0;;6554;;2108
SSR;2018;420011512;420011504;SSR_A53;1;45;30;0;;14591;;10102
SSR;2018;420011512;420011504;SSR_A54;1;35;5;0;;5571;;1150
SSR;2018;420011512;420011504;SSR_TOT;;179;65;0;1809;49938;26;21285
SSR;2018;420011728;920028560;SSR_A;;;35;;0;0;0;12767
SSR;2018;420011728;920028560;SSR_A50;1;;;0;;0;;0
SSR;2018;420011728;920028560;SSR_A51;1;;20;;;0;;8432
SSR;2018;420011728;920028560;SSR_A52;1;;15;0;;0;;4335
SSR;2018;420011728;920028560;SSR_TOT;;;35;0;0;0;0;12767
SSR;2018;420014110;420007098;SSR_A;;12;;;75;4265;12;0
SSR;2018;420014110;420007098;SSR_A50;1;;;0;;0;;0
SSR;2018;420014110;420007098;SSR_A52;1;12;;0;;4265;;0
SSR;2018;420014110;420007098;SSR_E50;1;;;0;;0;;0
SSR;2018;420014110;420007098;SSR_E52;1;;;0;;0;;0
SSR;2018;420014110;420007098;SSR_TOT;;12;;0;75;4265;12;0
SSR;2018;420780678;420002495;SSR_A;;65;10;;790;22301;13;3835
SSR;2018;420780678;420002495;SSR_A50;1;20;4;0;;2904;;482
SSR;2018;420780678;420002495;SSR_A51;1;35;5;;;15158;;2466
SSR;2018;420780678;420002495;SSR_A52;1;10;1;0;;4239;;887
SSR;2018;420780678;420002495;SSR_A59;1;;;0;;0;;0
SSR;2018;420780678;420002495;SSR_TOT;;65;10;0;790;22301;13;3835
SSR;2018;420780744;420000325;SSR_A;;30;;;248;10768;18;0
SSR;2018;420780744;420000325;SSR_A50;1;30;;0;;10768;;0
SSR;2018;420780744;420000325;SSR_TOT;;30;;0;248;10768;18;0
SSR;2018;420782096;420787061;SSR_A;;98;27;;921;25513;33;4162
SSR;2018;420782096;420787061;SSR_A50;1;98;15;0;;25513;;3597
SSR;2018;420782096;420787061;SSR_A55;1;;12;0;;0;;565
SSR;2018;420782096;420787061;SSR_TOT;;98;27;0;921;25513;33;4162
SSR;2018;420782559;420784878;SSR_A;;30;9;;191;8682;38;2758
SSR;2018;420782559;420784878;SSR_A51;1;6;5;;;843;;1329
SSR;2018;420782559;420784878;SSR_A52;1;24;4;0;;7839;;1429
SSR;2018;420782559;420784878;SSR_E;;8;3;;289;1919;0;2524
SSR;2018;420782559;420784878;SSR_E50;1;8;2;0;;1919;;1024
SSR;2018;420782559;420784878;SSR_E51;1;;1;0;;0;;1500
SSR;2018;420782559;420784878;SSR_TOT;;38;12;0;480;10601;38;5282
SSR;2018;420782567;420784878;SSR_A;;71;27;;1108;23326;47;4517
SSR;2018;420782567;420784878;SSR_A52;1;10;;0;;3422;;0
SSR;2018;420782567;420784878;SSR_A59;1;61;27;0;;19904;;4517
SSR;2018;420782567;420784878;SSR_TOT;;71;27;0;1108;23326;47;4517
SSR;2018;420782591;420000887;SSR_A;;62;5;;681;18832;15;4355
SSR;2018;420782591;420000887;SSR_A50;1;2;;0;;572;;0
SSR;2018;420782591;420000887;SSR_A51;1;40;3;;;14689;;3385
SSR;2018;420782591;420000887;SSR_A52;1;20;2;0;;3571;;970
SSR;2018;420782591;420000887;SSR_TOT;;62;5;0;681;18832;15;4355
SSR;2018;420784845;420780033;SSR_A;;76;0;;829;26261;29;5
SSR;2018;420784845;420780033;SSR_A50;1;0;0;0;;157;;5
SSR;2018;420784845;420780033;SSR_A52;1;0;0;0;;19;;0
SSR;2018;420784845;420780033;SSR_A59;1;76;;0;;26085;;0
SSR;2018;420784845;420780033;SSR_TOT;;76;0;0;829;26261;29;5
SSR;2018;420785354;420784878;SSR_A;;11;;;244;4067;1;0
SSR;2018;420785354;420784878;SSR_A59;1;11;;0;;4067;;0
SSR;2018;420785354;420784878;SSR_TOT;;11;;0;244;4067;1;0
SSR;2018;420793697;420793689;SSR_A;;51;;;599;17638;10;0
SSR;2018;420793697;420793689;SSR_A50;1;51;;0;;17638;;0
SSR;2018;420793697;420793689;SSR_TOT;;51;;0;599;17638;10;0
SSR;2018;430000117;430000018;SSR_A;;47;9;;617;17306;25;1558
SSR;2018;430000117;430000018;SSR_A50;1;5;;0;;768;;0
SSR;2018;430000117;430000018;SSR_A51;1;13;;;;4065;;0
SSR;2018;430000117;430000018;SSR_A52;1;7;8;0;;3496;;1375
SSR;2018;430000117;430000018;SSR_A59;1;22;1;0;;8977;;183
SSR;2018;430000117;430000018;SSR_TOT;;47;9;0;617;17306;25;1558
SSR;2018;430000141;430005843;SSR_A;;41;;;497;13914;5;0
SSR;2018;430000141;430005843;SSR_A50;1;41;;0;;13914;;0
SSR;2018;430000141;430005843;SSR_TOT;;41;;0;497;13914;5;0
SSR;2018;430000158;430000380;SSR_A;;48;;;558;16600;10;0
SSR;2018;430000158;430000380;SSR_A50;1;48;;0;;16600;;0
SSR;2018;430000158;430000380;SSR_TOT;;48;;0;558;16600;10;0
SSR;2018;430000166;430005843;SSR_A;;42;;;591;14667;4;0
SSR;2018;430000166;430005843;SSR_A50;1;42;;0;;14667;;0
SSR;2018;430000166;430005843;SSR_TOT;;42;;0;591;14667;4;0
SSR;2018;430000182;430007708;SSR_A;;60;;;430;17702;42;0
SSR;2018;430000182;430007708;SSR_A50;1;60;;0;;17702;;0
SSR;2018;430000182;430007708;SSR_TOT;;60;;0;430;17702;42;0
SSR;2018;430000190;430000034;SSR_A;;40;0;;521;13286;10;0
SSR;2018;430000190;430000034;SSR_A50;1;40;0;0;;13286;;0
SSR;2018;430000190;430000034;SSR_TOT;;40;0;0;521;13286;10;0
SSR;2018;430000216;750811820;SSR_A;;60;;;450;19611;35;0
SSR;2018;430000216;750811820;SSR_A50;1;60;;0;;19611;;0
SSR;2018;430000216;750811820;SSR_TOT;;60;;0;450;19611;35;0
SSR;2018;430000356;430000091;SSR_A;;25;;;331;8375;9;0
SSR;2018;430000356;430000091;SSR_A50;1;25;;0;;8375;;0
SSR;2018;430000356;430000091;SSR_TOT;;25;;0;331;8375;9;0
SSR;2018;430007450;430007427;SSR_A;;66;;;870;22916;10;0
SSR;2018;430007450;430007427;SSR_A58;1;66;;0;;22916;;0
SSR;2018;430007450;430007427;SSR_TOT;;66;;0;870;22916;10;0
SSR;2018;440000016;440000057;SSR_A;;30;;;322;10889;10;0
SSR;2018;440000016;440000057;SSR_A53;1;;;0;;0;;0
SSR;2018;440000016;440000057;SSR_A59;1;30;;0;;10889;;0
SSR;2018;440000016;440000057;SSR_TOT;;30;;0;322;10889;10;0
SSR;2018;440000024;440000065;SSR_A;;59;41;;477;15326;22;9427
SSR;2018;440000024;440000065;SSR_A50;1;9;3;0;;2120;;193
SSR;2018;440000024;440000065;SSR_A51;1;30;28;;;6920;;6829
SSR;2018;440000024;440000065;SSR_A52;1;20;10;0;;6286;;2405
SSR;2018;440000024;440000065;SSR_TOT;;59;41;0;477;15326;22;9427
SSR;2018;440000255;440042844;SSR_A;;50;42;;308;10050;27;11364
SSR;2018;440000255;440042844;SSR_A51;1;20;3;;;6409;;351
SSR;2018;440000255;440042844;SSR_A53;1;30;22;0;;3641;;7081
SSR;2018;440000255;440042844;SSR_A54;1;;9;0;;0;;2418
SSR;2018;440000255;440042844;SSR_A55;1;;8;0;;0;;1514
SSR;2018;440000255;440042844;SSR_TOT;;50;42;0;308;10050;27;11364
SSR;2018;440000396;440053643;SSR_A;;25;;;285;8870;17;0
SSR;2018;440000396;440053643;SSR_A50;1;25;;0;;8870;;0
SSR;2018;440000396;440053643;SSR_TOT;;25;;0;285;8870;17;0
SSR;2018;440000412;440000941;SSR_A;;50;0;;576;16225;26;0
SSR;2018;440000412;440000941;SSR_A50;1;50;0;0;;16225;;0
SSR;2018;440000412;440000941;SSR_TOT;;50;0;0;576;16225;26;0
SSR;2018;440000453;440000289;SSR_A;;64;5;;574;22208;46;1273
SSR;2018;440000453;440000289;SSR_A50;1;;5;0;;0;;1273
SSR;2018;440000453;440000289;SSR_A59;1;64;;0;;22208;;0
SSR;2018;440000453;440000289;SSR_TOT;;64;5;0;574;22208;46;1273
SSR;2018;440000503;440000313;SSR_A;;60;16;;684;20647;42;5584
SSR;2018;440000503;440000313;SSR_A50;1;60;;0;;20647;;0
SSR;2018;440000503;440000313;SSR_A51;1;;4;;;0;;1587
SSR;2018;440000503;440000313;SSR_A52;1;;4;0;;0;;1082
SSR;2018;440000503;440000313;SSR_A53;1;;8;0;;0;;2915
SSR;2018;440000503;440000313;SSR_TOT;;60;16;0;684;20647;42;5584
SSR;2018;440000552;440042141;SSR_A;;59;0;;409;16463;47;0
SSR;2018;440000552;440042141;SSR_A50;1;59;0;0;;16463;;0
SSR;2018;440000552;440042141;SSR_TOT;;59;0;0;409;16463;47;0
SSR;2018;440000560;850009010;SSR_A;;120;7;;1317;39167;69;2129
SSR;2018;440000560;850009010;SSR_A50;1;90;;0;;31352;;0
SSR;2018;440000560;850009010;SSR_A53;1;30;7;0;;7815;;2129
SSR;2018;440000560;850009010;SSR_TOT;;120;7;0;1317;39167;69;2129
SSR;2018;440000644;440000347;SSR_A;;40;;;381;12508;16;0
SSR;2018;440000644;440000347;SSR_A50;1;40;;0;;12508;;0
SSR;2018;440000644;440000347;SSR_TOT;;40;;0;381;12508;16;0
SSR;2018;440000677;440000313;SSR_A;;30;;;331;10725;15;0
SSR;2018;440000677;440000313;SSR_A50;1;30;;0;;10725;;0
SSR;2018;440000677;440000313;SSR_TOT;;30;;0;331;10725;15;0
SSR;2018;440000693;440053411;SSR_A;;85;;;979;26601;29;0
SSR;2018;440000693;440053411;SSR_A50;1;85;;0;;26601;;0
SSR;2018;440000693;440053411;SSR_TOT;;85;;0;979;26601;29;0
SSR;2018;440000701;440001220;SSR_A;;99;;;1071;33735;52;0
SSR;2018;440000701;440001220;SSR_A50;1;99;;0;;33735;;0
SSR;2018;440000701;440001220;SSR_TOT;;99;;0;1071;33735;52;0
SSR;2018;440000719;440018729;SSR_A;;65;13;;494;18116;6;2106
SSR;2018;440000719;440018729;SSR_A58;1;65;13;0;;18116;;2106
SSR;2018;440000719;440018729;SSR_TOT;;65;13;0;494;18116;6;2106
SSR;2018;440000883;440042141;SSR_A;;38;;;360;10741;14;0
SSR;2018;440000883;440042141;SSR_A50;1;38;;0;;10741;;0
SSR;2018;440000883;440042141;SSR_TOT;;38;;0;360;10741;14;0
SSR;2018;440001253;440028538;SSR_A;;35;5;;389;11720;11;857
SSR;2018;440001253;440028538;SSR_A50;1;35;3;0;;11720;;571
SSR;2018;440001253;440028538;SSR_A58;1;;2;0;;0;;286
SSR;2018;440001253;440028538;SSR_TOT;;35;5;0;389;11720;11;857
SSR;2018;440001261;440028538;SSR_A;;40;;;467;12785;6;0
SSR;2018;440001261;440028538;SSR_A50;1;40;;0;;12785;;0
SSR;2018;440001261;440028538;SSR_TOT;;40;;0;467;12785;6;0
SSR;2018;440001279;440041531;SSR_A;;22;;;298;6813;4;0
SSR;2018;440001279;440041531;SSR_A50;1;22;;0;;6813;;0
SSR;2018;440001279;440041531;SSR_TOT;;22;;0;298;6813;4;0
SSR;2018;440001287;440041531;SSR_A;;30;;;415;10756;9;0
SSR;2018;440001287;440041531;SSR_A50;1;30;;0;;10756;;0
SSR;2018;440001287;440041531;SSR_TOT;;30;;0;415;10756;9;0
SSR;2018;440001295;440000859;SSR_A;;39;;;433;12519;10;0
SSR;2018;440001295;440000859;SSR_A50;1;39;;0;;12519;;0
SSR;2018;440001295;440000859;SSR_TOT;;39;;0;433;12519;10;0
SSR;2018;440001964;440003267;SSR_A;;40;;;236;13649;51;0
SSR;2018;440001964;440003267;SSR_A50;1;40;;0;;13649;;0
SSR;2018;440001964;440003267;SSR_TOT;;40;;0;236;13649;51;0
SSR;2018;440002459;440018661;SSR_A;;80;5;;734;25157;62;368
SSR;2018;440002459;440018661;SSR_A50;1;75;3;0;;24096;;358
SSR;2018;440002459;440018661;SSR_A56;1;5;2;0;;1061;;10
SSR;2018;440002459;440018661;SSR_TOT;;80;5;0;734;25157;62;368
SSR;2018;440003291;440000289;SSR_A;;220;55;;1999;64663;213;10423
SSR;2018;440003291;440000289;SSR_A51;1;70;15;;;20345;;3195
SSR;2018;440003291;440000289;SSR_A52;1;130;28;0;;39397;;5879
SSR;2018;440003291;440000289;SSR_A53;1;;8;0;;0;;816
SSR;2018;440003291;440000289;SSR_A54;1;20;4;0;;4921;;533
SSR;2018;440003291;440000289;SSR_TOT;;220;55;0;1999;64663;213;10423
SSR;2018;440024669;440042844;SSR_A;;100;4;;1001;30685;56;26
SSR;2018;440024669;440042844;SSR_A50;1;88;;0;;25479;;0
SSR;2018;440024669;440042844;SSR_A55;1;12;4;0;;5206;;26
SSR;2018;440024669;440042844;SSR_TOT;;100;4;0;1001;30685;56;26
SSR;2018;440043123;750719239;SSR_E;;55;30;;1117;9445;16;7785
SSR;2018;440043123;750719239;SSR_E50;1;55;30;0;;281;;381
SSR;2018;440043123;750719239;SSR_E51;1;;;0;;4721;;2486
SSR;2018;440043123;750719239;SSR_E52;1;;;0;;2681;;3368
SSR;2018;440043123;750719239;SSR_E54;1;;;0;;333;;552
SSR;2018;440043123;750719239;SSR_E55;1;;;0;;1125;;714
SSR;2018;440043123;750719239;SSR_E56;1;;;0;;304;;284
SSR;2018;440043123;750719239;SSR_TOT;;55;30;0;1117;9445;16;7785
SSR;2018;440044451;750721334;SSR_A;;68;;;484;20104;45;0
SSR;2018;440044451;750721334;SSR_A50;1;68;;0;;20104;;0
SSR;2018;440044451;750721334;SSR_TOT;;68;;0;484;20104;45;0
SSR;2018;440046944;750721334;SSR_A;;30;0;;247;10623;33;0
SSR;2018;440046944;750721334;SSR_A50;1;30;0;0;;10623;;0
SSR;2018;440046944;750721334;SSR_TOT;;30;0;0;247;10623;33;0
SSR;2018;440048676;750721334;SSR_A;;20;30;;179;5320;9;5540
SSR;2018;440048676;750721334;SSR_A51;1;12;24;;;3436;;4213
SSR;2018;440048676;750721334;SSR_A52;1;8;6;0;;1884;;1327
SSR;2018;440048676;750721334;SSR_TOT;;20;30;0;179;5320;9;5540
SSR;2018;440050433;440053429;SSR_A;;80;;;614;19961;36;0
SSR;2018;440050433;440053429;SSR_A50;1;80;;0;;19961;;0
SSR;2018;440050433;440053429;SSR_TOT;;80;;0;614;19961;36;0
SSR;2018;440050458;440000289;SSR_A;;12;;;52;4080;23;0
SSR;2018;440050458;440000289;SSR_A59;1;12;;0;;4080;;0
SSR;2018;440050458;440000289;SSR_TOT;;12;;0;52;4080;23;0
SSR;2018;440050466;440000289;SSR_A;;24;;;244;8207;3;0
SSR;2018;440050466;440000289;SSR_A50;1;24;;0;;8207;;0
SSR;2018;440050466;440000289;SSR_TOT;;24;;0;244;8207;3;0
SSR;2018;440053387;440018661;SSR_A;;98;40;;704;25503;68;13837
SSR;2018;440053387;440018661;SSR_A50;1;8;0;0;;368;;0
SSR;2018;440053387;440018661;SSR_A51;1;30;28;;;6394;;8933
SSR;2018;440053387;440018661;SSR_A52;1;60;12;0;;18741;;4904
SSR;2018;440053387;440018661;SSR_A54;1;0;0;0;;0;;0
SSR;2018;440053387;440018661;SSR_TOT;;98;40;0;704;25503;68;13837
SSR;2018;450000047;450000096;SSR_A;;35;;;345;10213;7;0
SSR;2018;450000047;450000096;SSR_A50;1;29;;1;;9481;;0
SSR;2018;450000047;450000096;SSR_A58;1;6;;0;;732;;0
SSR;2018;450000047;450000096;SSR_A59;1;0;;1;;0;;0
SSR;2018;450000047;450000096;SSR_TOT;;35;;0;345;10213;7;0
SSR;2018;450000062;450000104;SSR_A;;60;;;491;19644;46;0
SSR;2018;450000062;450000104;SSR_A50;1;;;0;;0;;0
SSR;2018;450000062;450000104;SSR_A59;1;60;;0;;19644;;0
SSR;2018;450000062;450000104;SSR_TOT;;60;;0;491;19644;46;0
SSR;2018;450000070;450000112;SSR_A;;32;0;;354;10783;21;0
SSR;2018;450000070;450000112;SSR_A50;1;0;0;0;;0;;0
SSR;2018;450000070;450000112;SSR_A59;1;32;;0;;10783;;0
SSR;2018;450000070;450000112;SSR_TOT;;32;0;0;354;10783;21;0
SSR;2018;450000120;450000138;SSR_A;;13;;;86;4249;12;0
SSR;2018;450000120;450000138;SSR_A50;1;;;0;;;;0
SSR;2018;450000120;450000138;SSR_A59;1;13;;0;;4249;;0
SSR;2018;450000120;450000138;SSR_TOT;;13;;0;86;4249;12;0
SSR;2018;450000187;450000146;SSR_A;;15;;;139;4795;4;0
SSR;2018;450000187;450000146;SSR_A50;1;;;0;;0;;0
SSR;2018;450000187;450000146;SSR_A59;1;15;;0;;4795;;0
SSR;2018;450000187;450000146;SSR_TOT;;15;;0;139;4795;4;0
SSR;2018;450000211;450000153;SSR_A;;23;;;225;7610;25;0
SSR;2018;450000211;450000153;SSR_A50;1;23;;0;;7610;;0
SSR;2018;450000211;450000153;SSR_TOT;;23;;0;225;7610;25;0
SSR;2018;450000260;450000161;SSR_A;;14;;;124;4754;5;0
SSR;2018;450000260;450000161;SSR_A50;1;14;;0;;4754;;0
SSR;2018;450000260;450000161;SSR_TOT;;14;;0;124;4754;5;0
SSR;2018;450000286;920030897;SSR_A;;112;30;;1328;40188;53;7749
SSR;2018;450000286;920030897;SSR_A50;1;84;;0;;38622;;0
SSR;2018;450000286;920030897;SSR_A51;1;;10;;;0;;5089
SSR;2018;450000286;920030897;SSR_A52;1;28;10;0;;1566;;1231
SSR;2018;450000286;920030897;SSR_A59;1;;10;0;;0;;1429
SSR;2018;450000286;920030897;SSR_TOT;;112;30;0;1328;40188;53;7749
SSR;2018;450000294;450000591;SSR_A;;18;24;;321;4932;0;8548
SSR;2018;450000294;450000591;SSR_A50;1;;;0;;0;;0
SSR;2018;450000294;450000591;SSR_A53;1;18;24;0;;4932;;8548
SSR;2018;450000294;450000591;SSR_TOT;;18;24;0;321;4932;0;8548
SSR;2018;450000336;450000179;SSR_A;;20;;;223;5259;2;0
SSR;2018;450000336;450000179;SSR_A50;1;;;0;;0;;0
SSR;2018;450000336;450000179;SSR_A59;1;20;;0;;5259;;0
SSR;2018;450000336;450000179;SSR_TOT;;20;;0;223;5259;2;0
SSR;2018;450000526;930019484;SSR_A;;98;10;;618;21835;63;4007
SSR;2018;450000526;930019484;SSR_A50;1;;;0;;0;;0
SSR;2018;450000526;930019484;SSR_A51;1;36;5;;;8132;;2311
SSR;2018;450000526;930019484;SSR_A52;1;62;5;0;;13703;;1696
SSR;2018;450000526;930019484;SSR_TOT;;98;10;0;618;21835;63;4007
SSR;2018;450002456;450018106;SSR_A;;80;5;;597;21524;74;1973
SSR;2018;450002456;450018106;SSR_A51;1;40;3;;;12152;;968
SSR;2018;450002456;450018106;SSR_A52;1;40;2;0;;9372;;1005
SSR;2018;450002456;450018106;SSR_TOT;;80;5;0;597;21524;74;1973
SSR;2018;450002613;450000088;SSR_A;;85;6;;590;25226;66;569
SSR;2018;450002613;450000088;SSR_A50;1;;;0;;0;;0
SSR;2018;450002613;450000088;SSR_A54;1;;6;0;;0;;569
SSR;2018;450002613;450000088;SSR_A59;1;85;;0;;25226;;0
SSR;2018;450002613;450000088;SSR_TOT;;85;6;0;590;25226;66;569
SSR;2018;450012968;450001474;SSR_A;;35;;;409;11848;15;0
SSR;2018;450012968;450001474;SSR_A50;1;35;;0;;11848;;0
SSR;2018;450012968;450001474;SSR_TOT;;35;;0;409;11848;15;0
SSR;2018;450013081;450001490;SSR_A;;102;0;;1204;33070;28;0
SSR;2018;450013081;450001490;SSR_A50;1;102;0;0;;33070;;0
SSR;2018;450013081;450001490;SSR_TOT;;102;0;0;1204;33070;28;0
SSR;2018;450014956;450000849;SSR_A;;76;;;795;24794;24;0
SSR;2018;450014956;450000849;SSR_A50;1;52;;0;;15420;;0
SSR;2018;450014956;450000849;SSR_A59;1;24;;0;;9374;;0
SSR;2018;450014956;450000849;SSR_TOT;;76;;0;795;24794;24;0
SSR;2018;450015144;920030897;SSR_A;;78;;;643;27342;73;0
SSR;2018;450015144;920030897;SSR_A50;1;78;;0;;27342;;0
SSR;2018;450015144;920030897;SSR_TOT;;78;;0;643;27342;73;0
SSR;2018;460000052;460780091;SSR_A;;29;;;340;9292;5;0
SSR;2018;460000052;460780091;SSR_A50;1;29;;0;;9292;;0
SSR;2018;460000052;460780091;SSR_TOT;;29;;0;340;9292;5;0
SSR;2018;460000060;460780117;SSR_A;;130;2;;1489;37185;50;91
SSR;2018;460000060;460780117;SSR_A50;1;30;;0;;8496;;0
SSR;2018;460000060;460780117;SSR_A51;1;25;1;;;9236;;3
SSR;2018;460000060;460780117;SSR_A52;1;40;1;0;;9935;;88
SSR;2018;460000060;460780117;SSR_A53;1;35;;0;;9518;;0
SSR;2018;460000060;460780117;SSR_TOT;;130;2;0;1489;37185;50;91
SSR;2018;460000102;460780208;SSR_A;;41;3;;444;11917;18;1216
SSR;2018;460000102;460780208;SSR_A50;1;26;;0;;8071;;0
SSR;2018;460000102;460780208;SSR_A59;1;15;3;0;;3846;;1216
SSR;2018;460000102;460780208;SSR_TOT;;41;3;0;444;11917;18;1216
SSR;2018;460000110;460780216;SSR_A;;;10;;0;0;0;1664
SSR;2018;460000110;460780216;SSR_A50;1;;;0;;0;;0
SSR;2018;460000110;460780216;SSR_A51;1;;10;;;0;;1664
SSR;2018;460000110;460780216;SSR_TOT;;;10;0;0;0;0;1664
SSR;2018;460006083;460785090;SSR_A;;30;;;306;8642;8;0
SSR;2018;460006083;460785090;SSR_A50;1;30;;0;;8642;;0
SSR;2018;460006083;460785090;SSR_TOT;;30;;0;306;8642;8;0
SSR;2018;460006109;460780083;SSR_A;;30;;;391;11345;3;0
SSR;2018;460006109;460780083;SSR_A50;1;10;;0;;3885;;0
SSR;2018;460006109;460780083;SSR_A59;1;20;;0;;7460;;0
SSR;2018;460006109;460780083;SSR_TOT;;30;;0;391;11345;3;0
SSR;2018;460006349;460000029;SSR_A;;42;;;431;12587;2;0
SSR;2018;460006349;460000029;SSR_A50;1;42;;0;;12587;;0
SSR;2018;460006349;460000029;SSR_TOT;;42;;0;431;12587;2;0
SSR;2018;460780042;460000029;SSR_A;;60;0;;600;19639;21;0
SSR;2018;460780042;460000029;SSR_A50;1;60;0;0;;19639;;0
SSR;2018;460780042;460000029;SSR_TOT;;60;0;0;600;19639;21;0
SSR;2018;460785900;460002207;SSR_A;;35;;;472;12301;0;0
SSR;2018;460785900;460002207;SSR_A50;1;;;0;;0;;0
SSR;2018;460785900;460002207;SSR_A58;1;35;;0;;12301;;0
SSR;2018;460785900;460002207;SSR_TOT;;35;;0;472;12301;0;0
SSR;2018;470000027;470014069;SSR_A;;40;;;776;13445;2;0
SSR;2018;470000027;470014069;SSR_A50;1;40;;0;;13445;;0
SSR;2018;470000027;470014069;SSR_TOT;;40;;0;776;13445;2;0
SSR;2018;470000175;750826604;SSR_A;;60;;;764;19153;10;0
SSR;2018;470000175;750826604;SSR_A50;1;60;;1;;19153;;0
SSR;2018;470000175;750826604;SSR_TOT;;60;;0;764;19153;10;0
SSR;2018;470000308;930019484;SSR_A;;48;16;;426;13272;40;2005
SSR;2018;470000308;930019484;SSR_A50;1;;8;0;;158;;3
SSR;2018;470000308;930019484;SSR_A51;1;20;1;;;3918;;660
SSR;2018;470000308;930019484;SSR_A52;1;28;7;0;;9196;;1342
SSR;2018;470000308;930019484;SSR_TOT;;48;16;0;426;13272;40;2005
SSR;2018;470000423;470016171;SSR_A;;30;16;;358;9586;7;1741
SSR;2018;470000423;470016171;SSR_A50;1;2;;0;;788;;0
SSR;2018;470000423;470016171;SSR_A51;1;2;;;;212;;0
SSR;2018;470000423;470016171;SSR_A52;1;10;8;0;;3242;;563
SSR;2018;470000423;470016171;SSR_A53;1;;8;0;;0;;1178
SSR;2018;470000423;470016171;SSR_A59;1;16;;0;;5344;;0
SSR;2018;470000423;470016171;SSR_TOT;;30;16;0;358;9586;7;1741
SSR;2018;470000431;470000324;SSR_A;;44;;;485;15371;11;0
SSR;2018;470000431;470000324;SSR_A50;1;44;;1;;15371;;0
SSR;2018;470000431;470000324;SSR_A59;1;;;0;;0;;0
SSR;2018;470000431;470000324;SSR_TOT;;44;;0;485;15371;11;0
SSR;2018;470000522;470016171;SSR_A;;20;;;265;5993;0;0
SSR;2018;470000522;470016171;SSR_A50;1;20;;0;;1662;;0
SSR;2018;470000522;470016171;SSR_A59;1;;;0;;4331;;0
SSR;2018;470000522;470016171;SSR_TOT;;20;;0;265;5993;0;0
SSR;2018;470000530;470000357;SSR_A;;25;;;431;8070;0;0
SSR;2018;470000530;470000357;SSR_A50;1;5;;0;;1150;;0
SSR;2018;470000530;470000357;SSR_A59;1;20;;0;;6920;;0
SSR;2018;470000530;470000357;SSR_TOT;;25;;0;431;8070;0;0
SSR;2018;470000548;470000365;SSR_A;;30;2;;445;8919;2;351
SSR;2018;470000548;470000365;SSR_A50;1;10;2;1;;8628;;351
SSR;2018;470000548;470000365;SSR_A59;1;20;;1;;291;;0
SSR;2018;470000548;470000365;SSR_TOT;;30;2;0;445;8919;2;351
SSR;2018;470000555;470001660;SSR_A;;50;;;741;16558;2;0
SSR;2018;470000555;470001660;SSR_A50;1;30;;0;;8752;;0
SSR;2018;470000555;470001660;SSR_A59;1;20;;0;;7806;;0
SSR;2018;470000555;470001660;SSR_TOT;;50;;0;741;16558;2;0
SSR;2018;470000563;470000381;SSR_A;;15;;;175;2695;1;0
SSR;2018;470000563;470000381;SSR_A58;1;15;;0;;2695;;0
SSR;2018;470000563;470000381;SSR_TOT;;15;;0;175;2695;1;0
SSR;2018;470000571;470000407;SSR_A;;20;;;304;7075;12;0
SSR;2018;470000571;470000407;SSR_A50;1;20;;0;;7075;;0
SSR;2018;470000571;470000407;SSR_TOT;;20;;0;304;7075;12;0
SSR;2018;470002627;750826307;SSR_E;;58;;;174;3465;0;0
SSR;2018;470002627;750826307;SSR_E50;1;58;;0;;3465;;0
SSR;2018;470002627;750826307;SSR_TOT;;58;;0;174;3465;0;0
SSR;2018;470003062;750826307;SSR_E;;60;;;178;3530;0;0
SSR;2018;470003062;750826307;SSR_E50;1;60;;0;;3530;;0
SSR;2018;470003062;750826307;SSR_TOT;;60;;0;178;3530;0;0
SSR;2018;470010364;470010356;SSR_A;;55;;;642;17583;9;0
SSR;2018;470010364;470010356;SSR_A50;1;55;;0;;17583;;0
SSR;2018;470010364;470010356;SSR_TOT;;55;;0;642;17583;9;0
SSR;2018;480000041;480780139;SSR_A;;15;;;91;2360;3;0
SSR;2018;480000041;480780139;SSR_A50;1;15;;1;;2360;;0
SSR;2018;480000041;480780139;SSR_TOT;;15;;0;91;2360;3;0
SSR;2018;480000066;480780154;SSR_A;;20;;;174;6010;14;0
SSR;2018;480000066;480780154;SSR_A50;1;20;;0;;6010;;0
SSR;2018;480000066;480780154;SSR_TOT;;20;;0;174;6010;14;0
SSR;2018;480000793;480782101;SSR_A;;30;;;292;7948;0;0
SSR;2018;480000793;480782101;SSR_A50;1;;;0;;0;;0
SSR;2018;480000793;480782101;SSR_A54;1;30;;0;;7948;;0
SSR;2018;480000793;480782101;SSR_TOT;;30;;0;292;7948;0;0
SSR;2018;480000835;480000827;SSR_A;;28;;;216;8921;0;0
SSR;2018;480000835;480000827;SSR_A58;1;28;;0;;8921;;0
SSR;2018;480000835;480000827;SSR_TOT;;28;;0;216;8921;0;0
SSR;2018;480780212;480782168;SSR_A;;35;;;307;11563;0;0
SSR;2018;480780212;480782168;SSR_A58;1;35;;0;;11563;;0
SSR;2018;480780212;480782168;SSR_TOT;;35;;0;307;11563;0;0
SSR;2018;480780279;480780097;SSR_A;;25;;;278;8144;4;0
SSR;2018;480780279;480780097;SSR_A59;1;25;;0;;8144;;0
SSR;2018;480780279;480780097;SSR_TOT;;25;;0;278;8144;4;0
SSR;2018;480780287;480001635;SSR_A;;40;0;;336;10247;9;0
SSR;2018;480780287;480001635;SSR_A50;1;40;0;0;;10247;;0
SSR;2018;480780287;480001635;SSR_TOT;;40;0;0;336;10247;9;0
SSR;2018;480780543;480782101;SSR_E;;60;;;317;12662;13;0
SSR;2018;480780543;480782101;SSR_E50;1;60;;0;;12662;;0
SSR;2018;480780543;480782101;SSR_TOT;;60;;0;317;12662;13;0
SSR;2018;480783034;480782101;SSR_A;;45;12;;428;13824;29;4613
SSR;2018;480783034;480782101;SSR_A50;1;;;0;;0;;0
SSR;2018;480783034;480782101;SSR_A51;1;32;10;;;9754;;3703
SSR;2018;480783034;480782101;SSR_A52;1;13;2;0;;4070;;910
SSR;2018;480783034;480782101;SSR_TOT;;45;12;0;428;13824;29;4613
SSR;2018;490000239;490015765;SSR_A;;30;;;409;10265;4;0
SSR;2018;490000239;490015765;SSR_A50;1;30;;0;;10265;;0
SSR;2018;490000239;490015765;SSR_TOT;;30;;0;409;10265;4;0
SSR;2018;490000254;490015765;SSR_A;;30;;;163;3811;2;0
SSR;2018;490000254;490015765;SSR_A50;1;30;;0;;3811;;0
SSR;2018;490000254;490015765;SSR_TOT;;30;;0;163;3811;2;0
SSR;2018;490000296;440053643;SSR_A;;18;;;184;5985;5;0
SSR;2018;490000296;440053643;SSR_A50;1;18;;0;;5985;;0
SSR;2018;490000296;440053643;SSR_TOT;;18;;0;184;5985;5;0
SSR;2018;490000320;490000395;SSR_A;;30;;;352;9635;9;0
SSR;2018;490000320;490000395;SSR_A50;1;30;;0;;9635;;0
SSR;2018;490000320;490000395;SSR_TOT;;30;;0;352;9635;9;0
SSR;2018;490000338;490000403;SSR_A;;30;;;416;11060;7;0
SSR;2018;490000338;490000403;SSR_A50;1;30;;0;;11060;;0
SSR;2018;490000338;490000403;SSR_TOT;;30;;0;416;11060;7;0
SSR;2018;490000353;490000411;SSR_A;;30;;;412;10355;3;0
SSR;2018;490000353;490000411;SSR_A50;1;30;;0;;10355;;0
SSR;2018;490000353;490000411;SSR_TOT;;30;;0;412;10355;3;0
SSR;2018;490000494;490000429;SSR_A;;27;;;307;9061;4;0
SSR;2018;490000494;490000429;SSR_A50;1;27;;0;;9061;;0
SSR;2018;490000494;490000429;SSR_TOT;;27;;0;307;9061;4;0
SSR;2018;490000569;440000313;SSR_A;;27;;;301;9674;23;0
SSR;2018;490000569;440000313;SSR_A50;1;15;;0;;5375;;0
SSR;2018;490000569;440000313;SSR_A59;1;12;;0;;4299;;0
SSR;2018;490000569;440000313;SSR_TOT;;27;;0;301;9674;23;0
SSR;2018;490000601;490015856;SSR_A;;38;2;;389;11911;20;69
SSR;2018;490000601;490015856;SSR_A50;1;38;2;0;;11911;;69
SSR;2018;490000601;490015856;SSR_TOT;;38;2;0;389;11911;20;69
SSR;2018;490000635;490000676;SSR_A;;94;34;;943;33530;62;9733
SSR;2018;490000635;490000676;SSR_A50;1;40;3;0;;14475;;463
SSR;2018;490000635;490000676;SSR_A51;1;17;9;;;3002;;3642
SSR;2018;490000635;490000676;SSR_A52;1;17;9;0;;8942;;2704
SSR;2018;490000635;490000676;SSR_A53;1;;8;0;;0;;2153
SSR;2018;490000635;490000676;SSR_A54;1;;5;0;;0;;771
SSR;2018;490000635;490000676;SSR_A59;1;20;;0;;7111;;0
SSR;2018;490000635;490000676;SSR_E;;;2;;0;0;0;16
SSR;2018;490000635;490000676;SSR_E51;1;;1;0;;0;;11
SSR;2018;490000635;490000676;SSR_E52;1;;1;0;;0;;5
SSR;2018;490000635;490000676;SSR_TOT;;94;36;0;943;33530;62;9749
SSR;2018;490000643;440042844;SSR_A;;86;;;612;23134;44;0
SSR;2018;490000643;440042844;SSR_A50;1;66;;0;;16560;;0
SSR;2018;490000643;440042844;SSR_A58;1;20;;0;;6574;;0
SSR;2018;490000643;440042844;SSR_TOT;;86;;0;612;23134;44;0
SSR;2018;490000650;490007689;SSR_A;;23;;;229;7112;10;0
SSR;2018;490000650;490007689;SSR_A50;1;23;;0;;7112;;0
SSR;2018;490000650;490007689;SSR_TOT;;23;;0;229;7112;10;0
SSR;2018;490000700;490000692;SSR_A;;22;;;346;7303;5;0
SSR;2018;490000700;490000692;SSR_A50;1;22;;0;;7303;;0
SSR;2018;490000700;490000692;SSR_TOT;;22;;0;346;7303;5;0
SSR;2018;490000817;490000759;SSR_A;;43;;;410;13132;19;0
SSR;2018;490000817;490000759;SSR_A50;1;43;;0;;13132;;0
SSR;2018;490000817;490000759;SSR_TOT;;43;;0;410;13132;19;0
SSR;2018;490001765;490528452;SSR_A;;37;5;;513;12438;10;842
SSR;2018;490001765;490528452;SSR_A50;1;18;;0;;4963;;0
SSR;2018;490001765;490528452;SSR_A53;1;;5;0;;0;;842
SSR;2018;490001765;490528452;SSR_A59;1;19;;0;;7475;;0
SSR;2018;490001765;490528452;SSR_TOT;;37;5;0;513;12438;10;842
SSR;2018;490001831;490007689;SSR_A;;20;;;198;5949;7;0
SSR;2018;490001831;490007689;SSR_A50;1;20;;1;;5949;;0
SSR;2018;490001831;490007689;SSR_TOT;;20;;0;198;5949;7;0
SSR;2018;490004256;490001716;SSR_A;;20;;;342;6755;0;0
SSR;2018;490004256;490001716;SSR_A50;1;20;;0;;6755;;0
SSR;2018;490004256;490001716;SSR_TOT;;20;;0;342;6755;0;0
SSR;2018;490007549;490535168;SSR_A;;;15;;0;0;0;2882
SSR;2018;490007549;490535168;SSR_A50;1;;15;0;;0;;2882
SSR;2018;490007549;490535168;SSR_TOT;;;15;0;0;0;0;2882
SSR;2018;490009248;490535168;SSR_A;;75;;;749;25663;41;0
SSR;2018;490009248;490535168;SSR_A50;1;75;;0;;25663;;0
SSR;2018;490009248;490535168;SSR_TOT;;75;;0;749;25663;41;0
SSR;2018;490018769;440042844;SSR_A;;;15;;0;0;0;3287
SSR;2018;490018769;440042844;SSR_A58;1;;15;0;;0;;3287
SSR;2018;490018769;440042844;SSR_TOT;;;15;0;0;0;0;3287
SSR;2018;490018777;440042844;SSR_A;;;8;;0;0;0;1200
SSR;2018;490018777;440042844;SSR_A58;1;;8;0;;0;;1200
SSR;2018;490018777;440042844;SSR_TOT;;;8;0;0;0;0;1200
SSR;2018;490018785;440042844;SSR_A;;;7;;0;0;0;581
SSR;2018;490018785;440042844;SSR_A58;1;;7;0;;0;;581
SSR;2018;490018785;440042844;SSR_TOT;;;7;0;0;0;0;581
SSR;2018;490020245;530000025;SSR_A;;25;;;297;8267;7;0
SSR;2018;490020245;530000025;SSR_A50;1;25;;0;;8267;;0
SSR;2018;490020245;530000025;SSR_TOT;;25;;0;297;8267;7;0
SSR;2018;490020344;490000171;SSR_A;;;20;;0;0;0;7121
SSR;2018;490020344;490000171;SSR_A53;1;;20;0;;0;;7121
SSR;2018;490020344;490000171;SSR_TOT;;;20;0;0;0;0;7121
SSR;2018;490529005;490000031;SSR_A;;123;8;;1189;42041;83;1204
SSR;2018;490529005;490000031;SSR_A50;1;93;;0;;32128;;0
SSR;2018;490529005;490000031;SSR_A55;1;;8;0;;0;;1204
SSR;2018;490529005;490000031;SSR_A56;1;10;;0;;1376;;0
SSR;2018;490529005;490000031;SSR_A59;1;20;;0;;8537;;0
SSR;2018;490529005;490000031;SSR_TOT;;123;8;0;1189;42041;83;1204
SSR;2018;490531910;490535093;SSR_A;;128;32;;672;32196;128;12584
SSR;2018;490531910;490535093;SSR_A50;1;8;;0;;2298;;0
SSR;2018;490531910;490535093;SSR_A51;1;34;10;;;7010;;4579
SSR;2018;490531910;490535093;SSR_A52;1;70;15;0;;17655;;5092
SSR;2018;490531910;490535093;SSR_A53;1;10;5;0;;3756;;2351
SSR;2018;490531910;490535093;SSR_A54;1;1;2;0;;524;;480
SSR;2018;490531910;490535093;SSR_A55;1;5;0;0;;953;;82
SSR;2018;490531910;490535093;SSR_E;;40;25;;409;9229;20;6434
SSR;2018;490531910;490535093;SSR_E50;1;2;2;0;;118;;182
SSR;2018;490531910;490535093;SSR_E51;1;11;8;0;;2358;;1893
SSR;2018;490531910;490535093;SSR_E52;1;17;11;0;;5146;;4217
SSR;2018;490531910;490535093;SSR_E54;1;2;1;0;;0;;1
SSR;2018;490531910;490535093;SSR_E55;1;8;3;0;;1607;;141
SSR;2018;490531910;490535093;SSR_TOT;;168;57;0;1081;41425;148;19018
SSR;2018;490534922;490000890;SSR_A;;80;0;;765;21553;31;1326
SSR;2018;490534922;490000890;SSR_A50;1;80;0;1;;21553;;1326
SSR;2018;490534922;490000890;SSR_A54;0;;;1;;0;;0
SSR;2018;490534922;490000890;SSR_TOT;;80;0;0;765;21553;31;1326
SSR;2018;490543675;490009529;SSR_A;;65;8;;568;20305;44;2455
SSR;2018;490543675;490009529;SSR_A50;1;65;;0;;20305;;0
SSR;2018;490543675;490009529;SSR_A55;1;;8;0;;0;;2455
SSR;2018;490543675;490009529;SSR_TOT;;65;8;0;568;20305;44;2455
SSR;2018;500000021;500000054;SSR_A;;26;;;380;9206;5;0
SSR;2018;500000021;500000054;SSR_A50;1;16;;0;;5100;;0
SSR;2018;500000021;500000054;SSR_A59;1;10;;0;;4106;;0
SSR;2018;500000021;500000054;SSR_TOT;;26;;0;380;9206;5;0
SSR;2018;500000146;500000500;SSR_A;;41;5;;542;12706;6;837
SSR;2018;500000146;500000500;SSR_A50;1;31;;1;;4497;;0
SSR;2018;500000146;500000500;SSR_A55;1;10;5;1;;8209;;837
SSR;2018;500000146;500000500;SSR_TOT;;41;5;0;542;12706;6;837
SSR;2018;500000195;500000039;SSR_A;;30;;;313;9402;6;0
SSR;2018;500000195;500000039;SSR_A50;1;10;;0;;2922;;0
SSR;2018;500000195;500000039;SSR_A59;1;20;;0;;6480;;0
SSR;2018;500000195;500000039;SSR_TOT;;30;;0;313;9402;6;0
SSR;2018;500000203;500000542;SSR_A;;30;;;324;9379;10;0
SSR;2018;500000203;500000542;SSR_A50;1;30;;0;;9379;;0
SSR;2018;500000203;500000542;SSR_TOT;;30;;0;324;9379;10;0
SSR;2018;500000229;500000567;SSR_A;;209;120;;1817;72942;189;38859
SSR;2018;500000229;500000567;SSR_A50;1;;;0;;452;;161
SSR;2018;500000229;500000567;SSR_A51;1;120;65;;;38386;;21803
SSR;2018;500000229;500000567;SSR_A52;1;89;50;0;;34104;;14506
SSR;2018;500000229;500000567;SSR_A59;1;;5;0;;0;;2389
SSR;2018;500000229;500000567;SSR_TOT;;209;120;0;1817;72942;189;38859
SSR;2018;500000260;500000054;SSR_A;;25;;;363;8739;14;0
SSR;2018;500000260;500000054;SSR_A50;1;25;;0;;8739;;0
SSR;2018;500000260;500000054;SSR_TOT;;25;;0;363;8739;14;0
SSR;2018;500000278;500010384;SSR_A;;21;;;144;5527;11;0
SSR;2018;500000278;500010384;SSR_A58;1;21;;0;;5527;;0
SSR;2018;500000278;500010384;SSR_TOT;;21;;0;144;5527;11;0
SSR;2018;500000302;500000062;SSR_A;;20;0;;170;4380;7;0
SSR;2018;500000302;500000062;SSR_A50;1;20;0;0;;4380;;0
SSR;2018;500000302;500000062;SSR_TOT;;20;0;0;170;4380;7;0
SSR;2018;500000419;310021084;SSR_A;;99;45;;905;39649;123;7525
SSR;2018;500000419;310021084;SSR_A50;1;20;1;0;;6518;;12
SSR;2018;500000419;310021084;SSR_A51;1;64;36;;;18816;;5902
SSR;2018;500000419;310021084;SSR_A52;1;15;8;0;;14315;;1611
SSR;2018;500000419;310021084;SSR_TOT;;99;45;0;905;39649;123;7525
SSR;2018;500000427;500000096;SSR_A;;32;;;346;10410;9;0
SSR;2018;500000427;500000096;SSR_A50;1;32;;0;;10410;;0
SSR;2018;500000427;500000096;SSR_TOT;;32;;0;346;10410;9;0
SSR;2018;500000435;500000104;SSR_A;;30;;;330;7927;3;0
SSR;2018;500000435;500000104;SSR_A50;1;30;;0;;7927;;0
SSR;2018;500000435;500000104;SSR_TOT;;30;;0;330;7927;3;0
SSR;2018;500000450;500000112;SSR_A;;30;;;350;10061;6;0
SSR;2018;500000450;500000112;SSR_A50;1;30;;0;;1967;;0
SSR;2018;500000450;500000112;SSR_A59;1;;;0;;8094;;0
SSR;2018;500000450;500000112;SSR_TOT;;30;;0;350;10061;6;0
SSR;2018;500000468;500000013;SSR_A;;90;;;878;31441;45;0
SSR;2018;500000468;500000013;SSR_A50;1;3;;0;;1118;;0
SSR;2018;500000468;500000013;SSR_A59;1;87;;0;;30323;;0
SSR;2018;500000468;500000013;SSR_TOT;;90;;0;878;31441;45;0
SSR;2018;500000476;500000138;SSR_A;;23;;;342;7450;2;0
SSR;2018;500000476;500000138;SSR_A50;1;23;;0;;7450;;0
SSR;2018;500000476;500000138;SSR_TOT;;23;;0;342;7450;2;0
SSR;2018;500000575;500000245;SSR_A;;24;;;302;7495;13;0
SSR;2018;500000575;500000245;SSR_A50;1;8;;0;;6730;;0
SSR;2018;500000575;500000245;SSR_A59;1;16;;0;;765;;0
SSR;2018;500000575;500000245;SSR_TOT;;24;;0;302;7495;13;0
SSR;2018;500000591;500000393;SSR_A;;45;;;330;27673;42;0
SSR;2018;500000591;500000393;SSR_A50;1;45;;0;;15896;;0
SSR;2018;500000591;500000393;SSR_A59;1;;;0;;11777;;0
SSR;2018;500000591;500000393;SSR_TOT;;45;;0;330;27673;42;0
SSR;2018;500002357;500002233;SSR_A;;20;;;391;5835;3;0
SSR;2018;500002357;500002233;SSR_A50;1;20;;0;;5835;;0
SSR;2018;500002357;500002233;SSR_TOT;;20;;0;391;5835;3;0
SSR;2018;500012687;310021118;SSR_A;;71;10;;1132;22878;13;4671
SSR;2018;500012687;310021118;SSR_A50;1;;;0;;0;;0
SSR;2018;500012687;310021118;SSR_A53;1;71;10;0;;22878;;4671
SSR;2018;500012687;310021118;SSR_TOT;;71;10;0;1132;22878;13;4671
SSR;2018;500012968;750826307;SSR_E;;55;;;304;3831;0;0
SSR;2018;500012968;750826307;SSR_E50;1;55;;0;;3831;;0
SSR;2018;500012968;750826307;SSR_TOT;;55;;0;304;3831;0;0
SSR;2018;500021423;500000567;SSR_A;;92;20;;664;31733;141;1233
SSR;2018;500021423;500000567;SSR_A50;1;1;;0;;78;;0
SSR;2018;500021423;500000567;SSR_A51;1;1;;;;137;;0
SSR;2018;500021423;500000567;SSR_A52;1;73;5;0;;25536;;949
SSR;2018;500021423;500000567;SSR_A54;1;17;15;0;;5982;;284
SSR;2018;500021423;500000567;SSR_A59;1;;;0;;0;;0
SSR;2018;500021423;500000567;SSR_TOT;;92;20;0;664;31733;141;1233
SSR;2018;510000169;510000037;SSR_A;;58;20;;561;17484;33;3790
SSR;2018;510000169;510000037;SSR_A50;1;5;;0;;482;;0
SSR;2018;510000169;510000037;SSR_A51;1;15;5;;;3615;;2143
SSR;2018;510000169;510000037;SSR_A52;1;8;5;0;;3776;;1121
SSR;2018;510000169;510000037;SSR_A54;1;;10;0;;0;;526
SSR;2018;510000169;510000037;SSR_A59;1;30;;0;;9611;;0
SSR;2018;510000169;510000037;SSR_TOT;;58;20;0;561;17484;33;3790
SSR;2018;510000177;100006279;SSR_A;;40;;;430;11128;23;0
SSR;2018;510000177;100006279;SSR_A50;1;40;;0;;11128;;0
SSR;2018;510000177;100006279;SSR_TOT;;40;;0;430;11128;23;0
SSR;2018;510000201;750034589;SSR_A;;30;;;334;10455;20;0
SSR;2018;510000201;750034589;SSR_A50;1;30;;0;;10455;;0
SSR;2018;510000201;750034589;SSR_TOT;;30;;0;334;10455;20;0
SSR;2018;510000219;510000052;SSR_A;;20;0;;157;5415;0;0
SSR;2018;510000219;510000052;SSR_A50;1;;;0;;0;;0
SSR;2018;510000219;510000052;SSR_A58;1;20;0;0;;5415;;0
SSR;2018;510000219;510000052;SSR_TOT;;20;0;0;157;5415;0;0
SSR;2018;510000227;510000565;SSR_A;;17;;;157;3686;5;0
SSR;2018;510000227;510000565;SSR_A50;1;17;;0;;3686;;0
SSR;2018;510000227;510000565;SSR_TOT;;17;;0;157;3686;5;0
SSR;2018;510000250;510000078;SSR_A;;36;6;;503;13303;11;1095
SSR;2018;510000250;510000078;SSR_A50;1;36;;1;;13303;;0
SSR;2018;510000250;510000078;SSR_A53;1;;6;1;;0;;1095
SSR;2018;510000250;510000078;SSR_TOT;;36;6;0;503;13303;11;1095
SSR;2018;510000292;750720534;SSR_A;;60;8;;667;20154;16;1844
SSR;2018;510000292;750720534;SSR_A50;1;10;1;1;;1638;;257
SSR;2018;510000292;750720534;SSR_A59;1;50;7;0;;18516;;1587
SSR;2018;510000292;750720534;SSR_TOT;;60;8;0;667;20154;16;1844
SSR;2018;510000359;510000086;SSR_A;;40;;;379;12853;20;0
SSR;2018;510000359;510000086;SSR_A50;1;40;;0;;12853;;0
SSR;2018;510000359;510000086;SSR_TOT;;40;;0;379;12853;20;0
SSR;2018;510000466;510000102;SSR_A;;13;0;;119;1982;1;0
SSR;2018;510000466;510000102;SSR_A50;1;13;0;0;;1982;;0
SSR;2018;510000466;510000102;SSR_TOT;;13;0;0;119;1982;1;0
SSR;2018;510002447;510000029;SSR_A;;15;18;;262;4279;0;6324
SSR;2018;510002447;510000029;SSR_A53;1;15;18;0;;4279;;6324
SSR;2018;510002447;510000029;SSR_TOT;;15;18;0;262;4279;0;6324
SSR;2018;510002454;510000029;SSR_A;;214;16;;1731;68621;171;5178
SSR;2018;510002454;510000029;SSR_A50;1;38;;0;;10861;;0
SSR;2018;510002454;510000029;SSR_A51;1;30;;;;9608;;0
SSR;2018;510002454;510000029;SSR_A52;1;30;16;0;;9790;;5178
SSR;2018;510002454;510000029;SSR_A54;1;;;0;;0;;0
SSR;2018;510002454;510000029;SSR_A55;1;30;;0;;9790;;0
SSR;2018;510002454;510000029;SSR_A59;1;86;;0;;28572;;0
SSR;2018;510002454;510000029;SSR_TOT;;214;16;0;1731;68621;171;5178
SSR;2018;510002470;510000029;SSR_E;;;5;;0;0;0;1560
SSR;2018;510002470;510000029;SSR_E51;1;;5;0;;0;;1560
SSR;2018;510002470;510000029;SSR_E52;1;;;0;;0;;0
SSR;2018;510002470;510000029;SSR_TOT;;;5;0;0;0;0;1560
SSR;2018;510012040;510000532;SSR_A;;119;50;;1345;36595;80;19571
SSR;2018;510012040;510000532;SSR_A50;1;72;;0;;17004;;0
SSR;2018;510012040;510000532;SSR_A51;1;18;12;;;3965;;4265
SSR;2018;510012040;510000532;SSR_A52;1;7;8;0;;3055;;4204
SSR;2018;510012040;510000532;SSR_A53;1;;25;0;;0;;8241
SSR;2018;510012040;510000532;SSR_A54;1;;5;0;;0;;2861
SSR;2018;510012040;510000532;SSR_A59;1;22;;0;;12571;;0
SSR;2018;510012040;510000532;SSR_TOT;;119;50;0;1345;36595;80;19571
SSR;2018;510024359;920030269;SSR_A;;81;10;;864;29250;32;2292
SSR;2018;510024359;920030269;SSR_A50;1;81;;0;;29250;;0
SSR;2018;510024359;920030269;SSR_A53;1;;10;0;;0;;2292
SSR;2018;510024359;920030269;SSR_TOT;;81;10;0;864;29250;32;2292
SSR;2018;510024466;510000128;SSR_A;;30;;;301;8543;14;0
SSR;2018;510024466;510000128;SSR_A50;1;30;;0;;8543;;0
SSR;2018;510024466;510000128;SSR_TOT;;30;;0;301;8543;14;0
SSR;2018;520000019;520780024;SSR_A;;43;4;;417;13948;22;1761
SSR;2018;520000019;520780024;SSR_A50;1;11;0;0;;1901;;0
SSR;2018;520000019;520780024;SSR_A51;1;20;3;;;8777;;1103
SSR;2018;520000019;520780024;SSR_A52;1;12;1;0;;3270;;658
SSR;2018;520000019;520780024;SSR_TOT;;43;4;0;417;13948;22;1761
SSR;2018;520000027;520780032;SSR_A;;22;15;;429;16537;43;4674
SSR;2018;520000027;520780032;SSR_A50;1;1;1;0;;345;;9
SSR;2018;520000027;520780032;SSR_A51;1;6;9;;;5192;;3051
SSR;2018;520000027;520780032;SSR_A52;1;3;5;0;;2563;;1614
SSR;2018;520000027;520780032;SSR_A59;1;12;;0;;8437;;0
SSR;2018;520000027;520780032;SSR_TOT;;22;15;0;429;16537;43;4674
SSR;2018;520000035;520780040;SSR_A;;25;0;;326;8831;15;0
SSR;2018;520000035;520780040;SSR_A50;1;25;0;0;;8831;;0
SSR;2018;520000035;520780040;SSR_TOT;;25;0;0;326;8831;15;0
SSR;2018;520000043;520780057;SSR_A;;21;6;;283;7163;11;1504
SSR;2018;520000043;520780057;SSR_A50;1;21;;0;;7163;;0
SSR;2018;520000043;520780057;SSR_A53;1;;4;0;;0;;1439
SSR;2018;520000043;520780057;SSR_A54;1;;2;0;;0;;65
SSR;2018;520000043;520780057;SSR_TOT;;21;6;0;283;7163;11;1504
SSR;2018;520000050;520780065;SSR_A;;22;;;325;8546;3;0
SSR;2018;520000050;520780065;SSR_A50;1;22;;0;;8546;;0
SSR;2018;520000050;520780065;SSR_TOT;;22;;0;325;8546;3;0
SSR;2018;520000076;520780081;SSR_A;;52;4;;643;17799;25;954
SSR;2018;520000076;520780081;SSR_A50;1;10;;0;;5398;;0
SSR;2018;520000076;520780081;SSR_A51;1;20;3;;;6491;;842
SSR;2018;520000076;520780081;SSR_A58;1;10;1;0;;1887;;112
SSR;2018;520000076;520780081;SSR_A59;1;12;;0;;4023;;0
SSR;2018;520000076;520780081;SSR_TOT;;52;4;0;643;17799;25;954
SSR;2018;520000084;520780099;SSR_A;;20;0;;257;7877;9;0
SSR;2018;520000084;520780099;SSR_A50;1;20;0;0;;7877;;0
SSR;2018;520000084;520780099;SSR_TOT;;20;0;0;257;7877;9;0
SSR;2018;520780156;520000092;SSR_A;;15;;;208;4979;8;0
SSR;2018;520780156;520000092;SSR_A50;1;15;;0;;4979;;0
SSR;2018;520780156;520000092;SSR_TOT;;15;;0;208;4979;8;0
SSR;2018;530000017;530000025;SSR_A;;20;6;;221;6844;10;806
SSR;2018;530000017;530000025;SSR_A50;1;20;3;0;;6844;;248
SSR;2018;530000017;530000025;SSR_A53;1;;3;0;;0;;558
SSR;2018;530000017;530000025;SSR_TOT;;20;6;0;221;6844;10;806
SSR;2018;530000132;530007202;SSR_A;;20;;;227;6924;10;0
SSR;2018;530000132;530007202;SSR_A50;1;20;;1;;6924;;0
SSR;2018;530000132;530007202;SSR_TOT;;20;;0;227;6924;10;0
SSR;2018;530000140;530000058;SSR_A;;63;;;619;20452;37;0
SSR;2018;530000140;530000058;SSR_A50;1;63;;0;;20452;;0
SSR;2018;530000140;530000058;SSR_TOT;;63;;0;619;20452;37;0
SSR;2018;530000165;530000066;SSR_A;;35;;;296;8713;11;0
SSR;2018;530000165;530000066;SSR_A50;1;35;;0;;8713;;0
SSR;2018;530000165;530000066;SSR_A57;0;;;1;;0;;0
SSR;2018;530000165;530000066;SSR_TOT;;35;;0;296;8713;11;0
SSR;2018;530000173;530000074;SSR_A;;24;6;;310;8553;7;1141
SSR;2018;530000173;530000074;SSR_A50;1;24;;0;;8553;;0
SSR;2018;530000173;530000074;SSR_A53;1;;6;0;;0;;1141
SSR;2018;530000173;530000074;SSR_TOT;;24;6;0;310;8553;7;1141
SSR;2018;530000181;530007202;SSR_A;;15;;;135;4351;9;0
SSR;2018;530000181;530007202;SSR_A50;1;15;;1;;4351;;0
SSR;2018;530000181;530007202;SSR_TOT;;15;;0;135;4351;9;0
SSR;2018;530000264;530000371;SSR_A;;107;31;;971;43367;156;7861
SSR;2018;530000264;530000371;SSR_A50;1;57;;1;;20294;;0
SSR;2018;530000264;530000371;SSR_A51;1;24;25;;;5484;;2594
SSR;2018;530000264;530000371;SSR_A52;1;;;1;;6985;;3846
SSR;2018;530000264;530000371;SSR_A53;1;;6;1;;0;;1421
SSR;2018;530000264;530000371;SSR_A59;1;26;;1;;10604;;0
SSR;2018;530000264;530000371;SSR_TOT;;107;31;1;971;43367;156;7861
SSR;2018;530000611;530002591;SSR_A;;28;;;259;7130;5;0
SSR;2018;530000611;530002591;SSR_A50;1;28;;0;;7130;;0
SSR;2018;530000611;530002591;SSR_TOT;;28;;0;259;7130;5;0
SSR;2018;530031509;530000868;SSR_A;;32;;;245;11586;5;0
SSR;2018;530031509;530000868;SSR_A58;1;32;;0;;11586;;0
SSR;2018;530031509;530000868;SSR_TOT;;32;;0;245;11586;5;0
SSR;2018;530031962;530000975;SSR_A;;30;;;310;9580;21;0
SSR;2018;530031962;530000975;SSR_A50;1;30;;0;;9580;;0
SSR;2018;530031962;530000975;SSR_TOT;;30;;0;310;9580;21;0
SSR;2018;540000023;540000049;SSR_A;;20;0;;245;6716;5;0
SSR;2018;540000023;540000049;SSR_A50;1;20;0;0;;6716;;0
SSR;2018;540000023;540000049;SSR_TOT;;20;0;0;245;6716;5;0
SSR;2018;540000148;540019007;SSR_A;;40;;;281;9175;12;0
SSR;2018;540000148;540019007;SSR_A50;1;40;;0;;9175;;0
SSR;2018;540000148;540019007;SSR_TOT;;40;;0;281;9175;12;0
SSR;2018;540000270;540003399;SSR_A;;30;0;;312;10030;14;0
SSR;2018;540000270;540003399;SSR_A50;1;30;0;0;;10030;;0
SSR;2018;540000270;540003399;SSR_TOT;;30;0;0;312;10030;14;0
SSR;2018;540000288;540018710;SSR_A;;83;;;810;27940;61;0
SSR;2018;540000288;540018710;SSR_A50;1;83;;0;;27940;;0
SSR;2018;540000288;540018710;SSR_TOT;;83;;0;810;27940;61;0
SSR;2018;540000296;540000106;SSR_A;;45;;;555;14940;10;0
SSR;2018;540000296;540000106;SSR_A50;1;45;;0;;14940;;0
SSR;2018;540000296;540000106;SSR_TOT;;45;;0;555;14940;10;0
SSR;2018;540000312;540000114;SSR_A;;50;5;;466;14972;19;1104
SSR;2018;540000312;540000114;SSR_A50;1;50;5;0;;14972;;1104
SSR;2018;540000312;540000114;SSR_TOT;;50;5;0;466;14972;19;1104
SSR;2018;540000395;540000122;SSR_A;;50;;;391;17206;51;0
SSR;2018;540000395;540000122;SSR_A50;1;;;1;;0;;0
SSR;2018;540000395;540000122;SSR_A59;1;50;;1;;17206;;0
SSR;2018;540000395;540000122;SSR_TOT;;50;;0;391;17206;51;0
SSR;2018;540000478;540003449;SSR_A;;0;20;;0;0;0;5376
SSR;2018;540000478;540003449;SSR_A50;1;0;20;0;;0;;5376
SSR;2018;540000478;540003449;SSR_TOT;;0;20;0;0;0;0;5376
SSR;2018;540000585;540006707;SSR_A;;70;;;521;22085;74;0
SSR;2018;540000585;540006707;SSR_A50;1;70;;1;;22085;;0
SSR;2018;540000585;540006707;SSR_TOT;;70;;0;521;22085;74;0
SSR;2018;540000668;540006707;SSR_A;;110;;;558;35785;176;0
SSR;2018;540000668;540006707;SSR_A50;1;30;;0;;8324;;0
SSR;2018;540000668;540006707;SSR_A52;1;20;;0;;7548;;0
SSR;2018;540000668;540006707;SSR_A59;1;60;;0;;19913;;0
SSR;2018;540000668;540006707;SSR_TOT;;110;;0;558;35785;176;0
SSR;2018;540000726;750721334;SSR_E;;21;;;150;4171;14;0
SSR;2018;540000726;750721334;SSR_E50;1;21;;0;;4171;;0
SSR;2018;540000726;750721334;SSR_TOT;;21;;0;150;4171;14;0
SSR;2018;540000858;540000122;SSR_A;;30;;;263;8934;15;0
SSR;2018;540000858;540000122;SSR_A50;1;30;;0;;8934;;0
SSR;2018;540000858;540000122;SSR_TOT;;30;;0;263;8934;15;0
SSR;2018;540000973;540006707;SSR_A50;1;;;0;;0;;0
SSR;2018;540000973;540006707;SSR_E;;24;4;;791;2828;0;2074
SSR;2018;540000973;540006707;SSR_E50;1;24;4;1;;2828;;2074
SSR;2018;540000973;540006707;SSR_TOT;;24;4;0;791;2828;0;2074
SSR;2018;540001070;540000767;SSR_A;;40;;;496;13188;6;0
SSR;2018;540001070;540000767;SSR_A50;1;40;;0;;13188;;0
SSR;2018;540001070;540000767;SSR_TOT;;40;;0;496;13188;6;0
SSR;2018;540001096;570010181;SSR_A;;30;12;;342;9345;10;1929
SSR;2018;540001096;570010181;SSR_A50;1;30;12;0;;9345;;1929
SSR;2018;540001096;570010181;SSR_TOT;;30;12;0;342;9345;10;1929
SSR;2018;540001104;570027995;SSR_A;;20;;;179;3583;3;0
SSR;2018;540001104;570027995;SSR_A50;1;20;;0;;3583;;0
SSR;2018;540001104;570027995;SSR_TOT;;20;;0;179;3583;3;0
SSR;2018;540002698;540023264;SSR_A;;16;;;744;3249;0;0
SSR;2018;540002698;540023264;SSR_A50;1;;;0;;0;;0
SSR;2018;540002698;540023264;SSR_A53;1;16;;0;;3249;;0
SSR;2018;540002698;540023264;SSR_TOT;;16;;0;744;3249;0;0
SSR;2018;540003043;540023264;SSR_A;;44;;;334;14581;42;0
SSR;2018;540003043;540023264;SSR_A50;1;;;0;;0;;0
SSR;2018;540003043;540023264;SSR_A59;1;44;;0;;14581;;0
SSR;2018;540003043;540023264;SSR_TOT;;44;;0;334;14581;42;0
SSR;2018;540005196;540008398;SSR_A;;90;0;;947;30005;14;0
SSR;2018;540005196;540008398;SSR_A50;1;90;0;0;;30005;;0
SSR;2018;540005196;540008398;SSR_TOT;;90;0;0;947;30005;14;0
SSR;2018;540009412;540019726;SSR_A;;60;12;;429;17399;50;6209
SSR;2018;540009412;540019726;SSR_A50;1;2;1;0;;601;;2592
SSR;2018;540009412;540019726;SSR_A52;1;58;11;0;;16798;;3617
SSR;2018;540009412;540019726;SSR_TOT;;60;12;0;429;17399;50;6209
SSR;2018;540009701;540019726;SSR_A;;90;60;;1303;20655;26;37181
SSR;2018;540009701;540019726;SSR_A50;1;8;5;0;;2364;;9634
SSR;2018;540009701;540019726;SSR_A51;1;82;55;;;18291;;27547
SSR;2018;540009701;540019726;SSR_TOT;;90;60;0;1303;20655;26;37181
SSR;2018;540013737;540019726;SSR_E;;60;55;;750;6512;3;18987
SSR;2018;540013737;540019726;SSR_E50;1;2;31;0;;325;;12305
SSR;2018;540013737;540019726;SSR_E51;1;26;4;0;;3190;;1557
SSR;2018;540013737;540019726;SSR_E52;1;25;19;0;;2524;;4933
SSR;2018;540013737;540019726;SSR_E57;1;7;1;0;;473;;192
SSR;2018;540013737;540019726;SSR_TOT;;60;55;0;750;6512;3;18987
SSR;2018;540020146;540006707;SSR_A;;60;10;;579;18954;24;4605
SSR;2018;540020146;540006707;SSR_A50;1;;10;1;;0;;4605
SSR;2018;540020146;540006707;SSR_A51;1;60;;;;18954;;0
SSR;2018;540020146;540006707;SSR_TOT;;60;10;0;579;18954;24;4605
SSR;2018;540022811;540023264;SSR_A;;;5;;0;0;0;1219
SSR;2018;540022811;540023264;SSR_A50;1;;5;0;;0;;1219
SSR;2018;540022811;540023264;SSR_TOT;;;5;0;0;0;0;1219
SSR;2018;540022837;920030269;SSR_A;;125;30;;1093;41535;90;1191
SSR;2018;540022837;920030269;SSR_A50;1;90;20;1;;34711;;750
SSR;2018;540022837;920030269;SSR_A54;1;20;10;0;;5077;;441
SSR;2018;540022837;920030269;SSR_A58;1;15;;0;;1747;;0
SSR;2018;540022837;920030269;SSR_TOT;;125;30;0;1093;41535;90;1191
SSR;2018;550000012;550006795;SSR_A;;19;17;;227;4650;1;5029
SSR;2018;550000012;550006795;SSR_A50;1;;11;0;;70;;3030
SSR;2018;550000012;550006795;SSR_A51;1;12;4;;;4571;;1875
SSR;2018;550000012;550006795;SSR_A52;1;7;2;1;;9;;124
SSR;2018;550000012;550006795;SSR_TOT;;19;17;0;227;4650;1;5029
SSR;2018;550000038;550000046;SSR_A;;20;;;164;6662;19;0
SSR;2018;550000038;550000046;SSR_A50;1;20;;0;;6662;;0
SSR;2018;550000038;550000046;SSR_TOT;;20;;0;164;6662;19;0
SSR;2018;550000202;550006795;SSR_A;;30;;;236;10056;26;0
SSR;2018;550000202;550006795;SSR_A50;1;30;;0;;10056;;0
SSR;2018;550000202;550006795;SSR_TOT;;30;;0;236;10056;26;0
SSR;2018;550000434;550003354;SSR_A;;76;25;;910;20103;46;7077
SSR;2018;550000434;550003354;SSR_A50;1;46;23;0;;2356;;4293
SSR;2018;550000434;550003354;SSR_A51;1;;;;;3046;;861
SSR;2018;550000434;550003354;SSR_A52;1;;;0;;4607;;1333
SSR;2018;550000434;550003354;SSR_A59;1;30;2;0;;10094;;590
SSR;2018;550000434;550003354;SSR_TOT;;76;25;0;910;20103;46;7077
SSR;2018;550003362;550006795;SSR_A;;60;;;431;19846;74;0
SSR;2018;550003362;550006795;SSR_A50;1;;;1;;0;;0
SSR;2018;550003362;550006795;SSR_A59;1;60;;0;;19846;;0
SSR;2018;550003362;550006795;SSR_TOT;;60;;0;431;19846;74;0
SSR;2018;560000127;560023210;SSR_A;;131;13;;1408;44024;64;7321
SSR;2018;560000127;560023210;SSR_A50;1;15;0;0;;5306;;0
SSR;2018;560000127;560023210;SSR_A51;1;16;3;;;2793;;1745
SSR;2018;560000127;560023210;SSR_A52;1;10;2;0;;4034;;2028
SSR;2018;560000127;560023210;SSR_A53;1;0;0;0;;0;;2485
SSR;2018;560000127;560023210;SSR_A54;1;0;0;0;;0;;121
SSR;2018;560000127;560023210;SSR_A59;1;90;8;0;;31891;;942
SSR;2018;560000127;560023210;SSR_E;;0;5;;0;0;0;1557
SSR;2018;560000127;560023210;SSR_E50;1;0;5;0;;0;;1557
SSR;2018;560000127;560023210;SSR_TOT;;131;18;0;1408;44024;64;8878
SSR;2018;560000143;560014748;SSR_A;;0;;;205;3123;0;0
SSR;2018;560000143;560014748;SSR_A50;1;0;;0;;3123;;0
SSR;2018;560000143;560014748;SSR_TOT;;0;;0;205;3123;0;0
SSR;2018;560000184;560006017;SSR_A;;72;10;;970;25912;34;2001
SSR;2018;560000184;560006017;SSR_A50;1;30;0;0;;12486;;0
SSR;2018;560000184;560006017;SSR_A51;1;10;4;;;3438;;1275
SSR;2018;560000184;560006017;SSR_A52;1;7;1;0;;2524;;624
SSR;2018;560000184;560006017;SSR_A59;1;25;5;0;;7464;;102
SSR;2018;560000184;560006017;SSR_TOT;;72;10;0;970;25912;34;2001
SSR;2018;560000192;560000044;SSR_A;;30;;;405;10619;9;0
SSR;2018;560000192;560000044;SSR_A50;1;30;;0;;10619;;0
SSR;2018;560000192;560000044;SSR_TOT;;30;;0;405;10619;9;0
SSR;2018;560000200;560023210;SSR_A;;77;5;;835;23045;28;1902
SSR;2018;560000200;560023210;SSR_A50;1;30;0;0;;7313;;0
SSR;2018;560000200;560023210;SSR_A51;1;7;3;;;1727;;819
SSR;2018;560000200;560023210;SSR_A52;1;10;2;0;;3384;;1083
SSR;2018;560000200;560023210;SSR_A59;1;30;0;0;;10621;;0
SSR;2018;560000200;560023210;SSR_TOT;;77;5;0;835;23045;28;1902
SSR;2018;560000275;560005746;SSR_A;;100;;;1010;35635;58;0
SSR;2018;560000275;560005746;SSR_A50;1;60;;0;;21683;;0
SSR;2018;560000275;560005746;SSR_A59;1;40;;0;;13952;;0
SSR;2018;560000275;560005746;SSR_TOT;;100;;0;1010;35635;58;0
SSR;2018;560000291;560000085;SSR_A;;12;;;116;2581;2;0
SSR;2018;560000291;560000085;SSR_A50;1;12;;0;;2581;;0
SSR;2018;560000291;560000085;SSR_TOT;;12;;0;116;2581;2;0
SSR;2018;560000366;560000259;SSR_A;;29;;;341;9053;10;0
SSR;2018;560000366;560000259;SSR_A50;1;29;;0;;9053;;0
SSR;2018;560000366;560000259;SSR_TOT;;29;;0;341;9053;10;0
SSR;2018;560000390;560006074;SSR_A;;25;;;168;8211;11;0
SSR;2018;560000390;560006074;SSR_A58;1;25;;0;;8211;;0
SSR;2018;560000390;560006074;SSR_TOT;;25;;0;168;8211;11;0
SSR;2018;560000424;560006074;SSR_A;;40;;;428;12849;20;0
SSR;2018;560000424;560006074;SSR_A50;1;40;;0;;12849;;0
SSR;2018;560000424;560006074;SSR_TOT;;40;;0;428;12849;20;0
SSR;2018;560000465;560005746;SSR_A;;25;;;291;7733;4;0
SSR;2018;560000465;560005746;SSR_A50;1;25;;0;;7733;;0
SSR;2018;560000465;560005746;SSR_TOT;;25;;0;291;7733;4;0
SSR;2018;560000473;350000048;SSR_A;;20;0;;250;6783;3;0
SSR;2018;560000473;350000048;SSR_A50;1;20;0;0;;6783;;0
SSR;2018;560000473;350000048;SSR_TOT;;20;0;0;250;6783;3;0
SSR;2018;560000499;560002222;SSR_A;;26;;;303;8342;5;0
SSR;2018;560000499;560002222;SSR_A50;1;26;;0;;8342;;0
SSR;2018;560000499;560002222;SSR_TOT;;26;;0;303;8342;5;0
SSR;2018;560002024;560006074;SSR_A;;140;81;;1330;40280;106;29700
SSR;2018;560002024;560006074;SSR_A51;1;39;41;;;9900;;17427
SSR;2018;560002024;560006074;SSR_A52;1;84;17;0;;25734;;6803
SSR;2018;560002024;560006074;SSR_A53;1;10;14;0;;2323;;4081
SSR;2018;560002024;560006074;SSR_A54;1;;8;0;;0;;1289
SSR;2018;560002024;560006074;SSR_A57;1;7;1;0;;2323;;100
SSR;2018;560002024;560006074;SSR_E;;42;20;;384;6887;4;6777
SSR;2018;560002024;560006074;SSR_E51;1;9;2;0;;1902;;1460
SSR;2018;560002024;560006074;SSR_E52;1;31;17;0;;4594;;5146
SSR;2018;560002024;560006074;SSR_E57;1;2;1;0;;391;;171
SSR;2018;560002024;560006074;SSR_TOT;;182;101;0;1714;47167;110;36477
SSR;2018;560002974;830013678;SSR_A;;80;0;;753;26169;50;0
SSR;2018;560002974;830013678;SSR_A50;1;59;0;0;;18971;;0
SSR;2018;560002974;830013678;SSR_A59;1;21;0;0;;7198;;0
SSR;2018;560002974;830013678;SSR_TOT;;80;0;0;753;26169;50;0
SSR;2018;560003006;560000770;SSR_A;;40;;;157;8944;44;0
SSR;2018;560003006;560000770;SSR_A58;1;40;;0;;8944;;0
SSR;2018;560003006;560000770;SSR_TOT;;40;;0;157;8944;44;0
SSR;2018;560003055;440042844;SSR_A;;97;;;818;29895;59;0
SSR;2018;560003055;440042844;SSR_A50;1;74;;0;;19387;;0
SSR;2018;560003055;440042844;SSR_A59;1;23;;0;;10508;;0
SSR;2018;560003055;440042844;SSR_TOT;;97;;0;818;29895;59;0
SSR;2018;560003980;560005746;SSR_A;;30;;;312;10800;10;0
SSR;2018;560003980;560005746;SSR_A59;1;30;;0;;10800;;0
SSR;2018;560003980;560005746;SSR_TOT;;30;;0;312;10800;10;0
SSR;2018;560014219;560014748;SSR_A;;30;;;381;10296;8;0
SSR;2018;560014219;560014748;SSR_A59;1;30;;0;;10296;;0
SSR;2018;560014219;560014748;SSR_TOT;;30;;0;381;10296;8;0
SSR;2018;560015422;560005746;SSR_A;;29;;;349;10410;13;0
SSR;2018;560015422;560005746;SSR_A50;1;29;;0;;10410;;0
SSR;2018;560015422;560005746;SSR_TOT;;29;;0;349;10410;13;0
SSR;2018;560027377;560006017;SSR_A;;11;;;71;2126;0;0
SSR;2018;560027377;560006017;SSR_A50;1;11;;0;;2126;;0
SSR;2018;560027377;560006017;SSR_TOT;;11;;0;71;2126;0;0
SSR;2018;570000026;570024794;SSR_A;;24;;;347;7729;0;0
SSR;2018;570000026;570024794;SSR_A50;1;24;;0;;7729;;0
SSR;2018;570000026;570024794;SSR_TOT;;24;;0;347;7729;0;0
SSR;2018;570000091;750050759;SSR_A;;133;63;;952;38158;94;13837
SSR;2018;570000091;750050759;SSR_A50;1;79;;1;;15251;;0
SSR;2018;570000091;750050759;SSR_A51;1;30;15;;;14801;;12162
SSR;2018;570000091;750050759;SSR_A52;1;24;48;1;;8106;;1675
SSR;2018;570000091;750050759;SSR_E;;;10;;0;0;0;971
SSR;2018;570000091;750050759;SSR_E51;1;;10;0;;0;;971
SSR;2018;570000091;750050759;SSR_TOT;;133;73;1;952;38158;94;14808
SSR;2018;570000109;570000034;SSR_A;;51;12;;532;17209;27;3474
SSR;2018;570000109;570000034;SSR_A50;1;25;;0;;5747;;0
SSR;2018;570000109;570000034;SSR_A59;1;26;12;0;;11462;;3474
SSR;2018;570000109;570000034;SSR_TOT;;51;12;0;532;17209;27;3474
SSR;2018;570000166;570010181;SSR_A;;35;;;479;11875;0;0
SSR;2018;570000166;570010181;SSR_A50;1;35;;0;;11875;;0
SSR;2018;570000166;570010181;SSR_TOT;;35;;0;479;11875;0;0
SSR;2018;570000281;570005165;SSR_A;;22;8;;302;9759;18;7045
SSR;2018;570000281;570005165;SSR_A50;1;0;8;0;;2505;;7045
SSR;2018;570000281;570005165;SSR_A59;1;22;;0;;7254;;0
SSR;2018;570000281;570005165;SSR_TOT;;22;8;0;302;9759;18;7045
SSR;2018;570000349;570005165;SSR_A;;77;2;;639;20069;40;938
SSR;2018;570000349;570005165;SSR_A51;1;6;1;;;3359;;564
SSR;2018;570000349;570005165;SSR_A52;1;13;1;0;;6913;;374
SSR;2018;570000349;570005165;SSR_A59;1;58;;0;;9797;;0
SSR;2018;570000349;570005165;SSR_TOT;;77;2;0;639;20069;40;938
SSR;2018;570000356;570000919;SSR_A;;49;;;461;12949;5;0
SSR;2018;570000356;570000919;SSR_A50;1;49;;0;;12949;;0
SSR;2018;570000356;570000919;SSR_TOT;;49;;0;461;12949;5;0
SSR;2018;570000380;570000034;SSR_A;;108;8;;1593;32741;15;4527
SSR;2018;570000380;570000034;SSR_A50;1;;;0;;154;;0
SSR;2018;570000380;570000034;SSR_A51;1;42;4;;;11181;;2690
SSR;2018;570000380;570000034;SSR_A52;1;12;2;0;;4192;;836
SSR;2018;570000380;570000034;SSR_A53;1;54;2;0;;17214;;1001
SSR;2018;570000380;570000034;SSR_E;;;2;;0;0;0;1138
SSR;2018;570000380;570000034;SSR_E52;1;;2;0;;0;;1138
SSR;2018;570000380;570000034;SSR_TOT;;108;10;0;1593;32741;15;5665
SSR;2018;570000448;750050759;SSR_A;;71;;;817;19093;40;0
SSR;2018;570000448;750050759;SSR_A50;1;71;;0;;19093;;0
SSR;2018;570000448;750050759;SSR_TOT;;71;;0;817;19093;40;0
SSR;2018;570000455;570010181;SSR_A;;20;0;;211;5853;9;0
SSR;2018;570000455;570010181;SSR_A50;1;20;0;1;;5853;;0
SSR;2018;570000455;570010181;SSR_TOT;;20;0;0;211;5853;9;0
SSR;2018;570000547;540019726;SSR_A;;40;0;;244;5706;2;0
SSR;2018;570000547;540019726;SSR_A50;1;40;0;0;;5706;;0
SSR;2018;570000547;540019726;SSR_TOT;;40;0;0;244;5706;2;0
SSR;2018;570000562;570011353;SSR_A;;30;;;354;10489;8;0
SSR;2018;570000562;570011353;SSR_A50;1;30;;0;;10489;;0
SSR;2018;570000562;570011353;SSR_TOT;;30;;0;354;10489;8;0
SSR;2018;570000596;750821092;SSR_A;;22;6;;365;5092;2;1449
SSR;2018;570000596;750821092;SSR_A50;1;22;6;0;;5092;;1449
SSR;2018;570000596;750821092;SSR_A51;1;;;;;0;;0
SSR;2018;570000596;750821092;SSR_A52;1;;;0;;0;;0
SSR;2018;570000596;750821092;SSR_TOT;;22;6;0;365;5092;2;1449
SSR;2018;570000661;570000158;SSR_A;;30;;;272;7467;4;0
SSR;2018;570000661;570000158;SSR_A50;1;20;;0;;6031;;0
SSR;2018;570000661;570000158;SSR_A59;1;10;;0;;1436;;0
SSR;2018;570000661;570000158;SSR_TOT;;30;;0;272;7467;4;0
SSR;2018;570000687;570025254;SSR_A;;59;15;;586;17730;12;5339
SSR;2018;570000687;570025254;SSR_A50;1;32;;0;;9757;;0
SSR;2018;570000687;570025254;SSR_A53;1;;10;0;;0;;3627
SSR;2018;570000687;570025254;SSR_A59;1;27;5;0;;7973;;1712
SSR;2018;570000687;570025254;SSR_TOT;;59;15;0;586;17730;12;5339
SSR;2018;570000794;930019484;SSR_A;;30;40;;366;8519;8;10718
SSR;2018;570000794;930019484;SSR_A50;1;4;5;0;;1431;;1779
SSR;2018;570000794;930019484;SSR_A51;1;26;35;;;7088;;8939
SSR;2018;570000794;930019484;SSR_TOT;;30;40;0;366;8519;8;10718
SSR;2018;570000828;570011452;SSR_A;;56;0;;420;16706;22;0
SSR;2018;570000828;570011452;SSR_A50;1;;;0;;0;;0
SSR;2018;570000828;570011452;SSR_A58;1;56;0;0;;16706;;0
SSR;2018;570000828;570011452;SSR_TOT;;56;0;0;420;16706;22;0
SSR;2018;570000950;570000398;SSR_A;;10;;;129;3316;1;0
SSR;2018;570000950;570000398;SSR_A50;1;10;;0;;3316;;0
SSR;2018;570000950;570000398;SSR_TOT;;10;;0;129;3316;1;0
SSR;2018;570000968;570000430;SSR_A;;45;;;465;11837;2;0
SSR;2018;570000968;570000430;SSR_A50;1;45;;0;;11837;;0
SSR;2018;570000968;570000430;SSR_TOT;;45;;0;465;11837;2;0
SSR;2018;570000992;570000497;SSR_A;;29;;;332;9085;16;0
SSR;2018;570000992;570000497;SSR_A50;1;29;;0;;9085;;0
SSR;2018;570000992;570000497;SSR_TOT;;29;;0;332;9085;16;0
SSR;2018;570001057;570023630;SSR_A;;56;64;;515;15027;34;17381
SSR;2018;570001057;570023630;SSR_A50;1;;9;0;;172;;3218
SSR;2018;570001057;570023630;SSR_A51;1;28;28;;;7908;;7439
SSR;2018;570001057;570023630;SSR_A52;1;28;27;0;;6947;;6724
SSR;2018;570001057;570023630;SSR_E;;;1;;0;0;0;13
SSR;2018;570001057;570023630;SSR_E50;1;;1;0;;0;;13
SSR;2018;570001057;570023630;SSR_TOT;;56;65;0;515;15027;34;17394
SSR;2018;570001099;570023630;SSR_A;;32;;;276;9594;17;0
SSR;2018;570001099;570023630;SSR_A50;1;32;;0;;9594;;0
SSR;2018;570001099;570023630;SSR_TOT;;32;;0;276;9594;17;0
SSR;2018;570003079;570010181;SSR_A;;53;;;664;15131;4;0
SSR;2018;570003079;570010181;SSR_A50;1;;;0;;0;;0
SSR;2018;570003079;570010181;SSR_A59;1;53;;0;;15131;;0
SSR;2018;570003079;570010181;SSR_TOT;;53;;0;664;15131;4;0
SSR;2018;570003103;540019726;SSR_A;;92;24;;728;26906;66;5520
SSR;2018;570003103;540019726;SSR_A50;1;1;0;0;;24;;0
SSR;2018;570003103;540019726;SSR_A51;1;49;9;;;13886;;3363
SSR;2018;570003103;540019726;SSR_A52;1;42;15;0;;12996;;2157
SSR;2018;570003103;540019726;SSR_E;;;2;;0;0;0;211
SSR;2018;570003103;540019726;SSR_E50;1;;1;0;;0;;210
SSR;2018;570003103;540019726;SSR_E51;1;;1;0;;0;;1
SSR;2018;570003103;540019726;SSR_TOT;;92;26;0;728;26906;66;5731
SSR;2018;570005215;570005165;SSR_A;;58;9;;645;19393;21;4170
SSR;2018;570005215;570005165;SSR_A50;1;;;0;;0;;0
SSR;2018;570005215;570005165;SSR_A51;1;12;7;;;4824;;3287
SSR;2018;570005215;570005165;SSR_A52;1;14;1;0;;5484;;591
SSR;2018;570005215;570005165;SSR_A57;1;2;1;0;;992;;292
SSR;2018;570005215;570005165;SSR_A59;1;30;;0;;8093;;0
SSR;2018;570005215;570005165;SSR_TOT;;58;9;0;645;19393;21;4170
SSR;2018;570009670;570027995;SSR_A;;50;2;;453;12681;9;20
SSR;2018;570009670;570027995;SSR_A50;1;;2;0;;0;;0
SSR;2018;570009670;570027995;SSR_A59;1;50;;0;;12681;;20
SSR;2018;570009670;570027995;SSR_TOT;;50;2;0;453;12681;9;20
SSR;2018;570012369;570011387;SSR_A;;30;;;392;9812;1;0
SSR;2018;570012369;570011387;SSR_A50;1;30;;0;;9812;;0
SSR;2018;570012369;570011387;SSR_TOT;;30;;0;392;9812;1;0
SSR;2018;570012633;540019726;SSR_A;;50;5;;753;16274;1;1776
SSR;2018;570012633;540019726;SSR_A50;1;;;0;;0;;0
SSR;2018;570012633;540019726;SSR_A55;1;50;5;0;;16274;;1776
SSR;2018;570012633;540019726;SSR_TOT;;50;5;0;753;16274;1;1776
SSR;2018;570026575;570005165;SSR_A;;;5;;0;0;0;609
SSR;2018;570026575;570005165;SSR_A50;1;;5;0;;0;;609
SSR;2018;570026575;570005165;SSR_TOT;;;5;0;0;0;0;609
SSR;2018;570026682;570005165;SSR_A;;14;11;;239;3615;0;5809
SSR;2018;570026682;570005165;SSR_A50;1;;;0;;0;;0
SSR;2018;570026682;570005165;SSR_A53;1;12;10;0;;3585;;5498
SSR;2018;570026682;570005165;SSR_A54;1;2;1;0;;30;;311
SSR;2018;570026682;570005165;SSR_TOT;;14;11;0;239;3615;0;5809
SSR;2018;580004836;580780039;SSR_A;;45;7;;469;14551;7;15
SSR;2018;580004836;580780039;SSR_A50;1;;7;0;;0;;15
SSR;2018;580004836;580780039;SSR_A59;1;45;;0;;14551;;0
SSR;2018;580004836;580780039;SSR_TOT;;45;7;0;469;14551;7;15
SSR;2018;580006286;920030269;SSR_A;;80;;;624;26571;36;0
SSR;2018;580006286;920030269;SSR_A50;1;80;;0;;26571;;0
SSR;2018;580006286;920030269;SSR_TOT;;80;;0;624;26571;36;0
SSR;2018;580780187;580000057;SSR_A;;35;;;363;11755;10;0
SSR;2018;580780187;580000057;SSR_A50;1;35;;0;;11755;;0
SSR;2018;580780187;580000057;SSR_TOT;;35;;0;363;11755;10;0
SSR;2018;580780203;580000073;SSR_A;;86;15;;514;27094;80;85
SSR;2018;580780203;580000073;SSR_A50;1;56;;0;;19660;;0
SSR;2018;580780203;580000073;SSR_A58;1;30;15;0;;7434;;85
SSR;2018;580780203;580000073;SSR_TOT;;86;15;0;514;27094;80;85
SSR;2018;580971349;580002129;SSR_A;;80;;;618;28600;99;0
SSR;2018;580971349;580002129;SSR_A50;1;30;;0;;9202;;0
SSR;2018;580971349;580002129;SSR_A59;1;50;;0;;19398;;0
SSR;2018;580971349;580002129;SSR_TOT;;80;;0;618;28600;99;0
SSR;2018;580972008;580000628;SSR_A;;113;15;;792;41884;153;4528
SSR;2018;580972008;580000628;SSR_A50;1;0;1;0;;0;;90
SSR;2018;580972008;580000628;SSR_A51;1;49;5;;;18000;;1742
SSR;2018;580972008;580000628;SSR_A52;1;64;9;0;;23884;;2696
SSR;2018;580972008;580000628;SSR_TOT;;113;15;0;792;41884;153;4528
SSR;2018;580972610;580780054;SSR_A;;15;;;165;4071;5;0
SSR;2018;580972610;580780054;SSR_A50;1;15;;0;;4071;;0
SSR;2018;580972610;580780054;SSR_TOT;;15;;0;165;4071;5;0
SSR;2018;580972628;580780039;SSR_A;;10;;;98;3299;4;0
SSR;2018;580972628;580780039;SSR_A50;1;10;;0;;3299;;0
SSR;2018;580972628;580780039;SSR_TOT;;10;;0;98;3299;4;0
SSR;2018;580972644;580781136;SSR_A;;50;;;405;10501;8;0
SSR;2018;580972644;580781136;SSR_A50;1;;;0;;0;;0
SSR;2018;580972644;580781136;SSR_A59;1;50;;0;;10501;;0
SSR;2018;580972644;580781136;SSR_TOT;;50;;0;405;10501;8;0
SSR;2018;580972651;580780047;SSR_A;;15;;;159;4023;3;0
SSR;2018;580972651;580780047;SSR_A59;1;15;;0;;4023;;0
SSR;2018;580972651;580780047;SSR_TOT;;15;;0;159;4023;3;0
SSR;2018;580972677;580780088;SSR_A;;25;;;297;8213;9;0
SSR;2018;580972677;580780088;SSR_A50;1;;;0;;0;;0
SSR;2018;580972677;580780088;SSR_A59;1;25;;0;;8213;;0
SSR;2018;580972677;580780088;SSR_TOT;;25;;0;297;8213;9;0
SSR;2018;580972685;580780096;SSR_A;;27;;;284;9673;20;0
SSR;2018;580972685;580780096;SSR_A50;1;27;;0;;9673;;0
SSR;2018;580972685;580780096;SSR_TOT;;27;;0;284;9673;20;0
SSR;2018;580972693;580780039;SSR_A;;12;27;;165;3779;0;3884
SSR;2018;580972693;580780039;SSR_A50;1;12;;0;;3765;;0
SSR;2018;580972693;580780039;SSR_A52;1;;14;0;;0;;1944
SSR;2018;580972693;580780039;SSR_A53;1;;7;0;;14;;1625
SSR;2018;580972693;580780039;SSR_A54;1;;6;0;;0;;315
SSR;2018;580972693;580780039;SSR_TOT;;12;27;0;165;3779;0;3884
SSR;2018;590000014;590780052;SSR_A;;56;5;;470;14520;21;1007
SSR;2018;590000014;590780052;SSR_A50;1;10;;0;;1321;;0
SSR;2018;590000014;590780052;SSR_A54;1;10;5;0;;1137;;1007
SSR;2018;590000014;590780052;SSR_A59;1;36;;0;;12062;;0
SSR;2018;590000014;590780052;SSR_TOT;;56;5;0;470;14520;21;1007
SSR;2018;590000097;590780185;SSR_A;;74;10;;596;26649;75;1197
SSR;2018;590000097;590780185;SSR_A50;1;24;;0;;11014;;0
SSR;2018;590000097;590780185;SSR_A51;1;30;5;;;9255;;667
SSR;2018;590000097;590780185;SSR_A52;1;20;5;0;;6380;;530
SSR;2018;590000097;590780185;SSR_TOT;;74;10;0;596;26649;75;1197
SSR;2018;590000113;590053120;SSR_A;;90;;;893;29242;44;0
SSR;2018;590000113;590053120;SSR_A50;1;43;;0;;13534;;0
SSR;2018;590000113;590053120;SSR_A54;1;16;;0;;4871;;0
SSR;2018;590000113;590053120;SSR_A59;1;31;;0;;10837;;0
SSR;2018;590000113;590053120;SSR_TOT;;90;;0;893;29242;44;0
SSR;2018;590000121;590780227;SSR_A;;77;11;;753;25139;51;2246
SSR;2018;590000121;590780227;SSR_A50;1;6;2;0;;1781;;419
SSR;2018;590000121;590780227;SSR_A51;1;6;4;;;2120;;962
SSR;2018;590000121;590780227;SSR_A53;1;;5;0;;0;;865
SSR;2018;590000121;590780227;SSR_A59;1;65;;0;;21238;;0
SSR;2018;590000121;590780227;SSR_TOT;;77;11;0;753;25139;51;2246
SSR;2018;590000337;590781415;SSR_A;;;10;;0;0;0;3376
SSR;2018;590000337;590781415;SSR_A53;1;;10;0;;0;;3376
SSR;2018;590000337;590781415;SSR_TOT;;;10;0;0;0;0;3376
SSR;2018;590000428;590781605;SSR_A;;20;;;344;7030;0;0
SSR;2018;590000428;590781605;SSR_A50;1;10;;0;;1031;;0
SSR;2018;590000428;590781605;SSR_A59;1;10;;0;;5999;;0
SSR;2018;590000428;590781605;SSR_TOT;;20;;0;344;7030;0;0
SSR;2018;590000436;590781621;SSR_A;;45;;;520;10787;6;0
SSR;2018;590000436;590781621;SSR_A50;1;30;;0;;8533;;0
SSR;2018;590000436;590781621;SSR_A58;1;15;;0;;2254;;0
SSR;2018;590000436;590781621;SSR_TOT;;45;;0;520;10787;6;0
SSR;2018;590000444;590781639;SSR_A;;25;;;212;8711;14;0
SSR;2018;590000444;590781639;SSR_A50;1;25;;0;;8711;;0
SSR;2018;590000444;590781639;SSR_A59;1;;;0;;0;;0
SSR;2018;590000444;590781639;SSR_TOT;;25;;0;212;8711;14;0
SSR;2018;590000451;590781647;SSR_A;;41;5;;495;14063;13;1010
SSR;2018;590000451;590781647;SSR_A50;1;41;;0;;7312;;0
SSR;2018;590000451;590781647;SSR_A59;1;;5;0;;6751;;1010
SSR;2018;590000451;590781647;SSR_TOT;;41;5;0;495;14063;13;1010
SSR;2018;590000469;590781662;SSR_A;;20;;;339;6628;2;0
SSR;2018;590000469;590781662;SSR_A50;1;20;;;;6628;;0
SSR;2018;590000469;590781662;SSR_A51;1;;;;;0;;0
SSR;2018;590000469;590781662;SSR_A52;1;;;;;0;;0
SSR;2018;590000469;590781662;SSR_A53;1;;;;;0;;0
SSR;2018;590000469;590781662;SSR_A54;1;;;;;0;;0
SSR;2018;590000469;590781662;SSR_A55;1;;;;;0;;0
SSR;2018;590000469;590781662;SSR_A56;1;;;;;0;;0
SSR;2018;590000469;590781662;SSR_A57;1;;;;;0;;0
SSR;2018;590000469;590781662;SSR_A58;1;;;;;0;;0
SSR;2018;590000469;590781662;SSR_A59;1;;;;;0;;0
SSR;2018;590000469;590781662;SSR_TOT;;20;;;339;6628;2;0
SSR;2018;590000477;590781670;SSR_A;;97;30;;1175;28361;32;9412
SSR;2018;590000477;590781670;SSR_A50;1;22;;0;;7338;;0
SSR;2018;590000477;590781670;SSR_A51;1;25;10;;;7115;;4078
SSR;2018;590000477;590781670;SSR_A54;1;10;20;0;;1910;;5334
SSR;2018;590000477;590781670;SSR_A59;1;40;;0;;11998;;0
SSR;2018;590000477;590781670;SSR_TOT;;97;30;0;1175;28361;32;9412
SSR;2018;590000527;590781795;SSR_A;;37;19;;595;11998;8;3057
SSR;2018;590000527;590781795;SSR_A50;1;10;;0;;2694;;0
SSR;2018;590000527;590781795;SSR_A53;1;;10;0;;0;;1373
SSR;2018;590000527;590781795;SSR_A58;1;;9;0;;0;;1684
SSR;2018;590000527;590781795;SSR_A59;1;27;;0;;9304;;0
SSR;2018;590000527;590781795;SSR_TOT;;37;19;0;595;11998;8;3057
SSR;2018;590000543;590781811;SSR_A;;206;38;;1330;50246;116;11132
SSR;2018;590000543;590781811;SSR_A50;1;76;;0;;15170;;0
SSR;2018;590000543;590781811;SSR_A51;1;30;20;;;5855;;7112
SSR;2018;590000543;590781811;SSR_A52;1;30;10;0;;11272;;3580
SSR;2018;590000543;590781811;SSR_A55;1;24;8;0;;5364;;440
SSR;2018;590000543;590781811;SSR_A58;1;22;;0;;5908;;0
SSR;2018;590000543;590781811;SSR_A59;1;24;;0;;6677;;0
SSR;2018;590000543;590781811;SSR_TOT;;206;38;0;1330;50246;116;11132
SSR;2018;590000592;590782165;SSR_A;;50;;;479;16391;20;0
SSR;2018;590000592;590782165;SSR_A50;1;10;;0;;6208;;0
SSR;2018;590000592;590782165;SSR_A59;1;40;;0;;10183;;0
SSR;2018;590000592;590782165;SSR_TOT;;50;;0;479;16391;20;0
SSR;2018;590000600;590782207;SSR_A;;65;13;;682;22655;48;3705
SSR;2018;590000600;590782207;SSR_A50;1;30;;0;;9316;;0
SSR;2018;590000600;590782207;SSR_A52;1;20;3;0;;9020;;1223
SSR;2018;590000600;590782207;SSR_A55;1;15;10;0;;4319;;2482
SSR;2018;590000600;590782207;SSR_TOT;;65;13;0;682;22655;48;3705
SSR;2018;590000618;590782215;SSR_A;;90;15;;934;28256;40;3567
SSR;2018;590000618;590782215;SSR_A50;1;30;;0;;5530;;0
SSR;2018;590000618;590782215;SSR_A51;1;30;;;;12297;;0
SSR;2018;590000618;590782215;SSR_A53;1;;15;0;;0;;3567
SSR;2018;590000618;590782215;SSR_A59;1;30;;0;;10429;;0
SSR;2018;590000618;590782215;SSR_TOT;;90;15;0;934;28256;40;3567
SSR;2018;590000691;590782439;SSR_A;;23;14;;249;6447;9;7072
SSR;2018;590000691;590782439;SSR_A50;1;0;;0;;0;;0
SSR;2018;590000691;590782439;SSR_A51;1;11;6;;;4032;;1503
SSR;2018;590000691;590782439;SSR_A52;1;8;1;0;;1466;;190
SSR;2018;590000691;590782439;SSR_A53;1;1;4;0;;60;;3827
SSR;2018;590000691;590782439;SSR_A54;1;0;3;0;;0;;1552
SSR;2018;590000691;590782439;SSR_A59;1;3;;0;;889;;0
SSR;2018;590000691;590782439;SSR_TOT;;23;14;0;249;6447;9;7072
SSR;2018;590000766;590782645;SSR_A;;30;30;;374;18762;10;0
SSR;2018;590000766;590782645;SSR_A50;1;30;30;0;;9352;;0
SSR;2018;590000766;590782645;SSR_A59;1;;;0;;9410;;0
SSR;2018;590000766;590782645;SSR_TOT;;30;30;0;374;18762;10;0
SSR;2018;590000774;590782652;SSR_A;;20;;;328;6492;1;0
SSR;2018;590000774;590782652;SSR_A50;1;20;;1;;6492;;0
SSR;2018;590000774;590782652;SSR_TOT;;20;;0;328;6492;1;0
SSR;2018;590001004;590783239;SSR_A;;30;;;500;10542;0;0
SSR;2018;590001004;590783239;SSR_A59;1;30;;0;;10542;;0
SSR;2018;590001004;590783239;SSR_TOT;;30;;0;500;10542;0;0
SSR;2018;590001442;590784245;SSR_A;;208;31;;2497;60093;64;10039
SSR;2018;590001442;590784245;SSR_A50;1;45;;0;;14672;;0
SSR;2018;590001442;590784245;SSR_A51;1;58;19;;;17100;;5688
SSR;2018;590001442;590784245;SSR_A52;1;25;5;0;;7904;;2442
SSR;2018;590001442;590784245;SSR_A54;1;15;6;0;;2050;;1363
SSR;2018;590001442;590784245;SSR_A55;1;2;;0;;915;;0
SSR;2018;590001442;590784245;SSR_A56;1;2;;0;;1;;0
SSR;2018;590001442;590784245;SSR_A57;1;8;1;0;;2147;;546
SSR;2018;590001442;590784245;SSR_A58;1;23;;0;;6633;;0
SSR;2018;590001442;590784245;SSR_A59;1;30;;0;;8671;;0
SSR;2018;590001442;590784245;SSR_E;;10;15;;134;1579;0;5179
SSR;2018;590001442;590784245;SSR_E50;1;10;15;0;;0;;0
SSR;2018;590001442;590784245;SSR_E51;1;;0;0;;177;;2148
SSR;2018;590001442;590784245;SSR_E52;1;;0;0;;369;;2945
SSR;2018;590001442;590784245;SSR_E55;1;;;0;;1033;;0
SSR;2018;590001442;590784245;SSR_E57;1;;0;0;;0;;86
SSR;2018;590001442;590784245;SSR_TOT;;218;46;0;2631;61672;64;15218
SSR;2018;590001582;590785663;SSR_A;;60;;;520;18389;38;0
SSR;2018;590001582;590785663;SSR_A59;1;60;;0;;18389;;0
SSR;2018;590001582;590785663;SSR_TOT;;60;;0;520;18389;38;0
SSR;2018;590001749;590788956;SSR_A;;50;;;501;16388;22;0
SSR;2018;590001749;590788956;SSR_A50;1;25;;0;;8850;;0
SSR;2018;590001749;590788956;SSR_A59;1;25;;0;;7538;;0
SSR;2018;590001749;590788956;SSR_TOT;;50;;0;501;16388;22;0
SSR;2018;590008041;590008033;SSR_A;;30;12;;327;8973;17;6935
SSR;2018;590008041;590008033;SSR_A50;1;30;;0;;8973;;0
SSR;2018;590008041;590008033;SSR_A53;1;;12;0;;0;;6935
SSR;2018;590008041;590008033;SSR_TOT;;30;12;0;327;8973;17;6935
SSR;2018;590033429;590782421;SSR_A;;24;;;110;8596;27;0
SSR;2018;590033429;590782421;SSR_A52;1;24;;0;;8596;;0
SSR;2018;590033429;590782421;SSR_TOT;;24;;0;110;8596;27;0
SSR;2018;590034732;590000675;SSR_A;;48;27;;537;15911;22;11890
SSR;2018;590034732;590000675;SSR_A51;1;48;27;;;15911;;11890
SSR;2018;590034732;590000675;SSR_TOT;;48;27;0;537;15911;22;11890
SSR;2018;590040267;590782678;SSR_A;;15;0;;150;3696;0;0
SSR;2018;590040267;590782678;SSR_A59;1;15;0;0;;3696;;0
SSR;2018;590040267;590782678;SSR_TOT;;15;0;0;150;3696;0;0
SSR;2018;590049565;780020715;SSR_A;;40;;;316;13024;42;0
SSR;2018;590049565;780020715;SSR_A50;1;40;;0;;13024;;0
SSR;2018;590049565;780020715;SSR_TOT;;40;;0;316;13024;42;0
SSR;2018;590780128;590000063;SSR_A;;54;18;;382;17424;64;3517
SSR;2018;590780128;590000063;SSR_A50;1;8;;0;;2688;;0
SSR;2018;590780128;590000063;SSR_A51;1;10;11;;;2883;;1446
SSR;2018;590780128;590000063;SSR_A52;1;30;7;0;;10229;;2071
SSR;2018;590780128;590000063;SSR_A55;1;6;;0;;1624;;0
SSR;2018;590780128;590000063;SSR_TOT;;54;18;0;382;17424;64;3517
SSR;2018;590780284;590051801;SSR_A;;26;;;258;5544;1;0
SSR;2018;590780284;590051801;SSR_A50;1;26;;0;;5544;;0
SSR;2018;590780284;590051801;SSR_A59;1;;;0;;0;;0
SSR;2018;590780284;590051801;SSR_TOT;;26;;0;258;5544;1;0
SSR;2018;590780383;590000204;SSR_A;;;7;;0;0;0;1695
SSR;2018;590780383;590000204;SSR_A54;1;;7;0;;0;;1695
SSR;2018;590780383;590000204;SSR_TOT;;;7;0;0;0;0;1695
SSR;2018;590781951;590053955;SSR_A;;40;;;612;15685;16;0
SSR;2018;590781951;590053955;SSR_A50;1;40;;0;;15685;;0
SSR;2018;590781951;590053955;SSR_TOT;;40;;0;612;15685;16;0
SSR;2018;590782181;590039863;SSR_A;;;35;;0;0;0;8447
SSR;2018;590782181;590039863;SSR_A51;1;;14;;;0;;2377
SSR;2018;590782181;590039863;SSR_A52;1;;21;0;;0;;6070
SSR;2018;590782181;590039863;SSR_TOT;;;35;0;0;0;0;8447
SSR;2018;590782280;590004552;SSR_A;;65;;;461;20530;72;0
SSR;2018;590782280;590004552;SSR_A50;1;10;;0;;3621;;0
SSR;2018;590782280;590004552;SSR_A59;1;55;;0;;16909;;0
SSR;2018;590782280;590004552;SSR_TOT;;65;;0;461;20530;72;0
SSR;2018;590782298;590000675;SSR_A;;44;;;497;15897;26;0
SSR;2018;590782298;590000675;SSR_A50;1;44;;0;;15897;;0
SSR;2018;590782298;590000675;SSR_TOT;;44;;0;497;15897;26;0
SSR;2018;590782546;590000733;SSR_A;;174;18;;2282;59809;70;8865
SSR;2018;590782546;590000733;SSR_A50;1;74;;0;;26579;;0
SSR;2018;590782546;590000733;SSR_A51;1;37;16;;;11998;;6281
SSR;2018;590782546;590000733;SSR_A55;1;18;2;0;;4905;;2584
SSR;2018;590782546;590000733;SSR_A59;1;45;;0;;16327;;0
SSR;2018;590782546;590000733;SSR_TOT;;174;18;0;2282;59809;70;8865
SSR;2018;590782611;750719239;SSR_E;;64;36;;1718;10872;15;11389
SSR;2018;590782611;750719239;SSR_E50;1;;;0;;0;;0
SSR;2018;590782611;750719239;SSR_E51;1;26;9;0;;4775;;2931
SSR;2018;590782611;750719239;SSR_E52;1;15;20;0;;2622;;7049
SSR;2018;590782611;750719239;SSR_E54;1;6;1;0;;970;;145
SSR;2018;590782611;750719239;SSR_E55;1;13;2;0;;2270;;295
SSR;2018;590782611;750719239;SSR_E56;1;2;1;0;;126;;53
SSR;2018;590782611;750719239;SSR_E57;1;2;3;0;;109;;916
SSR;2018;590782611;750719239;SSR_TOT;;64;36;0;1718;10872;15;11389
SSR;2018;590782694;750034589;SSR_A;;20;;;229;6999;3;0
SSR;2018;590782694;750034589;SSR_A50;1;20;;0;;6999;;0
SSR;2018;590782694;750034589;SSR_TOT;;20;;0;229;6999;3;0
SSR;2018;590783171;590000980;SSR_A;;72;;;725;24372;35;0
SSR;2018;590783171;590000980;SSR_A50;1;72;;0;;24372;;0
SSR;2018;590783171;590000980;SSR_TOT;;72;;0;725;24372;35;0
SSR;2018;590783189;590004552;SSR_A;;65;;;512;17902;38;0
SSR;2018;590783189;590004552;SSR_A50;1;15;;0;;10763;;0
SSR;2018;590783189;590004552;SSR_A59;1;50;;0;;7139;;0
SSR;2018;590783189;590004552;SSR_TOT;;65;;0;512;17902;38;0
SSR;2018;590784898;590780193;SSR_A;;127;19;;1803;35381;116;5784
SSR;2018;590784898;590780193;SSR_A50;1;13;;0;;5361;;0
SSR;2018;590784898;590780193;SSR_A51;1;29;5;;;8677;;1709
SSR;2018;590784898;590780193;SSR_A52;1;77;5;0;;20584;;3400
SSR;2018;590784898;590780193;SSR_A53;1;;4;0;;0;;573
SSR;2018;590784898;590780193;SSR_A55;1;8;5;0;;759;;102
SSR;2018;590784898;590780193;SSR_TOT;;127;19;0;1803;35381;116;5784
SSR;2018;590785374;620001834;SSR_A;;30;;;112;2185;1;0
SSR;2018;590785374;620001834;SSR_A50;1;10;;0;;316;;0
SSR;2018;590785374;620001834;SSR_A54;1;20;;0;;1869;;0
SSR;2018;590785374;620001834;SSR_TOT;;30;;0;112;2185;1;0
SSR;2018;590785424;930019484;SSR_E;;30;16;;622;5689;8;5774
SSR;2018;590785424;930019484;SSR_E50;1;0;2;0;;0;;51
SSR;2018;590785424;930019484;SSR_E51;1;3;2;0;;866;;436
SSR;2018;590785424;930019484;SSR_E52;1;12;8;0;;2026;;4307
SSR;2018;590785424;930019484;SSR_E54;1;1;0;0;;256;;0
SSR;2018;590785424;930019484;SSR_E55;1;12;1;0;;1983;;323
SSR;2018;590785424;930019484;SSR_E56;1;0;1;0;;0;;31
SSR;2018;590785424;930019484;SSR_E57;1;2;2;0;;558;;626
SSR;2018;590785424;930019484;SSR_TOT;;30;16;0;622;5689;8;5774
SSR;2018;590786984;620020859;SSR_A;;60;;;568;18607;29;0
SSR;2018;590786984;620020859;SSR_A50;1;;;0;;3965;;0
SSR;2018;590786984;620020859;SSR_A59;1;60;;0;;14642;;0
SSR;2018;590786984;620020859;SSR_TOT;;60;;0;568;18607;29;0
SSR;2018;590788865;590782421;SSR_A;;52;;;437;17349;44;0
SSR;2018;590788865;590782421;SSR_A50;1;52;;0;;17349;;0
SSR;2018;590788865;590782421;SSR_TOT;;52;;0;437;17349;44;0
SSR;2018;590790473;620020859;SSR_A;;60;;;585;19665;23;0
SSR;2018;590790473;620020859;SSR_A59;1;60;;0;;19665;;0
SSR;2018;590790473;620020859;SSR_TOT;;60;;0;585;19665;23;0
SSR;2018;590791091;590780193;SSR_A;;92;3;;753;28431;51;727
SSR;2018;590791091;590780193;SSR_A50;1;34;;0;;0;;727
SSR;2018;590791091;590780193;SSR_A59;1;58;3;0;;28431;;0
SSR;2018;590791091;590780193;SSR_TOT;;92;3;0;753;28431;51;727
SSR;2018;590791109;590002234;SSR_A;;52;;;401;16203;29;0
SSR;2018;590791109;590002234;SSR_A58;1;52;;0;;16203;;0
SSR;2018;590791109;590002234;SSR_TOT;;52;;0;401;16203;29;0
SSR;2018;590791323;590782637;SSR_A;;60;;;588;18791;20;0
SSR;2018;590791323;590782637;SSR_A50;1;15;;0;;5391;;0
SSR;2018;590791323;590782637;SSR_A59;1;45;;0;;13400;;0
SSR;2018;590791323;590782637;SSR_TOT;;60;;0;588;18791;20;0
SSR;2018;590791729;590781902;SSR_A;;74;;;915;24238;27;0
SSR;2018;590791729;590781902;SSR_A50;1;37;;0;;11948;;0
SSR;2018;590791729;590781902;SSR_A59;1;37;;0;;12290;;0
SSR;2018;590791729;590781902;SSR_TOT;;74;;0;915;24238;27;0
SSR;2018;590797346;620020859;SSR_A;;40;;;243;9619;19;0
SSR;2018;590797346;620020859;SSR_A50;1;40;;0;;9619;;0
SSR;2018;590797346;620020859;SSR_TOT;;40;;0;243;9619;19;0
SSR;2018;590797353;590051801;SSR_A;;22;;;347;6320;1;0
SSR;2018;590797353;590051801;SSR_A50;1;16;;0;;5091;;0
SSR;2018;590797353;590051801;SSR_A56;1;6;;0;;1229;;0
SSR;2018;590797353;590051801;SSR_A59;1;;;0;;0;;0
SSR;2018;590797353;590051801;SSR_TOT;;22;;0;347;6320;1;0
SSR;2018;590797387;590805628;SSR_A;;148;70;;1300;50959;149;22863
SSR;2018;590797387;590805628;SSR_A50;1;;;0;;0;;0
SSR;2018;590797387;590805628;SSR_A51;1;52;56;;;16595;;17895
SSR;2018;590797387;590805628;SSR_A52;1;96;14;0;;34364;;4968
SSR;2018;590797387;590805628;SSR_TOT;;148;70;0;1300;50959;149;22863
SSR;2018;590801106;590782421;SSR_A;;55;;;530;18034;38;0
SSR;2018;590801106;590782421;SSR_A50;1;;;0;;0;;0
SSR;2018;590801106;590782421;SSR_A59;1;55;;0;;18034;;0
SSR;2018;590801106;590782421;SSR_TOT;;55;;0;530;18034;38;0
SSR;2018;590806360;590003596;SSR_A;;188;70;;2139;56149;88;22875
SSR;2018;590806360;590003596;SSR_A50;1;54;;0;;17091;;0
SSR;2018;590806360;590003596;SSR_A53;1;37;56;0;;7298;;18641
SSR;2018;590806360;590003596;SSR_A54;1;15;14;0;;4150;;4234
SSR;2018;590806360;590003596;SSR_A58;1;35;;0;;10274;;0
SSR;2018;590806360;590003596;SSR_A59;1;47;;0;;17336;;0
SSR;2018;590806360;590003596;SSR_E53;1;;;0;;0;;0
SSR;2018;590806360;590003596;SSR_TOT;;188;70;0;2139;56149;88;22875
SSR;2018;590809703;590004552;SSR_A;;130;40;;1091;40923;94;15645
SSR;2018;590809703;590004552;SSR_A50;1;29;;0;;7710;;0
SSR;2018;590809703;590004552;SSR_A51;1;20;30;;;9205;;11113
SSR;2018;590809703;590004552;SSR_A52;1;35;10;0;;8588;;4532
SSR;2018;590809703;590004552;SSR_A59;1;46;;0;;15420;;0
SSR;2018;590809703;590004552;SSR_TOT;;130;40;0;1091;40923;94;15645
SSR;2018;590810784;590004685;SSR_A;;105;20;;1165;34392;74;13460
SSR;2018;590810784;590004685;SSR_A50;1;15;;1;;3895;;0
SSR;2018;590810784;590004685;SSR_A51;1;30;12;;;11797;;9663
SSR;2018;590810784;590004685;SSR_A52;1;30;8;1;;9732;;3797
SSR;2018;590810784;590004685;SSR_A59;1;30;;1;;8968;;0
SSR;2018;590810784;590004685;SSR_TOT;;105;20;1;1165;34392;74;13460
SSR;2018;590813507;590000485;SSR_A;;23;15;;283;7847;12;2966
SSR;2018;590813507;590000485;SSR_A51;1;23;15;;;7847;;2966
SSR;2018;590813507;590000485;SSR_TOT;;23;15;1;283;7847;12;2966
SSR;2018;590815056;590005492;SSR_A;;30;;;383;9397;4;0
SSR;2018;590815056;590005492;SSR_A50;1;30;;0;;9397;;0
SSR;2018;590815056;590005492;SSR_TOT;;30;;0;383;9397;4;0
SSR;2018;590817441;620003814;SSR_A;;58;12;;566;16335;26;4465
SSR;2018;590817441;620003814;SSR_A50;1;32;;0;;9573;;0
SSR;2018;590817441;620003814;SSR_A51;1;23;10;;;6680;;4163
SSR;2018;590817441;620003814;SSR_A52;1;3;2;0;;82;;302
SSR;2018;590817441;620003814;SSR_E51;1;;;0;;0;;0
SSR;2018;590817441;620003814;SSR_TOT;;58;12;0;566;16335;26;4465
SSR;2018;590817839;590053955;SSR_A;;86;;;740;27137;64;0
SSR;2018;590817839;590053955;SSR_A50;1;30;;0;;11206;;0
SSR;2018;590817839;590053955;SSR_A59;1;56;;0;;15931;;0
SSR;2018;590817839;590053955;SSR_TOT;;86;;0;740;27137;64;0
SSR;2018;600000020;600100085;SSR_A;;30;;;368;9954;2;0
SSR;2018;600000020;600100085;SSR_A50;1;30;;0;;9954;;0
SSR;2018;600000020;600100085;SSR_TOT;;30;;0;368;9954;2;0
SSR;2018;600000046;600100127;SSR_A;;40;;;300;11686;37;0
SSR;2018;600000046;600100127;SSR_A50;1;;;0;;0;;0
SSR;2018;600000046;600100127;SSR_A59;1;40;;0;;11686;;0
SSR;2018;600000046;600100127;SSR_TOT;;40;;0;300;11686;37;0
SSR;2018;600000053;600101984;SSR_A;;35;7;;433;12542;11;799
SSR;2018;600000053;600101984;SSR_A50;1;;;0;;0;;0
SSR;2018;600000053;600101984;SSR_A59;1;35;7;0;;12542;;799
SSR;2018;600000053;600101984;SSR_TOT;;35;7;0;433;12542;11;799
SSR;2018;600000152;600100572;SSR_A;;14;0;;167;5081;6;0
SSR;2018;600000152;600100572;SSR_A50;1;14;0;0;;5081;;0
SSR;2018;600000152;600100572;SSR_TOT;;14;0;0;167;5081;6;0
SSR;2018;600000186;600100648;SSR_A;;18;0;;243;6208;2;0
SSR;2018;600000186;600100648;SSR_A50;1;18;0;0;;6208;;0
SSR;2018;600000186;600100648;SSR_TOT;;18;0;0;243;6208;2;0
SSR;2018;600000194;600100713;SSR_A;;40;;;492;14038;3;0
SSR;2018;600000194;600100713;SSR_A50;1;;;0;;0;;0
SSR;2018;600000194;600100713;SSR_A59;1;40;;0;;14038;;0
SSR;2018;600000194;600100713;SSR_TOT;;40;;0;492;14038;3;0
SSR;2018;600000285;600100721;SSR_A;;57;;;395;11517;5;0
SSR;2018;600000285;600100721;SSR_A50;1;;;0;;0;;0
SSR;2018;600000285;600100721;SSR_A59;1;57;;0;;11517;;0
SSR;2018;600000285;600100721;SSR_TOT;;57;;0;395;11517;5;0
SSR;2018;600010094;600100580;SSR_A;;20;;;298;7130;0;0
SSR;2018;600010094;600100580;SSR_A50;1;;;0;;0;;0
SSR;2018;600010094;600100580;SSR_A59;1;20;;0;;7130;;0
SSR;2018;600010094;600100580;SSR_TOT;;20;;0;298;7130;0;0
SSR;2018;600100101;750712184;SSR_A;;60;5;;493;19613;41;1830
SSR;2018;600100101;750712184;SSR_A50;1;;;0;;0;;0
SSR;2018;600100101;750712184;SSR_A59;1;60;5;0;;19613;;1830
SSR;2018;600100101;750712184;SSR_TOT;;60;5;0;493;19613;41;1830
SSR;2018;600100184;920031598;SSR_A;;60;;;920;24495;11;0
SSR;2018;600100184;920031598;SSR_A50;1;60;;0;;24495;;0
SSR;2018;600100184;920031598;SSR_TOT;;60;;0;920;24495;11;0
SSR;2018;600100275;750034589;SSR_A;;120;0;;1006;35056;58;0
SSR;2018;600100275;750034589;SSR_A50;1;24;0;0;;9000;;0
SSR;2018;600100275;750034589;SSR_A59;1;96;0;0;;26056;;0
SSR;2018;600100275;750034589;SSR_TOT;;120;0;0;1006;35056;58;0
SSR;2018;600100283;750710428;SSR_A;;99;22;;1091;31728;43;7170
SSR;2018;600100283;750710428;SSR_A50;1;25;0;1;;8692;;0
SSR;2018;600100283;750710428;SSR_A51;1;40;15;;;12001;;5420
SSR;2018;600100283;750710428;SSR_A52;1;16;5;1;;5882;;1455
SSR;2018;600100283;750710428;SSR_A54;1;10;1;1;;2946;;258
SSR;2018;600100283;750710428;SSR_A58;1;8;1;1;;2207;;37
SSR;2018;600100283;750710428;SSR_TOT;;99;22;1;1091;31728;43;7170
SSR;2018;600100309;750721334;SSR_E;;52;50;;335;5118;3;8937
SSR;2018;600100309;750721334;SSR_E51;1;32;33;0;;4143;;3887
SSR;2018;600100309;750721334;SSR_E52;1;20;17;0;;975;;5050
SSR;2018;600100309;750721334;SSR_TOT;;52;50;0;335;5118;3;8937
SSR;2018;600100671;750034589;SSR_A;;102;18;;868;32935;74;4020
SSR;2018;600100671;750034589;SSR_A50;1;10;18;0;;946;;4020
SSR;2018;600100671;750034589;SSR_A51;1;73;;;;25158;;0
SSR;2018;600100671;750034589;SSR_A52;1;19;;0;;6831;;0
SSR;2018;600100671;750034589;SSR_TOT;;102;18;0;868;32935;74;4020
SSR;2018;600100754;600000228;SSR_A;;14;;;49;785;0;0
SSR;2018;600100754;600000228;SSR_A50;1;14;;0;;785;;0
SSR;2018;600100754;600000228;SSR_TOT;;14;;0;49;785;0;0
SSR;2018;600100796;750720609;SSR_A;;70;10;;509;20819;60;3426
SSR;2018;600100796;750720609;SSR_A50;1;;;0;;0;;0
SSR;2018;600100796;750720609;SSR_A51;1;40;5;;;13707;;2454
SSR;2018;600100796;750720609;SSR_A52;1;30;5;0;;7112;;972
SSR;2018;600100796;750720609;SSR_TOT;;70;10;0;509;20819;60;3426
SSR;2018;600100861;440052041;SSR_A;;120;10;;1052;43215;99;6090
SSR;2018;600100861;440052041;SSR_A50;1;33;;0;;5052;;0
SSR;2018;600100861;440052041;SSR_A52;1;66;10;0;;28025;;6090
SSR;2018;600100861;440052041;SSR_A59;1;21;;0;;10138;;0
SSR;2018;600100861;440052041;SSR_TOT;;120;10;0;1052;43215;99;6090
SSR;2018;600101679;590039863;SSR_A;;100;50;;656;27569;53;12443
SSR;2018;600101679;590039863;SSR_A50;1;20;0;0;;1384;;0
SSR;2018;600101679;590039863;SSR_A51;1;36;24;;;16276;;8408
SSR;2018;600101679;590039863;SSR_A52;1;30;20;0;;9047;;3577
SSR;2018;600101679;590039863;SSR_A55;1;14;6;0;;862;;458
SSR;2018;600101679;590039863;SSR_TOT;;100;50;0;656;27569;53;12443
SSR;2018;600101687;600010037;SSR_A;;40;;;386;13216;16;0
SSR;2018;600101687;600010037;SSR_A50;1;;;0;;0;;0
SSR;2018;600101687;600010037;SSR_A59;1;40;;0;;13216;;0
SSR;2018;600101687;600010037;SSR_TOT;;40;;0;386;13216;16;0
SSR;2018;600101943;750720609;SSR_A;;43;23;;577;12847;0;4089
SSR;2018;600101943;750720609;SSR_A50;1;;;0;;0;;0
SSR;2018;600101943;750720609;SSR_A53;1;38;23;0;;12793;;4089
SSR;2018;600101943;750720609;SSR_A55;1;5;;0;;54;;0
SSR;2018;600101943;750720609;SSR_TOT;;43;23;0;577;12847;0;4089
SSR;2018;600111124;600106611;SSR_A;;30;;;333;10128;9;0
SSR;2018;600111124;600106611;SSR_A59;1;30;;0;;10128;;0
SSR;2018;600111124;600106611;SSR_TOT;;30;;0;333;10128;9;0
SSR;2018;600113476;600100721;SSR_A;;40;3;;608;20928;56;867
SSR;2018;600113476;600100721;SSR_A51;1;2;;;;733;;0
SSR;2018;600113476;600100721;SSR_A52;1;8;3;0;;2739;;867
SSR;2018;600113476;600100721;SSR_A59;1;30;;0;;17456;;0
SSR;2018;600113476;600100721;SSR_TOT;;40;3;0;608;20928;56;867
SSR;2018;610000044;610780074;SSR_A;;29;;;371;9570;17;0
SSR;2018;610000044;610780074;SSR_A50;1;20;;1;;1697;;0
SSR;2018;610000044;610780074;SSR_A59;1;9;;1;;7873;;0
SSR;2018;610000044;610780074;SSR_TOT;;29;;0;371;9570;17;0
SSR;2018;610000051;610780082;SSR_A;;18;;;160;5964;3;0
SSR;2018;610000051;610780082;SSR_A59;1;18;;0;;5964;;0
SSR;2018;610000051;610780082;SSR_TOT;;18;;0;160;5964;3;0
SSR;2018;610000069;610780090;SSR_A;;25;;;418;8923;5;0
SSR;2018;610000069;610780090;SSR_A50;1;25;;0;;8923;;0
SSR;2018;610000069;610780090;SSR_TOT;;25;;0;418;8923;5;0
SSR;2018;610000077;610780124;SSR_A;;56;2;;592;18413;19;578
SSR;2018;610000077;610780124;SSR_A50;1;40;0;0;;13536;;0
SSR;2018;610000077;610780124;SSR_A58;1;16;2;0;;4877;;578
SSR;2018;610000077;610780124;SSR_TOT;;56;2;0;592;18413;19;578
SSR;2018;610000085;610780132;SSR_A;;22;;;215;6530;5;0
SSR;2018;610000085;610780132;SSR_A50;1;22;;0;;6530;;0
SSR;2018;610000085;610780132;SSR_TOT;;22;;0;215;6530;5;0
SSR;2018;610000093;610780140;SSR_A;;20;;;239;6784;8;0
SSR;2018;610000093;610780140;SSR_A50;1;20;;0;;6784;;0
SSR;2018;610000093;610780140;SSR_TOT;;20;;0;239;6784;8;0
SSR;2018;610000101;610780157;SSR_A;;30;;;410;8788;2;0
SSR;2018;610000101;610780157;SSR_A50;1;30;;0;;8788;;0
SSR;2018;610000101;610780157;SSR_TOT;;30;;0;410;8788;2;0
SSR;2018;610006421;610006413;SSR_A;;59;10;;708;18762;10;1990
SSR;2018;610006421;610006413;SSR_A50;1;36;;0;;12448;;0
SSR;2018;610006421;610006413;SSR_A54;1;23;10;0;;6314;;1990
SSR;2018;610006421;610006413;SSR_TOT;;59;10;0;708;18762;10;1990
SSR;2018;610008815;610780165;SSR_A;;20;;;106;1750;0;0
SSR;2018;610008815;610780165;SSR_A50;1;20;;1;;1750;;0
SSR;2018;610008815;610780165;SSR_TOT;;20;;0;106;1750;0;0
SSR;2018;610780108;610790594;SSR_A;;25;;;239;8198;17;0
SSR;2018;610780108;610790594;SSR_A50;1;25;;0;;8198;;0
SSR;2018;610780108;610790594;SSR_TOT;;25;;0;239;8198;17;0
SSR;2018;610780116;610790594;SSR_A;;55;;;454;15658;44;0
SSR;2018;610780116;610790594;SSR_A50;1;55;;0;;15658;;0
SSR;2018;610780116;610790594;SSR_TOT;;55;;0;454;15658;44;0
SSR;2018;610780371;760025734;SSR_A;;128;;;970;33115;65;0
SSR;2018;610780371;760025734;SSR_A50;1;54;;0;;11081;;0
SSR;2018;610780371;760025734;SSR_A59;1;74;;0;;22034;;0
SSR;2018;610780371;760025734;SSR_TOT;;128;;0;970;33115;65;0
SSR;2018;610780389;610787764;SSR_E;;42;25;;505;7807;8;4383
SSR;2018;610780389;610787764;SSR_E50;1;2;3;0;;538;;1048
SSR;2018;610780389;610787764;SSR_E51;1;13;6;0;;595;;802
SSR;2018;610780389;610787764;SSR_E52;1;13;13;0;;2401;;2476
SSR;2018;610780389;610787764;SSR_E54;1;2;1;0;;364;;1
SSR;2018;610780389;610787764;SSR_E55;1;12;2;0;;3909;;56
SSR;2018;610780389;610787764;SSR_TOT;;42;25;0;505;7807;8;4383
SSR;2018;610784423;610787285;SSR_A;;80;12;;861;26555;66;6283
SSR;2018;610784423;610787285;SSR_A50;1;;;0;;0;;0
SSR;2018;610784423;610787285;SSR_A51;1;48;6;;;16207;;2780
SSR;2018;610784423;610787285;SSR_A52;1;32;2;0;;10348;;1254
SSR;2018;610784423;610787285;SSR_A53;1;;4;0;;0;;2249
SSR;2018;610784423;610787285;SSR_E;;;1;;0;0;0;11
SSR;2018;610784423;610787285;SSR_E52;1;;1;0;;0;;11
SSR;2018;610784423;610787285;SSR_TOT;;80;13;0;861;26555;66;6294
SSR;2018;620000026;620003814;SSR_A;;147;15;;1686;40104;97;4253
SSR;2018;620000026;620003814;SSR_A50;1;99;;0;;25858;;0
SSR;2018;620000026;620003814;SSR_A51;1;48;;;;14246;;0
SSR;2018;620000026;620003814;SSR_A54;1;;15;0;;0;;4253
SSR;2018;620000026;620003814;SSR_E;;18;10;;197;2794;0;2133
SSR;2018;620000026;620003814;SSR_E51;1;18;2;0;;2794;;403
SSR;2018;620000026;620003814;SSR_E52;1;;8;0;;0;;1730
SSR;2018;620000026;620003814;SSR_TOT;;165;25;0;1883;42898;97;6386
SSR;2018;620000034;620100057;SSR_A;;24;6;;445;8328;1;2270
SSR;2018;620000034;620100057;SSR_A50;1;5;;0;;101;;0
SSR;2018;620000034;620100057;SSR_A53;1;;2;0;;0;;1174
SSR;2018;620000034;620100057;SSR_A54;1;;2;0;;0;;847
SSR;2018;620000034;620100057;SSR_A55;1;;2;0;;0;;249
SSR;2018;620000034;620100057;SSR_A59;1;19;;0;;8227;;0
SSR;2018;620000034;620100057;SSR_TOT;;24;6;0;445;8328;1;2270
SSR;2018;620000059;620100073;SSR_A;;55;;;652;16545;20;0
SSR;2018;620000059;620100073;SSR_A50;1;30;;0;;9111;;0
SSR;2018;620000059;620100073;SSR_A59;1;25;;0;;7434;;0
SSR;2018;620000059;620100073;SSR_TOT;;55;;0;652;16545;20;0
SSR;2018;620000067;620100081;SSR_A;;40;;;399;10760;4;0
SSR;2018;620000067;620100081;SSR_A50;1;;;0;;1718;;0
SSR;2018;620000067;620100081;SSR_A59;1;40;;0;;9042;;0
SSR;2018;620000067;620100081;SSR_TOT;;40;;0;399;10760;4;0
SSR;2018;620000117;620100461;SSR_A;;35;;;444;10855;1;0
SSR;2018;620000117;620100461;SSR_A50;1;20;;0;;6996;;0
SSR;2018;620000117;620100461;SSR_A58;1;15;;0;;3859;;0
SSR;2018;620000117;620100461;SSR_TOT;;35;;0;444;10855;1;0
SSR;2018;620000224;620100651;SSR_A;;38;20;;378;13471;27;7042
SSR;2018;620000224;620100651;SSR_A50;1;4;;0;;967;;0
SSR;2018;620000224;620100651;SSR_A53;1;;8;0;;0;;2315
SSR;2018;620000224;620100651;SSR_A54;1;3;8;0;;1056;;3366
SSR;2018;620000224;620100651;SSR_A55;1;;4;0;;0;;1361
SSR;2018;620000224;620100651;SSR_A59;1;31;;0;;11448;;0
SSR;2018;620000224;620100651;SSR_TOT;;38;20;0;378;13471;27;7042
SSR;2018;620000232;590780227;SSR_A;;50;;;504;15206;18;0
SSR;2018;620000232;590780227;SSR_A50;1;2;;0;;450;;0
SSR;2018;620000232;590780227;SSR_A58;1;20;;0;;4765;;0
SSR;2018;620000232;590780227;SSR_A59;1;28;;0;;9991;;0
SSR;2018;620000232;590780227;SSR_TOT;;50;;0;504;15206;18;0
SSR;2018;620000240;620100677;SSR_A;;50;;;418;16537;39;0
SSR;2018;620000240;620100677;SSR_A59;1;50;;0;;16537;;0
SSR;2018;620000240;620100677;SSR_TOT;;50;;0;418;16537;39;0
SSR;2018;620000299;620101295;SSR_A;;20;;;453;6264;0;0
SSR;2018;620000299;620101295;SSR_A50;1;20;;0;;6264;;0
SSR;2018;620000299;620101295;SSR_TOT;;20;;0;453;6264;0;0
SSR;2018;620000323;620101337;SSR_A;;90;10;;789;30048;74;5505
SSR;2018;620000323;620101337;SSR_A50;1;21;;0;;9204;;0
SSR;2018;620000323;620101337;SSR_A51;1;30;;;;10676;;0
SSR;2018;620000323;620101337;SSR_A53;1;2;8;0;;0;;5505
SSR;2018;620000323;620101337;SSR_A54;1;2;2;0;;0;;0
SSR;2018;620000323;620101337;SSR_A55;1;5;;0;;0;;0
SSR;2018;620000323;620101337;SSR_A59;1;30;;0;;10168;;0
SSR;2018;620000323;620101337;SSR_E;;2;;;0;0;0;0
SSR;2018;620000323;620101337;SSR_E50;1;2;;0;;0;;0
SSR;2018;620000323;620101337;SSR_TOT;;92;10;0;789;30048;74;5505
SSR;2018;620000349;620101360;SSR_A;;97;17;;1025;27626;39;4510
SSR;2018;620000349;620101360;SSR_A50;1;30;;0;;4456;;0
SSR;2018;620000349;620101360;SSR_A51;1;18;4;;;5250;;1044
SSR;2018;620000349;620101360;SSR_A52;1;12;3;0;;2512;;749
SSR;2018;620000349;620101360;SSR_A53;1;7;10;0;;1354;;2717
SSR;2018;620000349;620101360;SSR_A59;1;30;;0;;14054;;0
SSR;2018;620000349;620101360;SSR_TOT;;97;17;0;1025;27626;39;4510
SSR;2018;620000596;750820680;SSR_A;;40;;;225;8375;17;0
SSR;2018;620000596;750820680;SSR_A50;1;;;0;;0;;0
SSR;2018;620000596;750820680;SSR_A58;1;40;;0;;8375;;0
SSR;2018;620000596;750820680;SSR_TOT;;40;;0;225;8375;17;0
SSR;2018;620000653;620103440;SSR_A;;90;10;;1003;28395;31;1559
SSR;2018;620000653;620103440;SSR_A50;1;14;;0;;5128;;0
SSR;2018;620000653;620103440;SSR_A51;1;6;5;;;4558;;620
SSR;2018;620000653;620103440;SSR_A52;1;6;5;0;;5270;;939
SSR;2018;620000653;620103440;SSR_A56;1;2;;0;;201;;0
SSR;2018;620000653;620103440;SSR_A59;1;62;;0;;13238;;0
SSR;2018;620000653;620103440;SSR_TOT;;90;10;0;1003;28395;31;1559
SSR;2018;620003202;620103432;SSR_A;;40;;;538;13516;9;0
SSR;2018;620003202;620103432;SSR_A50;1;20;;1;;3508;;0
SSR;2018;620003202;620103432;SSR_A59;1;20;;0;;10008;;0
SSR;2018;620003202;620103432;SSR_TOT;;40;;0;538;13516;9;0
SSR;2018;620003350;620001834;SSR_A;;115;;;1089;35312;59;0
SSR;2018;620003350;620001834;SSR_A50;1;58;;0;;10425;;0
SSR;2018;620003350;620001834;SSR_A54;1;5;;0;;0;;0
SSR;2018;620003350;620001834;SSR_A56;1;2;;0;;0;;0
SSR;2018;620003350;620001834;SSR_A59;1;50;;0;;24887;;0
SSR;2018;620003350;620001834;SSR_TOT;;115;;0;1089;35312;59;0
SSR;2018;620003822;620003814;SSR_A;;103;26;;362;32955;146;7979
SSR;2018;620003822;620003814;SSR_A50;1;39;;0;;13580;;0
SSR;2018;620003822;620003814;SSR_A52;1;64;18;0;;19375;;5788
SSR;2018;620003822;620003814;SSR_A54;1;;8;0;;0;;2191
SSR;2018;620003822;620003814;SSR_TOT;;103;26;0;362;32955;146;7979
SSR;2018;620012948;620000265;SSR_A;;69;;;918;22587;14;0
SSR;2018;620012948;620000265;SSR_A50;1;41;;0;;9107;;0
SSR;2018;620012948;620000265;SSR_A59;1;28;;0;;13480;;0
SSR;2018;620012948;620000265;SSR_TOT;;69;;0;918;22587;14;0
SSR;2018;620025346;620001834;SSR_A;;30;;;313;6321;0;0
SSR;2018;620025346;620001834;SSR_A50;1;10;;0;;483;;0
SSR;2018;620025346;620001834;SSR_A59;1;20;;0;;5838;;0
SSR;2018;620025346;620001834;SSR_TOT;;30;;0;313;6321;0;0
SSR;2018;620026401;620024158;SSR_A;;40;20;;356;14219;21;5180
SSR;2018;620026401;620024158;SSR_A51;1;18;16;;;6389;;3561
SSR;2018;620026401;620024158;SSR_A52;1;22;4;0;;7830;;1619
SSR;2018;620026401;620024158;SSR_TOT;;40;20;0;356;14219;21;5180
SSR;2018;620027664;620003814;SSR_A;;245;55;;2441;68453;128;13435
SSR;2018;620027664;620003814;SSR_A50;1;;;0;;0;;0
SSR;2018;620027664;620003814;SSR_A51;1;101;45;;;28862;;8539
SSR;2018;620027664;620003814;SSR_A52;1;144;10;0;;39591;;4896
SSR;2018;620027664;620003814;SSR_TOT;;245;55;0;2441;68453;128;13435
SSR;2018;620100016;750712184;SSR_A;;200;0;;1111;64879;224;0
SSR;2018;620100016;750712184;SSR_A50;1;12;0;0;;3505;;0
SSR;2018;620100016;750712184;SSR_A52;1;92;0;0;;30044;;0
SSR;2018;620100016;750712184;SSR_A55;1;60;0;0;;19678;;0
SSR;2018;620100016;750712184;SSR_A59;1;36;0;0;;11652;;0
SSR;2018;620100016;750712184;SSR_TOT;;200;0;0;1111;64879;224;0
SSR;2018;620100099;620014779;SSR_A;;30;;;350;8170;1;0
SSR;2018;620100099;620014779;SSR_A50;1;30;;0;;8170;;0
SSR;2018;620100099;620014779;SSR_A51;1;;;;;0;;0
SSR;2018;620100099;620014779;SSR_A52;1;;;0;;0;;0
SSR;2018;620100099;620014779;SSR_A53;1;;;1;;0;;0
SSR;2018;620100099;620014779;SSR_A54;1;;;1;;0;;0
SSR;2018;620100099;620014779;SSR_A55;1;;;1;;0;;0
SSR;2018;620100099;620014779;SSR_A56;1;;;1;;0;;0
SSR;2018;620100099;620014779;SSR_A59;1;;;1;;0;;0
SSR;2018;620100099;620014779;SSR_TOT;;30;;1;350;8170;1;0
SSR;2018;620100487;620000125;SSR_A;;40;;;825;17260;20;0
SSR;2018;620100487;620000125;SSR_A50;1;20;;0;;6793;;0
SSR;2018;620100487;620000125;SSR_A59;1;20;;0;;10467;;0
SSR;2018;620100487;620000125;SSR_TOT;;40;;0;825;17260;20;0
SSR;2018;620100495;620000133;SSR_A;;86;;;960;30301;39;0
SSR;2018;620100495;620000133;SSR_A50;1;86;;0;;30301;;0
SSR;2018;620100495;620000133;SSR_TOT;;86;;0;960;30301;39;0
SSR;2018;620100842;620001834;SSR_A;;130;80;;1229;32564;70;18275
SSR;2018;620100842;620001834;SSR_A51;1;60;50;;;16542;;10947
SSR;2018;620100842;620001834;SSR_A52;1;30;10;0;;7206;;2416
SSR;2018;620100842;620001834;SSR_A53;1;40;20;0;;8816;;4912
SSR;2018;620100842;620001834;SSR_E53;1;;;0;;0;;0
SSR;2018;620100842;620001834;SSR_TOT;;130;80;0;1229;32564;70;18275
SSR;2018;620101311;620027763;SSR_A;;32;;;373;8694;10;0
SSR;2018;620101311;620027763;SSR_A50;1;32;;0;;8694;;0
SSR;2018;620101311;620027763;SSR_TOT;;32;;0;373;8694;10;0
SSR;2018;620102954;620020859;SSR_A;;60;;;467;18645;25;0
SSR;2018;620102954;620020859;SSR_A50;1;60;;0;;18645;;0
SSR;2018;620102954;620020859;SSR_TOT;;60;;0;467;18645;25;0
SSR;2018;620105940;620000950;SSR_A;;60;;;605;14184;3;0
SSR;2018;620105940;620000950;SSR_A50;1;30;;0;;8552;;0
SSR;2018;620105940;620000950;SSR_A51;1;30;;;;5632;;0
SSR;2018;620105940;620000950;SSR_TOT;;60;;0;605;14184;3;0
SSR;2018;620105973;590039863;SSR_A;;40;;;215;12541;41;0
SSR;2018;620105973;590039863;SSR_A50;1;6;;0;;1986;;0
SSR;2018;620105973;590039863;SSR_A52;1;34;;0;;10555;;0
SSR;2018;620105973;590039863;SSR_E;;50;15;;355;14459;50;3559
SSR;2018;620105973;590039863;SSR_E50;1;6;;0;;1555;;0
SSR;2018;620105973;590039863;SSR_E51;1;;6;0;;0;;1497
SSR;2018;620105973;590039863;SSR_E52;1;44;9;0;;12904;;2062
SSR;2018;620105973;590039863;SSR_TOT;;90;15;0;570;27000;91;3559
SSR;2018;620106088;620000976;SSR_A;;21;;;258;6958;2;0
SSR;2018;620106088;620000976;SSR_A50;1;21;;0;;6958;;0
SSR;2018;620106088;620000976;SSR_TOT;;21;;0;258;6958;2;0
SSR;2018;620106203;620020859;SSR_A;;60;;;386;14732;29;0
SSR;2018;620106203;620020859;SSR_A50;1;60;;0;;14732;;0
SSR;2018;620106203;620020859;SSR_TOT;;60;;0;386;14732;29;0
SSR;2018;620112656;620100057;SSR_A;;12;6;;379;2728;0;3331
SSR;2018;620112656;620100057;SSR_A58;1;12;6;0;;2728;;3331
SSR;2018;620112656;620100057;SSR_A59;1;;;0;;0;;0
SSR;2018;620112656;620100057;SSR_TOT;;12;6;0;379;2728;0;3331
SSR;2018;620117606;620020859;SSR_A;;45;0;;338;11609;17;0
SSR;2018;620117606;620020859;SSR_A50;1;45;0;0;;11609;;0
SSR;2018;620117606;620020859;SSR_TOT;;45;0;0;338;11609;17;0
SSR;2018;620118513;620002915;SSR_A;;10;15;;100;1679;0;5946
SSR;2018;620118513;620002915;SSR_A53;1;6;8;0;;1622;;4375
SSR;2018;620118513;620002915;SSR_A55;1;4;7;0;;57;;1571
SSR;2018;620118513;620002915;SSR_TOT;;10;15;0;100;1679;0;5946
SSR;2018;630000016;630180032;SSR_A;;30;;;305;8488;6;0
SSR;2018;630000016;630180032;SSR_A50;1;30;;0;;8488;;0
SSR;2018;630000016;630180032;SSR_TOT;;30;;0;305;8488;6;0
SSR;2018;630000131;630003168;SSR_A;;100;20;;1316;29905;8;5935
SSR;2018;630000131;630003168;SSR_A50;1;25;;0;;972;;0
SSR;2018;630000131;630003168;SSR_A53;1;60;15;0;;22931;;5059
SSR;2018;630000131;630003168;SSR_A54;1;15;5;0;;6002;;876
SSR;2018;630000131;630003168;SSR_TOT;;100;20;0;1316;29905;8;5935
SSR;2018;630000149;630780302;SSR_A;;151;;;1034;49091;154;0
SSR;2018;630000149;630780302;SSR_A50;1;40;;0;;11378;;0
SSR;2018;630000149;630780302;SSR_A51;1;38;;;;13545;;0
SSR;2018;630000149;630780302;SSR_A52;1;38;;0;;13465;;0
SSR;2018;630000149;630780302;SSR_A58;1;35;;0;;10703;;0
SSR;2018;630000149;630780302;SSR_TOT;;151;;0;1034;49091;154;0
SSR;2018;630000412;630780997;SSR_A;;44;;;543;12692;8;0
SSR;2018;630000412;630780997;SSR_A50;1;44;;0;;12692;;0
SSR;2018;630000412;630780997;SSR_TOT;;44;;0;543;12692;8;0
SSR;2018;630000446;630781029;SSR_A;;24;;;464;7832;0;0
SSR;2018;630000446;630781029;SSR_A50;1;24;;1;;7832;;0
SSR;2018;630000446;630781029;SSR_TOT;;24;;0;464;7832;0;0
SSR;2018;630000487;630781136;SSR_A;;47;30;;438;15734;33;10139
SSR;2018;630000487;630781136;SSR_A50;1;;;0;;5914;;3827
SSR;2018;630000487;630781136;SSR_A51;1;32;24;;;7713;;5540
SSR;2018;630000487;630781136;SSR_A52;1;15;6;0;;2107;;772
SSR;2018;630000487;630781136;SSR_TOT;;47;30;0;438;15734;33;10139
SSR;2018;630000560;630781367;SSR_A;;26;;;200;7722;13;0
SSR;2018;630000560;630781367;SSR_A50;1;26;;0;;7722;;0
SSR;2018;630000560;630781367;SSR_TOT;;26;;0;200;7722;13;0
SSR;2018;630010510;920030269;SSR_A;;90;;;921;35636;61;0
SSR;2018;630010510;920030269;SSR_A50;1;60;;0;;17641;;0
SSR;2018;630010510;920030269;SSR_A59;1;30;;0;;17995;;0
SSR;2018;630010510;920030269;SSR_TOT;;90;;0;921;35636;61;0
SSR;2018;630011211;690795331;SSR_A;;;7;;0;0;0;1407
SSR;2018;630011211;690795331;SSR_A50;1;;7;0;;0;;1407
SSR;2018;630011211;690795331;SSR_TOT;;;7;0;0;0;0;1407
SSR;2018;630011823;870015336;SSR_A;;;10;;0;0;0;5785
SSR;2018;630011823;870015336;SSR_A50;1;;10;0;;0;;5785
SSR;2018;630011823;870015336;SSR_E;;;10;;0;0;0;713
SSR;2018;630011823;870015336;SSR_E50;1;;10;0;;0;;713
SSR;2018;630011823;870015336;SSR_TOT;;;20;0;0;0;0;6498
SSR;2018;630780179;630011534;SSR_A;;78;0;;738;23563;33;0
SSR;2018;630780179;630011534;SSR_A50;1;78;0;1;;23563;;0
SSR;2018;630780179;630011534;SSR_TOT;;78;0;0;738;23563;33;0
SSR;2018;630780310;920030269;SSR_A;;80;10;;872;28884;45;4018
SSR;2018;630780310;920030269;SSR_A50;1;50;10;0;;14180;;4018
SSR;2018;630780310;920030269;SSR_A59;1;30;;0;;14704;;0
SSR;2018;630780310;920030269;SSR_TOT;;80;10;0;872;28884;45;4018
SSR;2018;630780526;630009991;SSR_A;;60;;;457;18907;61;0
SSR;2018;630780526;630009991;SSR_A50;1;50;;0;;16191;;0
SSR;2018;630780526;630009991;SSR_A56;1;10;;0;;2716;;0
SSR;2018;630780526;630009991;SSR_TOT;;60;;0;457;18907;61;0
SSR;2018;630780559;870015336;SSR_E;;52;;;416;11523;0;0
SSR;2018;630780559;870015336;SSR_E50;1;52;;0;;11523;;0
SSR;2018;630780559;870015336;SSR_TOT;;52;;0;416;11523;0;0
SSR;2018;630781433;630000362;SSR_E;;50;;;242;4840;0;0
SSR;2018;630781433;630000362;SSR_E50;1;50;;1;;4840;;0
SSR;2018;630781433;630000362;SSR_TOT;;50;;0;242;4840;0;0
SSR;2018;630781755;630011518;SSR_A;;36;0;;156;10284;27;0
SSR;2018;630781755;630011518;SSR_A50;1;36;0;0;;10284;;0
SSR;2018;630781755;630011518;SSR_E;;66;44;;457;10957;25;5477
SSR;2018;630781755;630011518;SSR_E50;1;25;24;0;;3510;;503
SSR;2018;630781755;630011518;SSR_E52;1;41;20;0;;7447;;4974
SSR;2018;630781755;630011518;SSR_TOT;;102;44;0;613;21241;52;5477
SSR;2018;630783348;750050916;SSR_A;;81;6;;488;23359;94;1797
SSR;2018;630783348;750050916;SSR_A52;1;81;6;0;;23359;;1797
SSR;2018;630783348;750050916;SSR_TOT;;81;6;0;488;23359;94;1797
SSR;2018;630783538;630780989;SSR_A;;66;15;;519;17397;24;5390
SSR;2018;630783538;630780989;SSR_A50;1;2;1;0;;506;;180
SSR;2018;630783538;630780989;SSR_A51;1;17;10;;;5168;;3620
SSR;2018;630783538;630780989;SSR_A52;1;14;4;0;;4551;;1590
SSR;2018;630783538;630780989;SSR_A59;1;33;;0;;7172;;0
SSR;2018;630783538;630780989;SSR_TOT;;66;15;0;519;17397;24;5390
SSR;2018;630785756;630001188;SSR_A;;100;;;897;33004;69;0
SSR;2018;630785756;630001188;SSR_A50;1;100;;0;;33004;;0
SSR;2018;630785756;630001188;SSR_TOT;;100;;0;897;33004;69;0
SSR;2018;640000402;640780813;SSR_A;;38;;;446;11894;11;0
SSR;2018;640000402;640780813;SSR_A52;1;14;;0;;4090;;0
SSR;2018;640000402;640780813;SSR_A59;1;24;;0;;7804;;0
SSR;2018;640000402;640780813;SSR_TOT;;38;;0;446;11894;11;0
SSR;2018;640000410;640780821;SSR_A;;17;;;179;4709;3;0
SSR;2018;640000410;640780821;SSR_A50;1;17;;0;;4709;;0
SSR;2018;640000410;640780821;SSR_TOT;;17;;0;179;4709;3;0
SSR;2018;640000428;640780839;SSR_A;;25;0;;278;7736;6;0
SSR;2018;640000428;640780839;SSR_A50;1;25;0;0;;7736;;0
SSR;2018;640000428;640780839;SSR_TOT;;25;0;0;278;7736;6;0
SSR;2018;640000600;640781290;SSR_A;;131;8;;1149;38640;90;2326
SSR;2018;640000600;640781290;SSR_A50;1;53;6;1;;15642;;1294
SSR;2018;640000600;640781290;SSR_A51;1;;;;;0;;0
SSR;2018;640000600;640781290;SSR_A52;1;;;0;;0;;0
SSR;2018;640000600;640781290;SSR_A59;1;78;2;1;;22998;;1032
SSR;2018;640000600;640781290;SSR_TOT;;131;8;0;1149;38640;90;2326
SSR;2018;640005591;920030269;SSR_A;;78;;;1227;28471;8;0
SSR;2018;640005591;920030269;SSR_A50;1;78;;0;;28471;;0
SSR;2018;640005591;920030269;SSR_TOT;;78;;0;1227;28471;8;0
SSR;2018;640010518;640010468;SSR_A;;76;;;807;27732;44;0
SSR;2018;640010518;640010468;SSR_A50;1;13;;0;;3712;;0
SSR;2018;640010518;640010468;SSR_A55;1;40;;0;;16816;;0
SSR;2018;640010518;640010468;SSR_A59;1;23;;0;;7204;;0
SSR;2018;640010518;640010468;SSR_TOT;;76;;0;807;27732;44;0
SSR;2018;640017224;330050899;SSR_A;;21;;;293;7958;2;0
SSR;2018;640017224;330050899;SSR_A50;1;;;0;;0;;0
SSR;2018;640017224;330050899;SSR_A59;1;21;;1;;7958;;0
SSR;2018;640017224;330050899;SSR_TOT;;21;;0;293;7958;2;0
SSR;2018;640780185;640000089;SSR_A;;80;25;;774;27820;49;7298
SSR;2018;640780185;640000089;SSR_A50;1;;0;0;;0;;3
SSR;2018;640780185;640000089;SSR_A51;1;44;16;;;17312;;4321
SSR;2018;640780185;640000089;SSR_A52;1;36;9;0;;10508;;2974
SSR;2018;640780185;640000089;SSR_E;;;;;1;78;0;8
SSR;2018;640780185;640000089;SSR_E50;1;;;0;;0;;0
SSR;2018;640780185;640000089;SSR_E51;1;;;0;;0;;3
SSR;2018;640780185;640000089;SSR_E52;1;;;0;;78;;5
SSR;2018;640780185;640000089;SSR_TOT;;80;25;0;775;27898;49;7306
SSR;2018;640780490;640000212;SSR_A;;;14;;0;0;0;7035
SSR;2018;640780490;640000212;SSR_A50;1;;;0;;0;;0
SSR;2018;640780490;640000212;SSR_A53;1;;14;0;;0;;7035
SSR;2018;640780490;640000212;SSR_TOT;;;14;0;0;0;0;7035
SSR;2018;640780557;640000238;SSR_A;;140;4;;1202;32766;9;1550
SSR;2018;640780557;640000238;SSR_A50;1;;;0;;0;;0
SSR;2018;640780557;640000238;SSR_A53;1;40;2;0;;7749;;650
SSR;2018;640780557;640000238;SSR_A54;1;100;2;0;;25017;;900
SSR;2018;640780557;640000238;SSR_TOT;;140;4;0;1202;32766;9;1550
SSR;2018;640780581;640000253;SSR_A;;65;;;747;22934;8;0
SSR;2018;640780581;640000253;SSR_A50;1;28;;0;;10022;;0
SSR;2018;640780581;640000253;SSR_A54;1;37;;0;;12912;;0
SSR;2018;640780581;640000253;SSR_TOT;;65;;0;747;22934;8;0
SSR;2018;640780607;330050899;SSR_A;;66;;;850;24560;25;0
SSR;2018;640780607;330050899;SSR_A50;1;66;;0;;24560;;0
SSR;2018;640780607;330050899;SSR_TOT;;66;;0;850;24560;25;0
SSR;2018;640780623;640000287;SSR_A;;48;3;;541;15880;18;1229
SSR;2018;640780623;640000287;SSR_A50;1;3;;0;;1049;;0
SSR;2018;640780623;640000287;SSR_A54;1;30;3;0;;9945;;1229
SSR;2018;640780623;640000287;SSR_A56;1;15;;0;;4886;;0
SSR;2018;640780623;640000287;SSR_TOT;;48;3;0;541;15880;18;1229
SSR;2018;640780631;640000295;SSR_A;;117;2;;1184;36370;30;837
SSR;2018;640780631;640000295;SSR_A50;1;;;0;;0;;0
SSR;2018;640780631;640000295;SSR_A53;1;41;1;0;;12900;;662
SSR;2018;640780631;640000295;SSR_A54;1;76;1;0;;23470;;175
SSR;2018;640780631;640000295;SSR_TOT;;117;2;0;1184;36370;30;837
SSR;2018;640780649;640000303;SSR_A;;64;;;832;24451;25;0
SSR;2018;640780649;640000303;SSR_A50;1;26;;0;;701;;0
SSR;2018;640780649;640000303;SSR_A54;1;38;;0;;23750;;0
SSR;2018;640780649;640000303;SSR_TOT;;64;;0;832;24451;25;0
SSR;2018;640780672;640000337;SSR_A;;102;7;;1263;40366;84;3987
SSR;2018;640780672;640000337;SSR_A50;1;;;0;;0;;0
SSR;2018;640780672;640000337;SSR_A51;1;54;5;;;21118;;2678
SSR;2018;640780672;640000337;SSR_A52;1;45;2;0;;17927;;1309
SSR;2018;640780672;640000337;SSR_A57;1;3;;0;;1321;;0
SSR;2018;640780672;640000337;SSR_E;;1;1;;6;211;0;128
SSR;2018;640780672;640000337;SSR_E50;1;;;0;;0;;0
SSR;2018;640780672;640000337;SSR_E51;1;1;1;0;;164;;86
SSR;2018;640780672;640000337;SSR_E52;1;;;0;;47;;42
SSR;2018;640780672;640000337;SSR_TOT;;103;8;0;1269;40577;84;4115
SSR;2018;640780714;130001431;SSR_A;;50;15;;463;16801;20;2177
SSR;2018;640780714;130001431;SSR_A50;1;15;;0;;3366;;0
SSR;2018;640780714;130001431;SSR_A58;1;5;5;0;;1316;;526
SSR;2018;640780714;130001431;SSR_A59;1;30;10;0;;12119;;1651
SSR;2018;640780714;130001431;SSR_TOT;;50;15;0;463;16801;20;2177
SSR;2018;640780755;640780417;SSR_A;;60;12;;628;20149;40;2302
SSR;2018;640780755;640780417;SSR_A50;1;;;0;;0;;0
SSR;2018;640780755;640780417;SSR_A52;1;22;10;0;;7089;;2220
SSR;2018;640780755;640780417;SSR_A59;1;38;2;0;;13060;;82
SSR;2018;640780755;640780417;SSR_TOT;;60;12;0;628;20149;40;2302
SSR;2018;640780904;750721334;SSR_E;;20;6;;290;3705;10;3103
SSR;2018;640780904;750721334;SSR_E50;1;4;1;0;;647;;263
SSR;2018;640780904;750721334;SSR_E51;1;1;1;0;;287;;710
SSR;2018;640780904;750721334;SSR_E52;1;15;4;0;;2771;;2130
SSR;2018;640780904;750721334;SSR_TOT;;20;6;0;290;3705;10;3103
SSR;2018;640781175;640790374;SSR_E;;20;;;39;746;0;0
SSR;2018;640781175;640790374;SSR_E50;1;20;;0;;746;;0
SSR;2018;640781175;640790374;SSR_TOT;;20;;0;39;746;0;0
SSR;2018;640781225;640000568;SSR_A;;30;28;;455;9860;0;6124
SSR;2018;640781225;640000568;SSR_A50;1;2;;0;;359;;0
SSR;2018;640781225;640000568;SSR_A53;1;28;15;0;;9501;;4925
SSR;2018;640781225;640000568;SSR_A54;1;;13;0;;0;;1199
SSR;2018;640781225;640000568;SSR_TOT;;30;28;0;455;9860;0;6124
SSR;2018;640781340;640000451;SSR_A;;40;0;;688;14217;2;0
SSR;2018;640781340;640000451;SSR_A50;1;40;0;0;;14217;;0
SSR;2018;640781340;640000451;SSR_TOT;;40;0;0;688;14217;2;0
SSR;2018;640787149;640001681;SSR_A;;60;23;;715;16358;7;7300
SSR;2018;640787149;640001681;SSR_A50;1;;;0;;0;;0
SSR;2018;640787149;640001681;SSR_A51;1;60;23;;;13961;;6438
SSR;2018;640787149;640001681;SSR_A52;1;;;0;;2397;;862
SSR;2018;640787149;640001681;SSR_E;;;;;4;57;0;149
SSR;2018;640787149;640001681;SSR_E50;1;;;0;;0;;0
SSR;2018;640787149;640001681;SSR_E51;1;;;0;;57;;149
SSR;2018;640787149;640001681;SSR_TOT;;60;23;0;719;16415;7;7449
SSR;2018;640787156;640001699;SSR_A;;30;;;265;7861;3;0
SSR;2018;640787156;640001699;SSR_A50;1;6;;0;;1704;;0
SSR;2018;640787156;640001699;SSR_A59;1;24;;0;;6157;;0
SSR;2018;640787156;640001699;SSR_TOT;;30;;0;265;7861;3;0
SSR;2018;640789426;640003497;SSR_A;;80;;;1091;29934;8;0
SSR;2018;640789426;640003497;SSR_A50;1;80;;1;;29934;;0
SSR;2018;640789426;640003497;SSR_TOT;;80;;0;1091;29934;8;0
SSR;2018;640789624;640016614;SSR_A;;20;;;210;7247;2;0
SSR;2018;640789624;640016614;SSR_A50;1;;;0;;110;;0
SSR;2018;640789624;640016614;SSR_A59;1;20;;0;;7137;;0
SSR;2018;640789624;640016614;SSR_TOT;;20;;0;210;7247;2;0
SSR;2018;640790150;750712184;SSR_A;;320;;;1262;106009;253;0
SSR;2018;640790150;750712184;SSR_A50;1;234;;0;;75018;;0
SSR;2018;640790150;750712184;SSR_A52;1;50;;0;;18008;;0
SSR;2018;640790150;750712184;SSR_A55;1;36;;0;;12983;;0
SSR;2018;640790150;750712184;SSR_TOT;;320;;0;1262;106009;253;0
SSR;2018;640792305;640000626;SSR_A;;15;;;118;4590;7;0
SSR;2018;640792305;640000626;SSR_A50;1;15;;0;;4590;;0
SSR;2018;640792305;640000626;SSR_TOT;;15;;0;118;4590;7;0
SSR;2018;650000045;650780158;SSR_A;;50;;;463;16504;32;0
SSR;2018;650000045;650780158;SSR_A50;1;25;;0;;8453;;0
SSR;2018;650000045;650780158;SSR_A59;1;25;;0;;8051;;0
SSR;2018;650000045;650780158;SSR_TOT;;50;;0;463;16504;32;0
SSR;2018;650000052;650780166;SSR_A;;187;41;;1582;51213;103;12473
SSR;2018;650000052;650780166;SSR_A50;1;20;2;0;;4654;;127
SSR;2018;650000052;650780166;SSR_A51;1;68;31;;;22248;;10363
SSR;2018;650000052;650780166;SSR_A52;1;79;8;0;;17533;;1983
SSR;2018;650000052;650780166;SSR_A59;1;20;;0;;6778;;0
SSR;2018;650000052;650780166;SSR_TOT;;187;41;0;1582;51213;103;12473
SSR;2018;650000060;650780174;SSR_A;;18;;;102;2574;0;0
SSR;2018;650000060;650780174;SSR_A50;1;;;0;;0;;0
SSR;2018;650000060;650780174;SSR_A59;1;18;;0;;2574;;0
SSR;2018;650000060;650780174;SSR_TOT;;18;;0;102;2574;0;0
SSR;2018;650000078;650780190;SSR_A;;88;;;948;28016;21;0
SSR;2018;650000078;650780190;SSR_A50;1;53;;0;;15683;;0
SSR;2018;650000078;650780190;SSR_A54;1;20;;0;;6108;;0
SSR;2018;650000078;650780190;SSR_A58;1;15;;0;;6225;;0
SSR;2018;650000078;650780190;SSR_TOT;;88;;0;948;28016;21;0
SSR;2018;650002579;650000243;SSR_A;;32;;;467;9241;0;0
SSR;2018;650002579;650000243;SSR_A50;1;32;;0;;9241;;0
SSR;2018;650002579;650000243;SSR_TOT;;32;;0;467;9241;0;0
SSR;2018;650780141;650783160;SSR_A;;40;;;518;12745;6;0
SSR;2018;650780141;650783160;SSR_A50;1;20;;0;;881;;0
SSR;2018;650780141;650783160;SSR_A59;1;20;;0;;11864;;0
SSR;2018;650780141;650783160;SSR_TOT;;40;;0;518;12745;6;0
SSR;2018;650780182;650783160;SSR_A;;43;;;459;14746;28;0
SSR;2018;650780182;650783160;SSR_A50;1;23;;0;;10582;;0
SSR;2018;650780182;650783160;SSR_A59;1;20;;0;;4164;;0
SSR;2018;650780182;650783160;SSR_TOT;;43;;0;459;14746;28;0
SSR;2018;650780323;650000128;SSR_E;;64;;;755;17970;2;0
SSR;2018;650780323;650000128;SSR_E50;1;;;0;;0;;0
SSR;2018;650780323;650000128;SSR_E55;1;64;;0;;17970;;0
SSR;2018;650780323;650000128;SSR_TOT;;64;;0;755;17970;2;0
SSR;2018;650780398;750005068;SSR_A;;96;;;993;32780;49;0
SSR;2018;650780398;750005068;SSR_A50;1;96;;1;;32780;;0
SSR;2018;650780398;750005068;SSR_TOT;;96;;0;993;32780;49;0
SSR;2018;650780679;650000243;SSR_A;;;12;;0;0;0;1138
SSR;2018;650780679;650000243;SSR_A53;1;;12;0;;0;;1138
SSR;2018;650780679;650000243;SSR_TOT;;;12;0;0;0;0;1138
SSR;2018;660000084;660780180;SSR_A;;36;;;452;12498;7;0
SSR;2018;660000084;660780180;SSR_A50;1;;;0;;0;;0
SSR;2018;660000084;660780180;SSR_A59;1;36;;0;;12498;;0
SSR;2018;660000084;660780180;SSR_TOT;;36;;0;452;12498;7;0
SSR;2018;660000167;660780271;SSR_A;;20;;;278;7042;1;0
SSR;2018;660000167;660780271;SSR_A50;1;;;0;;0;;0
SSR;2018;660000167;660780271;SSR_A59;1;20;;0;;7042;;0
SSR;2018;660000167;660780271;SSR_TOT;;20;;0;278;7042;1;0
SSR;2018;660000605;660786799;SSR_A;;75;;;476;24788;102;0
SSR;2018;660000605;660786799;SSR_A50;1;;;0;;0;;0
SSR;2018;660000605;660786799;SSR_A51;1;15;;;;2188;;0
SSR;2018;660000605;660786799;SSR_A52;1;60;;1;;22600;;0
SSR;2018;660000605;660786799;SSR_TOT;;75;;1;476;24788;102;0
SSR;2018;660005166;660786542;SSR_A;;55;;;596;20763;36;0
SSR;2018;660005166;660786542;SSR_A50;1;20;;0;;7616;;0
SSR;2018;660005166;660786542;SSR_A59;1;35;;0;;13147;;0
SSR;2018;660005166;660786542;SSR_TOT;;55;;0;596;20763;36;0
SSR;2018;660009689;660010059;SSR_A;;57;10;;488;16618;23;583
SSR;2018;660009689;660010059;SSR_A50;1;37;10;0;;11071;;583
SSR;2018;660009689;660010059;SSR_A59;1;20;;0;;5547;;0
SSR;2018;660009689;660010059;SSR_TOT;;57;10;0;488;16618;23;583
SSR;2018;660010174;660786799;SSR_A;;;13;;0;0;0;5131
SSR;2018;660010174;660786799;SSR_A50;1;;;0;;0;;0
SSR;2018;660010174;660786799;SSR_A51;0;;;;;0;;1617
SSR;2018;660010174;660786799;SSR_A52;1;;13;0;;0;;3514
SSR;2018;660010174;660786799;SSR_TOT;;;13;0;0;0;0;5131
SSR;2018;660010349;590799730;SSR_E;;40;2;;332;8306;0;484
SSR;2018;660010349;590799730;SSR_E50;1;40;2;0;;8306;;484
SSR;2018;660010349;590799730;SSR_TOT;;40;2;0;332;8306;0;484
SSR;2018;660010422;590799730;SSR_E;;;20;;0;0;0;153
SSR;2018;660010422;590799730;SSR_E50;1;;20;0;;0;;153
SSR;2018;660010422;590799730;SSR_TOT;;;20;0;0;0;0;153
SSR;2018;660780099;660000043;SSR_A;;53;;;499;17614;33;0
SSR;2018;660780099;660000043;SSR_A50;1;53;;0;;17614;;0
SSR;2018;660780099;660000043;SSR_TOT;;53;;0;499;17614;33;0
SSR;2018;660780149;590799730;SSR_E;;0;;;121;3399;1;0
SSR;2018;660780149;590799730;SSR_E50;1;0;;0;;3399;;0
SSR;2018;660780149;590799730;SSR_TOT;;0;;0;121;3399;1;0
SSR;2018;660780156;340015171;SSR_A;;96;0;;1110;28929;4;0
SSR;2018;660780156;340015171;SSR_A50;1;46;0;0;;15532;;0
SSR;2018;660780156;340015171;SSR_A55;1;50;0;0;;13397;;0
SSR;2018;660780156;340015171;SSR_TOT;;96;0;0;1110;28929;4;0
SSR;2018;660780172;660786799;SSR_A;;50;1;;659;15198;7;1162
SSR;2018;660780172;660786799;SSR_A50;1;20;;0;;6938;;0
SSR;2018;660780172;660786799;SSR_A53;1;30;1;0;;8260;;1162
SSR;2018;660780172;660786799;SSR_TOT;;50;1;0;659;15198;7;1162
SSR;2018;660780321;590799730;SSR_E;;136;2;;691;24578;;161
SSR;2018;660780321;590799730;SSR_E50;1;136;2;0;;24578;;161
SSR;2018;660780321;590799730;SSR_TOT;;136;2;0;691;24578;;161
SSR;2018;660780347;660000183;SSR_A;;118;;;1433;39107;0;0
SSR;2018;660780347;660000183;SSR_A54;1;118;;0;;39107;;0
SSR;2018;660780347;660000183;SSR_TOT;;118;;0;1433;39107;0;0
SSR;2018;660780370;660786799;SSR_A;;50;;;485;14294;18;0
SSR;2018;660780370;660786799;SSR_A50;1;50;;1;;14294;;0
SSR;2018;660780370;660786799;SSR_TOT;;50;;0;485;14294;18;0
SSR;2018;660780537;590799730;SSR_E;;0;;;100;3103;2;0
SSR;2018;660780537;590799730;SSR_E50;1;0;;0;;3103;;0
SSR;2018;660780537;590799730;SSR_TOT;;0;;0;100;3103;2;0
SSR;2018;660780636;920031788;SSR_A;;152;;;1165;47577;118;0
SSR;2018;660780636;920031788;SSR_A51;1;108;;;;35569;;0
SSR;2018;660780636;920031788;SSR_A52;1;44;;0;;12008;;0
SSR;2018;660780636;920031788;SSR_TOT;;152;;0;1165;47577;118;0
SSR;2018;660780743;660000373;SSR_A;;124;;;1289;44987;99;0
SSR;2018;660780743;660000373;SSR_A50;1;37;;0;;13375;;0
SSR;2018;660780743;660000373;SSR_A59;1;87;;0;;31612;;0
SSR;2018;660780743;660000373;SSR_TOT;;124;;0;1289;44987;99;0
SSR;2018;660780800;920030269;SSR_A;;80;;;619;21836;5;0
SSR;2018;660780800;920030269;SSR_A50;1;;;0;;0;;0
SSR;2018;660780800;920030269;SSR_A54;1;80;;0;;21836;;0
SSR;2018;660780800;920030269;SSR_TOT;;80;;0;619;21836;5;0
SSR;2018;660780842;660000431;SSR_A;;68;;;639;22014;0;0
SSR;2018;660780842;660000431;SSR_A50;1;;;0;;0;;0
SSR;2018;660780842;660000431;SSR_A58;1;68;;0;;22014;;0
SSR;2018;660780842;660000431;SSR_TOT;;68;;0;639;22014;0;0
SSR;2018;660781097;660000506;SSR_A;;42;;;390;14231;37;0
SSR;2018;660781097;660000506;SSR_A50;1;7;;0;;1898;;0
SSR;2018;660781097;660000506;SSR_A59;1;35;;0;;12333;;0
SSR;2018;660781097;660000506;SSR_TOT;;42;;0;390;14231;37;0
SSR;2018;660781287;660000621;SSR_A;;107;;;960;34996;69;0
SSR;2018;660781287;660000621;SSR_A50;1;1;;0;;47;;0
SSR;2018;660781287;660000621;SSR_A51;1;69;;;;22819;;0
SSR;2018;660781287;660000621;SSR_A52;1;37;;0;;12130;;0
SSR;2018;660781287;660000621;SSR_TOT;;107;;0;960;34996;69;0
SSR;2018;660790163;920031796;SSR_A;;185;10;;1822;62137;111;13018
SSR;2018;660790163;920031796;SSR_A51;1;101;6;;;30664;;8407
SSR;2018;660790163;920031796;SSR_A52;1;26;1;0;;10615;;1295
SSR;2018;660790163;920031796;SSR_A53;1;36;2;0;;13511;;2746
SSR;2018;660790163;920031796;SSR_A54;1;22;1;0;;7347;;570
SSR;2018;660790163;920031796;SSR_TOT;;185;10;0;1822;62137;111;13018
SSR;2018;660790387;660790379;SSR_A;;;8;;0;0;0;3232
SSR;2018;660790387;660790379;SSR_A50;1;;;0;;0;;0
SSR;2018;660790387;660790379;SSR_A53;1;;3;0;;0;;1232
SSR;2018;660790387;660790379;SSR_A54;1;;5;0;;0;;2000
SSR;2018;660790387;660790379;SSR_TOT;;;8;0;0;0;0;3232
SSR;2018;670000041;670780071;SSR_A;;25;4;;356;8424;0;1357
SSR;2018;670000041;670780071;SSR_A50;1;25;4;0;;8424;;1357
SSR;2018;670000041;670780071;SSR_TOT;;25;4;0;356;8424;0;1357
SSR;2018;670000157;670780337;SSR_A;;30;;;407;10413;2;0
SSR;2018;670000157;670780337;SSR_A50;1;15;;0;;5166;;0
SSR;2018;670000157;670780337;SSR_A59;1;15;;0;;5247;;0
SSR;2018;670000157;670780337;SSR_TOT;;30;;0;407;10413;2;0
SSR;2018;670000165;670780345;SSR_A;;22;6;;313;7612;1;543
SSR;2018;670000165;670780345;SSR_A58;1;;3;0;;0;;0
SSR;2018;670000165;670780345;SSR_A59;1;22;3;0;;7612;;543
SSR;2018;670000165;670780345;SSR_TOT;;22;6;0;313;7612;1;543
SSR;2018;670000215;680000643;SSR_A;;86;;;1116;24268;4;0
SSR;2018;670000215;680000643;SSR_A50;1;86;;0;;24268;;0
SSR;2018;670000215;680000643;SSR_TOT;;86;;0;1116;24268;4;0
SSR;2018;670000249;680000643;SSR_A;;55;4;;347;14549;27;1044
SSR;2018;670000249;680000643;SSR_A50;1;;;0;;0;;0
SSR;2018;670000249;680000643;SSR_A58;1;55;4;0;;14549;;1044
SSR;2018;670000249;680000643;SSR_TOT;;55;4;0;347;14549;27;1044
SSR;2018;670000272;670780543;SSR_A;;25;12;;423;8596;3;3842
SSR;2018;670000272;670780543;SSR_A50;1;25;;0;;8596;;0
SSR;2018;670000272;670780543;SSR_A53;1;;12;0;;0;;3842
SSR;2018;670000272;670780543;SSR_TOT;;25;12;0;423;8596;3;3842
SSR;2018;670000306;670780584;SSR_A;;60;4;;557;19850;11;1611
SSR;2018;670000306;670780584;SSR_A50;1;15;;0;;69;;0
SSR;2018;670000306;670780584;SSR_A59;1;45;4;0;;19781;;1611
SSR;2018;670000306;670780584;SSR_TOT;;60;4;0;557;19850;11;1611
SSR;2018;670000348;670780642;SSR_A;;30;4;;207;7251;14;1439
SSR;2018;670000348;670780642;SSR_A50;1;30;4;0;;7251;;1439
SSR;2018;670000348;670780642;SSR_TOT;;30;4;0;207;7251;14;1439
SSR;2018;670000371;670780675;SSR_A;;20;0;;241;6982;8;0
SSR;2018;670000371;670780675;SSR_A50;1;20;0;0;;6982;;0
SSR;2018;670000371;670780675;SSR_TOT;;20;0;0;241;6982;8;0
SSR;2018;670000413;670780717;SSR_A;;25;;;347;8941;3;0
SSR;2018;670000413;670780717;SSR_A50;1;25;;0;;8941;;0
SSR;2018;670000413;670780717;SSR_TOT;;25;;0;347;8941;3;0
SSR;2018;670002278;920030269;SSR_A;;101;;;1002;34972;74;0
SSR;2018;670002278;920030269;SSR_A50;1;101;;0;;34972;;0
SSR;2018;670002278;920030269;SSR_TOT;;101;;0;1002;34972;74;0
SSR;2018;670014042;670013754;SSR_A;;;10;;0;0;0;4282
SSR;2018;670014042;670013754;SSR_A50;1;;10;0;;0;;4282
SSR;2018;670014042;670013754;SSR_TOT;;;10;0;0;0;0;4282
SSR;2018;670014992;670780139;SSR_A;;39;;;389;12352;17;0
SSR;2018;670014992;670780139;SSR_A50;1;10;;0;;3501;;0
SSR;2018;670014992;670780139;SSR_A56;1;29;;0;;8851;;0
SSR;2018;670014992;670780139;SSR_TOT;;39;;0;389;12352;17;0
SSR;2018;670016153;670013754;SSR_A;;25;;;295;7863;6;0
SSR;2018;670016153;670013754;SSR_A50;1;25;;0;;7863;;0
SSR;2018;670016153;670013754;SSR_TOT;;25;;0;295;7863;6;0
SSR;2018;670017458;670017441;SSR_A;;33;;;412;8445;3;0
SSR;2018;670017458;670017441;SSR_A50;1;33;;0;;8445;;0
SSR;2018;670017458;670017441;SSR_TOT;;33;;0;412;8445;3;0
SSR;2018;670018449;670792340;SSR_A;;;35;;0;0;0;4671
SSR;2018;670018449;670792340;SSR_A50;1;;35;0;;0;;4671
SSR;2018;670018449;670792340;SSR_TOT;;;35;0;0;0;0;4671
SSR;2018;670780121;670013754;SSR_A;;75;102;;784;25020;49;28973
SSR;2018;670780121;670013754;SSR_A51;1;50;77;;;16703;;19104
SSR;2018;670780121;670013754;SSR_A52;1;25;25;0;;8317;;9869
SSR;2018;670780121;670013754;SSR_E;;7;10;;239;1508;0;4067
SSR;2018;670780121;670013754;SSR_E50;1;7;10;0;;1508;;4067
SSR;2018;670780121;670013754;SSR_TOT;;82;112;0;1023;26528;49;33040
SSR;2018;670780170;670000116;SSR_A;;;30;;0;0;0;12303
SSR;2018;670780170;670000116;SSR_A50;1;;;0;;0;;0
SSR;2018;670780170;670000116;SSR_A53;1;;30;1;;0;;12303
SSR;2018;670780170;670000116;SSR_TOT;;;30;0;0;0;0;12303
SSR;2018;670780501;670792415;SSR_A;;65;;;446;22566;125;0
SSR;2018;670780501;670792415;SSR_A50;1;;;0;;;;0
SSR;2018;670780501;670792415;SSR_A58;1;65;;0;;22566;;0
SSR;2018;670780501;670792415;SSR_TOT;;65;;0;446;22566;125;0
SSR;2018;670780550;670013754;SSR_A;;97;30;;775;29885;69;12010
SSR;2018;670780550;670013754;SSR_A50;1;8;;0;;2878;;0
SSR;2018;670780550;670013754;SSR_A51;1;40;12;;;11991;;4432
SSR;2018;670780550;670013754;SSR_A52;1;49;8;0;;15016;;3579
SSR;2018;670780550;670013754;SSR_A55;1;;10;0;;0;;3999
SSR;2018;670780550;670013754;SSR_TOT;;97;30;0;775;29885;69;12010
SSR;2018;670780592;670013754;SSR_A;;55;;;533;16462;23;0
SSR;2018;670780592;670013754;SSR_A50;1;55;;0;;16462;;0
SSR;2018;670780592;670013754;SSR_TOT;;55;;0;533;16462;23;0
SSR;2018;670780600;670013754;SSR_A;;60;;;648;21104;19;0
SSR;2018;670780600;670013754;SSR_A50;1;60;;0;;21104;;0
SSR;2018;670780600;670013754;SSR_TOT;;60;;0;648;21104;19;0
SSR;2018;670780873;670013754;SSR_A;;50;;;347;13734;38;0
SSR;2018;670780873;670013754;SSR_A50;1;50;;0;;13734;;0
SSR;2018;670780873;670013754;SSR_A55;0;;;1;;0;;0
SSR;2018;670780873;670013754;SSR_TOT;;50;;0;347;13734;38;0
SSR;2018;670780915;670013754;SSR_A;;75;6;;858;26380;19;0
SSR;2018;670780915;670013754;SSR_A50;1;20;;0;;0;;0
SSR;2018;670780915;670013754;SSR_A54;1;55;6;0;;26380;;0
SSR;2018;670780915;670013754;SSR_TOT;;75;6;0;858;26380;19;0
SSR;2018;670781129;670013754;SSR_A;;78;30;;688;24129;81;11429
SSR;2018;670781129;670013754;SSR_A50;1;;;0;;0;;0
SSR;2018;670781129;670013754;SSR_A52;1;48;;0;;15762;;3
SSR;2018;670781129;670013754;SSR_A53;1;14;15;0;;3301;;5593
SSR;2018;670781129;670013754;SSR_A55;1;16;15;0;;5066;;5833
SSR;2018;670781129;670013754;SSR_TOT;;78;30;0;688;24129;81;11429
SSR;2018;670783133;670780055;SSR_A;;118;;;1218;39859;53;0
SSR;2018;670783133;670780055;SSR_A50;1;;;0;;0;;0
SSR;2018;670783133;670780055;SSR_A59;1;118;;0;;39859;;0
SSR;2018;670783133;670780055;SSR_TOT;;118;;0;1218;39859;53;0
SSR;2018;670792027;670792340;SSR_A;;;0;;0;0;0;949
SSR;2018;670792027;670792340;SSR_A50;1;;0;0;;0;;949
SSR;2018;670792027;670792340;SSR_TOT;;;0;0;0;0;0;949
SSR;2018;670797539;670014604;SSR_A;;39;5;;363;9270;3;629
SSR;2018;670797539;670014604;SSR_A50;1;10;;0;;2465;;0
SSR;2018;670797539;670014604;SSR_A59;1;29;5;0;;6805;;629
SSR;2018;670797539;670014604;SSR_TOT;;39;5;0;363;9270;3;629
SSR;2018;670798420;670792340;SSR_A;;;0;;0;0;0;1123
SSR;2018;670798420;670792340;SSR_A50;1;;0;0;;0;;1123
SSR;2018;670798420;670792340;SSR_TOT;;;0;0;0;0;0;1123
SSR;2018;670798636;670014604;SSR_A;;;5;;0;0;0;683
SSR;2018;670798636;670014604;SSR_A50;1;;5;1;;0;;683
SSR;2018;670798636;670014604;SSR_TOT;;;5;0;0;0;0;683
SSR;2018;680000031;680020336;SSR_A;;26;;;285;8581;1;0
SSR;2018;680000031;680020336;SSR_A50;1;26;;0;;8581;;0
SSR;2018;680000031;680020336;SSR_TOT;;26;;0;285;8581;1;0
SSR;2018;680000072;670013754;SSR_A;;60;0;;416;13362;19;0
SSR;2018;680000072;670013754;SSR_A50;1;60;0;0;;13362;;0
SSR;2018;680000072;670013754;SSR_TOT;;60;0;0;416;13362;19;0
SSR;2018;680000122;680020336;SSR_A;;32;10;;374;10547;3;2233
SSR;2018;680000122;680020336;SSR_A50;1;;10;0;;0;;2233
SSR;2018;680000122;680020336;SSR_A59;1;32;;0;;10547;;0
SSR;2018;680000122;680020336;SSR_TOT;;32;10;0;374;10547;3;2233
SSR;2018;680000130;680000353;SSR_A;;70;57;;557;20259;51;20373
SSR;2018;680000130;680000353;SSR_A51;1;25;21;;;6689;;8757
SSR;2018;680000130;680000353;SSR_A52;1;45;24;0;;13570;;6328
SSR;2018;680000130;680000353;SSR_A53;1;;12;0;;0;;5288
SSR;2018;680000130;680000353;SSR_TOT;;70;57;0;557;20259;51;20373
SSR;2018;680000189;680000643;SSR_A;;90;;;1202;33192;22;0
SSR;2018;680000189;680000643;SSR_A50;1;90;;0;;33192;;0
SSR;2018;680000189;680000643;SSR_TOT;;90;;0;1202;33192;22;0
SSR;2018;680000221;670781293;SSR_A;;30;;;313;10482;4;0
SSR;2018;680000221;670781293;SSR_A50;1;30;;0;;10482;;0
SSR;2018;680000221;670781293;SSR_TOT;;30;;0;313;10482;4;0
SSR;2018;680000247;670013754;SSR_A;;77;30;;1040;22479;13;11929
SSR;2018;680000247;670013754;SSR_A50;1;3;;0;;624;;0
SSR;2018;680000247;670013754;SSR_A53;1;45;6;0;;13343;;3430
SSR;2018;680000247;670013754;SSR_A54;1;29;6;0;;8512;;2163
SSR;2018;680000247;670013754;SSR_A55;1;;18;0;;0;;6336
SSR;2018;680000247;670013754;SSR_TOT;;77;30;0;1040;22479;13;11929
SSR;2018;680000296;670013754;SSR_A;;25;0;;308;8251;3;0
SSR;2018;680000296;670013754;SSR_A50;1;25;0;0;;8251;;0
SSR;2018;680000296;670013754;SSR_TOT;;25;0;0;308;8251;3;0
SSR;2018;680000312;680015963;SSR_A;;45;;;270;14743;52;0
SSR;2018;680000312;680015963;SSR_A50;1;45;;0;;14743;;0
SSR;2018;680000312;680015963;SSR_TOT;;45;;0;270;14743;52;0
SSR;2018;680000544;680020336;SSR_A;;25;5;;300;8714;3;1703
SSR;2018;680000544;680020336;SSR_A50;1;25;5;0;;8714;;1703
SSR;2018;680000544;680020336;SSR_TOT;;25;5;0;300;8714;3;1703
SSR;2018;680000577;680000411;SSR_A;;50;15;;558;17055;14;3484
SSR;2018;680000577;680000411;SSR_A50;1;50;6;0;;17055;;1189
SSR;2018;680000577;680000411;SSR_A58;1;0;9;0;;0;;2295
SSR;2018;680000577;680000411;SSR_TOT;;50;15;0;558;17055;14;3484
SSR;2018;680000601;680020336;SSR_A;;24;;;220;5478;6;0
SSR;2018;680000601;680020336;SSR_A50;1;;;0;;0;;0
SSR;2018;680000601;680020336;SSR_A56;1;24;;0;;5478;;0
SSR;2018;680000601;680020336;SSR_TOT;;24;;0;220;5478;6;0
SSR;2018;680000684;680000973;SSR_A;;20;10;;220;6570;7;4274
SSR;2018;680000684;680000973;SSR_A51;1;10;5;;;2724;;1448
SSR;2018;680000684;680000973;SSR_A52;1;10;5;0;;3846;;2826
SSR;2018;680000684;680000973;SSR_TOT;;20;10;0;220;6570;7;4274
SSR;2018;680000692;680000981;SSR_A;;20;;;222;6550;9;0
SSR;2018;680000692;680000981;SSR_A50;1;20;;0;;6550;;0
SSR;2018;680000692;680000981;SSR_TOT;;20;;0;222;6550;9;0
SSR;2018;680000700;680001005;SSR_A;;22;8;;268;6977;2;1873
SSR;2018;680000700;680001005;SSR_A50;1;22;8;0;;6977;;1873
SSR;2018;680000700;680001005;SSR_TOT;;22;8;0;268;6977;2;1873
SSR;2018;680000742;680001054;SSR_A;;20;;;257;6718;2;0
SSR;2018;680000742;680001054;SSR_A50;1;20;;0;;6718;;0
SSR;2018;680000742;680001054;SSR_TOT;;20;;0;257;6718;2;0
SSR;2018;680000767;680001088;SSR_A;;24;;;223;7431;9;0
SSR;2018;680000767;680001088;SSR_A50;1;24;;0;;7431;;0
SSR;2018;680000767;680001088;SSR_TOT;;24;;0;223;7431;9;0
SSR;2018;680000783;680001112;SSR_A;;53;;;505;16583;24;0
SSR;2018;680000783;680001112;SSR_A50;1;53;;0;;16583;;0
SSR;2018;680000783;680001112;SSR_TOT;;53;;0;505;16583;24;0
SSR;2018;680000833;680001138;SSR_A;;25;5;;328;8461;1;1302
SSR;2018;680000833;680001138;SSR_A50;1;25;5;0;;8461;;1302
SSR;2018;680000833;680001138;SSR_TOT;;25;5;0;328;8461;1;1302
SSR;2018;680001237;670013754;SSR_A;;108;;;971;31536;40;0
SSR;2018;680001237;670013754;SSR_A50;1;79;;0;;23979;;0
SSR;2018;680001237;670013754;SSR_A55;1;29;;0;;7557;;0
SSR;2018;680001237;670013754;SSR_TOT;;108;;0;971;31536;40;0
SSR;2018;680001310;670013754;SSR_A;;80;0;;687;19286;13;0
SSR;2018;680001310;670013754;SSR_A50;1;80;0;0;;19286;;0
SSR;2018;680001310;670013754;SSR_TOT;;80;0;0;687;19286;13;0
SSR;2018;680001328;750005068;SSR_A;;206;;;2201;67734;93;0
SSR;2018;680001328;750005068;SSR_A50;1;86;;0;;25577;;0
SSR;2018;680001328;750005068;SSR_A51;1;45;;;;15418;;0
SSR;2018;680001328;750005068;SSR_A52;1;25;;0;;9393;;0
SSR;2018;680001328;750005068;SSR_A55;1;50;;0;;17346;;0
SSR;2018;680001328;750005068;SSR_TOT;;206;;0;2201;67734;93;0
SSR;2018;680001617;680000643;SSR_A;;30;7;;371;8566;3;2123
SSR;2018;680001617;680000643;SSR_A50;1;;;0;;0;;0
SSR;2018;680001617;680000643;SSR_A59;1;30;7;0;;8566;;2123
SSR;2018;680001617;680000643;SSR_TOT;;30;7;0;371;8566;3;2123
SSR;2018;680004058;670013754;SSR_A;;;30;;0;0;0;10003
SSR;2018;680004058;670013754;SSR_A51;1;;15;;;0;;5150
SSR;2018;680004058;670013754;SSR_A52;1;;15;0;;0;;4853
SSR;2018;680004058;670013754;SSR_TOT;;;30;0;0;0;0;10003
SSR;2018;680004546;680020336;SSR_A;;78;20;;595;24048;59;7721
SSR;2018;680004546;680020336;SSR_A50;1;78;20;0;;181;;437
SSR;2018;680004546;680020336;SSR_A51;1;;0;;;8059;;1686
SSR;2018;680004546;680020336;SSR_A52;1;;0;0;;15808;;5598
SSR;2018;680004546;680020336;SSR_E;;6;6;;32;528;0;1219
SSR;2018;680004546;680020336;SSR_E50;1;6;6;0;;24;;6
SSR;2018;680004546;680020336;SSR_E51;1;;;0;;303;;151
SSR;2018;680004546;680020336;SSR_E52;1;;;0;;146;;988
SSR;2018;680004546;680020336;SSR_E55;1;;;0;;55;;74
SSR;2018;680004546;680020336;SSR_TOT;;84;26;0;627;24576;59;8940
SSR;2018;680004553;680020336;SSR_A;;60;9;;850;19646;43;2691
SSR;2018;680004553;680020336;SSR_A59;1;60;9;0;;19646;;2691
SSR;2018;680004553;680020336;SSR_TOT;;60;9;0;850;19646;43;2691
SSR;2018;680004579;680000973;SSR_A;;69;10;;576;24336;77;1262
SSR;2018;680004579;680000973;SSR_A50;1;9;;0;;3201;;0
SSR;2018;680004579;680000973;SSR_A56;1;10;;0;;3266;;0
SSR;2018;680004579;680000973;SSR_A59;1;50;10;0;;17869;;1262
SSR;2018;680004579;680000973;SSR_TOT;;69;10;0;576;24336;77;1262
SSR;2018;680020096;680020336;SSR_A;;30;;;272;8984;8;0
SSR;2018;680020096;680020336;SSR_A50;1;30;;0;;8984;;0
SSR;2018;680020096;680020336;SSR_TOT;;30;;0;272;8984;8;0
SSR;2018;680020427;680014495;SSR_A;;30;;;262;10302;15;0
SSR;2018;680020427;680014495;SSR_A50;1;30;;0;;10302;;0
SSR;2018;680020427;680014495;SSR_TOT;;30;;0;262;10302;15;0
SSR;2018;690000013;690780036;SSR_A;;49;;;459;13210;18;0
SSR;2018;690000013;690780036;SSR_A50;1;49;;0;;13210;;0
SSR;2018;690000013;690780036;SSR_TOT;;49;;0;459;13210;18;0
SSR;2018;690000021;690780044;SSR_A;;32;;;303;9251;10;0
SSR;2018;690000021;690780044;SSR_A50;1;32;;0;;9251;;0
SSR;2018;690000021;690780044;SSR_TOT;;32;;0;303;9251;10;0
SSR;2018;690000039;690780051;SSR_A;;30;;;267;9141;7;0
SSR;2018;690000039;690780051;SSR_A50;1;30;;0;;9141;;0
SSR;2018;690000039;690780051;SSR_TOT;;30;;0;267;9141;7;0
SSR;2018;690000047;690780069;SSR_A;;35;;;315;8945;9;0
SSR;2018;690000047;690780069;SSR_A50;1;35;;0;;8945;;0
SSR;2018;690000047;690780069;SSR_TOT;;35;;0;315;8945;9;0
SSR;2018;690000054;690780077;SSR_A;;25;0;;334;8464;0;0
SSR;2018;690000054;690780077;SSR_A50;1;25;0;0;;8464;;0
SSR;2018;690000054;690780077;SSR_TOT;;25;0;0;334;8464;0;0
SSR;2018;690000062;690780085;SSR_A;;20;;;209;6024;4;0
SSR;2018;690000062;690780085;SSR_A50;1;20;;0;;6024;;0
SSR;2018;690000062;690780085;SSR_TOT;;20;;0;209;6024;4;0
SSR;2018;690000088;690780101;SSR_A;;24;;;218;7179;23;0
SSR;2018;690000088;690780101;SSR_A50;1;24;;1;;7179;;0
SSR;2018;690000088;690780101;SSR_TOT;;24;;0;218;7179;23;0
SSR;2018;690000245;690780432;SSR_A;;80;;;1484;26278;6;0
SSR;2018;690000245;690780432;SSR_A50;1;;;0;;0;;0
SSR;2018;690000245;690780432;SSR_A59;1;80;;0;;26278;;0
SSR;2018;690000245;690780432;SSR_TOT;;80;;0;1484;26278;6;0
SSR;2018;690000401;920028560;SSR_A;;133;;;901;43424;141;0
SSR;2018;690000401;920028560;SSR_A50;1;53;;0;;18434;;0
SSR;2018;690000401;920028560;SSR_A51;1;20;;;;5917;;0
SSR;2018;690000401;920028560;SSR_A52;1;35;;0;;12380;;0
SSR;2018;690000401;920028560;SSR_A57;1;25;;0;;6693;;0
SSR;2018;690000401;920028560;SSR_TOT;;133;;0;901;43424;141;0
SSR;2018;690000427;750721334;SSR_A;;198;15;;2301;39700;27;6727
SSR;2018;690000427;750721334;SSR_A50;1;60;0;0;;5658;;0
SSR;2018;690000427;750721334;SSR_A51;1;79;13;;;29045;;5849
SSR;2018;690000427;750721334;SSR_A52;1;29;2;0;;1423;;878
SSR;2018;690000427;750721334;SSR_A59;1;30;;0;;3574;;0
SSR;2018;690000427;750721334;SSR_E;;35;10;;645;8242;5;4494
SSR;2018;690000427;750721334;SSR_E50;1;;;0;;0;;0
SSR;2018;690000427;750721334;SSR_E51;1;15;5;0;;3459;;2214
SSR;2018;690000427;750721334;SSR_E52;1;20;5;0;;4783;;2280
SSR;2018;690000427;750721334;SSR_TOT;;233;25;0;2946;47942;32;11221
SSR;2018;690000583;690782230;SSR_A;;43;;;434;14323;25;0
SSR;2018;690000583;690782230;SSR_A50;1;43;;0;;14323;;0
SSR;2018;690000583;690782230;SSR_TOT;;43;;0;434;14323;25;0
SSR;2018;690000591;690782248;SSR_A;;31;;;332;8173;7;0
SSR;2018;690000591;690782248;SSR_A50;1;31;;0;;8173;;0
SSR;2018;690000591;690782248;SSR_TOT;;31;;0;332;8173;7;0
SSR;2018;690000609;690043237;SSR_A;;0;;;34;874;0;0
SSR;2018;690000609;690043237;SSR_A50;1;0;;0;;874;;0
SSR;2018;690000609;690043237;SSR_TOT;;0;;0;34;874;0;0
SSR;2018;690000625;690782271;SSR_A;;30;;;423;10715;14;0
SSR;2018;690000625;690782271;SSR_A50;1;30;;0;;10715;;0
SSR;2018;690000625;690782271;SSR_TOT;;30;;0;423;10715;14;0
SSR;2018;690000633;690043237;SSR_A;;77;;;848;24578;13;0
SSR;2018;690000633;690043237;SSR_A50;1;77;;1;;24578;;0
SSR;2018;690000633;690043237;SSR_TOT;;77;;0;848;24578;13;0
SSR;2018;690000773;690782925;SSR_A;;120;5;;1158;44187;107;1273
SSR;2018;690000773;690782925;SSR_A59;1;120;5;0;;44187;;1273
SSR;2018;690000773;690782925;SSR_TOT;;120;5;0;1158;44187;107;1273
SSR;2018;690001524;690787338;SSR_A;;74;4;;1504;23041;22;236
SSR;2018;690001524;690787338;SSR_A50;1;;;0;;0;;0
SSR;2018;690001524;690787338;SSR_A52;1;74;4;0;;23041;;236
SSR;2018;690001524;690787338;SSR_TOT;;74;4;0;1504;23041;22;236
SSR;2018;690010848;690000450;SSR_A;;80;20;;773;31365;88;6897
SSR;2018;690010848;690000450;SSR_A50;1;0;;0;;0;;0
SSR;2018;690010848;690000450;SSR_A52;1;59;20;0;;22383;;6897
SSR;2018;690010848;690000450;SSR_A59;1;21;;0;;8982;;0
SSR;2018;690010848;690000450;SSR_TOT;;80;20;0;773;31365;88;6897
SSR;2018;690012109;690027008;SSR_A;;46;30;;667;14688;2;20886
SSR;2018;690012109;690027008;SSR_A50;1;0;5;0;;0;;3330
SSR;2018;690012109;690027008;SSR_A51;1;16;10;;;5290;;7307
SSR;2018;690012109;690027008;SSR_A52;1;4;6;0;;1166;;4013
SSR;2018;690012109;690027008;SSR_A53;1;26;7;0;;8232;;4827
SSR;2018;690012109;690027008;SSR_A54;1;;2;0;;0;;1409
SSR;2018;690012109;690027008;SSR_TOT;;46;30;0;667;14688;2;20886
SSR;2018;690025366;690000450;SSR_A;;40;30;;660;16828;6;10940
SSR;2018;690025366;690000450;SSR_A50;1;;;0;;0;;0
SSR;2018;690025366;690000450;SSR_A51;1;40;30;;;16828;;10940
SSR;2018;690025366;690000450;SSR_TOT;;40;30;1;660;16828;6;10940
SSR;2018;690030119;920030269;SSR_A;;100;;;960;33987;63;0
SSR;2018;690030119;920030269;SSR_A50;1;100;;0;;33987;;0
SSR;2018;690030119;920030269;SSR_A51;1;;;;;0;;0
SSR;2018;690030119;920030269;SSR_A55;1;;;0;;0;;0
SSR;2018;690030119;920030269;SSR_A59;1;;;0;;0;;0
SSR;2018;690030119;920030269;SSR_TOT;;100;;0;960;33987;63;0
SSR;2018;690030283;750056335;SSR_A;;117;15;;1116;41474;106;9540
SSR;2018;690030283;750056335;SSR_A50;1;40;;0;;10250;;0
SSR;2018;690030283;750056335;SSR_A51;1;17;5;;;8371;;489
SSR;2018;690030283;750056335;SSR_A52;1;37;5;0;;15817;;7509
SSR;2018;690030283;750056335;SSR_A55;1;23;5;0;;7036;;1542
SSR;2018;690030283;750056335;SSR_TOT;;117;15;0;1116;41474;106;9540
SSR;2018;690030333;690030325;SSR_A;;;15;;0;0;0;7006
SSR;2018;690030333;690030325;SSR_A50;1;;15;0;;0;;7006
SSR;2018;690030333;690030325;SSR_TOT;;;15;0;0;0;0;7006
SSR;2018;690034558;690006598;SSR_A;;40;;;443;13459;6;0
SSR;2018;690034558;690006598;SSR_A50;1;0;;0;;0;;0
SSR;2018;690034558;690006598;SSR_A52;1;;;0;;0;;0
SSR;2018;690034558;690006598;SSR_A59;1;40;;0;;13459;;0
SSR;2018;690034558;690006598;SSR_TOT;;40;;0;443;13459;6;0
SSR;2018;690780093;750821092;SSR_A;;14;2;;569;2221;0;1026
SSR;2018;690780093;750821092;SSR_A50;1;14;2;0;;2221;;1026
SSR;2018;690780093;750821092;SSR_A51;1;;;;;0;;0
SSR;2018;690780093;750821092;SSR_A52;1;;;0;;0;;0
SSR;2018;690780093;750821092;SSR_A53;1;;;0;;0;;0
SSR;2018;690780093;750821092;SSR_A54;1;;;0;;0;;0
SSR;2018;690780093;750821092;SSR_A56;1;;;0;;0;;0
SSR;2018;690780093;750821092;SSR_TOT;;14;2;0;569;2221;0;1026
SSR;2018;690780150;690000104;SSR_A;;26;;;238;8443;13;0
SSR;2018;690780150;690000104;SSR_A50;1;21;;0;;7884;;0
SSR;2018;690780150;690000104;SSR_A58;1;5;;0;;559;;0
SSR;2018;690780150;690000104;SSR_TOT;;26;;0;238;8443;13;0
SSR;2018;690780200;690000112;SSR_A;;43;;;433;15512;21;0
SSR;2018;690780200;690000112;SSR_A50;1;43;;0;;15512;;0
SSR;2018;690780200;690000112;SSR_TOT;;43;;0;433;15512;21;0
SSR;2018;690780481;750056335;SSR_A;;124;10;;1058;41622;115;516
SSR;2018;690780481;750056335;SSR_A50;1;124;10;0;;41622;;516
SSR;2018;690780481;750056335;SSR_TOT;;124;10;0;1058;41622;115;516
SSR;2018;690780655;690000377;SSR_A;;64;10;;542;18418;25;722
SSR;2018;690780655;690000377;SSR_A50;1;;;0;;120;;0
SSR;2018;690780655;690000377;SSR_A51;1;64;10;;;18298;;722
SSR;2018;690780655;690000377;SSR_TOT;;64;10;0;542;18418;25;722
SSR;2018;690781026;690029723;SSR_A;;305;50;;2719;83711;128;11216
SSR;2018;690781026;690029723;SSR_A50;1;89;1;0;;23940;;335
SSR;2018;690781026;690029723;SSR_A51;1;72;20;;;25287;;5195
SSR;2018;690781026;690029723;SSR_A52;1;36;10;0;;8630;;2241
SSR;2018;690781026;690029723;SSR_A53;1;44;15;0;;13290;;3255
SSR;2018;690781026;690029723;SSR_A54;1;64;4;0;;12564;;190
SSR;2018;690781026;690029723;SSR_TOT;;305;50;0;2719;83711;128;11216
SSR;2018;690781737;750721334;SSR_A;;0;;;159;2492;1;0
SSR;2018;690781737;750721334;SSR_A50;1;;;0;;0;;0
SSR;2018;690781737;750721334;SSR_A59;1;0;;0;;2492;;0
SSR;2018;690781737;750721334;SSR_TOT;;0;;0;159;2492;1;0
SSR;2018;690782420;690793633;SSR_A;;41;;;454;13316;6;0
SSR;2018;690782420;690793633;SSR_A50;1;;;0;;0;;0
SSR;2018;690782420;690793633;SSR_A54;1;41;;0;;13316;;0
SSR;2018;690782420;690793633;SSR_A58;1;;;0;;0;;0
SSR;2018;690782420;690793633;SSR_A59;1;;;0;;0;;0
SSR;2018;690782420;690793633;SSR_TOT;;41;;0;454;13316;6;0
SSR;2018;690783154;690781810;SSR_A;;29;;;293;9605;15;0
SSR;2018;690783154;690781810;SSR_A50;1;;;0;;0;;0
SSR;2018;690783154;690781810;SSR_A59;1;29;;0;;9605;;0
SSR;2018;690783154;690781810;SSR_TOT;;29;;0;293;9605;15;0
SSR;2018;690784061;690006598;SSR_A;;77;;;654;24719;41;0
SSR;2018;690784061;690006598;SSR_A50;1;;;0;;0;;0
SSR;2018;690784061;690006598;SSR_A52;1;27;;0;;7882;;0
SSR;2018;690784061;690006598;SSR_A59;1;50;;0;;16837;;0
SSR;2018;690784061;690006598;SSR_TOT;;77;;0;654;24719;41;0
SSR;2018;690784137;690781810;SSR_A;;79;;;1088;25058;10;0
SSR;2018;690784137;690781810;SSR_A50;1;;;0;;;;0
SSR;2018;690784137;690781810;SSR_A59;1;79;;0;;25058;;0
SSR;2018;690784137;690781810;SSR_TOT;;79;;0;1088;25058;10;0
SSR;2018;690784178;690781810;SSR_A;;14;;;105;5822;19;0
SSR;2018;690784178;690781810;SSR_A50;1;;;0;;0;;0
SSR;2018;690784178;690781810;SSR_A52;1;14;;0;;5822;;0
SSR;2018;690784178;690781810;SSR_TOT;;14;;0;105;5822;19;0
SSR;2018;690784186;690781810;SSR_A;;;13;;;;;4584
SSR;2018;690784186;690781810;SSR_A50;1;;;0;;;;0
SSR;2018;690784186;690781810;SSR_A53;1;;13;0;;;;4584
SSR;2018;690784186;690781810;SSR_TOT;;;13;0;;;;4584
SSR;2018;690784194;690781810;SSR_A;;86;16;;841;28128;54;3469
SSR;2018;690784194;690781810;SSR_A50;1;;;0;;0;;0
SSR;2018;690784194;690781810;SSR_A52;1;26;;0;;8791;;0
SSR;2018;690784194;690781810;SSR_A59;1;60;16;0;;19337;;3469
SSR;2018;690784194;690781810;SSR_TOT;;86;16;0;841;28128;54;3469
SSR;2018;690784202;690781810;SSR_A;;173;9;;2959;55389;157;4545
SSR;2018;690784202;690781810;SSR_A50;1;;;0;;0;;0
SSR;2018;690784202;690781810;SSR_A51;1;10;1;;;3405;;0
SSR;2018;690784202;690781810;SSR_A52;1;163;8;0;;51984;;4545
SSR;2018;690784202;690781810;SSR_TOT;;173;9;0;2959;55389;157;4545
SSR;2018;690784244;750721334;SSR_A;;0;;;430;12947;16;0
SSR;2018;690784244;750721334;SSR_A50;1;0;;0;;12947;;0
SSR;2018;690784244;750721334;SSR_TOT;;0;;0;430;12947;16;0
SSR;2018;690787429;690781810;SSR_A;;49;;;427;15968;35;0
SSR;2018;690787429;690781810;SSR_A50;1;;;0;;0;;0
SSR;2018;690787429;690781810;SSR_A59;1;49;;0;;15968;;0
SSR;2018;690787429;690781810;SSR_TOT;;49;;0;427;15968;35;0
SSR;2018;690787460;690782222;SSR_A;;57;;;680;20088;30;0
SSR;2018;690787460;690782222;SSR_A59;1;57;;0;;20088;;0
SSR;2018;690787460;690782222;SSR_TOT;;57;;0;680;20088;30;0
SSR;2018;690787478;690781810;SSR_A;;148;;;1662;51155;68;0
SSR;2018;690787478;690781810;SSR_A50;1;;;0;;0;;0
SSR;2018;690787478;690781810;SSR_A59;1;148;;0;;51155;;0
SSR;2018;690787478;690781810;SSR_TOT;;148;;0;1662;51155;68;0
SSR;2018;690790472;690029723;SSR_E;;47;8;;414;13008;45;974
SSR;2018;690790472;690029723;SSR_E50;1;25;6;0;;8197;;638
SSR;2018;690790472;690029723;SSR_E54;1;22;2;0;;4811;;336
SSR;2018;690790472;690029723;SSR_TOT;;47;8;0;414;13008;45;974
SSR;2018;690790480;690006598;SSR_E;;42;;;731;11148;29;0
SSR;2018;690790480;690006598;SSR_E50;1;42;;0;;11148;;0
SSR;2018;690790480;690006598;SSR_TOT;;42;;0;731;11148;29;0
SSR;2018;690791082;690001904;SSR_A;;87;;;876;22123;17;0
SSR;2018;690791082;690001904;SSR_A50;1;;;0;;0;;0
SSR;2018;690791082;690001904;SSR_A58;1;87;;0;;22123;;0
SSR;2018;690791082;690001904;SSR_TOT;;87;;0;876;22123;17;0
SSR;2018;690803044;690000450;SSR_A;;111;60;;1474;39962;48;26253
SSR;2018;690803044;690000450;SSR_A50;1;;;0;;0;;0
SSR;2018;690803044;690000450;SSR_A51;1;41;15;;;19899;;17997
SSR;2018;690803044;690000450;SSR_A52;1;30;15;0;;5575;;1013
SSR;2018;690803044;690000450;SSR_A53;1;40;30;0;;14488;;7243
SSR;2018;690803044;690000450;SSR_TOT;;111;60;0;1474;39962;48;26253
SSR;2018;700000011;700780026;SSR_A;;16;;;128;3794;5;0
SSR;2018;700000011;700780026;SSR_A50;1;16;;1;;3794;;0
SSR;2018;700000011;700780026;SSR_TOT;;16;;0;128;3794;5;0
SSR;2018;700000045;250006335;SSR_A;;73;10;;603;22990;33;1677
SSR;2018;700000045;250006335;SSR_A50;1;;2;0;;0;;257
SSR;2018;700000045;250006335;SSR_A59;1;73;8;0;;22990;;1420
SSR;2018;700000045;250006335;SSR_TOT;;73;10;0;603;22990;33;1677
SSR;2018;700004377;250006335;SSR_A;;;26;;0;0;0;6403
SSR;2018;700004377;250006335;SSR_A53;1;;14;0;;0;;6289
SSR;2018;700004377;250006335;SSR_A54;1;;12;0;;0;;114
SSR;2018;700004377;250006335;SSR_TOT;;;26;0;0;0;0;6403
SSR;2018;700780042;250006335;SSR_A;;106;50;;818;35413;94;12466
SSR;2018;700780042;250006335;SSR_A50;1;;;0;;0;;0
SSR;2018;700780042;250006335;SSR_A51;1;39;25;;;11927;;5320
SSR;2018;700780042;250006335;SSR_A52;1;67;25;0;;23486;;7146
SSR;2018;700780042;250006335;SSR_TOT;;106;50;0;818;35413;94;12466
SSR;2018;700780059;700004591;SSR_A;;20;;;299;6946;6;0
SSR;2018;700780059;700004591;SSR_A50;1;;;0;;0;;0
SSR;2018;700780059;700004591;SSR_A52;1;10;;0;;3537;;0
SSR;2018;700780059;700004591;SSR_A59;1;10;;0;;3409;;0
SSR;2018;700780059;700004591;SSR_TOT;;20;;0;299;6946;6;0
SSR;2018;700780208;700004591;SSR_A;;47;;;640;16386;7;0
SSR;2018;700780208;700004591;SSR_A50;1;0;;0;;0;;0
SSR;2018;700780208;700004591;SSR_A52;1;31;;0;;10661;;0
SSR;2018;700780208;700004591;SSR_A59;1;16;;0;;5725;;0
SSR;2018;700780208;700004591;SSR_TOT;;47;;0;640;16386;7;0
SSR;2018;700784887;920030269;SSR_A;;66;19;;671;22548;41;8719
SSR;2018;700784887;920030269;SSR_A50;1;1;;0;;473;;0
SSR;2018;700784887;920030269;SSR_A51;1;44;11;;;15008;;5186
SSR;2018;700784887;920030269;SSR_A52;1;21;8;0;;7067;;3533
SSR;2018;700784887;920030269;SSR_TOT;;66;19;0;671;22548;41;8719
SSR;2018;710002288;750721334;SSR_A;;;20;;0;0;0;8272
SSR;2018;710002288;750721334;SSR_A53;1;;10;;;0;;4610
SSR;2018;710002288;750721334;SSR_A54;1;;10;;;0;;3662
SSR;2018;710002288;750721334;SSR_TOT;;;20;;0;0;0;8272
SSR;2018;710002569;710000092;SSR_A;;90;10;;1341;29810;2;1552
SSR;2018;710002569;710000092;SSR_A50;1;90;;0;;2624;;0
SSR;2018;710002569;710000092;SSR_A55;1;;10;0;;27186;;1552
SSR;2018;710002569;710000092;SSR_E;;;;;98;1805;0;122
SSR;2018;710002569;710000092;SSR_E55;1;;;0;;1805;;122
SSR;2018;710002569;710000092;SSR_TOT;;90;10;0;1439;31615;2;1674
SSR;2018;710006859;710000118;SSR_A;;20;;;265;6003;1;0
SSR;2018;710006859;710000118;SSR_A50;1;20;;0;;6003;;0
SSR;2018;710006859;710000118;SSR_TOT;;20;;0;265;6003;1;0
SSR;2018;710010067;710780644;SSR_A;;50;;;465;10712;9;0
SSR;2018;710010067;710780644;SSR_A50;1;;;0;;0;;0
SSR;2018;710010067;710780644;SSR_A59;1;50;;0;;10712;;0
SSR;2018;710010067;710780644;SSR_TOT;;50;;0;465;10712;9;0
SSR;2018;710780081;710010695;SSR_A;;53;;;618;17718;6;0
SSR;2018;710780081;710010695;SSR_A50;1;53;;1;;17718;;0
SSR;2018;710780081;710010695;SSR_TOT;;53;;0;618;17718;6;0
SSR;2018;710781139;750721334;SSR_A;;112;25;;1030;48949;0;10757
SSR;2018;710781139;750721334;SSR_A51;1;18;;;;9335;;0
SSR;2018;710781139;750721334;SSR_A52;1;56;5;0;;21986;;2485
SSR;2018;710781139;750721334;SSR_A53;1;24;10;0;;11047;;4611
SSR;2018;710781139;750721334;SSR_A54;1;14;10;0;;6581;;3661
SSR;2018;710781139;750721334;SSR_TOT;;112;25;0;1030;48949;0;10757
SSR;2018;710781535;210010294;SSR_A;;40;10;;348;12393;38;5891
SSR;2018;710781535;210010294;SSR_A51;1;23;5;;;7092;;4416
SSR;2018;710781535;210010294;SSR_A52;1;17;5;0;;5301;;1475
SSR;2018;710781535;210010294;SSR_TOT;;40;10;0;348;12393;38;5891
SSR;2018;710781824;710000464;SSR_A;;92;15;;1198;31028;18;7810
SSR;2018;710781824;710000464;SSR_A50;1;30;;0;;284;;0
SSR;2018;710781824;710000464;SSR_A51;1;32;15;;;9836;;7810
SSR;2018;710781824;710000464;SSR_A59;1;30;;0;;20908;;0
SSR;2018;710781824;710000464;SSR_TOT;;92;15;1;1198;31028;18;7810
SSR;2018;710977075;710000092;SSR_A;;38;;;398;12881;23;0
SSR;2018;710977075;710000092;SSR_A50;1;0;;0;;428;;0
SSR;2018;710977075;710000092;SSR_A55;0;;;1;;0;;0
SSR;2018;710977075;710000092;SSR_A59;1;38;;0;;12453;;0
SSR;2018;710977075;710000092;SSR_E55;1;;;1;;0;;0
SSR;2018;710977075;710000092;SSR_TOT;;38;;0;398;12881;23;0
SSR;2018;710977307;710977299;SSR_A;;54;;;574;17753;7;0
SSR;2018;710977307;710977299;SSR_A50;1;54;;0;;17753;;0
SSR;2018;710977307;710977299;SSR_TOT;;54;;0;574;17753;7;0
SSR;2018;710978131;710781089;SSR_A;;15;;;235;6040;5;0
SSR;2018;710978131;710781089;SSR_A50;1;15;;0;;6040;;0
SSR;2018;710978131;710781089;SSR_TOT;;15;;0;235;6040;5;0
SSR;2018;710978156;710780214;SSR_A;;30;;;325;8841;2;0
SSR;2018;710978156;710780214;SSR_A50;1;30;;0;;8841;;0
SSR;2018;710978156;710780214;SSR_TOT;;30;;0;325;8841;2;0
SSR;2018;710978164;710780438;SSR_A;;0;;;217;5569;4;0
SSR;2018;710978164;710780438;SSR_A50;1;0;;0;;5569;;0
SSR;2018;710978164;710780438;SSR_TOT;;0;;0;217;5569;4;0
SSR;2018;710978180;710781360;SSR_A;;30;0;;361;9998;14;0
SSR;2018;710978180;710781360;SSR_A50;1;30;0;0;;9998;;0
SSR;2018;710978180;710781360;SSR_TOT;;30;0;0;361;9998;14;0
SSR;2018;710978198;710781386;SSR_A;;20;;;278;6423;1;0
SSR;2018;710978198;710781386;SSR_A50;1;20;;0;;6423;;0
SSR;2018;710978198;710781386;SSR_TOT;;20;;0;278;6423;1;0
SSR;2018;710978206;710780156;SSR_A;;60;;;499;20116;44;0
SSR;2018;710978206;710780156;SSR_A50;1;;;0;;;;0
SSR;2018;710978206;710780156;SSR_A59;1;60;;0;;20116;;0
SSR;2018;710978206;710780156;SSR_TOT;;60;;0;499;20116;44;0
SSR;2018;710978214;710781345;SSR_A;;35;;;344;11923;22;0
SSR;2018;710978214;710781345;SSR_A50;1;35;;0;;11923;;0
SSR;2018;710978214;710781345;SSR_TOT;;35;;0;344;11923;22;0
SSR;2018;710978248;710781451;SSR_A;;23;;;216;8224;16;0
SSR;2018;710978248;710781451;SSR_A50;1;23;;0;;8224;;0
SSR;2018;710978248;710781451;SSR_TOT;;23;;0;216;8224;16;0
SSR;2018;710978255;710781568;SSR_A;;26;;;336;9007;13;0
SSR;2018;710978255;710781568;SSR_A50;1;26;;0;;9007;;0
SSR;2018;710978255;710781568;SSR_TOT;;26;;0;336;9007;13;0
SSR;2018;710978263;710780958;SSR_A;;42;;;527;15279;17;0
SSR;2018;710978263;710780958;SSR_A59;1;42;;0;;15279;;0
SSR;2018;710978263;710780958;SSR_TOT;;42;;0;527;15279;17;0
SSR;2018;710978271;710781014;SSR_A;;55;;;565;17775;30;0
SSR;2018;710978271;710781014;SSR_A50;1;55;;0;;17775;;0
SSR;2018;710978271;710781014;SSR_A59;1;;;0;;0;;0
SSR;2018;710978271;710781014;SSR_TOT;;55;;0;565;17775;30;0
SSR;2018;710978289;710780263;SSR_A;;50;28;;454;17600;30;2818
SSR;2018;710978289;710780263;SSR_A50;1;25;;0;;7948;;0
SSR;2018;710978289;710780263;SSR_A52;1;;4;0;;1525;;194
SSR;2018;710978289;710780263;SSR_A53;1;;16;0;;0;;2115
SSR;2018;710978289;710780263;SSR_A54;1;;8;0;;0;;509
SSR;2018;710978289;710780263;SSR_A59;1;25;;0;;8127;;0
SSR;2018;710978289;710780263;SSR_TOT;;50;28;0;454;17600;30;2818
SSR;2018;710978313;710976705;SSR_A;;60;;;625;16931;9;0
SSR;2018;710978313;710976705;SSR_A50;1;60;;0;;16931;;0
SSR;2018;710978313;710976705;SSR_TOT;;60;;0;625;16931;9;0
SSR;2018;710978347;570010181;SSR_A;;21;;;377;7278;1;0
SSR;2018;710978347;570010181;SSR_A50;1;21;;0;;7278;;0
SSR;2018;710978347;570010181;SSR_TOT;;21;;0;377;7278;1;0
SSR;2018;720000033;720000025;SSR_A;;90;0;;697;31773;82;0
SSR;2018;720000033;720000025;SSR_A50;1;30;0;0;;10573;;0
SSR;2018;720000033;720000025;SSR_A59;1;60;0;0;;21200;;0
SSR;2018;720000033;720000025;SSR_TOT;;90;0;0;697;31773;82;0
SSR;2018;720000124;720000066;SSR_A;;20;0;;241;5941;5;0
SSR;2018;720000124;720000066;SSR_A50;1;20;0;1;;5941;;0
SSR;2018;720000124;720000066;SSR_TOT;;20;0;0;241;5941;5;0
SSR;2018;720000314;720000090;SSR_A;;40;0;;351;12936;22;0
SSR;2018;720000314;720000090;SSR_A50;1;40;0;0;;12936;;0
SSR;2018;720000314;720000090;SSR_TOT;;40;0;0;351;12936;22;0
SSR;2018;720000389;720012749;SSR_A;;132;;;982;44597;144;0
SSR;2018;720000389;720012749;SSR_A50;1;132;;1;;44597;;0
SSR;2018;720000389;720012749;SSR_TOT;;132;;0;982;44597;144;0
SSR;2018;720000413;720008390;SSR_A;;144;;;1133;44922;109;0
SSR;2018;720000413;720008390;SSR_A50;1;56;;0;;17315;;0
SSR;2018;720000413;720008390;SSR_A51;1;40;;;;13205;;0
SSR;2018;720000413;720008390;SSR_A52;1;20;;0;;7141;;0
SSR;2018;720000413;720008390;SSR_A55;1;14;;0;;3537;;0
SSR;2018;720000413;720008390;SSR_A58;1;14;;0;;3724;;0
SSR;2018;720000413;720008390;SSR_TOT;;144;;0;1133;44922;109;0
SSR;2018;720000470;610780082;SSR_A;;33;;;344;9177;13;0
SSR;2018;720000470;610780082;SSR_A50;1;33;;0;;9177;;0
SSR;2018;720000470;610780082;SSR_TOT;;33;;0;344;9177;13;0
SSR;2018;720000520;720000140;SSR_A;;29;;;305;7964;7;0
SSR;2018;720000520;720000140;SSR_A50;1;29;;0;;7964;;0
SSR;2018;720000520;720000140;SSR_TOT;;29;;0;305;7964;7;0
SSR;2018;720000744;720000454;SSR_A;;94;43;;647;31269;128;16739
SSR;2018;720000744;720000454;SSR_A51;1;26;27;;;7348;;9818
SSR;2018;720000744;720000454;SSR_A52;1;68;16;0;;23921;;6921
SSR;2018;720000744;720000454;SSR_E;;27;30;;406;6436;9;9322
SSR;2018;720000744;720000454;SSR_E51;1;6;4;0;;1707;;1381
SSR;2018;720000744;720000454;SSR_E52;1;16;23;0;;3845;;7667
SSR;2018;720000744;720000454;SSR_E55;1;5;3;0;;884;;274
SSR;2018;720000744;720000454;SSR_TOT;;121;73;0;1053;37705;137;26061
SSR;2018;720000819;720002062;SSR_A;;21;;;235;6457;8;0
SSR;2018;720000819;720002062;SSR_A50;1;21;;0;;6457;;0
SSR;2018;720000819;720002062;SSR_TOT;;21;;0;235;6457;8;0
SSR;2018;720001437;720006022;SSR_A;;20;0;;349;6945;5;0
SSR;2018;720001437;720006022;SSR_A50;1;20;0;0;;6945;;0
SSR;2018;720001437;720006022;SSR_TOT;;20;0;0;349;6945;5;0
SSR;2018;720001569;720007244;SSR_A;;20;;;212;6454;5;0
SSR;2018;720001569;720007244;SSR_A50;1;20;;0;;6454;;0
SSR;2018;720001569;720007244;SSR_TOT;;20;;0;212;6454;5;0
SSR;2018;720012509;310020383;SSR_A;;101;;;1067;35791;60;0
SSR;2018;720012509;310020383;SSR_A50;1;101;;0;;35791;;0
SSR;2018;720012509;310020383;SSR_TOT;;101;;0;1067;35791;60;0
SSR;2018;720016138;720008390;SSR_A;;;53;;0;0;0;13123
SSR;2018;720016138;720008390;SSR_A51;1;;18;;;0;;5265
SSR;2018;720016138;720008390;SSR_A52;1;;16;0;;0;;3284
SSR;2018;720016138;720008390;SSR_A53;1;;6;0;;0;;1816
SSR;2018;720016138;720008390;SSR_A54;1;;4;0;;0;;856
SSR;2018;720016138;720008390;SSR_A55;1;;4;0;;0;;742
SSR;2018;720016138;720008390;SSR_A58;1;;5;0;;0;;1160
SSR;2018;720016138;720008390;SSR_TOT;;;53;0;0;0;0;13123
SSR;2018;720016179;720016724;SSR_A;;48;;;408;15686;24;0
SSR;2018;720016179;720016724;SSR_A50;1;48;;0;;15686;;0
SSR;2018;720016179;720016724;SSR_TOT;;48;;0;408;15686;24;0
SSR;2018;720016823;720012749;SSR_A;;84;;;714;28499;61;0
SSR;2018;720016823;720012749;SSR_A50;1;84;;0;;28499;;0
SSR;2018;720016823;720012749;SSR_TOT;;84;;0;714;28499;61;0
SSR;2018;720019918;610787616;SSR_A;;14;2;;90;2876;0;170
SSR;2018;720019918;610787616;SSR_A58;1;14;2;1;;2876;;170
SSR;2018;720019918;610787616;SSR_TOT;;14;2;0;90;2876;0;170
SSR;2018;730000049;730002839;SSR_A;;40;;;481;12647;9;0
SSR;2018;730000049;730002839;SSR_A50;1;23;;0;;7366;;0
SSR;2018;730000049;730002839;SSR_A59;1;17;;0;;5281;;0
SSR;2018;730000049;730002839;SSR_TOT;;40;;0;481;12647;9;0
SSR;2018;730000080;730780103;SSR_A;;32;4;;296;10757;20;744
SSR;2018;730000080;730780103;SSR_A51;1;32;4;;;10757;;744
SSR;2018;730000080;730780103;SSR_TOT;;32;4;0;296;10757;20;744
SSR;2018;730000098;730000015;SSR_A;;45;10;;407;13987;29;2426
SSR;2018;730000098;730000015;SSR_A50;1;35;;0;;12976;;0
SSR;2018;730000098;730000015;SSR_A54;1;;10;1;;0;;2426
SSR;2018;730000098;730000015;SSR_A59;1;10;;0;;1011;;0
SSR;2018;730000098;730000015;SSR_TOT;;45;10;0;407;13987;29;2426
SSR;2018;730000270;730780558;SSR_A;;36;;;383;12299;16;0
SSR;2018;730000270;730780558;SSR_A50;1;36;;0;;12299;;0
SSR;2018;730000270;730780558;SSR_TOT;;36;;0;383;12299;16;0
SSR;2018;730000288;730780566;SSR_A;;26;;;225;7767;19;0
SSR;2018;730000288;730780566;SSR_A50;1;0;;0;;0;;0
SSR;2018;730000288;730780566;SSR_A59;1;26;;0;;7767;;0
SSR;2018;730000288;730780566;SSR_TOT;;26;;0;225;7767;19;0
SSR;2018;730004298;730010048;SSR_A;;25;5;;382;8787;3;1317
SSR;2018;730004298;730010048;SSR_A50;1;25;5;0;;8787;;1317
SSR;2018;730004298;730010048;SSR_TOT;;25;5;0;382;8787;3;1317
SSR;2018;730780475;690029723;SSR_A;;70;;;827;21531;26;0
SSR;2018;730780475;690029723;SSR_A50;1;70;;1;;21531;;0
SSR;2018;730780475;690029723;SSR_TOT;;70;;0;827;21531;26;0
SSR;2018;730780574;730000296;SSR_E;;90;5;;354;6940;0;411
SSR;2018;730780574;730000296;SSR_E50;1;90;5;0;;6940;;411
SSR;2018;730780574;730000296;SSR_TOT;;90;5;0;354;6940;0;411
SSR;2018;730780681;750721334;SSR_A;;92;17;;581;31203;114;4387
SSR;2018;730780681;750721334;SSR_A50;1;28;1;0;;5067;;131
SSR;2018;730780681;750721334;SSR_A51;1;18;8;;;11854;;2018
SSR;2018;730780681;750721334;SSR_A52;1;46;8;0;;14282;;2238
SSR;2018;730780681;750721334;SSR_TOT;;92;17;0;581;31203;114;4387
SSR;2018;730780988;730002698;SSR_A;;56;65;;626;19962;38;24493
SSR;2018;730780988;730002698;SSR_A50;1;;;0;;0;;0
SSR;2018;730780988;730002698;SSR_A51;1;26;30;;;9443;;11503
SSR;2018;730780988;730002698;SSR_A52;1;22;20;0;;7485;;8621
SSR;2018;730780988;730002698;SSR_A53;1;8;15;0;;3034;;4369
SSR;2018;730780988;730002698;SSR_E;;;5;;0;0;0;762
SSR;2018;730780988;730002698;SSR_E50;1;;;0;;0;;0
SSR;2018;730780988;730002698;SSR_E51;1;;2;0;;0;;389
SSR;2018;730780988;730002698;SSR_E52;1;;3;0;;0;;373
SSR;2018;730780988;730002698;SSR_E53;1;;;0;;0;;0
SSR;2018;730780988;730002698;SSR_TOT;;56;70;0;626;19962;38;25255
SSR;2018;730783552;730000015;SSR_A;;70;4;;687;22583;27;577
SSR;2018;730783552;730000015;SSR_A50;1;;;0;;0;;0
SSR;2018;730783552;730000015;SSR_A51;1;14;2;;;6124;;514
SSR;2018;730783552;730000015;SSR_A59;1;56;2;0;;16459;;63
SSR;2018;730783552;730000015;SSR_TOT;;70;4;0;687;22583;27;577
SSR;2018;730783644;730000015;SSR_A;;22;8;;227;6647;10;2886
SSR;2018;730783644;730000015;SSR_A52;1;22;8;0;;6647;;2886
SSR;2018;730783644;730000015;SSR_TOT;;22;8;0;227;6647;10;2886
SSR;2018;730783974;750826307;SSR_E;;103;;;146;2879;0;0
SSR;2018;730783974;750826307;SSR_E50;1;103;;1;;2879;;0
SSR;2018;730783974;750826307;SSR_TOT;;103;;0;146;2879;0;0
SSR;2018;740000062;740780168;SSR_A;;100;8;;649;22495;39;1527
SSR;2018;740000062;740780168;SSR_A50;1;50;;0;;3651;;0
SSR;2018;740000062;740780168;SSR_A51;1;25;4;;;14962;;519
SSR;2018;740000062;740780168;SSR_A52;1;25;4;0;;3882;;1008
SSR;2018;740000062;740780168;SSR_TOT;;100;8;0;649;22495;39;1527
SSR;2018;740000278;740781182;SSR_A;;25;0;;253;7787;4;0
SSR;2018;740000278;740781182;SSR_A50;1;25;0;0;;7787;;0
SSR;2018;740000278;740781182;SSR_TOT;;25;0;0;253;7787;4;0
SSR;2018;740000286;740781190;SSR_A;;30;;;261;9590;14;0
SSR;2018;740000286;740781190;SSR_A50;1;10;;0;;3418;;0
SSR;2018;740000286;740781190;SSR_A59;1;20;;0;;6172;;0
SSR;2018;740000286;740781190;SSR_TOT;;30;;0;261;9590;14;0
SSR;2018;740000294;740781208;SSR_A;;55;10;;499;17716;53;3165
SSR;2018;740000294;740781208;SSR_A50;1;20;;0;;6965;;0
SSR;2018;740000294;740781208;SSR_A52;1;20;;0;;6908;;0
SSR;2018;740000294;740781208;SSR_A53;1;15;10;0;;3843;;3165
SSR;2018;740000294;740781208;SSR_TOT;;55;10;0;499;17716;53;3165
SSR;2018;740000302;740781133;SSR_A;;30;15;;279;4809;0;3030
SSR;2018;740000302;740781133;SSR_A53;1;14;10;1;;3717;;2470
SSR;2018;740000302;740781133;SSR_A54;1;6;5;1;;1092;;560
SSR;2018;740000302;740781133;SSR_A59;1;10;;1;;0;;0
SSR;2018;740000302;740781133;SSR_TOT;;30;15;0;279;4809;0;3030
SSR;2018;740004148;310021373;SSR_A;;65;20;;556;22290;51;7495
SSR;2018;740004148;310021373;SSR_A50;1;;;0;;0;;0
SSR;2018;740004148;310021373;SSR_A51;1;25;10;;;8472;;3959
SSR;2018;740004148;310021373;SSR_A52;1;40;10;0;;13818;;3536
SSR;2018;740004148;310021373;SSR_TOT;;65;20;0;556;22290;51;7495
SSR;2018;740011481;740781133;SSR_A;;40;;;224;8755;22;0
SSR;2018;740011481;740781133;SSR_A59;1;40;;1;;8755;;0
SSR;2018;740011481;740781133;SSR_TOT;;40;;0;224;8755;22;0
SSR;2018;740014519;920030939;SSR_A;;90;30;;902;35257;88;15968
SSR;2018;740014519;920030939;SSR_A50;1;10;;0;;83;;0
SSR;2018;740014519;920030939;SSR_A51;1;40;10;;;16732;;9819
SSR;2018;740014519;920030939;SSR_A52;1;30;10;0;;10519;;4489
SSR;2018;740014519;920030939;SSR_A54;1;10;10;0;;7923;;1660
SSR;2018;740014519;920030939;SSR_TOT;;90;30;0;902;35257;88;15968
SSR;2018;740014683;740780168;SSR_A;;0;;;162;5130;8;0
SSR;2018;740014683;740780168;SSR_A50;1;0;;0;;5130;;0
SSR;2018;740014683;740780168;SSR_TOT;;0;;0;162;5130;8;0
SSR;2018;740780135;750050924;SSR_A;;120;13;;958;40277;105;6631
SSR;2018;740780135;750050924;SSR_A50;1;34;;0;;3001;;0
SSR;2018;740780135;750050924;SSR_A51;1;48;4;;;22512;;4811
SSR;2018;740780135;750050924;SSR_A52;1;26;4;0;;11750;;1660
SSR;2018;740780135;750050924;SSR_A54;1;12;5;0;;3014;;160
SSR;2018;740780135;750050924;SSR_A57;1;;;0;;0;;0
SSR;2018;740780135;750050924;SSR_E;;1;2;;1;106;0;127
SSR;2018;740780135;750050924;SSR_E51;1;1;1;0;;63;;58
SSR;2018;740780135;750050924;SSR_E52;1;;1;0;;43;;69
SSR;2018;740780135;750050924;SSR_TOT;;121;15;0;959;40383;105;6758
SSR;2018;740780143;750005068;SSR_A;;150;20;;1125;42112;107;3733
SSR;2018;740780143;750005068;SSR_A50;1;51;0;0;;14256;;0
SSR;2018;740780143;750005068;SSR_A51;1;30;6;;;9020;;1316
SSR;2018;740780143;750005068;SSR_A52;1;29;7;0;;8055;;1228
SSR;2018;740780143;750005068;SSR_A53;1;0;7;0;;0;;1189
SSR;2018;740780143;750005068;SSR_A55;1;10;0;0;;3014;;0
SSR;2018;740780143;750005068;SSR_A59;1;30;0;0;;7767;;0
SSR;2018;740780143;750005068;SSR_TOT;;150;20;0;1125;42112;107;3733
SSR;2018;740780176;310021373;SSR_A;;117;10;;866;34250;71;3681
SSR;2018;740780176;310021373;SSR_A50;1;99;10;0;;28749;;3681
SSR;2018;740780176;310021373;SSR_A58;1;18;;0;;5501;;0
SSR;2018;740780176;310021373;SSR_TOT;;117;10;0;866;34250;71;3681
SSR;2018;740780192;740780168;SSR_A;;20;0;;130;4733;14;0
SSR;2018;740780192;740780168;SSR_A50;1;20;0;0;;4733;;0
SSR;2018;740780192;740780168;SSR_TOT;;20;0;0;130;4733;14;0
SSR;2018;740780952;690795331;SSR_A;;55;;;517;15977;26;0
SSR;2018;740780952;690795331;SSR_A50;1;55;;0;;15977;;0
SSR;2018;740780952;690795331;SSR_TOT;;55;;0;517;15977;26;0
SSR;2018;740780986;740000195;SSR_A;;143;;;1523;47654;33;0
SSR;2018;740780986;740000195;SSR_A50;1;42;;0;;13908;;0
SSR;2018;740780986;740000195;SSR_A59;1;101;;0;;33746;;0
SSR;2018;740780986;740000195;SSR_TOT;;143;;0;1523;47654;33;0
SSR;2018;740781166;740001839;SSR_A;;50;;;422;17450;54;0
SSR;2018;740781166;740001839;SSR_A50;1;9;;0;;3049;;0
SSR;2018;740781166;740001839;SSR_A59;1;41;;0;;14401;;0
SSR;2018;740781166;740001839;SSR_TOT;;50;;0;422;17450;54;0
SSR;2018;750000499;750140014;SSR_A;;10;8;;72;3504;13;1796
SSR;2018;750000499;750140014;SSR_A50;1;;;0;;0;;0
SSR;2018;750000499;750140014;SSR_A52;1;10;8;0;;3504;;1796
SSR;2018;750000499;750140014;SSR_TOT;;10;8;0;72;3504;13;1796
SSR;2018;750000507;750058844;SSR_A;;158;50;;1355;51503;104;12859
SSR;2018;750000507;750058844;SSR_A50;1;22;20;0;;5424;;5612
SSR;2018;750000507;750058844;SSR_A51;1;20;10;;;7004;;1067
SSR;2018;750000507;750058844;SSR_A52;1;45;10;0;;14775;;2811
SSR;2018;750000507;750058844;SSR_A59;1;71;10;0;;24300;;3369
SSR;2018;750000507;750058844;SSR_TOT;;158;50;0;1355;51503;104;12859
SSR;2018;750003378;310021191;SSR_A;;86;10;;656;31448;75;2180
SSR;2018;750003378;310021191;SSR_A50;1;56;0;0;;11723;;0
SSR;2018;750003378;310021191;SSR_A59;1;30;10;0;;19725;;2180
SSR;2018;750003378;310021191;SSR_TOT;;86;10;0;656;31448;75;2180
SSR;2018;750014128;750014078;SSR_A;;125;25;;1304;44251;77;8760
SSR;2018;750014128;750014078;SSR_A50;1;125;25;0;;6860;;0
SSR;2018;750014128;750014078;SSR_A51;1;;;;;14482;;4754
SSR;2018;750014128;750014078;SSR_A52;1;;;0;;6874;;1114
SSR;2018;750014128;750014078;SSR_A55;1;;;0;;0;;612
SSR;2018;750014128;750014078;SSR_A59;1;;;0;;16035;;2280
SSR;2018;750014128;750014078;SSR_TOT;;125;25;0;1304;44251;77;8760
SSR;2018;750014169;920030269;SSR_A;;100;;;1096;35296;26;0
SSR;2018;750014169;920030269;SSR_A50;1;4;;0;;2881;;0
SSR;2018;750014169;920030269;SSR_A56;1;34;;0;;12295;;0
SSR;2018;750014169;920030269;SSR_A59;1;62;;0;;20120;;0
SSR;2018;750014169;920030269;SSR_TOT;;100;;0;1096;35296;26;0
SSR;2018;750032229;750827933;SSR_A;;23;8;;125;7192;39;1528
SSR;2018;750032229;750827933;SSR_A50;1;23;8;1;;7192;;1528
SSR;2018;750032229;750827933;SSR_E;;17;8;;101;6636;35;1473
SSR;2018;750032229;750827933;SSR_E50;1;17;8;1;;6636;;1473
SSR;2018;750032229;750827933;SSR_TOT;;40;16;0;226;13828;74;3001
SSR;2018;750038739;920030269;SSR_A;;104;30;;952;36548;89;6001
SSR;2018;750038739;920030269;SSR_A50;1;;;0;;0;;0
SSR;2018;750038739;920030269;SSR_A51;1;20;10;;;8459;;2246
SSR;2018;750038739;920030269;SSR_A52;1;42;10;0;;13996;;1864
SSR;2018;750038739;920030269;SSR_A59;1;42;10;0;;14093;;1891
SSR;2018;750038739;920030269;SSR_TOT;;104;30;0;952;36548;89;6001
SSR;2018;750041543;750712184;SSR_A;;91;25;;641;26129;78;2506
SSR;2018;750041543;750712184;SSR_A59;1;91;25;0;;26129;;2506
SSR;2018;750041543;750712184;SSR_TOT;;91;25;0;641;26129;78;2506
SSR;2018;750042830;750710428;SSR_A;;60;;;520;21230;54;0
SSR;2018;750042830;750710428;SSR_A59;1;60;;0;;21230;;0
SSR;2018;750042830;750710428;SSR_TOT;;60;;0;520;21230;54;0
SSR;2018;750047128;920030269;SSR_A;;94;20;;675;33687;129;5386
SSR;2018;750047128;920030269;SSR_A50;1;0;0;0;;0;;0
SSR;2018;750047128;920030269;SSR_A51;1;20;10;;;9270;;2238
SSR;2018;750047128;920030269;SSR_A52;1;32;10;0;;13418;;3148
SSR;2018;750047128;920030269;SSR_A59;1;42;0;0;;10999;;0
SSR;2018;750047128;920030269;SSR_TOT;;94;20;0;675;33687;129;5386
SSR;2018;750049561;750049553;SSR_A;;60;10;;568;20487;30;4111
SSR;2018;750049561;750049553;SSR_A58;1;60;10;0;;20487;;4111
SSR;2018;750049561;750049553;SSR_TOT;;60;10;0;568;20487;30;4111
SSR;2018;750055287;750806853;SSR_A;;12;;;106;3996;12;0
SSR;2018;750055287;750806853;SSR_A50;1;12;;0;;3996;;0
SSR;2018;750055287;750806853;SSR_TOT;;12;;0;106;3996;12;0
SSR;2018;750100042;750712184;SSR_A;;104;18;;701;32222;117;8909
SSR;2018;750100042;750712184;SSR_A50;1;;3;0;;0;;871
SSR;2018;750100042;750712184;SSR_A52;1;44;5;0;;12939;;2072
SSR;2018;750100042;750712184;SSR_A53;1;0;10;0;;0;;5966
SSR;2018;750100042;750712184;SSR_A59;1;60;0;0;;19283;;0
SSR;2018;750100042;750712184;SSR_TOT;;104;18;0;701;32222;117;8909
SSR;2018;750100083;750712184;SSR_A;;250;20;;1756;76894;240;3511
SSR;2018;750100083;750712184;SSR_A50;1;30;;0;;5380;;0
SSR;2018;750100083;750712184;SSR_A51;1;30;0;;;5167;;0
SSR;2018;750100083;750712184;SSR_A52;1;30;20;0;;15867;;3511
SSR;2018;750100083;750712184;SSR_A59;1;160;;0;;50480;;0
SSR;2018;750100083;750712184;SSR_TOT;;250;20;0;1756;76894;240;3511
SSR;2018;750100109;750712184;SSR_E;;80;;;346;24644;95;0
SSR;2018;750100109;750712184;SSR_E52;1;80;;0;;24644;;0
SSR;2018;750100109;750712184;SSR_TOT;;80;;0;346;24644;95;0
SSR;2018;750100125;750712184;SSR_A;;104;30;;777;29761;96;6010
SSR;2018;750100125;750712184;SSR_A50;1;0;0;0;;0;;0
SSR;2018;750100125;750712184;SSR_A51;1;0;0;;;0;;0
SSR;2018;750100125;750712184;SSR_A52;1;82;18;0;;25181;;5266
SSR;2018;750100125;750712184;SSR_A54;1;22;12;0;;4580;;744
SSR;2018;750100125;750712184;SSR_TOT;;104;30;0;777;29761;96;6010
SSR;2018;750100166;750712184;SSR_A;;0;10;;0;0;0;2272
SSR;2018;750100166;750712184;SSR_A51;1;0;10;;;0;;2272
SSR;2018;750100166;750712184;SSR_TOT;;0;10;0;0;0;0;2272
SSR;2018;750100216;750712184;SSR_A;;124;9;;803;36743;119;3337
SSR;2018;750100216;750712184;SSR_A50;1;;;0;;0;;0
SSR;2018;750100216;750712184;SSR_A59;1;124;9;0;;36743;;3337
SSR;2018;750100216;750712184;SSR_TOT;;124;9;0;803;36743;119;3337
SSR;2018;750100232;750712184;SSR_A;;74;7;;435;21767;79;1788
SSR;2018;750100232;750712184;SSR_A50;1;20;;0;;6387;;0
SSR;2018;750100232;750712184;SSR_A52;1;;7;0;;0;;1788
SSR;2018;750100232;750712184;SSR_A54;1;14;;0;;4562;;0
SSR;2018;750100232;750712184;SSR_A59;1;40;;0;;10818;;0
SSR;2018;750100232;750712184;SSR_TOT;;74;7;0;435;21767;79;1788
SSR;2018;750100299;750712184;SSR_A;;165;8;;1176;55971;183;1176
SSR;2018;750100299;750712184;SSR_A59;1;165;8;0;;55971;;1176
SSR;2018;750100299;750712184;SSR_TOT;;165;8;0;1176;55971;183;1176
SSR;2018;750150088;750000515;SSR_A;;55;10;;558;18713;26;3329
SSR;2018;750150088;750000515;SSR_A50;1;20;;0;;6358;;0
SSR;2018;750150088;750000515;SSR_A51;1;35;10;;;12355;;3329
SSR;2018;750150088;750000515;SSR_TOT;;55;10;0;558;18713;26;3329
SSR;2018;750150146;750720609;SSR_A;;44;10;;483;14223;5;2056
SSR;2018;750150146;750720609;SSR_A50;1;;;0;;0;;0
SSR;2018;750150146;750720609;SSR_A59;1;44;10;0;;14223;;2056
SSR;2018;750150146;750720609;SSR_TOT;;44;10;0;483;14223;5;2056
SSR;2018;750150252;750720575;SSR_A;;79;6;;530;15918;41;958
SSR;2018;750150252;750720575;SSR_A50;1;24;1;0;;7481;;135
SSR;2018;750150252;750720575;SSR_A51;1;12;2;;;1289;;224
SSR;2018;750150252;750720575;SSR_A52;1;14;3;0;;805;;599
SSR;2018;750150252;750720575;SSR_A54;1;17;0;0;;3473;;0
SSR;2018;750150252;750720575;SSR_A56;1;12;0;0;;2870;;0
SSR;2018;750150252;750720575;SSR_E;;73;9;;670;18331;39;1945
SSR;2018;750150252;750720575;SSR_E50;1;3;1;0;;1018;;1
SSR;2018;750150252;750720575;SSR_E51;1;22;4;0;;6247;;648
SSR;2018;750150252;750720575;SSR_E52;1;6;1;0;;1162;;699
SSR;2018;750150252;750720575;SSR_E55;1;28;3;0;;6354;;597
SSR;2018;750150252;750720575;SSR_E56;1;14;0;0;;3550;;0
SSR;2018;750150252;750720575;SSR_TOT;;152;15;0;1200;34249;80;2903
SSR;2018;750150286;570010181;SSR_A;;110;;;884;33626;70;0
SSR;2018;750150286;570010181;SSR_A50;1;53;;0;;15481;;0
SSR;2018;750150286;570010181;SSR_A56;1;30;;0;;10033;;0
SSR;2018;750150286;570010181;SSR_A59;1;27;;0;;8112;;0
SSR;2018;750150286;570010181;SSR_TOT;;110;;0;884;33626;70;0
SSR;2018;750150344;750720468;SSR_A;;94;12;;1709;27779;8;5
SSR;2018;750150344;750720468;SSR_A50;1;82;0;0;;24000;;0
SSR;2018;750150344;750720468;SSR_A55;1;12;12;0;;3779;;5
SSR;2018;750150344;750720468;SSR_TOT;;94;12;0;1709;27779;8;5
SSR;2018;750150377;750721334;SSR_A;;56;;;437;18113;56;0
SSR;2018;750150377;750721334;SSR_A50;1;;;0;;0;;0
SSR;2018;750150377;750721334;SSR_A59;1;56;;0;;18113;;0
SSR;2018;750150377;750721334;SSR_TOT;;56;;0;437;18113;56;0
SSR;2018;750300360;750026569;SSR_A;;64;16;;940;21213;12;4271
SSR;2018;750300360;750026569;SSR_A50;1;42;;0;;13849;;0
SSR;2018;750300360;750026569;SSR_A51;1;22;16;;;7364;;4271
SSR;2018;750300360;750026569;SSR_TOT;;64;16;0;940;21213;12;4271
SSR;2018;750300766;750056145;SSR_A;;30;20;;519;9019;0;4684
SSR;2018;750300766;750056145;SSR_A53;1;30;20;0;;9019;;4684
SSR;2018;750300766;750056145;SSR_TOT;;30;20;0;519;9019;0;4684
SSR;2018;750700015;750720609;SSR_A;;;100;;0;0;0;21400
SSR;2018;750700015;750720609;SSR_A50;1;;;0;;0;;0
SSR;2018;750700015;750720609;SSR_A51;1;;56;;;0;;11339
SSR;2018;750700015;750720609;SSR_A52;1;;24;0;;0;;4443
SSR;2018;750700015;750720609;SSR_A53;1;;20;0;;0;;5618
SSR;2018;750700015;750720609;SSR_TOT;;;100;0;0;0;0;21400
SSR;2018;750801441;750712184;SSR_A;;133;;;1089;46307;105;0
SSR;2018;750801441;750712184;SSR_A59;1;133;;0;;46307;;0
SSR;2018;750801441;750712184;SSR_TOT;;133;;0;1089;46307;105;0
SSR;2018;750825184;950000760;SSR_A;;;83;;0;0;0;28954
SSR;2018;750825184;950000760;SSR_A51;1;;59;;;0;;22044
SSR;2018;750825184;950000760;SSR_A52;1;;24;0;;0;;6910
SSR;2018;750825184;950000760;SSR_TOT;;;83;0;0;0;0;28954
SSR;2018;760000018;760780023;SSR_A;;80;10;;861;27785;57;4218
SSR;2018;760000018;760780023;SSR_A50;1;34;;0;;11613;;0
SSR;2018;760000018;760780023;SSR_A51;1;16;1;;;5244;;17
SSR;2018;760000018;760780023;SSR_A52;1;;1;0;;0;;165
SSR;2018;760000018;760780023;SSR_A53;1;;7;0;;0;;3430
SSR;2018;760000018;760780023;SSR_A54;1;;1;0;;0;;606
SSR;2018;760000018;760780023;SSR_A59;1;30;;0;;10928;;0
SSR;2018;760000018;760780023;SSR_TOT;;80;10;0;861;27785;57;4218
SSR;2018;760000026;760780031;SSR_A;;19;;;228;6345;9;0
SSR;2018;760000026;760780031;SSR_A50;1;19;;0;;6345;;0
SSR;2018;760000026;760780031;SSR_TOT;;19;;0;228;6345;9;0
SSR;2018;760000034;760780049;SSR_A;;26;;;259;9248;15;
SSR;2018;760000034;760780049;SSR_A50;1;26;;1;;9248;;
SSR;2018;760000034;760780049;SSR_TOT;;26;;0;259;9248;15;
SSR;2018;760000042;760780056;SSR_A;;17;;;209;6164;3;0
SSR;2018;760000042;760780056;SSR_A50;1;17;;0;;6164;;0
SSR;2018;760000042;760780056;SSR_TOT;;17;;0;209;6164;3;0
SSR;2018;760000059;760780064;SSR_A;;30;;;303;10596;27;0
SSR;2018;760000059;760780064;SSR_A50;1;30;;0;;10596;;0
SSR;2018;760000059;760780064;SSR_TOT;;30;;0;303;10596;27;0
SSR;2018;760000133;760780213;SSR_A;;50;;;448;17234;46;0
SSR;2018;760000133;760780213;SSR_A50;1;10;;0;;2237;;0
SSR;2018;760000133;760780213;SSR_A59;1;40;;0;;14997;;0
SSR;2018;760000133;760780213;SSR_TOT;;50;;0;448;17234;46;0
SSR;2018;760000174;760780254;SSR_A;;25;;;287;6795;7;0
SSR;2018;760000174;760780254;SSR_A50;1;25;;0;;6795;;0
SSR;2018;760000174;760780254;SSR_TOT;;25;;0;287;6795;7;0
SSR;2018;760000182;760780262;SSR_E;;3;;;8;1014;6;0
SSR;2018;760000182;760780262;SSR_E50;1;3;;0;;1014;;0
SSR;2018;760000182;760780262;SSR_TOT;;3;;0;8;1014;6;0
SSR;2018;760000356;760780726;SSR_A;;81;32;;619;26935;89;8536
SSR;2018;760000356;760780726;SSR_A50;1;;;0;;0;;0
SSR;2018;760000356;760780726;SSR_A51;1;6;5;;;831;;152
SSR;2018;760000356;760780726;SSR_A52;1;16;15;0;;6049;;6739
SSR;2018;760000356;760780726;SSR_A59;1;59;12;0;;20055;;1645
SSR;2018;760000356;760780726;SSR_TOT;;81;32;0;619;26935;89;8536
SSR;2018;760000364;760780734;SSR_A;;60;;;557;21187;31;0
SSR;2018;760000364;760780734;SSR_A50;1;30;;0;;11100;;0
SSR;2018;760000364;760780734;SSR_A59;1;30;;0;;10087;;0
SSR;2018;760000364;760780734;SSR_TOT;;60;;0;557;21187;31;0
SSR;2018;760000380;760780759;SSR_A;;20;;;205;6819;13;0
SSR;2018;760000380;760780759;SSR_A50;1;20;;0;;6819;;0
SSR;2018;760000380;760780759;SSR_TOT;;20;;0;205;6819;13;0
SSR;2018;760000398;760780742;SSR_A;;52;;;571;18103;22;0
SSR;2018;760000398;760780742;SSR_A50;1;52;;0;;18103;;0
SSR;2018;760000398;760780742;SSR_TOT;;52;;0;571;18103;22;0
SSR;2018;760000463;760024042;SSR_A;;98;8;;634;28085;95;1276
SSR;2018;760000463;760024042;SSR_A50;1;78;;0;;20833;;0
SSR;2018;760000463;760024042;SSR_A53;1;;8;0;;0;;1276
SSR;2018;760000463;760024042;SSR_A59;1;20;;0;;7252;;0
SSR;2018;760000463;760024042;SSR_TOT;;98;8;0;634;28085;95;1276
SSR;2018;760000620;760782227;SSR_A;;60;;;422;18804;40;0
SSR;2018;760000620;760782227;SSR_A50;1;;;0;;0;;0
SSR;2018;760000620;760782227;SSR_A59;1;60;;0;;18804;;0
SSR;2018;760000620;760782227;SSR_TOT;;60;;0;422;18804;40;0
SSR;2018;760000802;760782425;SSR_A;;30;0;;277;10308;15;0
SSR;2018;760000802;760782425;SSR_A59;1;30;0;0;;10308;;0
SSR;2018;760000802;760782425;SSR_TOT;;30;0;0;277;10308;15;0
SSR;2018;760017079;760017038;SSR_A;;68;20;;530;23845;63;12783
SSR;2018;760017079;760017038;SSR_A50;1;;;0;;0;;0
SSR;2018;760017079;760017038;SSR_A51;1;34;10;;;19428;;8747
SSR;2018;760017079;760017038;SSR_A52;1;34;10;0;;4417;;4036
SSR;2018;760017079;760017038;SSR_TOT;;68;20;0;530;23845;63;12783
SSR;2018;760021329;760000448;SSR_A;;;30;;0;0;0;11120
SSR;2018;760021329;760000448;SSR_A53;1;;30;0;;0;;11120
SSR;2018;760021329;760000448;SSR_TOT;;;30;0;0;0;0;11120
SSR;2018;760027292;760027300;SSR_A;;32;;;364;9355;8;0
SSR;2018;760027292;760027300;SSR_A50;1;32;;0;;9355;;0
SSR;2018;760027292;760027300;SSR_TOT;;32;;0;364;9355;8;0
SSR;2018;760029017;920031572;SSR_A;;80;;;682;27113;53;0
SSR;2018;760029017;920031572;SSR_A50;1;80;;0;;27113;;0
SSR;2018;760029017;920031572;SSR_TOT;;80;;0;682;27113;53;0
SSR;2018;760034637;760000448;SSR_A;;98;10;;834;32919;64;6899
SSR;2018;760034637;760000448;SSR_A50;1;30;;0;;9588;;0
SSR;2018;760034637;760000448;SSR_A52;1;48;10;0;;18068;;6899
SSR;2018;760034637;760000448;SSR_A58;1;20;;0;;5263;;0
SSR;2018;760034637;760000448;SSR_TOT;;98;10;0;834;32919;64;6899
SSR;2018;760780130;760000091;SSR_A;;60;;;499;21670;;0
SSR;2018;760780130;760000091;SSR_A50;1;20;;0;;7484;;0
SSR;2018;760780130;760000091;SSR_A55;1;40;;0;;14186;;0
SSR;2018;760780130;760000091;SSR_TOT;;60;;0;499;21670;;0
SSR;2018;760780619;760000307;SSR_A;;20;30;;353;5201;0;14738
SSR;2018;760780619;760000307;SSR_A50;1;;;0;;0;;0
SSR;2018;760780619;760000307;SSR_A53;1;20;30;0;;5201;;14738
SSR;2018;760780619;760000307;SSR_TOT;;20;30;0;353;5201;0;14738
SSR;2018;760780676;750808529;SSR_A;;36;;;248;11712;44;0
SSR;2018;760780676;750808529;SSR_A50;1;36;;0;;11712;;0
SSR;2018;760780676;750808529;SSR_TOT;;36;;0;248;11712;44;0
SSR;2018;760780692;760025734;SSR_A;;152;50;;832;40210;168;11007
SSR;2018;760780692;760025734;SSR_A51;1;53;21;;;12254;;5011
SSR;2018;760780692;760025734;SSR_A52;1;99;22;0;;27956;;4717
SSR;2018;760780692;760025734;SSR_A53;1;;5;0;;0;;947
SSR;2018;760780692;760025734;SSR_A54;1;;2;0;;0;;332
SSR;2018;760780692;760025734;SSR_TOT;;152;50;0;832;40210;168;11007
SSR;2018;760780981;760027342;SSR_A;;93;10;;598;23051;67;4497
SSR;2018;760780981;760027342;SSR_A50;1;73;0;0;;18516;;0
SSR;2018;760780981;760027342;SSR_A55;1;20;10;0;;4535;;4497
SSR;2018;760780981;760027342;SSR_TOT;;93;10;0;598;23051;67;4497
SSR;2018;760781054;930019484;SSR_E;;30;20;;351;5845;13;4439
SSR;2018;760781054;930019484;SSR_E50;1;;;0;;0;;0
SSR;2018;760781054;930019484;SSR_E51;1;2;3;0;;564;;765
SSR;2018;760781054;930019484;SSR_E52;1;16;13;0;;2916;;3077
SSR;2018;760781054;930019484;SSR_E54;1;3;1;0;;606;;129
SSR;2018;760781054;930019484;SSR_E55;1;9;3;0;;1759;;468
SSR;2018;760781054;930019484;SSR_TOT;;30;20;0;351;5845;13;4439
SSR;2018;760783035;750721334;SSR_A;;60;20;;640;18050;15;3565
SSR;2018;760783035;750721334;SSR_A50;1;;;0;;0;;0
SSR;2018;760783035;750721334;SSR_A55;1;40;20;0;;11826;;3565
SSR;2018;760783035;750721334;SSR_A56;1;20;;0;;6224;;0
SSR;2018;760783035;750721334;SSR_TOT;;60;20;0;640;18050;15;3565
SSR;2018;760783159;760000851;SSR_A;;68;;;980;23934;0;0
SSR;2018;760783159;760000851;SSR_A50;1;;;0;;0;;0
SSR;2018;760783159;760000851;SSR_A58;1;68;;0;;23934;;0
SSR;2018;760783159;760000851;SSR_TOT;;68;;0;980;23934;0;0
SSR;2018;760783522;760780239;SSR_A;;249;5;;2336;86771;229;1138
SSR;2018;760783522;760780239;SSR_A50;1;165;5;0;;53233;;1138
SSR;2018;760783522;760780239;SSR_A52;1;30;;0;;9974;;0
SSR;2018;760783522;760780239;SSR_A54;1;29;;0;;9829;;0
SSR;2018;760783522;760780239;SSR_A59;1;25;;0;;13735;;
SSR;2018;760783522;760780239;SSR_TOT;;249;5;0;2336;86771;229;1138
SSR;2018;760783530;760780239;SSR_A;;30;11;;259;10722;24;1829
SSR;2018;760783530;760780239;SSR_A50;1;;;0;;0;;0
SSR;2018;760783530;760780239;SSR_A52;1;;;0;;0;;0
SSR;2018;760783530;760780239;SSR_A54;1;;;0;;0;;0
SSR;2018;760783530;760780239;SSR_A59;1;30;11;0;;10722;;1829
SSR;2018;760783530;760780239;SSR_TOT;;30;11;0;259;10722;24;1829
SSR;2018;760802439;750826307;SSR_E;;35;;;35;697;0;0
SSR;2018;760802439;750826307;SSR_E50;1;35;;0;;697;;0
SSR;2018;760802439;750826307;SSR_TOT;;35;;0;35;697;0;0
SSR;2018;760805770;760780726;SSR_A;;27;7;;499;7230;2;2865
SSR;2018;760805770;760780726;SSR_A50;1;;;0;;0;;0
SSR;2018;760805770;760780726;SSR_A53;1;11;5;0;;2613;;2455
SSR;2018;760805770;760780726;SSR_A54;1;6;2;0;;1160;;410
SSR;2018;760805770;760780726;SSR_A59;1;10;;0;;3457;;0
SSR;2018;760805770;760780726;SSR_TOT;;27;7;0;499;7230;2;2865
SSR;2018;760920603;760920587;SSR_A;;83;15;;617;28387;89;6063
SSR;2018;760920603;760920587;SSR_A50;1;83;15;0;;28387;;6063
SSR;2018;760920603;760920587;SSR_TOT;;83;15;0;617;28387;89;6063
SSR;2018;760920918;760000273;SSR_A;;93;15;;982;36653;75;11641
SSR;2018;760920918;760000273;SSR_A50;1;29;1;0;;6410;;21
SSR;2018;760920918;760000273;SSR_A51;1;49;12;;;20728;;10436
SSR;2018;760920918;760000273;SSR_A52;1;15;2;0;;9515;;1184
SSR;2018;760920918;760000273;SSR_TOT;;93;15;0;982;36653;75;11641
SSR;2018;770000131;770021145;SSR_A;;83;;;829;28033;73;0
SSR;2018;770000131;770021145;SSR_A50;1;33;;0;;12864;;0
SSR;2018;770000131;770021145;SSR_A58;1;16;;0;;3831;;0
SSR;2018;770000131;770021145;SSR_A59;1;34;;0;;11338;;0
SSR;2018;770000131;770021145;SSR_TOT;;83;;0;829;28033;73;0
SSR;2018;770000156;770110054;SSR_A;;30;;;363;10221;5;0
SSR;2018;770000156;770110054;SSR_A59;1;30;;0;;10221;;0
SSR;2018;770000156;770110054;SSR_TOT;;30;;0;363;10221;5;0
SSR;2018;770000164;770021152;SSR_A;;60;;;479;18675;48;0
SSR;2018;770000164;770021152;SSR_A50;1;20;;0;;6245;;0
SSR;2018;770000164;770021152;SSR_A58;1;10;;0;;1870;;0
SSR;2018;770000164;770021152;SSR_A59;1;30;;0;;10560;;0
SSR;2018;770000164;770021152;SSR_TOT;;60;;0;479;18675;48;0
SSR;2018;770000172;770110070;SSR_A;;55;2;;447;17410;54;1500
SSR;2018;770000172;770110070;SSR_A50;1;3;1;0;;150;;83
SSR;2018;770000172;770110070;SSR_A51;1;18;1;;;6754;;1409
SSR;2018;770000172;770110070;SSR_A52;1;6;;0;;2026;;8
SSR;2018;770000172;770110070;SSR_A59;1;28;;0;;8480;;0
SSR;2018;770000172;770110070;SSR_TOT;;55;2;0;447;17410;54;1500
SSR;2018;770000180;770110054;SSR_A;;30;;;267;9072;13;0
SSR;2018;770000180;770110054;SSR_A50;1;;;0;;;;0
SSR;2018;770000180;770110054;SSR_A51;1;;;;;0;;0
SSR;2018;770000180;770110054;SSR_A59;1;30;;0;;9072;;0
SSR;2018;770000180;770110054;SSR_TOT;;30;;0;267;9072;13;0
SSR;2018;770000214;770021152;SSR_A;;68;2;;557;19281;35;102
SSR;2018;770000214;770021152;SSR_A50;1;35;2;0;;7787;;102
SSR;2018;770000214;770021152;SSR_A59;1;33;;0;;11494;;0
SSR;2018;770000214;770021152;SSR_TOT;;68;2;0;557;19281;35;102
SSR;2018;770000420;770700029;SSR_E;;60;5;;422;12543;37;2208
SSR;2018;770000420;770700029;SSR_E50;1;5;1;0;;704;;99
SSR;2018;770000420;770700029;SSR_E51;1;30;1;0;;5658;;404
SSR;2018;770000420;770700029;SSR_E52;1;25;3;0;;6181;;1705
SSR;2018;770000420;770700029;SSR_TOT;;60;5;0;422;12543;37;2208
SSR;2018;770016467;920030269;SSR_A;;110;10;;664;38267;117;92
SSR;2018;770016467;920030269;SSR_A50;1;65;;0;;11444;;0
SSR;2018;770016467;920030269;SSR_A59;1;45;10;0;;26823;;92
SSR;2018;770016467;920030269;SSR_TOT;;110;10;0;664;38267;117;92
SSR;2018;770016491;770016483;SSR_A;;92;20;;640;31643;100;7538
SSR;2018;770016491;770016483;SSR_A50;1;3;0;0;;13;;0
SSR;2018;770016491;770016483;SSR_A51;1;36;12;;;12608;;4173
SSR;2018;770016491;770016483;SSR_A52;1;53;8;0;;19022;;3365
SSR;2018;770016491;770016483;SSR_TOT;;92;20;0;640;31643;100;7538
SSR;2018;770020477;750720468;SSR_A;;177;;;1517;46698;106;0
SSR;2018;770020477;750720468;SSR_A50;1;72;;0;;19850;;0
SSR;2018;770020477;750720468;SSR_A54;1;32;;0;;8355;;0
SSR;2018;770020477;750720468;SSR_A55;1;73;;0;;18493;;0
SSR;2018;770020477;750720468;SSR_TOT;;177;;0;1517;46698;106;0
SSR;2018;770150027;750720575;SSR_E;;115;13;;741;18959;30;3064
SSR;2018;770150027;750720575;SSR_E50;1;;13;0;;0;;3064
SSR;2018;770150027;750720575;SSR_E51;1;15;;0;;3914;;0
SSR;2018;770150027;750720575;SSR_E52;1;35;;0;;5307;;0
SSR;2018;770150027;750720575;SSR_E55;1;65;;0;;9738;;0
SSR;2018;770150027;750720575;SSR_TOT;;115;13;0;741;18959;30;3064
SSR;2018;770150043;750808529;SSR_A;;70;8;;634;22141;45;2790
SSR;2018;770150043;750808529;SSR_A50;1;;0;0;;0;;0
SSR;2018;770150043;750808529;SSR_A51;1;30;5;;;9998;;2137
SSR;2018;770150043;750808529;SSR_A52;1;20;3;0;;5799;;653
SSR;2018;770150043;750808529;SSR_A59;1;20;;0;;6344;;0
SSR;2018;770150043;750808529;SSR_TOT;;70;8;0;634;22141;45;2790
SSR;2018;770300135;770000289;SSR_A;;;15;;0;0;0;2951
SSR;2018;770300135;770000289;SSR_A50;1;;;0;;0;;0
SSR;2018;770300135;770000289;SSR_A53;1;;15;0;;0;;2951
SSR;2018;770300135;770000289;SSR_TOT;;;15;0;0;0;0;2951
SSR;2018;770300218;440052041;SSR_A;;93;25;;734;32807;99;4501
SSR;2018;770300218;440052041;SSR_A50;1;33;10;0;;7052;;957
SSR;2018;770300218;440052041;SSR_A52;1;15;5;0;;5745;;2145
SSR;2018;770300218;440052041;SSR_A59;1;45;10;0;;20010;;1399
SSR;2018;770300218;440052041;SSR_TOT;;93;25;0;734;32807;99;4501
SSR;2018;770300259;770000347;SSR_A;;142;60;;1264;50542;122;22789
SSR;2018;770300259;770000347;SSR_A51;1;74;45;;;24225;;15163
SSR;2018;770300259;770000347;SSR_A52;1;68;15;0;;26317;;7626
SSR;2018;770300259;770000347;SSR_TOT;;142;60;0;1264;50542;122;22789
SSR;2018;770420024;930027347;SSR_A;;96;10;;924;32148;39;2225
SSR;2018;770420024;930027347;SSR_A50;1;10;1;0;;6636;;255
SSR;2018;770420024;930027347;SSR_A59;1;86;9;0;;25512;;1970
SSR;2018;770420024;930027347;SSR_TOT;;96;10;0;924;32148;39;2225
SSR;2018;770700011;930027347;SSR_A;;214;44;;1526;65776;197;13713
SSR;2018;770700011;930027347;SSR_A50;1;7;19;1;;881;;1457
SSR;2018;770700011;930027347;SSR_A51;1;61;13;;;26797;;8218
SSR;2018;770700011;930027347;SSR_A52;1;51;10;0;;20405;;3955
SSR;2018;770700011;930027347;SSR_A57;1;20;2;0;;6756;;83
SSR;2018;770700011;930027347;SSR_A59;1;75;;0;;10937;;0
SSR;2018;770700011;930027347;SSR_TOT;;214;44;0;1526;65776;197;13713
SSR;2018;770701225;750721334;SSR_A;;20;5;;351;2536;4;16
SSR;2018;770701225;750721334;SSR_A50;1;;;0;;0;;0
SSR;2018;770701225;750721334;SSR_A52;1;20;5;0;;2536;;16
SSR;2018;770701225;750721334;SSR_E;;20;5;;904;4671;4;3175
SSR;2018;770701225;750721334;SSR_E50;1;;;0;;0;;0
SSR;2018;770701225;750721334;SSR_E52;1;20;5;0;;4671;;3175
SSR;2018;770701225;750721334;SSR_TOT;;40;10;0;1255;7207;8;3191
SSR;2018;770803989;770000925;SSR_A;;65;15;;1245;22123;1;10512
SSR;2018;770803989;770000925;SSR_A50;1;;;0;;0;;0
SSR;2018;770803989;770000925;SSR_A53;1;65;15;0;;22123;;10512
SSR;2018;770803989;770000925;SSR_TOT;;65;15;0;1245;22123;1;10512
SSR;2018;770814622;770021145;SSR_A;;116;1;;812;37646;122;1700
SSR;2018;770814622;770021145;SSR_A50;1;35;;0;;12310;;0
SSR;2018;770814622;770021145;SSR_A52;1;19;1;0;;6509;;1700
SSR;2018;770814622;770021145;SSR_A59;1;62;;0;;18827;;0
SSR;2018;770814622;770021145;SSR_TOT;;116;1;0;812;37646;122;1700
SSR;2018;780000287;780110011;SSR_A;;40;;;374;14074;27;0
SSR;2018;780000287;780110011;SSR_A50;1;12;;0;;4086;;0
SSR;2018;780000287;780110011;SSR_A59;1;28;;0;;9988;;0
SSR;2018;780000287;780110011;SSR_TOT;;40;;0;374;14074;27;0
SSR;2018;780000303;780024113;SSR_A;;72;21;;944;23368;22;7220
SSR;2018;780000303;780024113;SSR_A50;1;;;0;;0;;0
SSR;2018;780000303;780024113;SSR_A51;1;8;9;;;2642;;4082
SSR;2018;780000303;780024113;SSR_A52;1;13;6;0;;3470;;1683
SSR;2018;780000303;780024113;SSR_A59;1;51;6;0;;17256;;1455
SSR;2018;780000303;780024113;SSR_TOT;;72;21;0;944;23368;22;7220
SSR;2018;780000311;780001236;SSR_A;;60;;;412;14005;27;0
SSR;2018;780000311;780001236;SSR_A50;1;15;;0;;7470;;0
SSR;2018;780000311;780001236;SSR_A51;1;30;;;;4332;;0
SSR;2018;780000311;780001236;SSR_A52;1;15;;0;;2203;;0
SSR;2018;780000311;780001236;SSR_TOT;;60;;0;412;14005;27;0
SSR;2018;780000337;780001236;SSR_A;;30;;;478;10257;8;0
SSR;2018;780000337;780001236;SSR_A59;1;30;;0;;10257;;0
SSR;2018;780000337;780001236;SSR_TOT;;30;;0;478;10257;8;0
SSR;2018;780000345;780110078;SSR_A;;54;8;;631;17933;16;1585
SSR;2018;780000345;780110078;SSR_A50;1;;;0;;0;;0
SSR;2018;780000345;780110078;SSR_A59;1;54;8;0;;17933;;1585
SSR;2018;780000345;780110078;SSR_TOT;;54;8;0;631;17933;16;1585
SSR;2018;780000352;780110094;SSR_A;;147;34;;1299;52318;153;6915
SSR;2018;780000352;780110094;SSR_A50;1;65;6;0;;27000;;10
SSR;2018;780000352;780110094;SSR_A51;1;42;26;;;14286;;4353
SSR;2018;780000352;780110094;SSR_A52;1;40;2;0;;11032;;2552
SSR;2018;780000352;780110094;SSR_E;;22;2;;106;7364;44;0
SSR;2018;780000352;780110094;SSR_E50;1;22;2;0;;7364;;0
SSR;2018;780000352;780110094;SSR_TOT;;169;36;0;1405;59682;197;6915
SSR;2018;780000378;780130027;SSR_A;;6;;;11;2047;9;0
SSR;2018;780000378;780130027;SSR_A50;1;6;;0;;2047;;0
SSR;2018;780000378;780130027;SSR_TOT;;6;;0;11;2047;9;0
SSR;2018;780000386;780021788;SSR_A;;30;0;;224;7986;14;0
SSR;2018;780000386;780021788;SSR_A50;1;30;0;0;;7986;;0
SSR;2018;780000386;780021788;SSR_TOT;;30;0;0;224;7986;14;0
SSR;2018;780000428;780002697;SSR_A;;109;30;;684;35361;89;6164
SSR;2018;780000428;780002697;SSR_A50;1;35;;0;;10627;;0
SSR;2018;780000428;780002697;SSR_A51;1;;20;;;0;;4837
SSR;2018;780000428;780002697;SSR_A52;1;30;5;0;;10157;;1327
SSR;2018;780000428;780002697;SSR_A59;1;44;5;0;;14577;;0
SSR;2018;780000428;780002697;SSR_TOT;;109;30;0;684;35361;89;6164
SSR;2018;780001467;780023156;SSR_A;;50;;;252;16995;77;0
SSR;2018;780001467;780023156;SSR_A50;1;50;;0;;16995;;0
SSR;2018;780001467;780023156;SSR_TOT;;50;;0;252;16995;77;0
SSR;2018;780001657;780530010;SSR_E;;130;10;;1013;25541;64;4025
SSR;2018;780001657;780530010;SSR_E50;1;15;2;0;;778;;971
SSR;2018;780001657;780530010;SSR_E51;1;30;3;0;;4226;;602
SSR;2018;780001657;780530010;SSR_E52;1;10;5;0;;4631;;2452
SSR;2018;780001657;780530010;SSR_E54;1;10;;0;;1441;;0
SSR;2018;780001657;780530010;SSR_E55;1;45;;0;;9726;;0
SSR;2018;780001657;780530010;SSR_E56;1;12;;0;;2166;;0
SSR;2018;780001657;780530010;SSR_E57;1;8;;0;;2573;;0
SSR;2018;780001657;780530010;SSR_TOT;;130;10;0;1013;25541;64;4025
SSR;2018;780008298;920030269;SSR_A;;60;;;479;23134;53;0
SSR;2018;780008298;920030269;SSR_A59;1;60;;0;;23134;;0
SSR;2018;780008298;920030269;SSR_TOT;;60;;0;479;23134;53;0
SSR;2018;780018727;780018719;SSR_A;;30;;;336;10017;18;0
SSR;2018;780018727;780018719;SSR_A50;1;30;;0;;10017;;0
SSR;2018;780018727;780018719;SSR_TOT;;30;;0;336;10017;18;0
SSR;2018;780022760;310021258;SSR_A;;105;30;;967;39507;108;9555
SSR;2018;780022760;310021258;SSR_A50;1;45;30;1;;9793;;9555
SSR;2018;780022760;310021258;SSR_A59;1;60;;1;;29714;;0
SSR;2018;780022760;310021258;SSR_TOT;;105;30;0;967;39507;108;9555
SSR;2018;780140018;750005068;SSR_A;;77;;;664;23858;69;0
SSR;2018;780140018;750005068;SSR_A58;1;28;;0;;8676;;0
SSR;2018;780140018;750005068;SSR_A59;1;49;;0;;15182;;0
SSR;2018;780140018;750005068;SSR_TOT;;77;;0;664;23858;69;0
SSR;2018;780140075;750721391;SSR_A;;60;10;;311;15665;45;1109
SSR;2018;780140075;750721391;SSR_A50;1;;;0;;0;;0
SSR;2018;780140075;750721391;SSR_A58;1;60;10;0;;15665;;1109
SSR;2018;780140075;750721391;SSR_TOT;;60;10;0;311;15665;45;1109
SSR;2018;780150017;750005068;SSR_A;;96;25;;1111;30562;25;7346
SSR;2018;780150017;750005068;SSR_A50;1;48;;0;;15236;;0
SSR;2018;780150017;750005068;SSR_A51;1;10;5;;;6067;;1053
SSR;2018;780150017;750005068;SSR_A52;1;20;5;0;;3939;;1002
SSR;2018;780150017;750005068;SSR_A53;1;18;15;0;;5320;;5291
SSR;2018;780150017;750005068;SSR_TOT;;96;25;0;1111;30562;25;7346
SSR;2018;780150033;780020715;SSR_A;;8;;;9;2765;9;0
SSR;2018;780150033;780020715;SSR_A52;1;8;;0;;2765;;0
SSR;2018;780150033;780020715;SSR_TOT;;8;;0;9;2765;9;0
SSR;2018;780150066;780808614;SSR_A;;146;17;;1720;48346;44;4526
SSR;2018;780150066;780808614;SSR_A51;1;43;10;;;14110;;2995
SSR;2018;780150066;780808614;SSR_A52;1;22;7;0;;7240;;1531
SSR;2018;780150066;780808614;SSR_A59;1;81;;0;;26996;;0
SSR;2018;780150066;780808614;SSR_TOT;;146;17;0;1720;48346;44;4526
SSR;2018;780300075;780000485;SSR_A;;50;9;;883;14754;0;5996
SSR;2018;780300075;780000485;SSR_A50;1;;1;0;;2494;;270
SSR;2018;780300075;780000485;SSR_A53;1;50;8;0;;12260;;5726
SSR;2018;780300075;780000485;SSR_TOT;;50;9;0;883;14754;0;5996
SSR;2018;780300083;920030889;SSR_A;;152;21;;1155;52659;171;7870
SSR;2018;780300083;920030889;SSR_A50;1;50;;0;;18168;;0
SSR;2018;780300083;920030889;SSR_A51;1;62;15;;;21296;;6740
SSR;2018;780300083;920030889;SSR_A53;1;40;6;0;;13195;;1130
SSR;2018;780300083;920030889;SSR_TOT;;152;21;0;1155;52659;171;7870
SSR;2018;780300109;780000519;SSR_A;;65;;;668;22491;54;0
SSR;2018;780300109;780000519;SSR_A50;1;35;;0;;6139;;0
SSR;2018;780300109;780000519;SSR_A59;1;30;;0;;16352;;0
SSR;2018;780300109;780000519;SSR_TOT;;65;;0;668;22491;54;0
SSR;2018;780300208;780000576;SSR_A;;40;;;452;12310;9;0
SSR;2018;780300208;780000576;SSR_A50;1;25;;0;;9763;;0
SSR;2018;780300208;780000576;SSR_A59;1;15;;0;;2547;;0
SSR;2018;780300208;780000576;SSR_TOT;;40;;0;452;12310;9;0
SSR;2018;780300224;310021225;SSR_A;;70;;;486;24928;60;0
SSR;2018;780300224;310021225;SSR_A50;1;25;;0;;664;;0
SSR;2018;780300224;310021225;SSR_A59;1;45;;0;;24264;;0
SSR;2018;780300224;310021225;SSR_TOT;;70;;0;486;24928;60;0
SSR;2018;780420022;930027347;SSR_A;;50;30;;360;15804;51;9608
SSR;2018;780420022;930027347;SSR_A50;1;0;;0;;57;;0
SSR;2018;780420022;930027347;SSR_A51;1;38;20;;;9772;;7070
SSR;2018;780420022;930027347;SSR_A52;1;12;10;1;;5975;;2538
SSR;2018;780420022;930027347;SSR_A59;1;;;0;;0;;0
SSR;2018;780420022;930027347;SSR_TOT;;50;30;0;360;15804;51;9608
SSR;2018;780420048;780021069;SSR_A;;53;;;587;19003;44;0
SSR;2018;780420048;780021069;SSR_A50;1;53;;0;;19003;;0
SSR;2018;780420048;780021069;SSR_TOT;;53;;0;587;19003;44;0
SSR;2018;780630026;750803900;SSR_E;;57;;;533;14488;40;0
SSR;2018;780630026;750803900;SSR_E50;1;57;;0;;3493;;0
SSR;2018;780630026;750803900;SSR_E53;1;;;0;;2239;;0
SSR;2018;780630026;750803900;SSR_E54;1;;;0;;5370;;0
SSR;2018;780630026;750803900;SSR_E55;1;;;0;;3386;;0
SSR;2018;780630026;750803900;SSR_TOT;;57;;0;533;14488;40;0
SSR;2018;780700027;780822193;SSR_A;;97;40;;797;32735;82;12895
SSR;2018;780700027;780822193;SSR_A50;1;;;0;;0;;0
SSR;2018;780700027;780822193;SSR_A51;1;31;20;;;8674;;8986
SSR;2018;780700027;780822193;SSR_A52;1;31;10;0;;13819;;2769
SSR;2018;780700027;780822193;SSR_A59;1;35;10;0;;10242;;1140
SSR;2018;780700027;780822193;SSR_TOT;;97;40;0;797;32735;82;12895
SSR;2018;780700050;780023156;SSR_A;;70;;;592;24837;54;0
SSR;2018;780700050;780023156;SSR_A50;1;;;0;;0;;0
SSR;2018;780700050;780023156;SSR_A51;1;70;;;;24837;;0
SSR;2018;780700050;780023156;SSR_TOT;;70;;0;592;24837;54;0
SSR;2018;780825816;780003638;SSR_A;;50;20;;345;17139;68;8295
SSR;2018;780825816;780003638;SSR_A50;1;20;8;0;;5739;;3969
SSR;2018;780825816;780003638;SSR_A52;1;30;12;0;;11400;;4326
SSR;2018;780825816;780003638;SSR_TOT;;50;20;0;345;17139;68;8295
SSR;2018;790000087;790000012;SSR_A;;91;10;;944;30984;61;1545
SSR;2018;790000087;790000012;SSR_A50;1;42;6;0;;10629;;872
SSR;2018;790000087;790000012;SSR_A52;1;19;4;0;;6166;;673
SSR;2018;790000087;790000012;SSR_A59;1;30;;0;;14189;;0
SSR;2018;790000087;790000012;SSR_TOT;;91;10;0;944;30984;61;1545
SSR;2018;790000103;790006654;SSR_A;;30;2;;455;18007;55;687
SSR;2018;790000103;790006654;SSR_A50;1;30;2;0;;0;;687
SSR;2018;790000103;790006654;SSR_A59;1;;;0;;18007;;0
SSR;2018;790000103;790006654;SSR_TOT;;30;2;0;455;18007;55;687
SSR;2018;790000111;790019491;SSR_A;;49;;;444;14668;21;0
SSR;2018;790000111;790019491;SSR_A50;1;4;;0;;1076;;0
SSR;2018;790000111;790019491;SSR_A59;1;45;;0;;13592;;0
SSR;2018;790000111;790019491;SSR_TOT;;49;;0;444;14668;21;0
SSR;2018;790000137;790019491;SSR_A;;25;;;228;8527;17;0
SSR;2018;790000137;790019491;SSR_A50;1;25;;0;;8527;;0
SSR;2018;790000137;790019491;SSR_TOT;;25;;0;228;8527;17;0
SSR;2018;790000145;790000079;SSR_A;;40;;;449;14213;26;0
SSR;2018;790000145;790000079;SSR_A50;1;;;0;;0;;0
SSR;2018;790000145;790000079;SSR_A59;1;40;;0;;14213;;0
SSR;2018;790000145;790000079;SSR_TOT;;40;;0;449;14213;26;0
SSR;2018;790000186;790000178;SSR_A;;74;;;671;22616;39;0
SSR;2018;790000186;790000178;SSR_A50;1;74;;0;;22616;;0
SSR;2018;790000186;790000178;SSR_TOT;;74;;0;671;22616;39;0
SSR;2018;790000269;870015336;SSR_E;;32;;;225;6761;0;0
SSR;2018;790000269;870015336;SSR_E55;1;32;;0;;6761;;0
SSR;2018;790000269;870015336;SSR_TOT;;32;;0;225;6761;0;0
SSR;2018;790000681;790002497;SSR_A;;97;23;;706;29500;108;7266
SSR;2018;790000681;790002497;SSR_A51;1;53;13;;;16600;;4998
SSR;2018;790000681;790002497;SSR_A52;1;39;9;0;;12164;;2268
SSR;2018;790000681;790002497;SSR_A57;1;5;1;0;;736;;0
SSR;2018;790000681;790002497;SSR_E;;3;2;;19;640;1;382
SSR;2018;790000681;790002497;SSR_E51;1;2;1;0;;479;;320
SSR;2018;790000681;790002497;SSR_E52;1;1;1;0;;161;;62
SSR;2018;790000681;790002497;SSR_TOT;;100;25;0;725;30140;109;7648
SSR;2018;790003537;790006654;SSR_A;;24;;;272;6133;10;0
SSR;2018;790003537;790006654;SSR_A58;1;24;;0;;6133;;0
SSR;2018;790003537;790006654;SSR_TOT;;24;;0;272;6133;10;0
SSR;2018;790008064;790002497;SSR_A;;79;;;983;27125;14;0
SSR;2018;790008064;790002497;SSR_A50;1;49;;0;;17614;;0
SSR;2018;790008064;790002497;SSR_A55;1;30;;0;;9511;;0
SSR;2018;790008064;790002497;SSR_TOT;;79;;0;983;27125;14;0
SSR;2018;790019848;790006654;SSR_A;;45;;;275;7603;13;0
SSR;2018;790019848;790006654;SSR_A50;1;45;;0;;7603;;0
SSR;2018;790019848;790006654;SSR_TOT;;45;;0;275;7603;13;0
SSR;2018;800000143;800000028;SSR_A;;;10;;0;0;0;1749
SSR;2018;800000143;800000028;SSR_A53;1;;5;0;;0;;297
SSR;2018;800000143;800000028;SSR_A54;1;;5;0;;0;;1452
SSR;2018;800000143;800000028;SSR_TOT;;;10;0;0;0;0;1749
SSR;2018;800000150;800002982;SSR_A;;29;29;;312;8394;2;1774
SSR;2018;800000150;800002982;SSR_A50;1;29;29;1;;8394;;1774
SSR;2018;800000150;800002982;SSR_TOT;;29;29;0;312;8394;2;1774
SSR;2018;800000184;800000036;SSR_A;;30;;;407;9794;13;0
SSR;2018;800000184;800000036;SSR_A50;1;15;;1;;4614;;0
SSR;2018;800000184;800000036;SSR_A59;1;15;;1;;5180;;0
SSR;2018;800000184;800000036;SSR_TOT;;30;;0;407;9794;13;0
SSR;2018;800000192;800000044;SSR_A;;40;0;;457;14455;22;0
SSR;2018;800000192;800000044;SSR_A59;1;40;0;0;;14455;;0
SSR;2018;800000192;800000044;SSR_TOT;;40;0;0;457;14455;22;0
SSR;2018;800000200;800000051;SSR_A;;54;39;;806;15768;14;6586
SSR;2018;800000200;800000051;SSR_A51;1;9;2;;;3824;;507
SSR;2018;800000200;800000051;SSR_A52;1;9;1;0;;4271;;659
SSR;2018;800000200;800000051;SSR_A53;1;15;35;0;;2412;;4841
SSR;2018;800000200;800000051;SSR_A55;1;21;1;0;;5261;;579
SSR;2018;800000200;800000051;SSR_E;;10;10;;38;704;0;38
SSR;2018;800000200;800000051;SSR_E55;1;10;10;0;;704;;38
SSR;2018;800000200;800000051;SSR_TOT;;64;49;0;844;16472;14;6624
SSR;2018;800000226;800000069;SSR_A;;40;;;431;11973;11;0
SSR;2018;800000226;800000069;SSR_A50;1;40;;0;;11973;;0
SSR;2018;800000226;800000069;SSR_TOT;;40;;0;431;11973;11;0
SSR;2018;800000275;800000077;SSR_A;;32;;;352;9182;7;0
SSR;2018;800000275;800000077;SSR_A50;1;32;;0;;9182;;0
SSR;2018;800000275;800000077;SSR_TOT;;32;;0;352;9182;7;0
SSR;2018;800000390;800000085;SSR_A;;40;;;305;11763;25;0
SSR;2018;800000390;800000085;SSR_A50;1;40;;0;;11763;;0
SSR;2018;800000390;800000085;SSR_A59;1;;;0;;0;;0
SSR;2018;800000390;800000085;SSR_TOT;;40;;0;305;11763;25;0
SSR;2018;800000440;800000085;SSR_A;;42;0;;298;10076;10;0
SSR;2018;800000440;800000085;SSR_A50;1;22;0;0;;4206;;0
SSR;2018;800000440;800000085;SSR_A58;1;20;0;0;;5870;;0
SSR;2018;800000440;800000085;SSR_TOT;;42;0;0;298;10076;10;0
SSR;2018;800000507;800000135;SSR_A;;57;;;439;19076;21;0
SSR;2018;800000507;800000135;SSR_A50;1;12;;0;;4201;;0
SSR;2018;800000507;800000135;SSR_A59;1;45;;0;;14875;;0
SSR;2018;800000507;800000135;SSR_TOT;;57;;0;439;19076;21;0
SSR;2018;800000614;800000044;SSR_A;;10;0;;102;3296;9;0
SSR;2018;800000614;800000044;SSR_A50;1;;;0;;0;;0
SSR;2018;800000614;800000044;SSR_A59;1;10;0;0;;3296;;0
SSR;2018;800000614;800000044;SSR_TOT;;10;0;0;102;3296;9;0
SSR;2018;800004152;800000093;SSR_A;;30;;;311;9055;8;0
SSR;2018;800004152;800000093;SSR_A50;1;30;;0;;9055;;0
SSR;2018;800004152;800000093;SSR_TOT;;30;;0;311;9055;8;0
SSR;2018;800006124;800000044;SSR_A;;18;3;;167;5555;16;1267
SSR;2018;800006124;800000044;SSR_A50;1;;;0;;0;;0
SSR;2018;800006124;800000044;SSR_A51;1;;;;;0;;0
SSR;2018;800006124;800000044;SSR_A52;1;18;3;0;;5555;;1267
SSR;2018;800006124;800000044;SSR_A57;1;;;0;;0;;0
SSR;2018;800006124;800000044;SSR_E;;12;2;;212;2870;2;776
SSR;2018;800006124;800000044;SSR_E50;1;12;2;0;;2870;;776
SSR;2018;800006124;800000044;SSR_E51;1;;;0;;0;;0
SSR;2018;800006124;800000044;SSR_E52;1;;;0;;0;;0
SSR;2018;800006124;800000044;SSR_E57;1;;;0;;0;;0
SSR;2018;800006124;800000044;SSR_TOT;;30;5;0;379;8425;18;2043
SSR;2018;800006231;800000028;SSR_A;;47;;;461;15976;30;0
SSR;2018;800006231;800000028;SSR_A50;1;47;;0;;15976;;0
SSR;2018;800006231;800000028;SSR_TOT;;47;;0;461;15976;30;0
SSR;2018;800008989;800002941;SSR_A;;60;7;;628;16641;15;1850
SSR;2018;800008989;800002941;SSR_A50;1;10;;0;;1176;;0
SSR;2018;800008989;800002941;SSR_A51;1;50;7;;;15465;;1850
SSR;2018;800008989;800002941;SSR_TOT;;60;7;0;628;16641;15;1850
SSR;2018;800009920;800003071;SSR_A;;10;8;;3;53;0;2040
SSR;2018;800009920;800003071;SSR_A54;1;10;8;0;;53;;2040
SSR;2018;800009920;800003071;SSR_TOT;;10;8;0;3;53;0;2040
SSR;2018;800012528;800003071;SSR_A;;29;19;;352;10564;8;9362
SSR;2018;800012528;800003071;SSR_A50;1;;;0;;0;;0
SSR;2018;800012528;800003071;SSR_A51;1;17;13;;;6394;;5843
SSR;2018;800012528;800003071;SSR_A52;1;10;5;0;;3690;;3353
SSR;2018;800012528;800003071;SSR_A57;1;2;1;0;;480;;166
SSR;2018;800012528;800003071;SSR_E;;1;1;;1;5;0;9
SSR;2018;800012528;800003071;SSR_E51;1;1;1;0;;5;;9
SSR;2018;800012528;800003071;SSR_TOT;;30;20;0;353;10569;8;9371
SSR;2018;800016727;800003071;SSR_A;;27;;;290;9455;20;0
SSR;2018;800016727;800003071;SSR_A50;1;7;;0;;3193;;0
SSR;2018;800016727;800003071;SSR_A59;1;20;;0;;6262;;0
SSR;2018;800016727;800003071;SSR_TOT;;27;;0;290;9455;20;0
SSR;2018;800016735;800000044;SSR_A;;27;0;;265;9628;13;0
SSR;2018;800016735;800000044;SSR_A50;1;;;0;;0;;0
SSR;2018;800016735;800000044;SSR_A59;1;27;0;0;;9628;;0
SSR;2018;800016735;800000044;SSR_TOT;;27;0;0;265;9628;13;0
SSR;2018;810000158;810100099;SSR_A;;30;;;385;9214;0;0
SSR;2018;810000158;810100099;SSR_A50;1;30;;0;;9214;;0
SSR;2018;810000158;810100099;SSR_TOT;;30;;0;385;9214;0;0
SSR;2018;810000232;810099903;SSR_A;;104;29;;927;31110;57;6179
SSR;2018;810000232;810099903;SSR_A50;1;5;5;0;;622;;13
SSR;2018;810000232;810099903;SSR_A51;1;44;10;;;16448;;4455
SSR;2018;810000232;810099903;SSR_A52;1;35;14;0;;7864;;1711
SSR;2018;810000232;810099903;SSR_A59;1;20;0;0;;6176;;0
SSR;2018;810000232;810099903;SSR_TOT;;104;29;0;927;31110;57;6179
SSR;2018;810000448;810099945;SSR_A;;38;5;;382;11948;10;1374
SSR;2018;810000448;810099945;SSR_A50;1;38;5;0;;11948;;1374
SSR;2018;810000448;810099945;SSR_TOT;;38;5;0;382;11948;10;1374
SSR;2018;810000513;810000349;SSR_A;;31;8;;311;9239;9;1168
SSR;2018;810000513;810000349;SSR_A50;1;31;8;1;;9239;;1168
SSR;2018;810000513;810000349;SSR_TOT;;31;8;0;311;9239;9;1168
SSR;2018;810000539;810000398;SSR_A;;20;;;266;6341;4;0
SSR;2018;810000539;810000398;SSR_A50;1;20;;0;;6341;;0
SSR;2018;810000539;810000398;SSR_TOT;;20;;0;266;6341;4;0
SSR;2018;810000547;810000380;SSR_A;;40;;;496;13721;15;0
SSR;2018;810000547;810000380;SSR_A50;1;8;;0;;3085;;0
SSR;2018;810000547;810000380;SSR_A52;1;12;;0;;3667;;0
SSR;2018;810000547;810000380;SSR_A59;1;20;;0;;6969;;0
SSR;2018;810000547;810000380;SSR_TOT;;40;;0;496;13721;15;0
SSR;2018;810000562;810000455;SSR_A;;60;5;;702;21027;18;765
SSR;2018;810000562;810000455;SSR_A50;1;20;0;0;;2631;;0
SSR;2018;810000562;810000455;SSR_A51;1;20;5;;;8523;;765
SSR;2018;810000562;810000455;SSR_A59;1;20;0;0;;9873;;0
SSR;2018;810000562;810000455;SSR_TOT;;60;5;0;702;21027;18;765
SSR;2018;810003954;810099903;SSR_A;;72;;;699;23894;23;0
SSR;2018;810003954;810099903;SSR_A50;1;27;;0;;6768;;0
SSR;2018;810003954;810099903;SSR_A59;1;45;;0;;17126;;0
SSR;2018;810003954;810099903;SSR_TOT;;72;;0;699;23894;23;0
SSR;2018;810004200;750056335;SSR_A;;118;;;930;33368;58;0
SSR;2018;810004200;750056335;SSR_A50;1;19;;0;;25607;;0
SSR;2018;810004200;750056335;SSR_A55;1;59;;0;;5233;;0
SSR;2018;810004200;750056335;SSR_A59;1;40;;0;;2528;;0
SSR;2018;810004200;750056335;SSR_TOT;;118;;0;930;33368;58;0
SSR;2018;810099838;810000380;SSR_A;;38;2;;447;12733;7;304
SSR;2018;810099838;810000380;SSR_A51;1;20;0;;;8666;;27
SSR;2018;810099838;810000380;SSR_A52;1;18;2;0;;4067;;277
SSR;2018;810099838;810000380;SSR_TOT;;38;2;0;447;12733;7;304
SSR;2018;810101170;810101162;SSR_A;;53;;;615;18699;28;0
SSR;2018;810101170;810101162;SSR_A50;1;53;;0;;18699;;0
SSR;2018;810101170;810101162;SSR_TOT;;53;;0;615;18699;28;0
SSR;2018;820000032;820000016;SSR_A;;50;10;;542;15730;16;2912
SSR;2018;820000032;820000016;SSR_A50;1;21;;0;;7170;;0
SSR;2018;820000032;820000016;SSR_A51;1;29;5;;;8560;;1645
SSR;2018;820000032;820000016;SSR_A52;1;;5;0;;0;;1267
SSR;2018;820000032;820000016;SSR_TOT;;50;10;0;542;15730;16;2912
SSR;2018;820000198;820004950;SSR_A;;36;;;390;12145;18;0
SSR;2018;820000198;820004950;SSR_A50;1;17;;1;;5430;;0
SSR;2018;820000198;820004950;SSR_A59;1;19;;1;;6715;;0
SSR;2018;820000198;820004950;SSR_TOT;;36;;0;390;12145;18;0
SSR;2018;820000412;820000560;SSR_A;;60;0;;677;18663;0;0
SSR;2018;820000412;820000560;SSR_A50;1;0;0;0;;0;;0
SSR;2018;820000412;820000560;SSR_A58;1;60;0;0;;18663;;0
SSR;2018;820000412;820000560;SSR_TOT;;60;0;0;677;18663;0;0
SSR;2018;820000420;820000206;SSR_A;;33;;;296;10782;11;
SSR;2018;820000420;820000206;SSR_A50;1;33;;0;;10782;;
SSR;2018;820000420;820000206;SSR_TOT;;33;;0;296;10782;11;
SSR;2018;820000461;820000248;SSR_A;;30;0;;436;10732;0;0
SSR;2018;820000461;820000248;SSR_A50;1;30;0;0;;10732;;0
SSR;2018;820000461;820000248;SSR_TOT;;30;0;0;436;10732;0;0
SSR;2018;820002350;820000578;SSR_A;;72;;;1459;28802;0;0
SSR;2018;820002350;820000578;SSR_A50;1;;;0;;0;;0
SSR;2018;820002350;820000578;SSR_A53;1;72;;0;;28802;;0
SSR;2018;820002350;820000578;SSR_TOT;;72;;0;1459;28802;0;0
SSR;2018;820003218;820008142;SSR_A;;100;10;;1276;35760;25;2937
SSR;2018;820003218;820008142;SSR_A50;1;80;5;0;;31525;;1029
SSR;2018;820003218;820008142;SSR_A52;1;20;5;0;;4235;;1908
SSR;2018;820003218;820008142;SSR_TOT;;100;10;0;1276;35760;25;2937
SSR;2018;830000287;830100525;SSR_A;;;8;;0;0;0;2506
SSR;2018;830000287;830100525;SSR_A53;1;;8;0;;0;;2506
SSR;2018;830000287;830100525;SSR_TOT;;;8;0;0;0;0;2506
SSR;2018;830000303;830100541;SSR_A;;257;11;;2653;78681;129;6328
SSR;2018;830000303;830100541;SSR_A50;1;;;0;;0;;0
SSR;2018;830000303;830100541;SSR_A51;1;109;;;;33529;;218
SSR;2018;830000303;830100541;SSR_A52;1;42;;1;;12680;;219
SSR;2018;830000303;830100541;SSR_A53;1;74;11;1;;23663;;5784
SSR;2018;830000303;830100541;SSR_A57;1;32;;1;;8809;;107
SSR;2018;830000303;830100541;SSR_TOT;;257;11;1;2653;78681;129;6328
SSR;2018;830009528;830100566;SSR_A;;30;;;239;10339;28;0
SSR;2018;830009528;830100566;SSR_A50;1;;;0;;0;;0
SSR;2018;830009528;830100566;SSR_A59;1;30;;0;;10339;;0
SSR;2018;830009528;830100566;SSR_TOT;;30;;0;239;10339;28;0
SSR;2018;830016556;830000451;SSR_A;;66;;;628;20783;30;0
SSR;2018;830016556;830000451;SSR_A50;1;66;;0;;20783;;0
SSR;2018;830016556;830000451;SSR_TOT;;66;;0;628;20783;30;0
SSR;2018;830017372;750721235;SSR_A;;50;;;450;17431;46;0
SSR;2018;830017372;750721235;SSR_A50;1;;;0;;0;;0
SSR;2018;830017372;750721235;SSR_A59;1;50;;0;;17431;;0
SSR;2018;830017372;750721235;SSR_TOT;;50;;0;450;17431;46;0
SSR;2018;830100012;750712184;SSR_A;;213;10;;479;68368;192;2777
SSR;2018;830100012;750712184;SSR_A50;1;213;10;0;;68368;;2777
SSR;2018;830100012;750712184;SSR_E;;109;19;;648;35297;126;4526
SSR;2018;830100012;750712184;SSR_E50;1;109;19;0;;35297;;4526
SSR;2018;830100012;750712184;SSR_TOT;;322;29;0;1127;103665;318;7303
SSR;2018;830100087;920030269;SSR_A;;80;10;;1087;23527;2;3204
SSR;2018;830100087;920030269;SSR_A50;1;;;0;;0;;0
SSR;2018;830100087;920030269;SSR_A53;1;80;10;0;;23527;;3204
SSR;2018;830100087;920030269;SSR_TOT;;80;10;0;1087;23527;2;3204
SSR;2018;830100335;920030269;SSR_A;;85;;;556;22650;46;0
SSR;2018;830100335;920030269;SSR_A50;1;45;;0;;8159;;0
SSR;2018;830100335;920030269;SSR_A59;1;40;;0;;14491;;0
SSR;2018;830100335;920030269;SSR_TOT;;85;;0;556;22650;46;0
SSR;2018;830100558;690781810;SSR_A;;135;28;;1041;39821;90;9665
SSR;2018;830100558;690781810;SSR_A50;1;25;;0;;6597;;0
SSR;2018;830100558;690781810;SSR_A51;1;;5;;;0;;2550
SSR;2018;830100558;690781810;SSR_A52;1;43;15;1;;12616;;2509
SSR;2018;830100558;690781810;SSR_A53;0;;;1;;0;;0
SSR;2018;830100558;690781810;SSR_A54;1;15;8;0;;3030;;4606
SSR;2018;830100558;690781810;SSR_A59;1;52;;0;;17578;;0
SSR;2018;830100558;690781810;SSR_E50;1;;;0;;0;;0
SSR;2018;830100558;690781810;SSR_E52;1;;;0;;0;;0
SSR;2018;830100558;690781810;SSR_E54;1;;;0;;0;;0
SSR;2018;830100558;690781810;SSR_TOT;;135;28;0;1041;39821;90;9665
SSR;2018;830100608;830100616;SSR_A;;30;10;;140;9734;44;736
SSR;2018;830100608;830100616;SSR_A50;1;30;10;0;;9734;;736
SSR;2018;830100608;830100616;SSR_TOT;;30;10;0;140;9734;44;736
SSR;2018;830100624;920030913;SSR_A;;140;16;;1337;53383;127;5690
SSR;2018;830100624;920030913;SSR_A51;1;140;16;;;53383;;5690
SSR;2018;830100624;920030913;SSR_TOT;;140;16;0;1337;53383;127;5690
SSR;2018;830100632;250002284;SSR_A;;83;21;;684;24734;60;4935
SSR;2018;830100632;250002284;SSR_A50;1;36;21;0;;9859;;4935
SSR;2018;830100632;250002284;SSR_A51;1;26;;;;7978;;0
SSR;2018;830100632;250002284;SSR_A52;1;21;;0;;6897;;0
SSR;2018;830100632;250002284;SSR_E;;22;5;;205;5526;15;1923
SSR;2018;830100632;250002284;SSR_E50;1;22;5;0;;5526;;1923
SSR;2018;830100632;250002284;SSR_E51;1;;;0;;0;;0
SSR;2018;830100632;250002284;SSR_E52;1;;;0;;0;;0
SSR;2018;830100632;250002284;SSR_E57;1;;;0;;0;;0
SSR;2018;830100632;250002284;SSR_TOT;;105;26;0;889;30260;75;6858
SSR;2018;830100681;750005068;SSR_A;;170;15;;1695;56102;116;5011
SSR;2018;830100681;750005068;SSR_A50;1;70;;0;;22797;;0
SSR;2018;830100681;750005068;SSR_A51;1;54;10;;;17563;;3702
SSR;2018;830100681;750005068;SSR_A52;1;46;5;0;;15742;;1309
SSR;2018;830100681;750005068;SSR_TOT;;170;15;0;1695;56102;116;5011
SSR;2018;830100756;920030269;SSR_A;;54;;;258;8770;15;0
SSR;2018;830100756;920030269;SSR_A58;1;54;;0;;8770;;0
SSR;2018;830100756;920030269;SSR_TOT;;54;;0;258;8770;15;0
SSR;2018;830100764;440052041;SSR_A;;148;;;1485;52648;101;0
SSR;2018;830100764;440052041;SSR_A50;1;20;;0;;8620;;0
SSR;2018;830100764;440052041;SSR_A59;1;128;;0;;44028;;0
SSR;2018;830100764;440052041;SSR_TOT;;148;;0;1485;52648;101;0
SSR;2018;830100806;920030269;SSR_A;;108;16;;955;42232;59;9829
SSR;2018;830100806;920030269;SSR_A50;1;46;;0;;15871;;0
SSR;2018;830100806;920030269;SSR_A51;1;54;16;;;23452;;9829
SSR;2018;830100806;920030269;SSR_A52;1;8;;0;;2909;;0
SSR;2018;830100806;920030269;SSR_A55;0;;;1;;0;;0
SSR;2018;830100806;920030269;SSR_E;;;2;;0;4;0;118
SSR;2018;830100806;920030269;SSR_E51;1;;2;0;;4;;118
SSR;2018;830100806;920030269;SSR_TOT;;108;18;0;955;42236;59;9947
SSR;2018;830100814;920030269;SSR_A;;98;10;;938;34709;72;4396
SSR;2018;830100814;920030269;SSR_A50;1;64;;0;;21639;;0
SSR;2018;830100814;920030269;SSR_A51;1;34;10;;;13070;;4396
SSR;2018;830100814;920030269;SSR_TOT;;98;10;0;938;34709;72;4396
SSR;2018;830100822;830000477;SSR_E;;100;15;;254;35235;179;2460
SSR;2018;830100822;830000477;SSR_E50;1;;;0;;0;;0
SSR;2018;830100822;830000477;SSR_E55;1;100;15;1;;35235;;2460
SSR;2018;830100822;830000477;SSR_TOT;;100;15;0;254;35235;179;2460
SSR;2018;830100855;830000493;SSR_A;;177;;;1755;61902;103;0
SSR;2018;830100855;830000493;SSR_A50;1;72;;0;;15379;;0
SSR;2018;830100855;830000493;SSR_A59;1;105;;0;;46523;;0
SSR;2018;830100855;830000493;SSR_TOT;;177;;0;1755;61902;103;0
SSR;2018;830100863;920030913;SSR_A;;40;12;;349;14590;16;1876
SSR;2018;830100863;920030913;SSR_A55;1;40;12;1;;14590;;1876
SSR;2018;830100863;920030913;SSR_TOT;;40;12;0;349;14590;16;1876
SSR;2018;830100871;830000519;SSR_A;;0;;;398;10517;4;0
SSR;2018;830100871;830000519;SSR_A50;1;0;;0;;10517;;0
SSR;2018;830100871;830000519;SSR_TOT;;0;;0;398;10517;4;0
SSR;2018;830101010;830000568;SSR_E;;40;;;76;9861;46;0
SSR;2018;830101010;830000568;SSR_E50;1;40;;0;;9861;;0
SSR;2018;830101010;830000568;SSR_TOT;;40;;0;76;9861;46;0
SSR;2018;830101408;830000659;SSR_A;;86;;;959;29233;7;0
SSR;2018;830101408;830000659;SSR_A50;1;86;;0;;29233;;0
SSR;2018;830101408;830000659;SSR_TOT;;86;;0;959;29233;7;0
SSR;2018;830200507;830013678;SSR_A;;80;;;812;25004;19;0
SSR;2018;830200507;830013678;SSR_A50;1;;;0;;0;;0
SSR;2018;830200507;830013678;SSR_A59;1;80;;0;;25004;;0
SSR;2018;830200507;830013678;SSR_TOT;;80;;0;812;25004;19;0
SSR;2018;830202743;830100616;SSR_A;;88;;;662;29979;93;0
SSR;2018;830202743;830100616;SSR_A50;1;12;;0;;4056;;0
SSR;2018;830202743;830100616;SSR_A59;1;76;;0;;25923;;0
SSR;2018;830202743;830100616;SSR_TOT;;88;;0;662;29979;93;0
SSR;2018;830206298;830100517;SSR_A;;30;;;279;8265;15;0
SSR;2018;830206298;830100517;SSR_A50;1;30;;0;;8265;;0
SSR;2018;830206298;830100517;SSR_TOT;;30;;0;279;8265;15;0
SSR;2018;830206397;830017893;SSR_A;;;72;;0;0;0;30488
SSR;2018;830206397;830017893;SSR_A50;1;;;0;;0;;0
SSR;2018;830206397;830017893;SSR_A51;1;;72;;;0;;30488
SSR;2018;830206397;830017893;SSR_TOT;;;72;0;0;0;0;30488
SSR;2018;830206983;830008819;SSR_A;;30;;;320;9531;5;0
SSR;2018;830206983;830008819;SSR_A50;1;30;;0;;9531;;0
SSR;2018;830206983;830008819;SSR_TOT;;30;;0;320;9531;5;0
SSR;2018;840000202;130037815;SSR_A;;60;;;611;20016;25;0
SSR;2018;840000202;130037815;SSR_A50;1;30;;0;;11053;;0
SSR;2018;840000202;130037815;SSR_A59;1;30;;1;;8963;;0
SSR;2018;840000202;130037815;SSR_TOT;;60;;0;611;20016;25;0
SSR;2018;840000343;840000012;SSR_A;;30;;;316;11769;19;0
SSR;2018;840000343;840000012;SSR_A50;1;30;;0;;11769;;0
SSR;2018;840000343;840000012;SSR_A59;1;;;0;;0;;0
SSR;2018;840000343;840000012;SSR_TOT;;30;;0;316;11769;19;0
SSR;2018;840000376;840000038;SSR_A;;25;;;244;6912;1;0
SSR;2018;840000376;840000038;SSR_A50;1;25;;0;;6912;;0
SSR;2018;840000376;840000038;SSR_TOT;;25;;0;244;6912;1;0
SSR;2018;840000418;840004659;SSR_A;;13;;;265;6570;5;0
SSR;2018;840000418;840004659;SSR_A50;1;3;;1;;2090;;0
SSR;2018;840000418;840004659;SSR_A59;1;10;;0;;4480;;0
SSR;2018;840000418;840004659;SSR_TOT;;13;;0;265;6570;5;0
SSR;2018;840000426;840000061;SSR_A;;20;;;255;5357;0;0
SSR;2018;840000426;840000061;SSR_A50;1;20;;0;;5357;;0
SSR;2018;840000426;840000061;SSR_TOT;;20;;0;255;5357;0;0
SSR;2018;840000434;840000079;SSR_A;;40;;;294;6589;2;0
SSR;2018;840000434;840000079;SSR_A50;1;40;;0;;6589;;0
SSR;2018;840000434;840000079;SSR_TOT;;40;;0;294;6589;2;0
SSR;2018;840000483;840000087;SSR_A;;25;;;298;8778;9;0
SSR;2018;840000483;840000087;SSR_A50;1;;;0;;0;;0
SSR;2018;840000483;840000087;SSR_A59;1;25;;0;;8778;;0
SSR;2018;840000483;840000087;SSR_TOT;;25;;0;298;8778;9;0
SSR;2018;840000491;130041916;SSR_A;;37;;;438;12924;10;0
SSR;2018;840000491;130041916;SSR_A59;1;37;;0;;12924;;0
SSR;2018;840000491;130041916;SSR_TOT;;37;;0;438;12924;10;0
SSR;2018;840000517;840000103;SSR_A;;8;;;118;3264;1;0
SSR;2018;840000517;840000103;SSR_A50;1;8;;0;;3264;;0
SSR;2018;840000517;840000103;SSR_TOT;;8;;0;118;3264;1;0
SSR;2018;840000525;840000111;SSR_A;;30;5;;324;9253;5;990
SSR;2018;840000525;840000111;SSR_A50;1;;;0;;0;;0
SSR;2018;840000525;840000111;SSR_A51;1;30;5;;;9253;;990
SSR;2018;840000525;840000111;SSR_TOT;;30;5;0;324;9253;5;990
SSR;2018;840000533;840000129;SSR_A;;25;;;329;7716;4;0
SSR;2018;840000533;840000129;SSR_A50;1;25;;1;;7716;;0
SSR;2018;840000533;840000129;SSR_TOT;;25;;0;329;7716;4;0
SSR;2018;840000558;840004659;SSR_A;;61;;;597;18674;22;0
SSR;2018;840000558;840004659;SSR_A50;1;14;;0;;6949;;0
SSR;2018;840000558;840004659;SSR_A54;1;47;;0;;11725;;0
SSR;2018;840000558;840004659;SSR_TOT;;61;;0;597;18674;22;0
SSR;2018;840001861;840006597;SSR_A;;109;8;;1426;38465;29;1429
SSR;2018;840001861;840006597;SSR_A50;1;;;0;;0;;0
SSR;2018;840001861;840006597;SSR_A51;1;18;5;;;6811;;731
SSR;2018;840001861;840006597;SSR_A52;1;12;3;0;;3466;;698
SSR;2018;840001861;840006597;SSR_A59;1;79;0;0;;28188;;0
SSR;2018;840001861;840006597;SSR_TOT;;109;8;0;1426;38465;29;1429
SSR;2018;840014088;750056335;SSR_A;;107;10;;1088;41105;93;12995
SSR;2018;840014088;750056335;SSR_A50;1;53;;0;;13877;;0
SSR;2018;840014088;750056335;SSR_A51;1;15;5;;;10106;;5981
SSR;2018;840014088;750056335;SSR_A52;1;39;5;0;;17122;;7014
SSR;2018;840014088;750056335;SSR_TOT;;107;10;0;1088;41105;93;12995
SSR;2018;840014849;920030269;SSR_A;;89;10;;1023;28602;13;6338
SSR;2018;840014849;920030269;SSR_A50;1;45;;0;;14047;;0
SSR;2018;840014849;920030269;SSR_A53;1;44;10;0;;14555;;6338
SSR;2018;840014849;920030269;SSR_TOT;;89;10;0;1023;28602;13;6338
SSR;2018;840017214;840018667;SSR_A;;50;13;;584;17306;9;11136
SSR;2018;840017214;840018667;SSR_A50;1;;;0;;0;;0
SSR;2018;840017214;840018667;SSR_A51;1;50;13;;;17306;;11136
SSR;2018;840017214;840018667;SSR_TOT;;50;13;0;584;17306;9;11136
SSR;2018;850000118;850013244;SSR_A;;24;4;;259;6481;2;1951
SSR;2018;850000118;850013244;SSR_A50;1;24;;0;;6481;;0
SSR;2018;850000118;850013244;SSR_A55;1;;4;0;;0;;1951
SSR;2018;850000118;850013244;SSR_TOT;;24;4;0;259;6481;2;1951
SSR;2018;850000142;850000019;SSR_A;;75;8;;629;26730;71;4139
SSR;2018;850000142;850000019;SSR_A50;1;50;;0;;22025;;0
SSR;2018;850000142;850000019;SSR_A51;1;;1;;;0;;1167
SSR;2018;850000142;850000019;SSR_A52;1;;1;0;;0;;768
SSR;2018;850000142;850000019;SSR_A53;1;;5;0;;0;;1586
SSR;2018;850000142;850000019;SSR_A54;1;;1;0;;0;;618
SSR;2018;850000142;850000019;SSR_A59;1;25;;0;;4705;;0
SSR;2018;850000142;850000019;SSR_TOT;;75;8;0;629;26730;71;4139
SSR;2018;850000183;850000035;SSR_A;;47;;;446;13624;19;0
SSR;2018;850000183;850000035;SSR_A50;1;47;;0;;13624;;0
SSR;2018;850000183;850000035;SSR_TOT;;47;;0;446;13624;19;0
SSR;2018;850000191;850000043;SSR_A;;6;;;90;1792;1;0
SSR;2018;850000191;850000043;SSR_A50;1;6;;0;;1792;;0
SSR;2018;850000191;850000043;SSR_TOT;;6;;0;90;1792;1;0
SSR;2018;850000209;850000019;SSR_A;;91;8;;877;28974;42;3493
SSR;2018;850000209;850000019;SSR_A50;1;46;;0;;15824;;0
SSR;2018;850000209;850000019;SSR_A51;1;22;5;;;9380;;2421
SSR;2018;850000209;850000019;SSR_A52;1;23;3;0;;3770;;1072
SSR;2018;850000209;850000019;SSR_A58;0;;;1;;0;;0
SSR;2018;850000209;850000019;SSR_A59;1;;;0;;0;;0
SSR;2018;850000209;850000019;SSR_TOT;;91;8;0;877;28974;42;3493
SSR;2018;850000225;850000019;SSR_A;;37;;;313;12735;25;0
SSR;2018;850000225;850000019;SSR_A50;1;37;;0;;12735;;0
SSR;2018;850000225;850000019;SSR_TOT;;37;;0;313;12735;25;0
SSR;2018;850000233;850009010;SSR_A;;39;;;365;12966;25;0
SSR;2018;850000233;850009010;SSR_A50;1;39;;0;;12966;;0
SSR;2018;850000233;850009010;SSR_TOT;;39;;0;365;12966;25;0
SSR;2018;850000241;850000084;SSR_A;;50;;;530;17852;39;0
SSR;2018;850000241;850000084;SSR_A50;1;30;;0;;10683;;0
SSR;2018;850000241;850000084;SSR_A59;1;20;;0;;7169;;0
SSR;2018;850000241;850000084;SSR_TOT;;50;;0;530;17852;39;0
SSR;2018;850000357;850026378;SSR_A;;72;14;;754;22065;28;5184
SSR;2018;850000357;850026378;SSR_A50;1;15;;1;;5048;;0
SSR;2018;850000357;850026378;SSR_A51;1;28;7;;;8490;;2900
SSR;2018;850000357;850026378;SSR_A52;1;29;7;1;;8527;;2284
SSR;2018;850000357;850026378;SSR_E;;1;1;;1;32;0;29
SSR;2018;850000357;850026378;SSR_E50;0;;;1;;;;
SSR;2018;850000357;850026378;SSR_E51;1;1;1;0;;32;;29
SSR;2018;850000357;850026378;SSR_TOT;;73;15;1;755;22097;28;5213
SSR;2018;850000399;750005068;SSR_A;;113;;;936;35381;77;0
SSR;2018;850000399;750005068;SSR_A50;1;113;;0;;35381;;0
SSR;2018;850000399;750005068;SSR_TOT;;113;;0;936;35381;77;0
SSR;2018;850000647;850025867;SSR_A;;43;;;570;15152;14;0
SSR;2018;850000647;850025867;SSR_A50;1;43;;0;;15152;;0
SSR;2018;850000647;850025867;SSR_TOT;;43;;0;570;15152;14;0
SSR;2018;850002130;850007048;SSR_A;;10;7;;191;1376;0;1519
SSR;2018;850002130;850007048;SSR_A58;1;10;7;0;;1376;;1519
SSR;2018;850002130;850007048;SSR_TOT;;10;7;0;191;1376;0;1519
SSR;2018;850002395;850013244;SSR_A;;42;;;490;14949;13;0
SSR;2018;850002395;850013244;SSR_A50;1;42;;0;;14949;;0
SSR;2018;850002395;850013244;SSR_TOT;;42;;0;490;14949;13;0
SSR;2018;850002403;750721334;SSR_A;;100;12;;785;27094;69;3685
SSR;2018;850002403;750721334;SSR_A50;1;6;;0;;1624;;0
SSR;2018;850002403;750721334;SSR_A51;1;57;7;;;14171;;2103
SSR;2018;850002403;750721334;SSR_A52;1;37;5;0;;11299;;1582
SSR;2018;850002403;750721334;SSR_TOT;;100;12;0;785;27094;69;3685
SSR;2018;850005224;850007048;SSR_A;;25;;;180;7526;1;0
SSR;2018;850005224;850007048;SSR_A58;1;25;;0;;7526;;0
SSR;2018;850005224;850007048;SSR_TOT;;25;;0;180;7526;1;0
SSR;2018;850022013;850000100;SSR_A;;15;;;151;5040;5;0
SSR;2018;850022013;850000100;SSR_A50;1;15;;0;;5040;;0
SSR;2018;850022013;850000100;SSR_TOT;;15;;0;151;5040;5;0
SSR;2018;860000025;860013382;SSR_A;;55;4;;537;20016;37;943
SSR;2018;860000025;860013382;SSR_A50;1;15;;0;;5627;;0
SSR;2018;860000025;860013382;SSR_A59;1;40;4;0;;14389;;943
SSR;2018;860000025;860013382;SSR_TOT;;55;4;0;537;20016;37;943
SSR;2018;860000033;860013382;SSR_A;;25;;;359;8773;8;0
SSR;2018;860000033;860013382;SSR_A50;1;25;;0;;8773;;0
SSR;2018;860000033;860013382;SSR_TOT;;25;;0;359;8773;8;0
SSR;2018;860000058;860014208;SSR_A;;28;;;381;10025;7;0
SSR;2018;860000058;860014208;SSR_A50;1;28;;0;;10025;;0
SSR;2018;860000058;860014208;SSR_TOT;;28;;0;381;10025;7;0
SSR;2018;860000223;860014208;SSR_A;;133;8;;2904;43920;52;2455
SSR;2018;860000223;860014208;SSR_A50;1;;;0;;353;;0
SSR;2018;860000223;860014208;SSR_A51;1;8;;;;1710;;1
SSR;2018;860000223;860014208;SSR_A52;1;24;8;0;;7442;;2454
SSR;2018;860000223;860014208;SSR_A59;1;101;;0;;34415;;0
SSR;2018;860000223;860014208;SSR_TOT;;133;8;0;2904;43920;52;2455
SSR;2018;860009208;860009158;SSR_A;;40;30;;623;13581;1;9893
SSR;2018;860009208;860009158;SSR_A53;1;40;24;0;;13581;;8444
SSR;2018;860009208;860009158;SSR_A54;1;;6;0;;0;;1449
SSR;2018;860009208;860009158;SSR_TOT;;40;30;0;623;13581;1;9893
SSR;2018;860011014;860014208;SSR_A;;35;;;340;12560;15;0
SSR;2018;860011014;860014208;SSR_A50;1;35;;0;;12560;;0
SSR;2018;860011014;860014208;SSR_TOT;;35;;0;340;12560;15;0
SSR;2018;860011410;860012913;SSR_A;;;10;;0;0;0;3022
SSR;2018;860011410;860012913;SSR_A50;1;;10;0;;0;;3022
SSR;2018;860011410;860012913;SSR_TOT;;;10;0;0;0;0;3022
SSR;2018;860780436;870015336;SSR_A;;74;;;792;22827;27;0
SSR;2018;860780436;870015336;SSR_A50;1;63;;0;;19494;;0
SSR;2018;860780436;870015336;SSR_A57;1;11;;0;;3333;;0
SSR;2018;860780436;870015336;SSR_TOT;;74;;0;792;22827;27;0
SSR;2018;860790419;860003110;SSR_A;;77;10;;867;26579;52;5027
SSR;2018;860790419;860003110;SSR_A50;1;;10;0;;0;;5027
SSR;2018;860790419;860003110;SSR_A51;1;39;;;;13131;;0
SSR;2018;860790419;860003110;SSR_A59;1;38;;0;;13448;;0
SSR;2018;860790419;860003110;SSR_TOT;;77;10;0;867;26579;52;5027
SSR;2018;860791268;310021365;SSR_A;;84;;;808;27352;58;0
SSR;2018;860791268;310021365;SSR_A50;1;42;;0;;27352;;0
SSR;2018;860791268;310021365;SSR_A59;1;42;;0;;0;;0
SSR;2018;860791268;310021365;SSR_TOT;;84;;0;808;27352;58;0
SSR;2018;860793405;860793397;SSR_A;;70;;;398;22358;9;0
SSR;2018;860793405;860793397;SSR_A58;1;70;;0;;22358;;0
SSR;2018;860793405;860793397;SSR_TOT;;70;;0;398;22358;9;0
SSR;2018;870000064;870000015;SSR_A;;;8;;0;0;0;4582
SSR;2018;870000064;870000015;SSR_A50;1;;;0;;0;;0
SSR;2018;870000064;870000015;SSR_A51;1;;;;;0;;0
SSR;2018;870000064;870000015;SSR_A52;1;;;0;;0;;0
SSR;2018;870000064;870000015;SSR_A53;1;;5;0;;0;;3973
SSR;2018;870000064;870000015;SSR_A54;1;;3;0;;0;;609
SSR;2018;870000064;870000015;SSR_A55;1;;;0;;0;;0
SSR;2018;870000064;870000015;SSR_A56;1;;;0;;0;;0
SSR;2018;870000064;870000015;SSR_A57;1;;;0;;0;;0
SSR;2018;870000064;870000015;SSR_A59;1;;;0;;0;;0
SSR;2018;870000064;870000015;SSR_E51;1;;;0;;0;;0
SSR;2018;870000064;870000015;SSR_E52;1;;;0;;0;;0
SSR;2018;870000064;870000015;SSR_E56;1;;;0;;0;;0
SSR;2018;870000064;870000015;SSR_E57;1;;;0;;0;;0
SSR;2018;870000064;870000015;SSR_TOT;;;8;0;0;0;0;4582
SSR;2018;870000171;870015336;SSR_A;;81;;;1101;29149;26;0
SSR;2018;870000171;870015336;SSR_A50;1;74;;0;;26701;;0
SSR;2018;870000171;870015336;SSR_A55;1;7;;0;;2448;;0
SSR;2018;870000171;870015336;SSR_TOT;;81;;0;1101;29149;26;0
SSR;2018;870000270;870000031;SSR_A;;37;;;556;12647;2;0
SSR;2018;870000270;870000031;SSR_A50;1;20;;0;;6821;;0
SSR;2018;870000270;870000031;SSR_A59;1;17;;0;;5826;;0
SSR;2018;870000270;870000031;SSR_TOT;;37;;0;556;12647;2;0
SSR;2018;870000403;870014503;SSR_A;;25;;;188;5675;7;0
SSR;2018;870000403;870014503;SSR_A50;1;25;;0;;5675;;0
SSR;2018;870000403;870014503;SSR_TOT;;25;;0;188;5675;7;0
SSR;2018;870000551;870014503;SSR_A;;20;2;;195;5618;3;105
SSR;2018;870000551;870014503;SSR_A50;1;10;;0;;2917;;0
SSR;2018;870000551;870014503;SSR_A59;1;10;2;0;;2701;;105
SSR;2018;870000551;870014503;SSR_TOT;;20;2;0;195;5618;3;105
SSR;2018;870000601;870014248;SSR_A;;35;;;385;11882;8;0
SSR;2018;870000601;870014248;SSR_A50;1;35;;0;;11882;;0
SSR;2018;870000601;870014248;SSR_TOT;;35;;0;385;11882;8;0
SSR;2018;870001567;870014503;SSR_A;;15;;;142;4140;7;0
SSR;2018;870001567;870014503;SSR_A50;1;15;;0;;4140;;0
SSR;2018;870001567;870014503;SSR_TOT;;15;;0;142;4140;7;0
SSR;2018;870002516;870000023;SSR_A;;60;;;778;20508;16;0
SSR;2018;870002516;870000023;SSR_A59;1;60;;0;;20508;;0
SSR;2018;870002516;870000023;SSR_TOT;;60;;0;778;20508;16;0
SSR;2018;870003514;870000015;SSR_A;;243;24;;2915;68958;127;4933
SSR;2018;870003514;870000015;SSR_A50;1;71;12;1;;20640;;2302
SSR;2018;870003514;870000015;SSR_A51;1;10;0;;;3018;;0
SSR;2018;870003514;870000015;SSR_A52;1;22;0;1;;7296;;0
SSR;2018;870003514;870000015;SSR_A54;1;0;0;0;;0;;0
SSR;2018;870003514;870000015;SSR_A55;1;0;0;1;;0;;0
SSR;2018;870003514;870000015;SSR_A56;1;30;0;1;;6025;;0
SSR;2018;870003514;870000015;SSR_A57;1;0;0;1;;0;;0
SSR;2018;870003514;870000015;SSR_A59;1;110;12;1;;31979;;2631
SSR;2018;870003514;870000015;SSR_E50;1;0;0;1;;0;;0
SSR;2018;870003514;870000015;SSR_E51;1;0;0;1;;0;;0
SSR;2018;870003514;870000015;SSR_E52;1;0;0;1;;0;;0
SSR;2018;870003514;870000015;SSR_E56;1;0;0;1;;0;;0
SSR;2018;870003514;870000015;SSR_E57;1;0;0;1;;0;;0
SSR;2018;870003514;870000015;SSR_E58;0;0;;1;;0;;0
SSR;2018;870003514;870000015;SSR_TOT;;243;24;1;2915;68958;127;4933
SSR;2018;870006137;870002466;SSR_A;;56;17;;353;14806;32;3942
SSR;2018;870006137;870002466;SSR_A50;1;;;0;;0;;0
SSR;2018;870006137;870002466;SSR_A51;1;;;;;0;;0
SSR;2018;870006137;870002466;SSR_A52;1;36;7;1;;9374;;2079
SSR;2018;870006137;870002466;SSR_A58;1;20;10;1;;5432;;1863
SSR;2018;870006137;870002466;SSR_E;;1;3;;9;94;0;93
SSR;2018;870006137;870002466;SSR_E50;1;;;0;;0;;0
SSR;2018;870006137;870002466;SSR_E51;1;;;0;;0;;0
SSR;2018;870006137;870002466;SSR_E52;1;1;3;0;;94;;93
SSR;2018;870006137;870002466;SSR_TOT;;57;20;0;362;14900;32;4035
SSR;2018;870007358;870016722;SSR_A;;;35;;0;0;0;16704
SSR;2018;870007358;870016722;SSR_A50;1;;;0;;0;;0
SSR;2018;870007358;870016722;SSR_A51;1;;20;;;0;;14680
SSR;2018;870007358;870016722;SSR_A52;1;;5;0;;0;;1299
SSR;2018;870007358;870016722;SSR_A59;1;;10;0;;0;;725
SSR;2018;870007358;870016722;SSR_E;;;5;;0;0;0;199
SSR;2018;870007358;870016722;SSR_E50;1;;;0;;0;;0
SSR;2018;870007358;870016722;SSR_E51;1;;;0;;0;;0
SSR;2018;870007358;870016722;SSR_E52;1;;;0;;0;;0
SSR;2018;870007358;870016722;SSR_E55;1;;5;0;;0;;199
SSR;2018;870007358;870016722;SSR_TOT;;;40;0;0;0;0;16903
SSR;2018;870016631;870016722;SSR_A;;50;2;;877;17936;1;1020
SSR;2018;870016631;870016722;SSR_A50;1;;;0;;0;;0
SSR;2018;870016631;870016722;SSR_A55;1;50;2;0;;17936;;1020
SSR;2018;870016631;870016722;SSR_TOT;;50;2;0;877;17936;1;1020
SSR;2018;880000021;880007059;SSR_A;;;8;;0;0;0;2567
SSR;2018;880000021;880007059;SSR_A50;1;;8;1;;0;;2567
SSR;2018;880000021;880007059;SSR_TOT;;;8;0;0;0;0;2567
SSR;2018;880000039;880780069;SSR_A;;30;;;379;10098;3;0
SSR;2018;880000039;880780069;SSR_A50;1;30;;0;;10098;;0
SSR;2018;880000039;880780069;SSR_TOT;;30;;0;379;10098;3;0
SSR;2018;880000047;880780077;SSR_A;;30;4;;369;9242;7;2150
SSR;2018;880000047;880780077;SSR_A50;1;25;4;0;;8455;;2150
SSR;2018;880000047;880780077;SSR_A55;1;5;;0;;787;;0
SSR;2018;880000047;880780077;SSR_A59;1;;;0;;0;;0
SSR;2018;880000047;880780077;SSR_TOT;;30;4;0;369;9242;7;2150
SSR;2018;880000054;880007299;SSR_A;;26;10;;308;6598;7;4264
SSR;2018;880000054;880007299;SSR_A50;1;6;4;0;;1138;;1748
SSR;2018;880000054;880007299;SSR_A51;1;20;6;;;5460;;2516
SSR;2018;880000054;880007299;SSR_TOT;;26;10;1;308;6598;7;4264
SSR;2018;880000062;880780093;SSR_A;;28;;;364;10491;11;2924
SSR;2018;880000062;880780093;SSR_A50;1;28;;0;;10491;;2924
SSR;2018;880000062;880780093;SSR_TOT;;28;;0;364;10491;11;2924
SSR;2018;880000070;880007299;SSR_A;;107;;;1216;30135;21;0
SSR;2018;880000070;880007299;SSR_A50;1;53;;0;;16256;;0
SSR;2018;880000070;880007299;SSR_A52;1;28;;0;;8505;;0
SSR;2018;880000070;880007299;SSR_A55;1;26;;0;;5374;;0
SSR;2018;880000070;880007299;SSR_E;;4;;;46;876;0;0
SSR;2018;880000070;880007299;SSR_E55;1;4;;0;;876;;0
SSR;2018;880000070;880007299;SSR_TOT;;111;;0;1262;31011;21;0
SSR;2018;880000104;880780259;SSR_A;;28;;;277;10196;17;0
SSR;2018;880000104;880780259;SSR_A50;1;28;;0;;10196;;0
SSR;2018;880000104;880780259;SSR_TOT;;28;;0;277;10196;17;0
SSR;2018;880000112;880780267;SSR_A;;58;;;588;20163;23;0
SSR;2018;880000112;880780267;SSR_A50;1;58;;0;;20163;;0
SSR;2018;880000112;880780267;SSR_TOT;;58;;0;588;20163;23;0
SSR;2018;880000138;880006325;SSR_A;;30;;;297;8208;4;0
SSR;2018;880000138;880006325;SSR_A50;1;30;;0;;8208;;0
SSR;2018;880000138;880006325;SSR_TOT;;30;;0;297;8208;4;0
SSR;2018;880000146;880008230;SSR_A;;30;;;427;9445;0;0
SSR;2018;880000146;880008230;SSR_A50;1;30;;0;;9445;;0
SSR;2018;880000146;880008230;SSR_TOT;;30;;0;427;9445;0;0
SSR;2018;880000153;880007786;SSR_A;;8;;;62;2311;3;0
SSR;2018;880000153;880007786;SSR_A50;1;8;;0;;2311;;0
SSR;2018;880000153;880007786;SSR_TOT;;8;;0;62;2311;3;0
SSR;2018;880000187;880780333;SSR_A;;18;;;170;4827;3;0
SSR;2018;880000187;880780333;SSR_A50;1;18;;0;;4827;;0
SSR;2018;880000187;880780333;SSR_TOT;;18;;0;170;4827;3;0
SSR;2018;880000203;880007786;SSR_A;;10;;;122;3623;5;0
SSR;2018;880000203;880007786;SSR_A50;1;10;;0;;3623;;0
SSR;2018;880000203;880007786;SSR_TOT;;10;;0;122;3623;5;0
SSR;2018;880000211;880008230;SSR_A;;16;;;243;5693;1;0
SSR;2018;880000211;880008230;SSR_A50;1;16;;0;;5693;;0
SSR;2018;880000211;880008230;SSR_TOT;;16;;0;243;5693;1;0
SSR;2018;880000336;880007059;SSR_A;;140;16;;1186;44052;103;5555
SSR;2018;880000336;880007059;SSR_A50;1;60;8;0;;19509;;2414
SSR;2018;880000336;880007059;SSR_A51;1;17;8;;;4090;;1790
SSR;2018;880000336;880007059;SSR_A52;1;18;;0;;6289;;1351
SSR;2018;880000336;880007059;SSR_A59;1;45;;0;;14164;;0
SSR;2018;880000336;880007059;SSR_TOT;;140;16;0;1186;44052;103;5555
SSR;2018;880780465;540019726;SSR_E;;48;;;472;10112;0;0
SSR;2018;880780465;540019726;SSR_E50;1;;;1;;0;;0
SSR;2018;880780465;540019726;SSR_E55;1;48;;1;;10112;;0
SSR;2018;880780465;540019726;SSR_TOT;;48;;0;472;10112;0;0
SSR;2018;880780507;880000237;SSR_A;;81;;;879;27763;22;0
SSR;2018;880780507;880000237;SSR_A50;1;81;;0;;27763;;0
SSR;2018;880780507;880000237;SSR_TOT;;81;;0;879;27763;22;0
SSR;2018;890000250;750721334;SSR_A;;30;;;328;10032;10;0
SSR;2018;890000250;750721334;SSR_A50;1;30;;0;;10032;;0
SSR;2018;890000250;750721334;SSR_TOT;;30;;0;328;10032;10;0
SSR;2018;890000292;890006315;SSR_A;;65;;;619;21025;49;0
SSR;2018;890000292;890006315;SSR_A50;1;65;;0;;21025;;0
SSR;2018;890000292;890006315;SSR_TOT;;65;;0;619;21025;49;0
SSR;2018;890000300;890000193;SSR_A;;52;;;262;13329;67;0
SSR;2018;890000300;890000193;SSR_A50;1;;;0;;0;;0
SSR;2018;890000300;890000193;SSR_A58;1;52;;0;;13329;;0
SSR;2018;890000300;890000193;SSR_TOT;;52;;0;262;13329;67;0
SSR;2018;890000318;920030269;SSR_A;;90;10;;811;30939;78;741
SSR;2018;890000318;920030269;SSR_A50;1;60;;0;;21494;;0
SSR;2018;890000318;920030269;SSR_A59;1;30;10;1;;9445;;741
SSR;2018;890000318;920030269;SSR_TOT;;90;10;0;811;30939;78;741
SSR;2018;890002389;890000730;SSR_A;;34;;;212;5027;2;0
SSR;2018;890002389;890000730;SSR_A50;1;34;;0;;5027;;0
SSR;2018;890002389;890000730;SSR_A59;1;0;;0;;0;;0
SSR;2018;890002389;890000730;SSR_TOT;;34;;0;212;5027;2;0
SSR;2018;890973258;890970569;SSR_A;;50;;;565;17143;22;0
SSR;2018;890973258;890970569;SSR_A50;1;;;0;;0;;0
SSR;2018;890973258;890970569;SSR_A59;1;50;;0;;17143;;0
SSR;2018;890973258;890970569;SSR_TOT;;50;;0;565;17143;22;0
SSR;2018;890975501;890000466;SSR_A;;26;;;280;8514;2;0
SSR;2018;890975501;890000466;SSR_A50;1;26;;0;;8514;;0
SSR;2018;890975501;890000466;SSR_TOT;;26;;0;280;8514;2;0
SSR;2018;890975527;890000037;SSR_A;;80;;;800;28535;60;0
SSR;2018;890975527;890000037;SSR_A50;1;0;;1;;0;;0
SSR;2018;890975527;890000037;SSR_A59;1;80;;0;;28535;;0
SSR;2018;890975527;890000037;SSR_TOT;;80;;0;800;28535;60;0
SSR;2018;890975535;890000409;SSR_A;;40;;;401;13186;15;0
SSR;2018;890975535;890000409;SSR_A50;1;40;;0;;13186;;0
SSR;2018;890975535;890000409;SSR_TOT;;40;;0;401;13186;15;0
SSR;2018;890975543;890000417;SSR_A;;24;22;;295;7906;0;6454
SSR;2018;890975543;890000417;SSR_A53;1;0;11;0;;0;;5774
SSR;2018;890975543;890000417;SSR_A54;1;;11;0;;0;;680
SSR;2018;890975543;890000417;SSR_A59;1;24;0;0;;7906;;0
SSR;2018;890975543;890000417;SSR_TOT;;24;22;0;295;7906;0;6454
SSR;2018;890975568;890000433;SSR_A;;55;10;;586;17003;19;1008
SSR;2018;890975568;890000433;SSR_A50;1;;;0;;0;;0
SSR;2018;890975568;890000433;SSR_A51;1;20;5;;;8794;;564
SSR;2018;890975568;890000433;SSR_A52;1;20;5;0;;3789;;444
SSR;2018;890975568;890000433;SSR_A59;1;15;;0;;4420;;0
SSR;2018;890975568;890000433;SSR_TOT;;55;10;0;586;17003;19;1008
SSR;2018;900000035;900003880;SSR_A;;30;;;343;10950;4;0
SSR;2018;900000035;900003880;SSR_A50;1;30;;0;;10950;;0
SSR;2018;900000035;900003880;SSR_TOT;;30;;0;343;10950;4;0
SSR;2018;900003070;900000365;SSR_A;;66;15;;479;23847;85;2439
SSR;2018;900003070;900000365;SSR_A50;1;0;0;0;;0;;0
SSR;2018;900003070;900000365;SSR_A59;1;66;15;0;;23847;;2439
SSR;2018;900003070;900000365;SSR_TOT;;66;15;0;479;23847;85;2439
SSR;2018;910000272;910110014;SSR_A;;45;10;;353;12618;26;2398
SSR;2018;910000272;910110014;SSR_A50;1;;;0;;0;;0
SSR;2018;910000272;910110014;SSR_A59;1;45;10;0;;12618;;2398
SSR;2018;910000272;910110014;SSR_TOT;;45;10;0;353;12618;26;2398
SSR;2018;910000280;910019447;SSR_A;;26;;;359;6374;6;0
SSR;2018;910000280;910019447;SSR_A50;1;20;;0;;5187;;0
SSR;2018;910000280;910019447;SSR_A59;1;6;;0;;1187;;0
SSR;2018;910000280;910019447;SSR_TOT;;26;;0;359;6374;6;0
SSR;2018;910000298;910110055;SSR_A;;57;1;;454;19722;65;77
SSR;2018;910000298;910110055;SSR_A50;1;11;;0;;4949;;0
SSR;2018;910000298;910110055;SSR_A52;1;20;1;0;;5901;;77
SSR;2018;910000298;910110055;SSR_A59;1;26;;0;;8872;;0
SSR;2018;910000298;910110055;SSR_TOT;;57;1;0;454;19722;65;77
SSR;2018;910001973;910019447;SSR_A;;30;;;352;8109;4;0
SSR;2018;910001973;910019447;SSR_A59;1;30;;0;;8109;;0
SSR;2018;910001973;910019447;SSR_TOT;;30;;0;352;8109;4;0
SSR;2018;910009919;910009869;SSR_A;;120;45;;877;41574;156;11172
SSR;2018;910009919;910009869;SSR_A50;1;;;0;;0;;0
SSR;2018;910009919;910009869;SSR_A51;1;45;15;;;12440;;11104
SSR;2018;910009919;910009869;SSR_A52;1;75;30;0;;29134;;68
SSR;2018;910009919;910009869;SSR_TOT;;120;45;0;877;41574;156;11172
SSR;2018;910015965;920030269;SSR_A;;138;10;;1594;53216;54;4027
SSR;2018;910015965;920030269;SSR_A50;1;60;0;0;;17487;;
SSR;2018;910015965;920030269;SSR_A51;1;34;10;;;12159;;4027
SSR;2018;910015965;920030269;SSR_A59;1;44;;0;;23570;;0
SSR;2018;910015965;920030269;SSR_TOT;;138;10;0;1594;53216;54;4027
SSR;2018;910018423;910110055;SSR_A;;28;;;237;8087;6;0
SSR;2018;910018423;910110055;SSR_A50;1;8;;0;;393;;0
SSR;2018;910018423;910110055;SSR_A59;1;20;;0;;7694;;0
SSR;2018;910018423;910110055;SSR_TOT;;28;;0;237;8087;6;0
SSR;2018;910019298;940110042;SSR_A;;30;0;;200;9214;23;0
SSR;2018;910019298;940110042;SSR_A50;1;30;0;0;;9214;;0
SSR;2018;910019298;940110042;SSR_TOT;;30;0;0;200;9214;23;0
SSR;2018;910020254;910002773;SSR_A;;49;20;;601;17310;17;6391
SSR;2018;910020254;910002773;SSR_A50;1;;;0;;0;;0
SSR;2018;910020254;910002773;SSR_A51;1;12;5;;;2982;;1081
SSR;2018;910020254;910002773;SSR_A52;1;8;5;0;;4159;;661
SSR;2018;910020254;910002773;SSR_A53;1;19;10;0;;6649;;4649
SSR;2018;910020254;910002773;SSR_A59;1;10;;0;;3520;;0
SSR;2018;910020254;910002773;SSR_TOT;;49;20;0;601;17310;17;6391
SSR;2018;910100015;750712184;SSR_A;;185;20;;914;60308;239;3603
SSR;2018;910100015;750712184;SSR_A52;1;35;;0;;7610;;0
SSR;2018;910100015;750712184;SSR_A59;1;150;20;0;;52698;;3603
SSR;2018;910100015;750712184;SSR_TOT;;185;20;0;914;60308;239;3603
SSR;2018;910100023;750712184;SSR_A;;319;9;;1827;107721;432;3978
SSR;2018;910100023;750712184;SSR_A59;1;319;9;0;;107721;;3978
SSR;2018;910100023;750712184;SSR_TOT;;319;9;0;1827;107721;432;3978
SSR;2018;910150010;910014919;SSR_A;;30;30;;366;9031;14;4213
SSR;2018;910150010;910014919;SSR_A50;1;10;;0;;3682;;0
SSR;2018;910150010;910014919;SSR_A55;1;10;20;0;;2432;;3098
SSR;2018;910150010;910014919;SSR_A58;1;10;10;0;;2917;;1115
SSR;2018;910150010;910014919;SSR_TOT;;30;30;0;366;9031;14;4213
SSR;2018;910150028;750811184;SSR_A;;224;12;;3043;68364;162;5027
SSR;2018;910150028;750811184;SSR_A50;1;115;;0;;36360;;0
SSR;2018;910150028;750811184;SSR_A53;1;34;10;0;;7372;;4580
SSR;2018;910150028;750811184;SSR_A54;1;32;2;0;;9519;;447
SSR;2018;910150028;750811184;SSR_A56;1;20;;0;;6387;;0
SSR;2018;910150028;750811184;SSR_A59;1;23;;0;;8726;;0
SSR;2018;910150028;750811184;SSR_TOT;;224;12;0;3043;68364;162;5027
SSR;2018;910150069;910000033;SSR_A;;106;8;;1166;32077;27;2353
SSR;2018;910150069;910000033;SSR_A59;1;106;8;0;;32077;;2353
SSR;2018;910150069;910000033;SSR_TOT;;106;8;0;1166;32077;27;2353
SSR;2018;910150077;750720575;SSR_E;;60;15;;447;12044;12;3988
SSR;2018;910150077;750720575;SSR_E50;1;;;0;;0;;0
SSR;2018;910150077;750720575;SSR_E51;1;13;5;0;;526;;535
SSR;2018;910150077;750720575;SSR_E52;1;12;5;0;;3966;;1731
SSR;2018;910150077;750720575;SSR_E55;1;35;5;0;;7552;;1722
SSR;2018;910150077;750720575;SSR_TOT;;60;15;0;447;12044;12;3988
SSR;2018;910150085;910009539;SSR_A;;70;30;;622;19722;14;5389
SSR;2018;910150085;910009539;SSR_A50;1;45;;0;;11212;;0
SSR;2018;910150085;910009539;SSR_A51;1;25;30;;;8510;;5389
SSR;2018;910150085;910009539;SSR_TOT;;70;30;0;622;19722;14;5389
SSR;2018;910300029;910000355;SSR_A;;65;;;721;25388;76;0
SSR;2018;910300029;910000355;SSR_A50;1;37;;0;;5581;;0
SSR;2018;910300029;910000355;SSR_A59;1;28;;0;;19807;;0
SSR;2018;910300029;910000355;SSR_TOT;;65;;0;721;25388;76;0
SSR;2018;910300045;910002419;SSR_A;;79;15;;632;26809;84;3632
SSR;2018;910300045;910002419;SSR_A50;1;79;;0;;11426;;0
SSR;2018;910300045;910002419;SSR_A59;1;;15;0;;15383;;3632
SSR;2018;910300045;910002419;SSR_TOT;;79;15;0;632;26809;84;3632
SSR;2018;910300060;920030269;SSR_A;;51;;;583;22893;29;0
SSR;2018;910300060;920030269;SSR_A59;1;51;;1;;22893;;0
SSR;2018;910300060;920030269;SSR_E57;0;;;1;;0;;0
SSR;2018;910300060;920030269;SSR_TOT;;51;;0;583;22893;29;0
SSR;2018;910300151;310021308;SSR_A;;83;11;;526;29100;105;8220
SSR;2018;910300151;310021308;SSR_A50;1;;;0;;0;;0
SSR;2018;910300151;310021308;SSR_A51;1;53;5;;;11211;;3758
SSR;2018;910300151;310021308;SSR_A52;1;30;6;0;;17889;;4462
SSR;2018;910300151;310021308;SSR_TOT;;83;11;0;526;29100;105;8220
SSR;2018;910300219;910003888;SSR_A;;;15;;0;0;0;7729
SSR;2018;910300219;910003888;SSR_A50;1;;;0;;0;;0
SSR;2018;910300219;910003888;SSR_A53;1;;15;0;;0;;7729
SSR;2018;910300219;910003888;SSR_TOT;;;15;0;0;0;0;7729
SSR;2018;910300235;310021282;SSR_A;;90;;;683;29952;82;0
SSR;2018;910300235;310021282;SSR_A50;1;45;;0;;16148;;0
SSR;2018;910300235;310021282;SSR_A59;1;45;;0;;13804;;0
SSR;2018;910300235;310021282;SSR_TOT;;90;;0;683;29952;82;0
SSR;2018;910300276;910019702;SSR_A;;157;45;;1293;52471;104;23245
SSR;2018;910300276;910019702;SSR_A50;1;157;45;1;;0;;0
SSR;2018;910300276;910019702;SSR_A51;1;;;;;24220;;14481
SSR;2018;910300276;910019702;SSR_A52;1;;;1;;10651;;4455
SSR;2018;910300276;910019702;SSR_A53;1;;;1;;3793;;1624
SSR;2018;910300276;910019702;SSR_A59;1;;;1;;13807;;2685
SSR;2018;910300276;910019702;SSR_TOT;;157;45;1;1293;52471;104;23245
SSR;2018;910300326;910000553;SSR_A;;48;;;764;20094;42;0
SSR;2018;910300326;910000553;SSR_A50;1;24;;0;;7840;;0
SSR;2018;910300326;910000553;SSR_A56;1;24;;0;;12254;;0
SSR;2018;910300326;910000553;SSR_TOT;;48;;0;764;20094;42;0
SSR;2018;910500040;910009539;SSR_A;;83;0;;644;21518;35;0
SSR;2018;910500040;910009539;SSR_A50;1;30;0;0;;10583;;0
SSR;2018;910500040;910009539;SSR_A56;1;53;;0;;10935;;0
SSR;2018;910500040;910009539;SSR_TOT;;83;0;0;644;21518;35;0
SSR;2018;910800986;910110055;SSR_A;;30;;;286;10314;6;0
SSR;2018;910800986;910110055;SSR_A59;1;30;;0;;10314;;0
SSR;2018;910800986;910110055;SSR_TOT;;30;;0;286;10314;6;0
SSR;2018;910811322;830013678;SSR_A;;80;;;808;25653;41;0
SSR;2018;910811322;830013678;SSR_A50;1;20;;0;;7510;;0
SSR;2018;910811322;830013678;SSR_A59;1;60;;0;;18143;;0
SSR;2018;910811322;830013678;SSR_TOT;;80;;0;808;25653;41;0
SSR;2018;920000569;920026374;SSR_A;;82;9;;719;26896;59;2156
SSR;2018;920000569;920026374;SSR_A50;1;;;0;;0;;0
SSR;2018;920000569;920026374;SSR_A51;1;29;9;;;9047;;2156
SSR;2018;920000569;920026374;SSR_A59;1;53;;0;;17849;;0
SSR;2018;920000569;920026374;SSR_TOT;;82;9;0;719;26896;59;2156
SSR;2018;920000577;920110020;SSR_A;;40;;;376;12714;23;0
SSR;2018;920000577;920110020;SSR_A50;1;40;;0;;12714;;0
SSR;2018;920000577;920110020;SSR_TOT;;40;;0;376;12714;23;0
SSR;2018;920000601;920110053;SSR_A;;102;21;;1109;29218;11;10194
SSR;2018;920000601;920110053;SSR_A51;1;15;4;;;2883;;2121
SSR;2018;920000601;920110053;SSR_A52;1;15;4;0;;3057;;1549
SSR;2018;920000601;920110053;SSR_A53;1;26;6;0;;7949;;3681
SSR;2018;920000601;920110053;SSR_A59;1;46;7;0;;15329;;2843
SSR;2018;920000601;920110053;SSR_TOT;;102;21;0;1109;29218;11;10194
SSR;2018;920000627;920009909;SSR_A;;51;5;;587;17852;10;665
SSR;2018;920000627;920009909;SSR_A50;1;;;0;;0;;0
SSR;2018;920000627;920009909;SSR_A59;1;51;5;0;;17852;;665
SSR;2018;920000627;920009909;SSR_TOT;;51;5;0;587;17852;10;665
SSR;2018;920000635;920150026;SSR_A;;105;5;;939;24282;11;268
SSR;2018;920000635;920150026;SSR_A50;1;77;5;0;;15590;;268
SSR;2018;920000635;920150026;SSR_A55;1;28;;0;;8692;;0
SSR;2018;920000635;920150026;SSR_TOT;;105;5;0;939;24282;11;268
SSR;2018;920004058;920031564;SSR_A;;44;10;;477;15054;29;2396
SSR;2018;920004058;920031564;SSR_A58;1;44;10;1;;15054;;2396
SSR;2018;920004058;920031564;SSR_TOT;;44;10;0;477;15054;29;2396
SSR;2018;920005238;920030269;SSR_A;;131;10;;1258;45751;117;1961
SSR;2018;920005238;920030269;SSR_A50;1;89;;0;;27669;;0
SSR;2018;920005238;920030269;SSR_A51;1;;;;;0;;0
SSR;2018;920005238;920030269;SSR_A56;1;;;0;;0;;0
SSR;2018;920005238;920030269;SSR_A59;1;42;10;0;;18082;;1961
SSR;2018;920005238;920030269;SSR_TOT;;131;10;0;1258;45751;117;1961
SSR;2018;920007549;920007499;SSR_A;;65;;;484;20424;60;0
SSR;2018;920007549;920007499;SSR_A50;1;;;0;;0;;0
SSR;2018;920007549;920007499;SSR_A59;1;65;;0;;20424;;0
SSR;2018;920007549;920007499;SSR_TOT;;65;;0;484;20424;60;0
SSR;2018;920014099;920030269;SSR_A;;96;16;;762;33871;105;6148
SSR;2018;920014099;920030269;SSR_A50;1;29;;0;;538;;0
SSR;2018;920014099;920030269;SSR_A51;1;45;10;;;21464;;1645
SSR;2018;920014099;920030269;SSR_A52;1;22;6;0;;11869;;4503
SSR;2018;920014099;920030269;SSR_TOT;;96;16;0;762;33871;105;6148
SSR;2018;920016698;930019484;SSR_A;;60;40;;438;18102;64;10523
SSR;2018;920016698;930019484;SSR_A50;1;;;1;;0;;0
SSR;2018;920016698;930019484;SSR_A51;1;30;20;;;8882;;6888
SSR;2018;920016698;930019484;SSR_A52;1;30;20;1;;9220;;3635
SSR;2018;920016698;930019484;SSR_TOT;;60;40;0;438;18102;64;10523
SSR;2018;920024205;920808037;SSR_A;;30;10;;347;10860;6;2210
SSR;2018;920024205;920808037;SSR_A59;1;30;10;0;;10860;;2210
SSR;2018;920024205;920808037;SSR_TOT;;30;10;0;347;10860;6;2210
SSR;2018;920029303;920710654;SSR_A;;75;10;;576;25734;63;2053
SSR;2018;920029303;920710654;SSR_A50;1;;;0;;0;;0
SSR;2018;920029303;920710654;SSR_A59;1;75;10;0;;25734;;2053
SSR;2018;920029303;920710654;SSR_TOT;;75;10;0;576;25734;63;2053
SSR;2018;920100047;750712184;SSR_A;;70;0;;400;20637;82;0
SSR;2018;920100047;750712184;SSR_A59;1;70;0;0;;20637;;0
SSR;2018;920100047;750712184;SSR_TOT;;70;0;0;400;20637;82;0
SSR;2018;920100054;750712184;SSR_A;;70;41;;512;20565;84;9543
SSR;2018;920100054;750712184;SSR_A52;1;70;41;0;;20565;;9543
SSR;2018;920100054;750712184;SSR_E;;12;78;;298;1590;0;12845
SSR;2018;920100054;750712184;SSR_E52;1;12;78;0;;1590;;12845
SSR;2018;920100054;750712184;SSR_TOT;;82;119;0;810;22155;84;22388
SSR;2018;920100062;750712184;SSR_A;;268;33;;2392;84384;209;13487
SSR;2018;920100062;750712184;SSR_A50;1;;;0;;0;;0
SSR;2018;920100062;750712184;SSR_A51;1;51;4;;;15408;;4629
SSR;2018;920100062;750712184;SSR_A53;1;69;15;0;;20963;;6600
SSR;2018;920100062;750712184;SSR_A59;1;148;14;0;;48013;;2258
SSR;2018;920100062;750712184;SSR_TOT;;268;33;0;2392;84384;209;13487
SSR;2018;920120011;750821092;SSR_A;;28;5;;425;6722;3;1020
SSR;2018;920120011;750821092;SSR_A50;1;28;5;0;;35;;86
SSR;2018;920120011;750821092;SSR_A51;1;;;;;5037;;812
SSR;2018;920120011;750821092;SSR_A52;1;;;0;;1517;;100
SSR;2018;920120011;750821092;SSR_A57;1;;;0;;133;;22
SSR;2018;920120011;750821092;SSR_TOT;;28;5;0;425;6722;3;1020
SSR;2018;920150018;750720492;SSR_A;;94;;;1074;28667;16;0
SSR;2018;920150018;750720492;SSR_A50;1;29;;0;;2627;;0
SSR;2018;920150018;750720492;SSR_A55;1;65;;0;;26040;;0
SSR;2018;920150018;750720492;SSR_TOT;;94;;0;1074;28667;16;0
SSR;2018;920150075;780020715;SSR_A;;100;10;;858;31116;44;1028
SSR;2018;920150075;780020715;SSR_A59;1;100;10;0;;31116;;1028
SSR;2018;920150075;780020715;SSR_TOT;;100;10;0;858;31116;44;1028
SSR;2018;920300258;920000809;SSR_A;;80;20;;804;28237;48;8397
SSR;2018;920300258;920000809;SSR_A50;1;30;;0;;11478;;0
SSR;2018;920300258;920000809;SSR_A53;1;50;20;0;;16759;;8397
SSR;2018;920300258;920000809;SSR_TOT;;80;20;0;804;28237;48;8397
SSR;2018;920300266;920000940;SSR_A;;60;10;;1238;23674;20;3342
SSR;2018;920300266;920000940;SSR_A50;1;45;;0;;20139;;0
SSR;2018;920300266;920000940;SSR_A59;1;15;10;0;;3535;;3342
SSR;2018;920300266;920000940;SSR_TOT;;60;10;0;1238;23674;20;3342
SSR;2018;920300381;920005378;SSR_A;;66;;;665;23563;45;0
SSR;2018;920300381;920005378;SSR_A50;1;32;;0;;9866;;0
SSR;2018;920300381;920005378;SSR_A59;1;34;;0;;13697;;0
SSR;2018;920300381;920005378;SSR_TOT;;66;;0;665;23563;45;0
SSR;2018;920300423;920030269;SSR_A;;98;;;771;35196;117;0
SSR;2018;920300423;920030269;SSR_A50;1;45;;0;;4074;;0
SSR;2018;920300423;920030269;SSR_A59;1;53;;0;;31122;;0
SSR;2018;920300423;920030269;SSR_TOT;;98;;0;771;35196;117;0
SSR;2018;920300464;910014919;SSR_A;;61;26;;519;19499;33;5623
SSR;2018;920300464;910014919;SSR_A51;1;42;20;;;14012;;4040
SSR;2018;920300464;910014919;SSR_A52;1;19;6;0;;5487;;1583
SSR;2018;920300464;910014919;SSR_TOT;;61;26;0;519;19499;33;5623
SSR;2018;920300480;920000924;SSR_A;;72;;;653;24541;53;0
SSR;2018;920300480;920000924;SSR_A50;1;47;;0;;23205;;0
SSR;2018;920300480;920000924;SSR_A59;1;25;;0;;1336;;0
SSR;2018;920300480;920000924;SSR_TOT;;72;;0;653;24541;53;0
SSR;2018;920300563;920000932;SSR_A;;66;8;;813;22281;10;4447
SSR;2018;920300563;920000932;SSR_A50;1;;;0;;0;;0
SSR;2018;920300563;920000932;SSR_A51;1;66;8;;;22281;;4447
SSR;2018;920300563;920000932;SSR_TOT;;66;8;0;813;22281;10;4447
SSR;2018;920300845;780020715;SSR_A;;16;;;94;3949;13;0
SSR;2018;920300845;780020715;SSR_A52;1;16;;0;;3949;;0
SSR;2018;920300845;780020715;SSR_TOT;;16;;0;94;3949;13;0
SSR;2018;920300886;920030269;SSR_A;;142;;;1357;49535;39;0
SSR;2018;920300886;920030269;SSR_A50;1;57;;0;;7646;;0
SSR;2018;920300886;920030269;SSR_A59;1;85;;0;;41889;;0
SSR;2018;920300886;920030269;SSR_TOT;;142;;0;1357;49535;39;0
SSR;2018;920300985;920810330;SSR_A;;76;;;510;21887;47;0
SSR;2018;920300985;920810330;SSR_A50;1;22;;0;;5068;;0
SSR;2018;920300985;920810330;SSR_A52;1;24;;0;;7475;;0
SSR;2018;920300985;920810330;SSR_A59;1;30;;0;;9344;;0
SSR;2018;920300985;920810330;SSR_TOT;;76;;0;510;21887;47;0
SSR;2018;920420023;920030269;SSR_A;;;;;448;20018;67;0
SSR;2018;920420023;920030269;SSR_A50;1;;;0;;1180;;0
SSR;2018;920420023;920030269;SSR_A59;1;;;0;;18838;;0
SSR;2018;920420023;920030269;SSR_TOT;;;;0;448;20018;67;0
SSR;2018;920600061;920001146;SSR_E;;36;20;;164;11407;50;3996
SSR;2018;920600061;920001146;SSR_E50;1;36;20;0;;11407;;3996
SSR;2018;920600061;920001146;SSR_TOT;;36;20;0;164;11407;50;3996
SSR;2018;920700010;770700029;SSR_E;;20;25;;108;3826;16;8634
SSR;2018;920700010;770700029;SSR_E50;1;;;0;;0;;0
SSR;2018;920700010;770700029;SSR_E51;1;4;3;0;;710;;923
SSR;2018;920700010;770700029;SSR_E52;1;16;22;0;;3116;;7711
SSR;2018;920700010;770700029;SSR_TOT;;20;25;0;108;3826;16;8634
SSR;2018;920711512;920013448;SSR_A;;134;30;;1300;47470;115;3503
SSR;2018;920711512;920013448;SSR_A50;1;44;10;0;;17368;;868
SSR;2018;920711512;920013448;SSR_A54;1;23;10;0;;7032;;2303
SSR;2018;920711512;920013448;SSR_A55;1;20;10;0;;5468;;332
SSR;2018;920711512;920013448;SSR_A59;1;47;;0;;17602;;0
SSR;2018;920711512;920013448;SSR_TOT;;134;30;0;1300;47470;115;3503
SSR;2018;920803798;920002037;SSR_A;;87;;;742;26987;94;0
SSR;2018;920803798;920002037;SSR_A50;1;87;;0;;26987;;0
SSR;2018;920803798;920002037;SSR_TOT;;87;;0;742;26987;94;0
SSR;2018;930000286;930021480;SSR_A;;;13;;0;0;0;2217
SSR;2018;930000286;930021480;SSR_A50;1;;;0;;0;;0
SSR;2018;930000286;930021480;SSR_A53;1;;8;0;;0;;1229
SSR;2018;930000286;930021480;SSR_A54;1;;5;0;;0;;988
SSR;2018;930000286;930021480;SSR_TOT;;;13;0;0;0;0;2217
SSR;2018;930000294;930021480;SSR_A;;78;6;;757;25642;48;3028
SSR;2018;930000294;930021480;SSR_A50;1;18;;0;;2578;;
SSR;2018;930000294;930021480;SSR_A59;1;60;6;0;;23064;;3028
SSR;2018;930000294;930021480;SSR_TOT;;78;6;0;757;25642;48;3028
SSR;2018;930000302;930110036;SSR_A;;20;;;206;7010;10;0
SSR;2018;930000302;930110036;SSR_A50;1;;;0;;0;;0
SSR;2018;930000302;930110036;SSR_A59;1;20;;0;;7010;;0
SSR;2018;930000302;930110036;SSR_TOT;;20;;0;206;7010;10;0
SSR;2018;930000328;930110051;SSR_A;;16;;;148;5802;19;0
SSR;2018;930000328;930110051;SSR_A50;1;16;;0;;5802;;0
SSR;2018;930000328;930110051;SSR_TOT;;16;;0;148;5802;19;0
SSR;2018;930000336;930110069;SSR_A;;85;10;;936;28019;35;4514
SSR;2018;930000336;930110069;SSR_A50;1;10;0;0;;3720;;0
SSR;2018;930000336;930110069;SSR_A51;1;18;5;;;5328;;2250
SSR;2018;930000336;930110069;SSR_A52;1;28;5;0;;9324;;2264
SSR;2018;930000336;930110069;SSR_A59;1;29;0;0;;9647;;0
SSR;2018;930000336;930110069;SSR_TOT;;85;10;0;936;28019;35;4514
SSR;2018;930006648;750721235;SSR_A;;170;50;;1097;59973;229;14715
SSR;2018;930006648;750721235;SSR_A51;1;68;25;;;17952;;6400
SSR;2018;930006648;750721235;SSR_A52;1;102;25;0;;42021;;8315
SSR;2018;930006648;750721235;SSR_TOT;;170;50;0;1097;59973;229;14715
SSR;2018;930009188;930009139;SSR_A;;107;20;;630;37001;166;7333
SSR;2018;930009188;930009139;SSR_A50;1;107;20;0;;0;;0
SSR;2018;930009188;930009139;SSR_A52;1;;;0;;12248;;5656
SSR;2018;930009188;930009139;SSR_A59;1;;;0;;24753;;1677
SSR;2018;930009188;930009139;SSR_TOT;;107;20;0;630;37001;166;7333
SSR;2018;930011788;930017199;SSR_A;;116;10;;919;46050;183;3187
SSR;2018;930011788;930017199;SSR_A50;1;38;10;0;;17868;;3187
SSR;2018;930011788;930017199;SSR_A59;1;78;;0;;28182;;0
SSR;2018;930011788;930017199;SSR_TOT;;116;10;0;919;46050;183;3187
SSR;2018;930013818;930024427;SSR_A;;75;20;;864;27782;28;8255
SSR;2018;930013818;930024427;SSR_A50;1;;0;0;;;;
SSR;2018;930013818;930024427;SSR_A51;1;30;20;;;12271;;8255
SSR;2018;930013818;930024427;SSR_A59;1;45;;0;;15511;;0
SSR;2018;930013818;930024427;SSR_TOT;;75;20;0;864;27782;28;8255
SSR;2018;930017512;930019948;SSR_A;;140;23;;800;51964;209;7519
SSR;2018;930017512;930019948;SSR_A50;1;;;0;;0;;0
SSR;2018;930017512;930019948;SSR_A51;1;50;5;;;18365;;2305
SSR;2018;930017512;930019948;SSR_A52;1;90;18;0;;33599;;5214
SSR;2018;930017512;930019948;SSR_TOT;;140;23;0;800;51964;209;7519
SSR;2018;930019203;920030269;SSR_A;;149;26;;1133;56100;190;5388
SSR;2018;930019203;920030269;SSR_A50;1;60;;0;;11300;;0
SSR;2018;930019203;920030269;SSR_A51;1;27;10;;;13382;;2907
SSR;2018;930019203;920030269;SSR_A52;1;30;10;0;;12287;;2301
SSR;2018;930019203;920030269;SSR_A59;1;32;6;0;;19131;;180
SSR;2018;930019203;920030269;SSR_TOT;;149;26;0;1133;56100;190;5388
SSR;2018;930020987;750048522;SSR_A;;80;10;;479;24995;32;1528
SSR;2018;930020987;750048522;SSR_A50;1;;;0;;0;;0
SSR;2018;930020987;750048522;SSR_A58;1;80;10;0;;24995;;1528
SSR;2018;930020987;750048522;SSR_TOT;;80;10;0;479;24995;32;1528
SSR;2018;930021001;440052041;SSR_A;;126;35;;906;44213;148;3797
SSR;2018;930021001;440052041;SSR_A50;1;20;0;0;;6468;;0
SSR;2018;930021001;440052041;SSR_A52;1;25;15;0;;13289;;1067
SSR;2018;930021001;440052041;SSR_A59;1;81;20;0;;24456;;2730
SSR;2018;930021001;440052041;SSR_TOT;;126;35;0;906;44213;148;3797
SSR;2018;930021431;930027347;SSR_E;;84;18;;413;19357;64;2952
SSR;2018;930021431;930027347;SSR_E50;1;8;2;0;;1576;;624
SSR;2018;930021431;930027347;SSR_E51;1;26;6;0;;6083;;670
SSR;2018;930021431;930027347;SSR_E52;1;35;7;0;;7690;;1658
SSR;2018;930021431;930027347;SSR_E54;1;15;3;0;;4008;;0
SSR;2018;930021431;930027347;SSR_TOT;;84;18;0;413;19357;64;2952
SSR;2018;930023692;920030269;SSR_A;;49;12;;439;18501;28;7143
SSR;2018;930023692;920030269;SSR_A51;1;14;6;;;2871;;4055
SSR;2018;930023692;920030269;SSR_A52;1;35;6;0;;15630;;3088
SSR;2018;930023692;920030269;SSR_TOT;;49;12;0;439;18501;28;7143
SSR;2018;930100011;750712184;SSR_A;;213;12;;1795;68921;195;3181
SSR;2018;930100011;750712184;SSR_A50;1;;;0;;0;;0
SSR;2018;930100011;750712184;SSR_A55;1;20;5;1;;4574;;213
SSR;2018;930100011;750712184;SSR_A58;1;12;;1;;4138;;0
SSR;2018;930100011;750712184;SSR_A59;1;181;7;1;;60209;;2968
SSR;2018;930100011;750712184;SSR_TOT;;213;12;0;1795;68921;195;3181
SSR;2018;930100037;750712184;SSR_A;;15;;;153;5081;9;0
SSR;2018;930100037;750712184;SSR_A52;1;15;;0;;5081;;0
SSR;2018;930100037;750712184;SSR_TOT;;15;;0;153;5081;9;0
SSR;2018;930150057;750808529;SSR_A;;65;;;441;18159;57;0
SSR;2018;930150057;750808529;SSR_A50;1;;;0;;0;;0
SSR;2018;930150057;750808529;SSR_A51;1;35;;;;9258;;0
SSR;2018;930150057;750808529;SSR_A59;1;30;;1;;8901;;0
SSR;2018;930150057;750808529;SSR_TOT;;65;;1;441;18159;57;0
SSR;2018;930300140;930000450;SSR_A;;90;;;733;32622;102;0
SSR;2018;930300140;930000450;SSR_A50;1;90;;0;;32622;;0
SSR;2018;930300140;930000450;SSR_TOT;;90;;0;733;32622;102;0
SSR;2018;930300280;310021274;SSR_A;;72;0;;635;25869;50;0
SSR;2018;930300280;310021274;SSR_A50;1;25;0;0;;108;;0
SSR;2018;930300280;310021274;SSR_A59;1;47;0;0;;25761;;0
SSR;2018;930300280;310021274;SSR_TOT;;72;0;0;635;25869;50;0
SSR;2018;930300546;930008008;SSR_A;;45;25;;778;14954;1;11345
SSR;2018;930300546;930008008;SSR_A53;1;45;25;0;;14954;;11345
SSR;2018;930300546;930008008;SSR_TOT;;45;25;0;778;14954;1;11345
SSR;2018;930300553;930000633;SSR_A;;105;;;887;35445;117;0
SSR;2018;930300553;930000633;SSR_A50;1;63;;0;;20320;;0
SSR;2018;930300553;930000633;SSR_A59;1;42;;0;;15125;;0
SSR;2018;930300553;930000633;SSR_TOT;;105;;0;887;35445;117;0
SSR;2018;930300678;310021274;SSR_A;;90;0;;661;32154;87;0
SSR;2018;930300678;310021274;SSR_A50;1;45;0;0;;4953;;0
SSR;2018;930300678;310021274;SSR_A59;1;45;0;0;;27201;;0
SSR;2018;930300678;310021274;SSR_TOT;;90;0;0;661;32154;87;0
SSR;2018;930300686;930008099;SSR_A;;66;;;514;22631;74;0
SSR;2018;930300686;930008099;SSR_A50;1;33;;0;;12459;;0
SSR;2018;930300686;930008099;SSR_A59;1;33;;0;;10172;;0
SSR;2018;930300686;930008099;SSR_TOT;;66;;0;514;22631;74;0
SSR;2018;930500012;750720534;SSR_A;;100;;;970;32923;74;0
SSR;2018;930500012;750720534;SSR_A50;1;68;;0;;21981;;0
SSR;2018;930500012;750720534;SSR_A59;1;32;;0;;10942;;0
SSR;2018;930500012;750720534;SSR_TOT;;100;;0;970;32923;74;0
SSR;2018;930700018;750058844;SSR_A;;;45;;0;0;0;12250
SSR;2018;930700018;750058844;SSR_A50;1;;;0;;0;;0
SSR;2018;930700018;750058844;SSR_A51;1;;27;;;0;;8109
SSR;2018;930700018;750058844;SSR_A52;1;;18;0;;0;;4141
SSR;2018;930700018;750058844;SSR_TOT;;;45;0;0;0;0;12250
SSR;2018;930706239;930110051;SSR_A;;79;7;;647;26020;66;2225
SSR;2018;930706239;930110051;SSR_A50;1;;;0;;0;;0
SSR;2018;930706239;930110051;SSR_A51;1;;;;;0;;0
SSR;2018;930706239;930110051;SSR_A52;1;44;7;0;;16557;;2225
SSR;2018;930706239;930110051;SSR_A59;1;35;;0;;9463;;0
SSR;2018;930706239;930110051;SSR_TOT;;79;7;0;647;26020;66;2225
SSR;2018;940000573;940110018;SSR_A;;46;;;559;16089;15;0
SSR;2018;940000573;940110018;SSR_A50;1;16;;0;;5568;;0
SSR;2018;940000573;940110018;SSR_A59;1;30;;0;;10521;;0
SSR;2018;940000573;940110018;SSR_TOT;;46;;0;559;16089;15;0
SSR;2018;940000615;940140023;SSR_A;;40;5;;516;13977;7;1325
SSR;2018;940000615;940140023;SSR_A50;1;;;0;;0;;0
SSR;2018;940000615;940140023;SSR_A59;1;40;5;0;;13977;;1325
SSR;2018;940000615;940140023;SSR_TOT;;40;5;0;516;13977;7;1325
SSR;2018;940000656;940160013;SSR_A;;33;;;292;8354;8;
SSR;2018;940000656;940160013;SSR_A50;1;33;;0;;8354;;
SSR;2018;940000656;940160013;SSR_TOT;;33;;0;292;8354;8;
SSR;2018;940008139;940021801;SSR_A;;100;34;;701;36390;126;9222
SSR;2018;940008139;940021801;SSR_A50;1;;2;0;;0;;411
SSR;2018;940008139;940021801;SSR_A51;1;15;4;;;5309;;5
SSR;2018;940008139;940021801;SSR_A52;1;55;20;0;;20042;;6330
SSR;2018;940008139;940021801;SSR_A59;1;30;8;0;;11039;;2476
SSR;2018;940008139;940021801;SSR_TOT;;100;34;0;701;36390;126;9222
SSR;2018;940016868;940016819;SSR_A;;162;44;;1432;49051;99;13525
SSR;2018;940016868;940016819;SSR_A50;1;0;;0;;2731;;0
SSR;2018;940016868;940016819;SSR_A51;1;99;34;;;26765;;10216
SSR;2018;940016868;940016819;SSR_A52;1;33;3;0;;10329;;1660
SSR;2018;940016868;940016819;SSR_A59;1;30;7;0;;9226;;1649
SSR;2018;940016868;940016819;SSR_E;;49;61;;690;14141;22;17871
SSR;2018;940016868;940016819;SSR_E50;1;0;;0;;0;;0
SSR;2018;940016868;940016819;SSR_E51;1;14;15;0;;6295;;3779
SSR;2018;940016868;940016819;SSR_E52;1;35;46;0;;7846;;14092
SSR;2018;940016868;940016819;SSR_TOT;;211;105;0;2122;63192;121;31396
SSR;2018;940100027;750712184;SSR_A;;235;34;;2360;69413;150;14067
SSR;2018;940100027;750712184;SSR_A51;1;40;9;;;12703;;4108
SSR;2018;940100027;750712184;SSR_A52;1;61;;0;;19736;;
SSR;2018;940100027;750712184;SSR_A53;1;52;20;0;;15437;;8316
SSR;2018;940100027;750712184;SSR_A55;1;65;0;0;;18384;;0
SSR;2018;940100027;750712184;SSR_A59;1;17;5;1;;3153;;1643
SSR;2018;940100027;750712184;SSR_TOT;;235;34;0;2360;69413;150;14067
SSR;2018;940100035;750712184;SSR_A;;169;16;;1644;56513;145;3468
SSR;2018;940100035;750712184;SSR_A53;1;;;0;;0;;0
SSR;2018;940100035;750712184;SSR_A56;1;29;;0;;497;;0
SSR;2018;940100035;750712184;SSR_A59;1;140;16;0;;56016;;3468
SSR;2018;940100035;750712184;SSR_TOT;;169;16;0;1644;56513;145;3468
SSR;2018;940100043;750712184;SSR_A;;37;;;310;12548;31;0
SSR;2018;940100043;750712184;SSR_A50;1;17;;0;;5761;;0
SSR;2018;940100043;750712184;SSR_A52;1;20;;0;;6787;;0
SSR;2018;940100043;750712184;SSR_E;;;11;;0;0;0;7291
SSR;2018;940100043;750712184;SSR_E50;1;;;0;;0;;0
SSR;2018;940100043;750712184;SSR_E52;1;;11;0;;0;;7291
SSR;2018;940100043;750712184;SSR_TOT;;37;11;0;310;12548;31;7291
SSR;2018;940100050;750712184;SSR_A;;389;20;;2172;123555;492;8080
SSR;2018;940100050;750712184;SSR_A50;1;;;0;;0;;0
SSR;2018;940100050;750712184;SSR_A58;1;12;0;0;;3132;;0
SSR;2018;940100050;750712184;SSR_A59;1;377;20;0;;120423;;8080
SSR;2018;940100050;750712184;SSR_TOT;;389;20;0;2172;123555;492;8080
SSR;2018;940100068;750712184;SSR_A;;220;;;1153;65918;259;0
SSR;2018;940100068;750712184;SSR_A50;1;24;;0;;7604;;0
SSR;2018;940100068;750712184;SSR_A59;1;196;;0;;58314;;0
SSR;2018;940100068;750712184;SSR_TOT;;220;;0;1153;65918;259;0
SSR;2018;940300080;940000722;SSR_A;;78;10;;646;26011;67;7034
SSR;2018;940300080;940000722;SSR_A50;1;39;5;0;;11622;;4861
SSR;2018;940300080;940000722;SSR_A59;1;39;5;0;;14389;;2173
SSR;2018;940300080;940000722;SSR_TOT;;78;10;0;646;26011;67;7034
SSR;2018;940300163;920030269;SSR_A;;108;10;;1029;41614;104;1741
SSR;2018;940300163;920030269;SSR_A50;1;30;;0;;20628;;0
SSR;2018;940300163;920030269;SSR_A52;1;;;0;;0;;0
SSR;2018;940300163;920030269;SSR_A56;1;;;0;;0;;0
SSR;2018;940300163;920030269;SSR_A59;1;78;10;1;;20986;;1741
SSR;2018;940300163;920030269;SSR_E50;0;;;1;;0;;0
SSR;2018;940300163;920030269;SSR_E55;0;;;1;;0;;0
SSR;2018;940300163;920030269;SSR_E56;0;;;1;;0;;0
SSR;2018;940300163;920030269;SSR_E57;0;;;1;;0;;0
SSR;2018;940300163;920030269;SSR_E58;0;;;1;;0;;0
SSR;2018;940300163;920030269;SSR_TOT;;108;10;0;1029;41614;104;1741
SSR;2018;940300445;940000854;SSR_A;;30;;;591;10183;6;0
SSR;2018;940300445;940000854;SSR_A50;1;30;;0;;10183;;0
SSR;2018;940300445;940000854;SSR_TOT;;30;;0;591;10183;6;0
SSR;2018;940300452;940000862;SSR_A;;45;;;827;13531;0;0
SSR;2018;940300452;940000862;SSR_A50;1;45;;0;;13531;;0
SSR;2018;940300452;940000862;SSR_TOT;;45;;0;827;13531;0;0
SSR;2018;940300502;940000904;SSR_A;;60;;;523;23618;58;0
SSR;2018;940300502;940000904;SSR_A50;1;60;;0;;23618;;0
SSR;2018;940300502;940000904;SSR_TOT;;60;;0;523;23618;58;0
SSR;2018;940300577;310021266;SSR_A;;68;;;591;25111;81;0
SSR;2018;940300577;310021266;SSR_A50;1;38;;0;;7049;;0
SSR;2018;940300577;310021266;SSR_A59;1;30;;0;;18062;;0
SSR;2018;940300577;310021266;SSR_TOT;;68;;0;591;25111;81;0
SSR;2018;940700032;940001027;SSR_A;;150;40;;964;44422;177;17495
SSR;2018;940700032;940001027;SSR_A50;1;;;0;;0;;0
SSR;2018;940700032;940001027;SSR_A51;1;150;40;;;44422;;17495
SSR;2018;940700032;940001027;SSR_TOT;;150;40;0;964;44422;177;17495
SSR;2018;940700040;570010181;SSR_A;;40;20;;300;9728;10;8982
SSR;2018;940700040;570010181;SSR_A51;1;40;20;;;9728;;8982
SSR;2018;940700040;570010181;SSR_E;;45;9;;303;8460;15;2241
SSR;2018;940700040;570010181;SSR_E51;1;45;9;0;;8460;;2241
SSR;2018;940700040;570010181;SSR_TOT;;85;29;0;603;18188;25;11223
SSR;2018;940806490;750810798;SSR_A;;64;6;;457;20861;63;79
SSR;2018;940806490;750810798;SSR_A50;1;24;;0;;13086;;0
SSR;2018;940806490;750810798;SSR_A51;1;20;6;;;5064;;79
SSR;2018;940806490;750810798;SSR_A52;1;20;;0;;2711;;0
SSR;2018;940806490;750810798;SSR_TOT;;64;6;0;457;20861;63;79
SSR;2018;940813090;920030269;SSR_A;;92;10;;767;35207;108;1229
SSR;2018;940813090;920030269;SSR_A50;1;52;;0;;19490;;0
SSR;2018;940813090;920030269;SSR_A58;1;40;10;0;;15717;;1229
SSR;2018;940813090;920030269;SSR_TOT;;92;10;0;767;35207;108;1229
SSR;2018;950000307;950110015;SSR_A;;71;;;741;22548;38;0
SSR;2018;950000307;950110015;SSR_A50;1;;;0;;0;;0
SSR;2018;950000307;950110015;SSR_A51;1;16;;;;4803;;0
SSR;2018;950000307;950110015;SSR_A52;1;15;;0;;4686;;0
SSR;2018;950000307;950110015;SSR_A59;1;40;;0;;13059;;0
SSR;2018;950000307;950110015;SSR_TOT;;71;;0;741;22548;38;0
SSR;2018;950000323;950013870;SSR_A;;119;15;;960;34869;70;5090
SSR;2018;950000323;950013870;SSR_A50;1;32;;1;;12056;;0
SSR;2018;950000323;950013870;SSR_A51;1;36;10;;;10971;;2385
SSR;2018;950000323;950013870;SSR_A52;1;;;0;;0;;0
SSR;2018;950000323;950013870;SSR_A59;1;51;5;1;;11842;;2705
SSR;2018;950000323;950013870;SSR_TOT;;119;15;1;960;34869;70;5090
SSR;2018;950000331;950110049;SSR_A;;93;28;;811;31782;36;9239
SSR;2018;950000331;950110049;SSR_A50;1;22;0;0;;4736;;0
SSR;2018;950000331;950110049;SSR_A51;1;14;15;;;4307;;3449
SSR;2018;950000331;950110049;SSR_A52;1;12;8;1;;4005;;3245
SSR;2018;950000331;950110049;SSR_A59;1;45;5;0;;18734;;2545
SSR;2018;950000331;950110049;SSR_TOT;;93;28;0;811;31782;36;9239
SSR;2018;950000364;950110080;SSR_A;;30;5;;200;8467;21;2053
SSR;2018;950000364;950110080;SSR_A50;1;;;0;;0;;0
SSR;2018;950000364;950110080;SSR_A53;1;;5;0;;0;;2053
SSR;2018;950000364;950110080;SSR_A59;1;30;;0;;8467;;0
SSR;2018;950000364;950110080;SSR_TOT;;30;5;0;200;8467;21;2053
SSR;2018;950000406;950150037;SSR_A;;24;;;291;7902;3;0
SSR;2018;950000406;950150037;SSR_A50;1;;;0;;0;;0
SSR;2018;950000406;950150037;SSR_A59;1;24;;0;;7902;;0
SSR;2018;950000406;950150037;SSR_TOT;;24;;0;291;7902;3;0
SSR;2018;950000695;950001370;SSR_A;;121;;;605;40814;167;0
SSR;2018;950000695;950001370;SSR_A50;1;26;;0;;9512;;0
SSR;2018;950000695;950001370;SSR_A52;1;16;;0;;6112;;0
SSR;2018;950000695;950001370;SSR_A56;1;22;;0;;6018;;0
SSR;2018;950000695;950001370;SSR_A59;1;57;;0;;19172;;0
SSR;2018;950000695;950001370;SSR_TOT;;121;;0;605;40814;167;0
SSR;2018;950000703;950500041;SSR_A;;120;15;;1385;32652;38;7582
SSR;2018;950000703;950500041;SSR_A50;1;;;0;;0;;0
SSR;2018;950000703;950500041;SSR_A53;1;60;12;0;;14769;;6106
SSR;2018;950000703;950500041;SSR_A54;1;60;3;0;;17883;;1476
SSR;2018;950000703;950500041;SSR_TOT;;120;15;0;1385;32652;38;7582
SSR;2018;950016139;950015289;SSR_A;;30;;;344;10529;4;0
SSR;2018;950016139;950015289;SSR_A59;1;30;;0;;10529;;0
SSR;2018;950016139;950015289;SSR_TOT;;30;;0;344;10529;4;0
SSR;2018;950150011;950042994;SSR_A;;134;20;;1458;43834;64;51
SSR;2018;950150011;950042994;SSR_A50;1;;;0;;0;;0
SSR;2018;950150011;950042994;SSR_A55;1;72;;0;;26366;;0
SSR;2018;950150011;950042994;SSR_A59;1;62;20;0;;17468;;51
SSR;2018;950150011;950042994;SSR_TOT;;134;20;0;1458;43834;64;51
SSR;2018;950150052;750720575;SSR_A;;58;15;;222;15783;66;3681
SSR;2018;950150052;750720575;SSR_A50;1;;;0;;0;;0
SSR;2018;950150052;750720575;SSR_A51;1;20;7;;;3461;;1932
SSR;2018;950150052;750720575;SSR_A52;1;38;8;0;;12322;;1749
SSR;2018;950150052;750720575;SSR_E;;6;1;;73;2053;1;618
SSR;2018;950150052;750720575;SSR_E50;1;;;0;;0;;0
SSR;2018;950150052;750720575;SSR_E51;1;2;0;0;;816;;323
SSR;2018;950150052;750720575;SSR_E52;1;4;1;0;;1237;;295
SSR;2018;950150052;750720575;SSR_TOT;;64;16;0;295;17836;67;4299
SSR;2018;950300087;920030269;SSR_A;;52;;;444;18553;48;0
SSR;2018;950300087;920030269;SSR_A50;1;52;;0;;18553;;0
SSR;2018;950300087;920030269;SSR_TOT;;52;;0;444;18553;48;0
SSR;2018;950300103;310021183;SSR_A;;63;;;508;22626;67;0
SSR;2018;950300103;310021183;SSR_A50;1;18;;0;;1333;;0
SSR;2018;950300103;310021183;SSR_A59;1;45;;0;;21293;;0
SSR;2018;950300103;310021183;SSR_TOT;;63;;0;508;22626;67;0
SSR;2018;950300152;920030269;SSR_A;;100;7;;962;39049;117;3967
SSR;2018;950300152;920030269;SSR_A50;1;25;;0;;10628;;0
SSR;2018;950300152;920030269;SSR_A51;1;23;5;;;5226;;1664
SSR;2018;950300152;920030269;SSR_A52;1;23;2;0;;10170;;1718
SSR;2018;950300152;920030269;SSR_A56;1;;;0;;0;;0
SSR;2018;950300152;920030269;SSR_A59;1;29;0;0;;13025;;585
SSR;2018;950300152;920030269;SSR_TOT;;100;7;0;962;39049;117;3967
SSR;2018;950300194;920030269;SSR_A;;103;;;890;36410;76;0
SSR;2018;950300194;920030269;SSR_A50;1;41;;0;;5975;;0
SSR;2018;950300194;920030269;SSR_A59;1;62;;0;;30435;;0
SSR;2018;950300194;920030269;SSR_TOT;;103;;0;890;36410;76;0
SSR;2018;950300277;950000547;SSR_A;;30;;;447;9537;16;0
SSR;2018;950300277;950000547;SSR_A50;1;30;;1;;9537;;0
SSR;2018;950300277;950000547;SSR_TOT;;30;;0;447;9537;16;0
SSR;2018;950300301;950000562;SSR_A;;100;;;1231;32790;27;0
SSR;2018;950300301;950000562;SSR_A50;1;48;;0;;13372;;0
SSR;2018;950300301;950000562;SSR_A51;1;32;;;;12807;;0
SSR;2018;950300301;950000562;SSR_A58;1;20;;0;;6611;;0
SSR;2018;950300301;950000562;SSR_TOT;;100;;0;1231;32790;27;0
SSR;2018;950300327;920030269;SSR_A;;100;10;;716;35660;115;5300
SSR;2018;950300327;920030269;SSR_A50;1;10;0;0;;3472;;0
SSR;2018;950300327;920030269;SSR_A51;1;45;5;;;19225;;3352
SSR;2018;950300327;920030269;SSR_A52;1;45;5;0;;12963;;1948
SSR;2018;950300327;920030269;SSR_TOT;;100;10;0;716;35660;115;5300
SSR;2018;950300376;920030269;SSR_A;;72;;;558;25260;84;0
SSR;2018;950300376;920030269;SSR_A50;1;42;;0;;3924;;0
SSR;2018;950300376;920030269;SSR_A59;1;30;;1;;21336;;0
SSR;2018;950300376;920030269;SSR_TOT;;72;;0;558;25260;84;0
SSR;2018;950310029;950008938;SSR_A;;;10;;0;0;0;1907
SSR;2018;950310029;950008938;SSR_A50;1;;;0;;0;;0
SSR;2018;950310029;950008938;SSR_A58;1;;10;0;;0;;1907
SSR;2018;950310029;950008938;SSR_TOT;;;10;0;0;0;0;1907
SSR;2018;950420042;920030269;SSR_A;;91;10;;750;33828;83;824
SSR;2018;950420042;920030269;SSR_A50;1;44;;0;;12244;;0
SSR;2018;950420042;920030269;SSR_A59;1;47;10;0;;21584;;824
SSR;2018;950420042;920030269;SSR_TOT;;91;10;0;750;33828;83;824
SSR;2018;950500017;950015289;SSR_A;;138;38;;1471;37880;93;5526
SSR;2018;950500017;950015289;SSR_A51;1;24;21;;;7674;;3202
SSR;2018;950500017;950015289;SSR_A52;1;54;15;0;;15599;;1935
SSR;2018;950500017;950015289;SSR_A54;1;30;1;0;;6780;;0
SSR;2018;950500017;950015289;SSR_A55;1;30;1;0;;7827;;389
SSR;2018;950500017;950015289;SSR_TOT;;138;38;0;1471;37880;93;5526
SSR;2018;950630012;750721334;SSR_E;;101;5;;786;22328;61;159
SSR;2018;950630012;750721334;SSR_E50;1;13;5;0;;4867;;159
SSR;2018;950630012;750721334;SSR_E54;1;28;;0;;5127;;0
SSR;2018;950630012;750721334;SSR_E55;1;29;;0;;2972;;0
SSR;2018;950630012;750721334;SSR_E56;1;31;;0;;9362;;0
SSR;2018;950630012;750721334;SSR_TOT;;101;5;0;786;22328;61;159
SSR;2018;950700021;950000760;SSR_A;;100;15;;790;30673;66;5138
SSR;2018;950700021;950000760;SSR_A50;1;;;0;;0;;0
SSR;2018;950700021;950000760;SSR_A51;1;70;12;;;21230;;3699
SSR;2018;950700021;950000760;SSR_A52;1;30;3;0;;9443;;1439
SSR;2018;950700021;950000760;SSR_TOT;;100;15;0;790;30673;66;5138
SSR;2018;950787135;950001370;SSR_A;;20;5;;127;5450;9;206
SSR;2018;950787135;950001370;SSR_A58;1;20;5;0;;5450;;206
SSR;2018;950787135;950001370;SSR_E58;1;;;0;;0;;0
SSR;2018;950787135;950001370;SSR_TOT;;20;5;0;127;5450;9;206
SSR;2018;970100020;970100152;SSR_A;;30;;;797;11100;0;0
SSR;2018;970100020;970100152;SSR_A50;1;30;;0;;11100;;0
SSR;2018;970100020;970100152;SSR_TOT;;30;;0;797;11100;0;0
SSR;2018;970100111;970100343;SSR_A;;86;;;1225;30450;9;0
SSR;2018;970100111;970100343;SSR_A50;1;86;;0;;7621;;0
SSR;2018;970100111;970100343;SSR_A55;1;;;0;;12126;;0
SSR;2018;970100111;970100343;SSR_A59;1;;;0;;10703;;0
SSR;2018;970100111;970100343;SSR_TOT;;86;;0;1225;30450;9;0
SSR;2018;970100129;970100350;SSR_A;;66;;;782;23273;33;0
SSR;2018;970100129;970100350;SSR_A50;1;66;;0;;23273;;0
SSR;2018;970100129;970100350;SSR_TOT;;66;;0;782;23273;33;0
SSR;2018;970100137;970100368;SSR_A;;25;;;1361;13448;1;0
SSR;2018;970100137;970100368;SSR_A50;1;25;;1;;13448;;0
SSR;2018;970100137;970100368;SSR_TOT;;25;;0;1361;13448;1;0
SSR;2018;970100251;970100467;SSR_A;;71;5;;494;19816;0;4285
SSR;2018;970100251;970100467;SSR_A50;1;71;5;0;;19816;;4285
SSR;2018;970100251;970100467;SSR_TOT;;71;5;0;494;19816;0;4285
SSR;2018;970100384;970100160;SSR_A;;7;;;37;524;0;0
SSR;2018;970100384;970100160;SSR_A50;1;7;;0;;524;;0
SSR;2018;970100384;970100160;SSR_TOT;;7;;0;37;524;0;0
SSR;2018;970100392;970100178;SSR_A;;;10;;0;0;0;1976
SSR;2018;970100392;970100178;SSR_A50;1;;;0;;0;;0
SSR;2018;970100392;970100178;SSR_A53;1;;10;0;;0;;1976
SSR;2018;970100392;970100178;SSR_TOT;;;10;0;0;0;0;1976
SSR;2018;970100418;970100194;SSR_A;;63;27;;399;14991;25;2668
SSR;2018;970100418;970100194;SSR_A50;1;24;;1;;6914;;0
SSR;2018;970100418;970100194;SSR_A58;1;31;13;1;;5589;;616
SSR;2018;970100418;970100194;SSR_A59;1;8;14;1;;2488;;2052
SSR;2018;970100418;970100194;SSR_TOT;;63;27;0;399;14991;25;2668
SSR;2018;970100426;970100202;SSR_A;;10;;;142;3656;5;0
SSR;2018;970100426;970100202;SSR_A50;1;10;;0;;3656;;0
SSR;2018;970100426;970100202;SSR_TOT;;10;;0;142;3656;5;0
SSR;2018;970100442;970100228;SSR_A;;32;5;;222;10286;34;2013
SSR;2018;970100442;970100228;SSR_A50;1;32;5;1;;6951;;2013
SSR;2018;970100442;970100228;SSR_A59;1;;;0;;3335;;0
SSR;2018;970100442;970100228;SSR_TOT;;32;5;0;222;10286;34;2013
SSR;2018;970100459;970100244;SSR_A;;35;;;256;10490;19;0
SSR;2018;970100459;970100244;SSR_A50;1;35;;0;;10490;;0
SSR;2018;970100459;970100244;SSR_A52;1;;;0;;0;;0
SSR;2018;970100459;970100244;SSR_A55;1;;;0;;0;;0
SSR;2018;970100459;970100244;SSR_A59;1;;;0;;0;;0
SSR;2018;970100459;970100244;SSR_TOT;;35;;0;256;10490;19;0
SSR;2018;970100483;970100285;SSR_A;;68;2;;1030;26432;63;747
SSR;2018;970100483;970100285;SSR_A50;1;68;2;0;;5250;;747
SSR;2018;970100483;970100285;SSR_A51;1;;;;;9969;;0
SSR;2018;970100483;970100285;SSR_A52;1;;;0;;11213;;0
SSR;2018;970100483;970100285;SSR_E50;1;;;0;;0;;0
SSR;2018;970100483;970100285;SSR_TOT;;68;2;0;1030;26432;63;747
SSR;2018;970102596;970100491;SSR_A;;41;42;;405;11243;33;9441
SSR;2018;970102596;970100491;SSR_A50;1;6;42;1;;1545;;9441
SSR;2018;970102596;970100491;SSR_A51;1;6;;;;1797;;
SSR;2018;970102596;970100491;SSR_A52;1;28;;1;;7780;;0
SSR;2018;970102596;970100491;SSR_A55;1;1;;0;;121;;0
SSR;2018;970102596;970100491;SSR_TOT;;41;42;1;405;11243;33;9441
SSR;2018;970103016;970100517;SSR_A;;20;25;;149;6328;11;5222
SSR;2018;970103016;970100517;SSR_A50;1;;;0;;0;;0
SSR;2018;970103016;970100517;SSR_A59;1;20;25;0;;6328;;5222
SSR;2018;970103016;970100517;SSR_TOT;;20;25;0;149;6328;11;5222
SSR;2018;970103099;970100525;SSR_A;;59;20;;1597;32448;0;3679
SSR;2018;970103099;970100525;SSR_A50;1;59;20;0;;11339;;3679
SSR;2018;970103099;970100525;SSR_A51;1;;;;;13325;;0
SSR;2018;970103099;970100525;SSR_A52;1;;;0;;7784;;0
SSR;2018;970103099;970100525;SSR_TOT;;59;20;0;1597;32448;0;3679
SSR;2018;970104477;970104451;SSR_A;;25;20;;188;8893;29;7561
SSR;2018;970104477;970104451;SSR_A50;1;;0;0;;;;0
SSR;2018;970104477;970104451;SSR_A51;1;20;16;;;7025;;5973
SSR;2018;970104477;970104451;SSR_A52;1;5;4;0;;1868;;1588
SSR;2018;970104477;970104451;SSR_TOT;;25;20;0;188;8893;29;7561
SSR;2018;970108957;970108932;SSR_A;;45;;;236;16681;70;0
SSR;2018;970108957;970108932;SSR_A50;1;;;0;;0;;0
SSR;2018;970108957;970108932;SSR_A59;1;45;;0;;16681;;0
SSR;2018;970108957;970108932;SSR_TOT;;45;;0;236;16681;70;0
SSR;2018;970200028;970208906;SSR_A;;53;2;;320;12605;38;206
SSR;2018;970200028;970208906;SSR_A51;1;27;2;;;5398;;206
SSR;2018;970200028;970208906;SSR_A52;1;26;;0;;7207;;0
SSR;2018;970200028;970208906;SSR_TOT;;53;2;0;320;12605;38;206
SSR;2018;970200036;970202156;SSR_A;;19;;;391;8186;2;0
SSR;2018;970200036;970202156;SSR_A59;1;19;;0;;8186;;0
SSR;2018;970200036;970202156;SSR_TOT;;19;;0;391;8186;2;0
SSR;2018;970200044;970202164;SSR_A;;23;;;229;6168;0;0
SSR;2018;970200044;970202164;SSR_A58;1;20;;0;;5985;;0
SSR;2018;970200044;970202164;SSR_A59;1;3;;0;;183;;0
SSR;2018;970200044;970202164;SSR_TOT;;23;;0;229;6168;0;0
SSR;2018;970200051;970202172;SSR_A;;34;;;172;11408;49;0
SSR;2018;970200051;970202172;SSR_A50;0;;;1;;0;;0
SSR;2018;970200051;970202172;SSR_A59;1;34;;0;;11408;;0
SSR;2018;970200051;970202172;SSR_TOT;;34;;0;172;11408;49;0
SSR;2018;970200077;970202198;SSR_A;;41;;;226;9119;11;0
SSR;2018;970200077;970202198;SSR_A59;1;41;;0;;9119;;0
SSR;2018;970200077;970202198;SSR_TOT;;41;;0;226;9119;11;0
SSR;2018;970200101;970202222;SSR_A;;50;;;367;12888;16;0
SSR;2018;970200101;970202222;SSR_A50;1;30;;0;;7107;;0
SSR;2018;970200101;970202222;SSR_A59;1;20;;0;;5781;;0
SSR;2018;970200101;970202222;SSR_TOT;;50;;0;367;12888;16;0
SSR;2018;970202321;970210423;SSR_A;;13;15;;147;2969;0;4730
SSR;2018;970202321;970210423;SSR_A53;1;13;15;0;;2969;;4730
SSR;2018;970202321;970210423;SSR_TOT;;13;15;0;147;2969;0;4730
SSR;2018;970203303;920028560;SSR_A;;84;8;;1080;24757;16;1262
SSR;2018;970203303;920028560;SSR_A50;1;54;;0;;11376;;0
SSR;2018;970203303;920028560;SSR_A55;1;30;8;0;;13381;;1262
SSR;2018;970203303;920028560;SSR_E;;;2;;0;0;0;524
SSR;2018;970203303;920028560;SSR_E50;1;;;0;;0;;0
SSR;2018;970203303;920028560;SSR_E55;1;;2;0;;0;;524
SSR;2018;970203303;920028560;SSR_TOT;;84;10;0;1080;24757;16;1786
SSR;2018;970208104;970200168;SSR_A;;50;5;;700;14052;7;916
SSR;2018;970208104;970200168;SSR_A50;1;;;0;;0;;0
SSR;2018;970208104;970200168;SSR_A51;1;50;5;;;14052;;916
SSR;2018;970208104;970200168;SSR_TOT;;50;5;1;700;14052;7;916
SSR;2018;970211165;970211157;SSR_A;;90;10;;657;24149;86;1940
SSR;2018;970211165;970211157;SSR_A51;1;70;;;;8604;;0
SSR;2018;970211165;970211157;SSR_A52;1;20;10;0;;15545;;1940
SSR;2018;970211165;970211157;SSR_E;;18;2;;80;2906;9;301
SSR;2018;970211165;970211157;SSR_E51;1;;;0;;0;;0
SSR;2018;970211165;970211157;SSR_E52;1;18;2;0;;2906;;301
SSR;2018;970211165;970211157;SSR_TOT;;108;12;0;737;27055;95;2241
SSR;2018;970211173;970211157;SSR_A;;30;;;145;9078;38;0
SSR;2018;970211173;970211157;SSR_A52;1;6;;0;;2201;;0
SSR;2018;970211173;970211157;SSR_A59;1;24;;0;;6877;;0
SSR;2018;970211173;970211157;SSR_TOT;;30;;0;145;9078;38;0
SSR;2018;970211231;970211207;SSR_A;;22;15;;239;7483;23;3981
SSR;2018;970211231;970211207;SSR_A51;1;;10;;;5690;;1489
SSR;2018;970211231;970211207;SSR_A52;1;22;5;0;;1793;;2492
SSR;2018;970211231;970211207;SSR_TOT;;22;15;0;239;7483;23;3981
SSR;2018;970300026;970302022;SSR_A;;14;;;63;4283;21;0
SSR;2018;970300026;970302022;SSR_A50;1;14;;0;;4283;;0
SSR;2018;970300026;970302022;SSR_TOT;;14;;0;63;4283;21;0
SSR;2018;970300083;970302121;SSR_A;;14;;;118;4822;14;0
SSR;2018;970300083;970302121;SSR_A50;1;14;;0;;4822;;0
SSR;2018;970300083;970302121;SSR_A51;1;;;;;0;;0
SSR;2018;970300083;970302121;SSR_A52;1;;;0;;0;;0
SSR;2018;970300083;970302121;SSR_A53;1;;;0;;0;;0
SSR;2018;970300083;970302121;SSR_A54;1;;;0;;0;;0
SSR;2018;970300083;970302121;SSR_A55;1;;;0;;0;;0
SSR;2018;970300083;970302121;SSR_A56;1;;;0;;0;;0
SSR;2018;970300083;970302121;SSR_A57;1;;;0;;0;;0
SSR;2018;970300083;970302121;SSR_A58;1;;;0;;0;;0
SSR;2018;970300083;970302121;SSR_A59;1;;;0;;0;;0
SSR;2018;970300083;970302121;SSR_TOT;;14;;0;118;4822;14;0
SSR;2018;970302071;970304739;SSR_A;;95;60;;434;26276;117;17782
SSR;2018;970302071;970304739;SSR_A50;1;15;;1;;6110;;0
SSR;2018;970302071;970304739;SSR_A51;1;30;15;;;10127;;8725
SSR;2018;970302071;970304739;SSR_A52;1;30;15;1;;9843;;8861
SSR;2018;970302071;970304739;SSR_A53;1;5;15;1;;98;;98
SSR;2018;970302071;970304739;SSR_A54;0;;;1;;0;;0
SSR;2018;970302071;970304739;SSR_A55;1;15;15;1;;98;;98
SSR;2018;970302071;970304739;SSR_A59;0;;;1;;0;;0
SSR;2018;970302071;970304739;SSR_TOT;;95;60;1;434;26276;117;17782
SSR;2018;970305124;970305033;SSR_A;;22;;;177;7363;5;0
SSR;2018;970305124;970305033;SSR_A50;1;;;0;;1796;;0
SSR;2018;970305124;970305033;SSR_A59;1;22;;0;;5567;;0
SSR;2018;970305124;970305033;SSR_TOT;;22;;0;177;7363;5;0
SSR;2018;970305520;970303590;SSR_E;;;15;;0;0;0;2231
SSR;2018;970305520;970303590;SSR_E50;1;;15;1;;0;;2231
SSR;2018;970305520;970303590;SSR_TOT;;;15;0;0;0;0;2231
SSR;2018;970400024;970408589;SSR_A;;26;8;;445;7599;29;2134
SSR;2018;970400024;970408589;SSR_A50;1;;;0;;0;;0
SSR;2018;970400024;970408589;SSR_A52;1;18;6;0;;5151;;1029
SSR;2018;970400024;970408589;SSR_A57;1;;;0;;;;
SSR;2018;970400024;970408589;SSR_A58;1;8;2;0;;2448;;1105
SSR;2018;970400024;970408589;SSR_TOT;;26;8;0;445;7599;29;2134
SSR;2018;970400057;970408589;SSR_A;;;3;;0;0;0;3073
SSR;2018;970400057;970408589;SSR_A50;1;;;0;;0;;0
SSR;2018;970400057;970408589;SSR_A53;1;;3;0;;0;;3073
SSR;2018;970400057;970408589;SSR_A54;1;;;0;;0;;0
SSR;2018;970400057;970408589;SSR_E;;4;6;;82;292;0;1302
SSR;2018;970400057;970408589;SSR_E50;1;2;1;0;;184;;504
SSR;2018;970400057;970408589;SSR_E51;1;2;5;0;;108;;798
SSR;2018;970400057;970408589;SSR_TOT;;4;9;0;82;292;0;4375
SSR;2018;970400073;970403606;SSR_A;;10;4;;552;1968;0;700
SSR;2018;970400073;970403606;SSR_A50;1;;;0;;0;;0
SSR;2018;970400073;970403606;SSR_A58;1;10;4;0;;1968;;700
SSR;2018;970400073;970403606;SSR_TOT;;10;4;0;552;1968;0;700
SSR;2018;970400156;970403606;SSR_A;;30;;;272;9609;18;0
SSR;2018;970400156;970403606;SSR_A50;1;30;;0;;9609;;0
SSR;2018;970400156;970403606;SSR_TOT;;30;;0;272;9609;18;0
SSR;2018;970404109;970404059;SSR_A;;40;;;457;12855;28;0
SSR;2018;970404109;970404059;SSR_A50;1;;;0;;0;;0
SSR;2018;970404109;970404059;SSR_A58;1;40;;0;;12855;;0
SSR;2018;970404109;970404059;SSR_TOT;;40;;0;457;12855;28;0
SSR;2018;970404406;970404380;SSR_A;;22;99;;212;7624;18;35086
SSR;2018;970404406;970404380;SSR_A50;1;;1;0;;0;;1
SSR;2018;970404406;970404380;SSR_A51;1;8;30;;;2556;;10699
SSR;2018;970404406;970404380;SSR_A52;1;14;32;0;;5068;;11492
SSR;2018;970404406;970404380;SSR_A53;1;;26;0;;0;;9361
SSR;2018;970404406;970404380;SSR_A54;1;;10;0;;0;;3533
SSR;2018;970404406;970404380;SSR_TOT;;22;99;0;212;7624;18;35086
SSR;2018;970404588;970404539;SSR_A;;102;60;;810;36057;123;14560
SSR;2018;970404588;970404539;SSR_A50;1;1;0;0;;220;;0
SSR;2018;970404588;970404539;SSR_A51;1;32;29;;;11387;;7110
SSR;2018;970404588;970404539;SSR_A52;1;69;31;0;;24450;;7450
SSR;2018;970404588;970404539;SSR_TOT;;102;60;0;810;36057;123;14560
SSR;2018;970404679;970404638;SSR_A;;;20;;0;0;0;5160
SSR;2018;970404679;970404638;SSR_A50;1;;20;0;;0;;5160
SSR;2018;970404679;970404638;SSR_TOT;;;20;0;0;0;0;5160
SSR;2018;970404844;970404836;SSR_A;;50;20;;396;17686;65;124
SSR;2018;970404844;970404836;SSR_A50;1;50;20;0;;17686;;124
SSR;2018;970404844;970404836;SSR_TOT;;50;20;0;396;17686;65;124
SSR;2018;970405650;970463592;SSR_A;;;20;;0;0;0;9444
SSR;2018;970405650;970463592;SSR_A50;1;;;0;;0;;0
SSR;2018;970405650;970463592;SSR_A55;1;;20;0;;0;;9444
SSR;2018;970405650;970463592;SSR_TOT;;;20;0;0;0;0;9444
SSR;2018;970405726;970405718;SSR_A;;88;12;;806;31581;58;4124
SSR;2018;970405726;970405718;SSR_A50;1;88;12;0;;31581;;4124
SSR;2018;970405726;970405718;SSR_TOT;;88;12;0;806;31581;58;4124
SSR;2018;970406096;750826307;SSR_E;;60;;;95;1110;0;0
SSR;2018;970406096;750826307;SSR_E50;1;0;;1;;0;;0
SSR;2018;970406096;750826307;SSR_E55;1;60;;1;;1110;;0
SSR;2018;970406096;750826307;SSR_TOT;;60;;0;95;1110;0;0
SSR;2018;970406203;970406195;SSR_A;;74;20;;755;25020;51;2436
SSR;2018;970406203;970406195;SSR_A50;1;74;20;0;;25020;;2436
SSR;2018;970406203;970406195;SSR_TOT;;74;20;0;755;25020;51;2436
SSR;2018;970406245;970406237;SSR_A;;94;20;;565;34096;136;4583
SSR;2018;970406245;970406237;SSR_A50;1;44;;0;;18965;;0
SSR;2018;970406245;970406237;SSR_A59;1;50;20;0;;15131;;4583
SSR;2018;970406245;970406237;SSR_TOT;;94;20;0;565;34096;136;4583
SSR;2018;970409470;970409462;SSR_A;;9;;;12;3220;9;0
SSR;2018;970409470;970409462;SSR_A50;1;9;;0;;3220;;0
SSR;2018;970409470;970409462;SSR_E;;;;;;;1;
SSR;2018;970409470;970409462;SSR_TOT;;9;;0;12;3220;10;0
SSR;2018;970423000;970430906;SSR_E;;27;57;;385;7599;25;11868
SSR;2018;970423000;970430906;SSR_E50;1;1;1;0;;234;;179
SSR;2018;970423000;970430906;SSR_E52;1;18;39;0;;5078;;8224
SSR;2018;970423000;970430906;SSR_E55;1;6;12;0;;1791;;2370
SSR;2018;970423000;970430906;SSR_E57;1;2;5;0;;496;;1095
SSR;2018;970423000;970430906;SSR_TOT;;27;57;0;385;7599;25;11868
SSR;2018;970463113;970400370;SSR_A;;100;;;520;31694;131;0
SSR;2018;970463113;970400370;SSR_A50;1;100;;0;;31694;;0
SSR;2018;970463113;970400370;SSR_TOT;;100;;0;520;31694;131;0
SSR;2018;970463139;970408589;SSR_A;;40;20;;246;11251;34;5470
SSR;2018;970463139;970408589;SSR_A50;1;28;20;0;;6311;;2574
SSR;2018;970463139;970408589;SSR_A51;1;;;;;1769;;2896
SSR;2018;970463139;970408589;SSR_A52;1;12;;0;;3171;;0
SSR;2018;970463139;970408589;SSR_TOT;;40;20;0;246;11251;34;5470
SSR;2018;970466504;970403846;SSR_A;;25;106;;168;8339;28;25552
SSR;2018;970466504;970403846;SSR_A50;1;;;0;;0;;0
SSR;2018;970466504;970403846;SSR_A51;1;10;35;;;2344;;9309
SSR;2018;970466504;970403846;SSR_A52;1;12;30;0;;4584;;6348
SSR;2018;970466504;970403846;SSR_A53;1;;32;0;;0;;8030
SSR;2018;970466504;970403846;SSR_A54;1;;5;0;;0;;647
SSR;2018;970466504;970403846;SSR_A59;1;3;4;0;;1411;;1218
SSR;2018;970466504;970403846;SSR_TOT;;25;106;0;168;8339;28;25552
