BEN_RES_DPT,sej_type,type_parcours,SSR_TYPE,nb
59,PTH,CSC,DOM,132
59,PTG,CSC,DOM,101
59,PTG,CSC,HC,86
62,PTH,CSC,DOM,79
33,PTH,CSC,DOM,77
62,PTG,CSC,DOM,70
13,PTG,CSC,HC,69
76,PTH,CSC,DOM,63
29,PTH,CSC,DOM,62
33,PTG,CSC,DOM,60
59,PTH,CSC,HC,59
14,PTH,CSC,DOM,57
56,PTH,CSC,DOM,53
77,PTH,CSC,DOM,53
13,PTH,CSC,DOM,52
45,PTH,CSC,DOM,51
6,PTG,CSC,HC,50
13,PTH,CSC,HC,50
76,PTG,CSC,DOM,47
44,PTH,CSC,DOM,46
62,PTG,CSC,HC,46
6,PTH,CSC,DOM,44
91,PTH,CSC,DOM,42
33,PTG,CSC,HC,41
35,PTH,CSC,DOM,41
40,PTH,CSC,DOM,41
84,PTH,CSC,DOM,41
97,PTG,CSC,HC,41
30,PTH,CSC,DOM,40
34,PTG,CSC,HC,40
91,PTG,CSC,HC,40
31,PTG,CSC,HC,38
34,PTH,CSC,DOM,38
60,PTH,CSC,DOM,37
68,PTH,CSC,DOM,37
78,PTG,CSC,HC,37
94,PTH,CSC,DOM,37
30,PTG,CSC,DOM,36
50,PTH,CSC,DOM,36
64,PTH,CSC,DOM,36
6,PTH,CSC,HC,35
31,PTH,CSC,DOM,35
57,PTG,CSC,DOM,35
75,PTH,CSC,DOM,35
83,PTG,CSC,HC,35
83,PTH,CSC,DOM,35
84,PTG,CSC,DOM,35
56,PTG,CSC,DOM,33
64,PTG,CSC,HC,33
77,PTG,CSC,DOM,33
95,PTH,CSC,DOM,33
13,PTG,CSC,DOM,32
29,PTG,CSC,HC,32
60,PTG,CSC,DOM,32
62,PTH,CSC,HC,32
78,PTH,CSC,DOM,32
2,PTH,CSC,DOM,31
28,PTH,CSC,DOM,31
29,PTH,CSC,HC,31
67,PTG,CSC,DOM,31
17,PTH,CSC,DOM,30
29,PTG,CSC,DOM,30
30,PTG,CSC,HC,30
45,PTG,CSC,HC,30
77,PTG,CSC,HC,30
93,PTH,CSC,DOM,30
27,PTH,CSC,DOM,29
40,PTG,CSC,DOM,29
44,PTG,CSC,DOM,29
67,PTH,CSC,DOM,29
83,PTH,CSC,HC,29
95,PTG,CSC,HC,29
60,PTG,CSC,HC,28
68,PTG,CSC,DOM,28
68,PTG,CSC,HC,28
92,PTG,CSC,HC,28
45,PTG,CSC,DOM,27
75,PTG,CSC,HC,27
24,PTG,CSC,HC,26
31,PTH,CSC,HC,26
66,PTG,CSC,HC,26
92,PTH,CSC,DOM,26
35,PTG,CSC,DOM,25
37,PTH,CSC,DOM,25
38,PTH,CSC,DOM,25
40,PTG,CSC,HC,25
57,PTH,CSC,DOM,25
97,PTG,CSC,DOM,25
24,PTG,CSC,DOM,24
24,PTH,CSC,DOM,24
64,PTG,CSC,DOM,24
68,PTH,CSC,HC,24
74,PTH,CSC,DOM,24
78,PTH,CSC,HC,24
80,PTH,CSC,DOM,24
81,PTG,CSC,DOM,24
83,PTG,CSC,DOM,24
14,PTH,CSC,HC,23
34,PTH,CSC,HC,23
38,PTG,CSC,DOM,23
65,PTH,CSC,DOM,23
93,PTG,CSC,HC,23
94,PTG,CSC,HC,23
97,PTH,CSC,DOM,23
6,PTG,CSC,DOM,22
49,PTG,CSC,DOM,22
49,PTH,CSC,DOM,22
65,PTG,CSC,DOM,22
91,PTH,CSC,HC,22
11,PTG,CSC,HC,21
30,PTH,CSC,HC,21
50,PTG,CSC,HC,21
51,PTH,CSC,DOM,21
72,PTH,CSC,DOM,21
84,PTG,CSC,HC,21
94,PTH,CSC,HC,21
22,PTG,CSC,DOM,20
25,PTH,CSC,DOM,20
33,PTH,CSC,HC,20
56,PTG,CSC,HC,20
64,PTH,CSC,HC,20
78,PTG,CSC,DOM,20
84,PTH,CSC,HC,20
95,PTG,CSC,DOM,20
17,PTG,CSC,HC,19
27,PTG,CSC,HC,19
66,PTH,CSC,DOM,19
70,PTG,CSC,DOM,19
76,PTG,CSC,HC,19
85,PTG,CSC,DOM,19
14,PTG,CSC,DOM,18
17,PTG,CSC,DOM,18
45,PTH,CSC,HC,18
54,PTH,CSC,DOM,18
65,PTG,CSC,HC,18
66,PTG,CSC,DOM,18
69,PTH,CSC,DOM,18
85,PTH,CSC,DOM,18
12,PTG,CSC,HC,17
12,PTH,CSC,DOM,17
22,PTH,CSC,DOM,17
25,PTG,CSC,DOM,17
27,PTG,CSC,DOM,17
38,PTG,CSC,HC,17
42,PTG,CSC,HC,17
77,PTH,CSC,HC,17
81,PTH,CSC,HC,17
89,PTG,CSC,DOM,17
89,PTH,CSC,DOM,17
91,PTG,CSC,DOM,17
93,PTH,CSC,HC,17
95,PTH,CSC,HC,17
10,PTH,CSC,DOM,16
18,PTG,CSC,DOM,16
22,PTH,CSC,HC,16
41,PTH,CSC,DOM,16
50,PTG,CSC,DOM,16
72,PTG,CSC,DOM,16
74,PTG,CSC,DOM,16
79,PTH,CSC,DOM,16
82,PTG,CSC,DOM,16
2,PTG,CSC,DOM,15
8,PTH,CSC,DOM,15
17,PTH,CSC,HC,15
18,PTH,CSC,DOM,15
31,PTG,CSC,DOM,15
34,PTG,CSC,DOM,15
42,PTH,CSC,DOM,15
44,PTG,CSC,HC,15
54,PTG,CSC,DOM,15
81,PTG,CSC,HC,15
81,PTH,CSC,DOM,15
11,PTH,CSC,DOM,14
14,PTG,CSC,HC,14
26,PTG,CSC,DOM,14
35,PTH,CSC,HC,14
50,PTH,CSC,HC,14
51,PTG,CSC,DOM,14
57,PTG,CSC,HC,14
58,PTH,CSC,DOM,14
75,PTH,CSC,HC,14
80,PTG,CSC,HC,14
86,PTG,CSC,DOM,14
94,PTG,CSC,DOM,14
97,PTH,CSC,HC,14
16,PTH,CSC,DOM,13
32,PTG,CSC,HC,13
32,PTH,CSC,DOM,13
40,PTH,CSC,HC,13
47,PTG,CSC,HC,13
54,PTG,CSC,HC,13
61,PTG,CSC,HC,13
66,PTH,CSC,HC,13
71,PTG,CSC,HC,13
75,PTG,CSC,DOM,13
76,PTH,CSC,HC,13
79,PTG,CSC,DOM,13
80,PTH,CSC,HC,13
82,PTH,CSC,DOM,13
83,PTG,CSC,HDJ,13
2,PTG,CSC,HC,12
4,PTH,CSC,HC,12
16,PTG,CSC,HC,12
24,PTH,CSC,HC,12
25,PTG,CSC,HC,12
37,PTG,CSC,HC,12
39,PTH,CSC,DOM,12
51,PTG,CSC,HC,12
56,PTH,CSC,HC,12
60,PTH,CSC,HC,12
74,PTG,CSC,HC,12
87,PTH,CSC,DOM,12
92,PTH,CSC,HC,12
93,PTG,CSC,DOM,12
3,PTG,CSC,DOM,11
3,PTH,CSC,DOM,11
10,PTG,CSC,HC,11
13,PTH,CSC,,11
19,PTH,CSC,DOM,11
27,PTH,CSC,HC,11
28,PTG,CSC,DOM,11
39,PTG,CSC,DOM,11
44,PTH,CSC,HC,11
67,PTH,CSC,HC,11
85,PTG,CSC,HC,11
86,PTH,CSC,DOM,11
7,PTH,CSC,DOM,10
8,PTG,CSC,DOM,10
13,PTG,CSC,HDJ,10
20,PTG,CSC,HC,10
21,PTH,CSC,DOM,10
25,PTH,CSC,HC,10
28,PTG,CSC,HC,10
37,PTH,CSC,HC,10
41,PTG,CSC,HC,10
49,PTG,CSC,HC,10
58,PTG,CSC,DOM,10
61,PTH,CSC,DOM,10
65,PTH,CSC,HC,10
69,PTG,CSC,HDJ,10
70,PTG,CSC,HC,10
71,PTH,CSC,DOM,10
88,PTG,CSC,DOM,10
91,PTG,CSC,HDJ,10
1,PTG,CSC,DOM,9
1,PTG,CSC,HC,9
9,PTG,CSC,HC,9
11,PTH,CSC,HC,9
19,PTG,CSC,DOM,9
26,PTH,CSC,DOM,9
38,PTH,CSC,HC,9
41,PTG,CSC,DOM,9
42,PTG,CSC,DOM,9
42,PTH,CSC,HC,9
47,PTH,CSC,DOM,9
58,PTG,CSC,HC,9
59,PTH,CSC,,9
63,PTG,CSC,DOM,9
63,PTH,CSC,DOM,9
69,PTG,CSC,DOM,9
69,PTH,CSC,HC,9
72,PTG,CSC,HC,9
73,PTH,CSC,DOM,9
79,PTH,CSC,HC,9
89,PTG,CSC,HC,9
89,PTH,CSC,HC,9
10,PTH,CSC,HC,8
16,PTH,CSC,HC,8
18,PTH,CSC,HC,8
20,PTH,CSC,DOM,8
22,PTG,CSC,HC,8
26,PTH,CSC,HC,8
36,PTG,CSC,HC,8
37,PTG,CSC,DOM,8
43,PTH,CSC,HC,8
47,PTG,CSC,DOM,8
57,PTG,CSC,HDJ,8
67,PTG,CSC,HC,8
69,PTG,CSC,HC,8
70,PTH,CSC,DOM,8
70,PTH,CSC,HC,8
77,PTG,CSC,HDJ,8
78,PTG,CSC,HDJ,8
79,PTG,CSC,HC,8
80,PTG,CSC,DOM,8
82,PTG,CSC,HC,8
3,PTH,CSC,HC,7
4,PTH,CSC,DOM,7
12,PTG,CSC,DOM,7
12,PTH,CSC,HC,7
16,PTG,CSC,DOM,7
19,PTG,CSC,HC,7
28,PTH,CSC,HC,7
35,PTG,CSC,HC,7
43,PTH,CSC,DOM,7
46,PTH,CSC,DOM,7
47,PTH,CSC,HC,7
51,PTH,CSC,HC,7
52,PTG,CSC,DOM,7
55,PTH,CSC,DOM,7
68,PTG,CSC,HDJ,7
78,PTG,CSC,HC_HDJ,7
82,PTH,CSC,HC,7
83,PTH,CSC,HDJ,7
85,PTH,CSC,HC,7
88,PTG,CSC,HC,7
88,PTH,CSC,DOM,7
1,PTH,CSC,DOM,6
3,PTG,CSC,HC,6
6,PTG,CSC,,6
6,PTH,CSC,HDJ,6
7,PTG,CSC,DOM,6
7,PTG,CSC,HC,6
10,PTG,CSC,DOM,6
18,PTG,CSC,HC,6
21,PTG,CSC,DOM,6
21,PTG,CSC,HC,6
31,PTG,CSC,HDJ,6
32,PTH,CSC,HC,6
36,PTG,CSC,DOM,6
43,PTG,CSC,HC,6
48,PTG,CSC,HC,6
52,PTH,CSC,DOM,6
57,PTH,CSC,HC,6
63,PTG,CSC,HC,6
64,PTH,CSC,,6
72,PTH,CSC,HC,6
74,PTH,CSC,HC,6
75,PTG,CSC,,6
92,PTG,CSC,,6
99,PTG,CSC,DOM,6
2,PTH,CSC,HC,5
5,PTH,CSC,HC,5
13,PTH,CSC,HDJ,5
20,PTG,CSC,DOM,5
23,PTG,CSC,DOM,5
32,PTG,CSC,DOM,5
33,PTG,CSC,,5
34,PTG,CSC,HC_HDJ,5
36,PTH,CSC,DOM,5
36,PTH,CSC,HC,5
39,PTH,CSC,HC,5
43,PTG,CSC,DOM,5
53,PTG,CSC,DOM,5
59,PTG,CSC,HDJ,5
61,PTG,CSC,DOM,5
61,PTH,CSC,HC,5
73,PTG,CSC,DOM,5
73,PTG,CSC,HC,5
77,PTG,CSC,HC_HDJ,5
84,PTG,CSC,HDJ,5
91,PTG,CSC,HC_HDJ,5
92,PTH,CSC,,5
93,PTG,CSC,,5
94,PTG,CSC,,5
95,PTG,CSC,,5
1,PTH,CSC,HC,4
4,PTG,CSC,HC,4
9,PTH,CSC,HC,4
11,PTG,CSC,DOM,4
13,PTG,CSC,,4
18,PTG,CSC,HDJ,4
19,PTH,CSC,HC,4
21,PTH,CSC,HC,4
26,PTG,CSC,HC,4
29,PTH,CSC,,4
30,PTG,CSC,HDJ,4
34,PTH,CSC,,4
39,PTG,CSC,HC,4
46,PTG,CSC,HC,4
49,PTH,CSC,HC,4
50,PTH,CSC,,4
53,PTH,CSC,DOM,4
54,PTH,CSC,HC,4
59,PTG,CSC,,4
71,PTG,CSC,DOM,4
78,PTH,CSC,,4
83,PTG,CSC,,4
86,PTG,CSC,HC,4
87,PTG,CSC,DOM,4
99,PTG,CSC,HC,4
2,PTG,CSC,,3
4,PTG,CSC,DOM,3
4,PTG,CSC,HC_HDJ,3
5,PTG,CSC,DOM,3
5,PTG,CSC,HDJ,3
6,PTH,CSC,,3
7,PTH,CSC,HC,3
9,PTH,CSC,DOM,3
11,PTG,CSC,HDJ,3
14,PTG,CSC,HDJ,3
15,PTG,CSC,HC,3
15,PTH,CSC,DOM,3
23,PTG,CSC,HC,3
23,PTH,CSC,DOM,3
41,PTH,CSC,HC,3
45,PTG,CSC,,3
48,PTH,CSC,HC,3
55,PTG,CSC,DOM,3
57,PTG,CSC,,3
58,PTH,CSC,HC,3
62,PTG,CSC,,3
63,PTH,CSC,HC,3
64,PTG,CSC,HDJ,3
65,PTG,CSC,HDJ,3
68,PTH,CSC,,3
68,PTH,CSC,HDJ,3
75,PTG,CSC,HDJ,3
80,PTH,CSC,,3
87,PTH,CSC,HC,3
88,PTH,CSC,HC,3
92,PTG,CSC,DOM,3
92,PTG,CSC,HC_HDJ,3
92,PTG,CSC,HDJ,3
93,PTH,CSC,,3
94,PTG,CSC,HC_HDJ,3
95,PTG,CSC,HC_HDJ,3
99,PTH,CSC,HC,3
209,PTG,CSC,DOM,3
209,PTH,CSC,DOM,3
5,PTG,CSC,HC,2
5,PTH,CSC,DOM,2
8,PTG,CSC,HC,2
9,PTG,CSC,DOM,2
10,PTG,CSC,HDJ,2
11,PTH,CSC,,2
13,PTG,CSC,HC_HDJ,2
14,PTG,CSC,,2
14,PTG,CSC,HC_HDJ,2
16,PTH,CSC,,2
17,PTH,CSC,,2
20,PTH,CSC,HC,2
21,PTG,CSC,,2
22,PTH,CSC,,2
24,PTH,CSC,,2
26,PTH,CSC,,2
27,PTG,CSC,,2
29,PTG,CSC,,2
29,PTG,CSC,HC_HDJ,2
31,PTG,CSC,,2
31,PTG,CSC,HC_HDJ,2
31,PTH,CSC,HC_HDJ,2
31,PTH,CSC,HDJ,2
38,PTG,CSC,,2
42,PTH,CSC,HDJ,2
46,PTG,CSC,,2
48,PTG,CSC,DOM,2
48,PTH,CSC,DOM,2
50,PTG,CSC,,2
50,PTG,CSC,HDJ,2
51,PTG,CSC,,2
52,PTG,CSC,HC,2
52,PTH,CSC,HC,2
53,PTG,CSC,HC,2
54,PTG,CSC,HDJ,2
56,PTG,CSC,,2
56,PTH,CSC,,2
59,PTG,CSC,HC_HDJ,2
60,PTG,CSC,,2
60,PTH,CSC,,2
62,PTH,CSC,,2
65,PTG,CSC,,2
69,PTG,CSC,HC_HDJ,2
71,PTH,CSC,HC,2
73,PTH,CSC,HC,2
75,PTG,CSC,HC_HDJ,2
77,PTH,CSC,HC_HDJ,2
78,PTG,CSC,,2
80,PTG,CSC,,2
80,PTG,CSC,HDJ,2
81,PTG,CSC,HC_HDJ,2
83,PTH,CSC,,2
84,PTG,CSC,,2
86,PTH,CSC,HC,2
87,PTG,CSC,HDJ,2
90,PTG,CSC,DOM,2
90,PTH,CSC,DOM,2
91,PTH,CSC,,2
93,PTG,CSC,HC_HDJ,2
95,PTH,CSC,,2
97,PTG,CSC,,2
97,PTG,CSC,HDJ,2
99,PTG,CSC,HDJ,2
99,PTH,CSC,DOM,2
209,PTG,CSC,HC,2
1,PTG,CSC,HDJ,1
1,PTH,CSC,,1
2,PTG,CSC,HDJ,1
2,PTH,CSC,,1
4,PTG,CSC,,1
5,PTG,CSC,HC_HDJ,1
6,PTG,CSC,HDJ,1
7,PTG,CSC,HDJ,1
8,PTH,CSC,HC,1
9,PTH,CSC,,1
10,PTG,CSC,,1
10,PTG,CSC,HC_HDJ,1
11,PTH,CSC,HDJ,1
14,PTH,CSC,,1
15,PTG,CSC,HC_HDJ,1
15,PTH,CSC,HC,1
15,PTH,CSC,HC_HDJ,1
17,PTG,CSC,HDJ,1
18,PTH,CSC,,1
19,PTG,CSC,,1
20,PTG,CSC,HC_HDJ,1
20,PTG,CSC,HDJ,1
20,PTH,CSC,,1
22,PTG,CSC,,1
23,PTH,CSC,HC,1
24,PTG,CSC,,1
25,PTG,CSC,,1
27,PTG,CSC,HDJ,1
27,PTH,CSC,,1
28,PTH,CSC,HDJ,1
29,PTG,CSC,HDJ,1
29,PTH,CSC,HC_HDJ,1
29,PTH,CSC,HDJ,1
31,PTH,CSC,,1
32,PTH,CSC,,1
33,PTH,CSC,HC_HDJ,1
34,PTG,CSC,,1
34,PTG,CSC,HDJ,1
34,PTH,CSC,HC_HDJ,1
35,PTG,CSC,,1
35,PTG,CSC,HDJ,1
35,PTH,CSC,,1
37,PTG,CSC,HC_HDJ,1
38,PTH,CSC,,1
38,PTH,CSC,HDJ,1
39,PTG,CSC,,1
40,PTG,CSC,HC_HDJ,1
40,PTG,CSC,HDJ,1
40,PTH,CSC,HC_HDJ,1
41,PTG,CSC,,1
41,PTG,CSC,HC_HDJ,1
42,PTG,CSC,,1
42,PTH,CSC,,1
43,PTG,CSC,HC_HDJ,1
44,PTG,CSC,HC_HDJ,1
44,PTG,CSC,HDJ,1
44,PTH,CSC,,1
45,PTG,CSC,HC_HDJ,1
45,PTH,CSC,,1
46,PTH,CSC,,1
46,PTH,CSC,HC,1
49,PTH,CSC,,1
49,PTH,CSC,HC_HDJ,1
50,PTG,CSC,HC_HDJ,1
51,PTH,CSC,,1
52,PTH,CSC,,1
53,PTH,CSC,HC,1
54,PTG,CSC,,1
54,PTH,CSC,,1
54,PTH,CSC,HC_HDJ,1
55,PTG,CSC,HC,1
55,PTH,CSC,HC,1
55,PTH,CSC,HC_HDJ,1
56,PTG,CSC,HDJ,1
57,PTH,CSC,,1
58,PTH,CSC,,1
60,PTG,CSC,HDJ,1
60,PTH,CSC,HC_HDJ,1
61,PTH,CSC,,1
63,PTG,CSC,HDJ,1
64,PTG,CSC,,1
65,PTG,CSC,HC_HDJ,1
65,PTH,CSC,HC_HDJ,1
65,PTH,CSC,HDJ,1
66,PTG,CSC,,1
66,PTG,CSC,HDJ,1
66,PTH,CSC,HC_HDJ,1
67,PTG,CSC,HDJ,1
68,PTG,CSC,HC_HDJ,1
68,PTH,CSC,HC_HDJ,1
69,PTH,CSC,,1
69,PTH,CSC,HDJ,1
71,PTH,CSC,,1
72,PTH,CSC,,1
73,PTG,CSC,,1
73,PTG,CSC,HDJ,1
73,PTH,CSC,,1
74,PTG,CSC,HDJ,1
74,PTH,CSC,,1
74,PTH,CSC,HDJ,1
75,PTH,CSC,,1
76,PTG,CSC,HC_HDJ,1
76,PTG,CSC,HDJ,1
76,PTH,CSC,,1
78,PTH,CSC,HDJ,1
79,PTG,CSC,,1
81,PTG,CSC,,1
81,PTG,CSC,HDJ,1
81,PTH,CSC,,1
81,PTH,CSC,HDJ,1
82,PTG,CSC,HDJ,1
84,PTG,CSC,HC_HDJ,1
84,PTH,CSC,,1
85,PTH,CSC,,1
87,PTG,CSC,,1
87,PTG,CSC,HC,1
88,PTH,CSC,,1
89,PTG,CSC,,1
89,PTH,CSC,HC_HDJ,1
91,PTG,CSC,,1
91,PTH,CSC,HC_HDJ,1
91,PTH,CSC,HDJ,1
93,PTG,CSC,HDJ,1
93,PTH,CSC,HDJ,1
94,PTG,CSC,HDJ,1
97,PTH,CSC,,1
97,PTH,CSC,HDJ,1
99,PTH,CSC,,1
209,PTH,CSC,HC,1
991,PTG,CSC,DOM,1
999,PTG,CSC,DOM,1
33,PTH,CSC + DERMA,DOM,17
59,PTH,CSC + DERMA,DOM,15
59,PTG,CSC + DERMA,DOM,13
13,PTG,CSC + DERMA,HC,10
13,PTH,CSC + DERMA,HC,9
76,PTH,CSC + DERMA,DOM,8
76,PTG,CSC + DERMA,DOM,7
13,PTG,CSC + DERMA,DOM,5
29,PTG,CSC + DERMA,HC,5
33,PTG,CSC + DERMA,DOM,5
51,PTG,CSC + DERMA,DOM,5
59,PTH,CSC + DERMA,HC,5
62,PTH,CSC + DERMA,DOM,5
68,PTG,CSC + DERMA,HC,5
78,PTH,CSC + DERMA,HC,5
3,PTH,CSC + DERMA,DOM,4
6,PTG,CSC + DERMA,DOM,4
6,PTG,CSC + DERMA,HC,4
6,PTH,CSC + DERMA,DOM,4
13,PTH,CSC + DERMA,DOM,4
28,PTH,CSC + DERMA,DOM,4
29,PTH,CSC + DERMA,DOM,4
31,PTG,CSC + DERMA,HC,4
35,PTH,CSC + DERMA,DOM,4
40,PTH,CSC + DERMA,DOM,4
45,PTH,CSC + DERMA,DOM,4
50,PTH,CSC + DERMA,DOM,4
59,PTG,CSC + DERMA,HC,4
68,PTH,CSC + DERMA,DOM,4
69,PTG,CSC + DERMA,HC,4
75,PTH,CSC + DERMA,DOM,4
84,PTG,CSC + DERMA,DOM,4
91,PTG,CSC + DERMA,HC,4
94,PTH,CSC + DERMA,DOM,4
2,PTG,CSC + DERMA,DOM,3
9,PTG,CSC + DERMA,HC,3
10,PTG,CSC + DERMA,DOM,3
14,PTH,CSC + DERMA,HC,3
18,PTG,CSC + DERMA,DOM,3
24,PTG,CSC + DERMA,HC,3
29,PTG,CSC + DERMA,DOM,3
30,PTG,CSC + DERMA,HC,3
37,PTH,CSC + DERMA,DOM,3
38,PTG,CSC + DERMA,DOM,3
44,PTH,CSC + DERMA,DOM,3
54,PTG,CSC + DERMA,HC,3
57,PTG,CSC + DERMA,DOM,3
60,PTH,CSC + DERMA,DOM,3
62,PTG,CSC + DERMA,HC,3
64,PTG,CSC + DERMA,HC,3
67,PTG,CSC + DERMA,DOM,3
67,PTH,CSC + DERMA,DOM,3
75,PTG,CSC + DERMA,DOM,3
75,PTG,CSC + DERMA,HC,3
77,PTG,CSC + DERMA,DOM,3
78,PTH,CSC + DERMA,DOM,3
91,PTG,CSC + DERMA,HDJ,3
92,PTG,CSC + DERMA,HC,3
94,PTG,CSC + DERMA,DOM,3
95,PTH,CSC + DERMA,DOM,3
3,PTG,CSC + DERMA,HC,2
16,PTG,CSC + DERMA,HC,2
17,PTG,CSC + DERMA,DOM,2
18,PTH,CSC + DERMA,DOM,2
24,PTG,CSC + DERMA,DOM,2
24,PTH,CSC + DERMA,DOM,2
25,PTG,CSC + DERMA,DOM,2
25,PTG,CSC + DERMA,HC,2
26,PTG,CSC + DERMA,DOM,2
26,PTG,CSC + DERMA,HC,2
29,PTH,CSC + DERMA,HC,2
30,PTH,CSC + DERMA,DOM,2
31,PTG,CSC + DERMA,DOM,2
32,PTG,CSC + DERMA,HC,2
32,PTH,CSC + DERMA,HC,2
33,PTG,CSC + DERMA,HC,2
34,PTG,CSC + DERMA,DOM,2
34,PTG,CSC + DERMA,HC,2
34,PTH,CSC + DERMA,DOM,2
35,PTG,CSC + DERMA,DOM,2
35,PTG,CSC + DERMA,HC,2
37,PTG,CSC + DERMA,DOM,2
37,PTG,CSC + DERMA,HC,2
37,PTH,CSC + DERMA,HC,2
38,PTH,CSC + DERMA,DOM,2
39,PTG,CSC + DERMA,DOM,2
42,PTG,CSC + DERMA,HC,2
43,PTH,CSC + DERMA,HC,2
44,PTG,CSC + DERMA,DOM,2
45,PTG,CSC + DERMA,HC,2
49,PTH,CSC + DERMA,DOM,2
49,PTH,CSC + DERMA,HC,2
50,PTG,CSC + DERMA,HC,2
54,PTG,CSC + DERMA,DOM,2
57,PTH,CSC + DERMA,HC,2
62,PTG,CSC + DERMA,DOM,2
63,PTH,CSC + DERMA,DOM,2
63,PTH,CSC + DERMA,HC,2
64,PTH,CSC + DERMA,DOM,2
64,PTH,CSC + DERMA,HC,2
65,PTG,CSC + DERMA,DOM,2
65,PTH,CSC + DERMA,DOM,2
66,PTG,CSC + DERMA,DOM,2
66,PTH,CSC + DERMA,DOM,2
68,PTG,CSC + DERMA,DOM,2
68,PTH,CSC + DERMA,HC,2
70,PTH,CSC + DERMA,DOM,2
72,PTG,CSC + DERMA,DOM,2
74,PTH,CSC + DERMA,HC,2
77,PTH,CSC + DERMA,DOM,2
77,PTH,CSC + DERMA,HC,2
78,PTG,CSC + DERMA,HC_HDJ,2
81,PTH,CSC + DERMA,HC,2
82,PTG,CSC + DERMA,DOM,2
83,PTG,CSC + DERMA,DOM,2
83,PTG,CSC + DERMA,HC,2
83,PTH,CSC + DERMA,DOM,2
83,PTH,CSC + DERMA,HDJ,2
84,PTH,CSC + DERMA,DOM,2
91,PTG,CSC + DERMA,HC_HDJ,2
91,PTH,CSC + DERMA,DOM,2
91,PTH,CSC + DERMA,HC,2
92,PTG,CSC + DERMA,DOM,2
97,PTG,CSC + DERMA,DOM,2
97,PTG,CSC + DERMA,HC,2
1,PTG,CSC + DERMA,HC,1
1,PTH,CSC + DERMA,HC,1
2,PTG,CSC + DERMA,HDJ,1
2,PTH,CSC + DERMA,DOM,1
3,PTG,CSC + DERMA,DOM,1
5,PTH,CSC + DERMA,,1
7,PTG,CSC + DERMA,DOM,1
8,PTG,CSC + DERMA,DOM,1
8,PTG,CSC + DERMA,HC,1
10,PTH,CSC + DERMA,DOM,1
11,PTG,CSC + DERMA,HC,1
11,PTH,CSC + DERMA,DOM,1
11,PTH,CSC + DERMA,HC,1
12,PTG,CSC + DERMA,HC,1
12,PTH,CSC + DERMA,HC,1
13,PTH,CSC + DERMA,HDJ,1
14,PTH,CSC + DERMA,,1
14,PTH,CSC + DERMA,DOM,1
17,PTG,CSC + DERMA,HC,1
18,PTH,CSC + DERMA,HC,1
19,PTH,CSC + DERMA,DOM,1
19,PTH,CSC + DERMA,HC,1
20,PTH,CSC + DERMA,HC,1
21,PTH,CSC + DERMA,HC,1
22,PTG,CSC + DERMA,HC,1
24,PTH,CSC + DERMA,HC,1
25,PTH,CSC + DERMA,DOM,1
26,PTH,CSC + DERMA,DOM,1
26,PTH,CSC + DERMA,HC,1
27,PTG,CSC + DERMA,DOM,1
27,PTH,CSC + DERMA,DOM,1
28,PTG,CSC + DERMA,DOM,1
28,PTG,CSC + DERMA,HC,1
28,PTH,CSC + DERMA,HC,1
31,PTG,CSC + DERMA,HDJ,1
31,PTH,CSC + DERMA,DOM,1
31,PTH,CSC + DERMA,HC,1
31,PTH,CSC + DERMA,HDJ,1
33,PTG,CSC + DERMA,,1
34,PTH,CSC + DERMA,HC,1
36,PTG,CSC + DERMA,HC,1
38,PTG,CSC + DERMA,HC,1
38,PTH,CSC + DERMA,HC,1
39,PTG,CSC + DERMA,HC,1
40,PTG,CSC + DERMA,DOM,1
40,PTH,CSC + DERMA,HC,1
41,PTG,CSC + DERMA,DOM,1
41,PTG,CSC + DERMA,HC,1
42,PTG,CSC + DERMA,HC_HDJ,1
42,PTH,CSC + DERMA,HC,1
44,PTG,CSC + DERMA,HC,1
44,PTH,CSC + DERMA,HC,1
45,PTH,CSC + DERMA,HC,1
47,PTG,CSC + DERMA,HC,1
47,PTH,CSC + DERMA,DOM,1
47,PTH,CSC + DERMA,HC,1
48,PTG,CSC + DERMA,HC,1
49,PTG,CSC + DERMA,HC,1
50,PTG,CSC + DERMA,DOM,1
50,PTG,CSC + DERMA,HDJ,1
51,PTG,CSC + DERMA,HC,1
51,PTH,CSC + DERMA,DOM,1
52,PTH,CSC + DERMA,DOM,1
53,PTH,CSC + DERMA,DOM,1
54,PTG,CSC + DERMA,HC_HDJ,1
54,PTH,CSC + DERMA,DOM,1
54,PTH,CSC + DERMA,HC,1
56,PTG,CSC + DERMA,DOM,1
56,PTH,CSC + DERMA,DOM,1
57,PTH,CSC + DERMA,DOM,1
59,PTG,CSC + DERMA,,1
59,PTG,CSC + DERMA,HDJ,1
60,PTG,CSC + DERMA,DOM,1
60,PTH,CSC + DERMA,HC,1
61,PTG,CSC + DERMA,DOM,1
64,PTG,CSC + DERMA,DOM,1
65,PTG,CSC + DERMA,HC,1
65,PTH,CSC + DERMA,HC,1
66,PTG,CSC + DERMA,,1
66,PTG,CSC + DERMA,HC,1
66,PTH,CSC + DERMA,HC,1
67,PTG,CSC + DERMA,HC,1
67,PTH,CSC + DERMA,,1
67,PTH,CSC + DERMA,HC,1
68,PTG,CSC + DERMA,HDJ,1
69,PTG,CSC + DERMA,DOM,1
70,PTG,CSC + DERMA,DOM,1
71,PTH,CSC + DERMA,HC,1
72,PTG,CSC + DERMA,HC,1
73,PTG,CSC + DERMA,HC,1
73,PTH,CSC + DERMA,,1
74,PTG,CSC + DERMA,HC,1
74,PTH,CSC + DERMA,DOM,1
75,PTH,CSC + DERMA,HC,1
76,PTG,CSC + DERMA,HC,1
77,PTG,CSC + DERMA,HC,1
78,PTG,CSC + DERMA,DOM,1
78,PTG,CSC + DERMA,HC,1
79,PTG,CSC + DERMA,DOM,1
79,PTG,CSC + DERMA,HC,1
80,PTG,CSC + DERMA,HC,1
80,PTH,CSC + DERMA,,1
80,PTH,CSC + DERMA,DOM,1
80,PTH,CSC + DERMA,HC,1
81,PTG,CSC + DERMA,DOM,1
81,PTG,CSC + DERMA,HDJ,1
81,PTH,CSC + DERMA,DOM,1
83,PTG,CSC + DERMA,,1
83,PTG,CSC + DERMA,HC_HDJ,1
83,PTG,CSC + DERMA,HDJ,1
83,PTH,CSC + DERMA,,1
83,PTH,CSC + DERMA,HC,1
85,PTG,CSC + DERMA,DOM,1
86,PTG,CSC + DERMA,DOM,1
89,PTH,CSC + DERMA,HC,1
90,PTH,CSC + DERMA,DOM,1
92,PTH,CSC + DERMA,,1
92,PTH,CSC + DERMA,DOM,1
93,PTG,CSC + DERMA,DOM,1
93,PTG,CSC + DERMA,HC,1
93,PTG,CSC + DERMA,HDJ,1
93,PTH,CSC + DERMA,,1
93,PTH,CSC + DERMA,DOM,1
94,PTG,CSC + DERMA,,1
94,PTG,CSC + DERMA,HDJ,1
94,PTH,CSC + DERMA,HC,1
95,PTG,CSC + DERMA,DOM,1
97,PTH,CSC + DERMA,DOM,1
33,PTG,CSC + DERMA + ENDO,DOM,2
5,PTH,CSC + DERMA + ENDO,DOM,1
6,PTG,CSC + DERMA + ENDO,DOM,1
7,PTG,CSC + DERMA + ENDO,HC,1
13,PTG,CSC + DERMA + ENDO,HC,1
26,PTG,CSC + DERMA + ENDO,DOM,1
29,PTG,CSC + DERMA + ENDO,DOM,1
37,PTG,CSC + DERMA + ENDO,DOM,1
45,PTG,CSC + DERMA + ENDO,HC_HDJ,1
59,PTG,CSC + DERMA + ENDO,DOM,1
59,PTG,CSC + DERMA + ENDO,HC,1
59,PTH,CSC + DERMA + ENDO,DOM,1
62,PTH,CSC + DERMA + ENDO,DOM,1
63,PTG,CSC + DERMA + ENDO,HC,1
65,PTG,CSC + DERMA + ENDO,DOM,1
66,PTG,CSC + DERMA + ENDO,DOM,1
75,PTG,CSC + DERMA + ENDO,HC,1
77,PTG,CSC + DERMA + ENDO,DOM,1
77,PTG,CSC + DERMA + ENDO,HC,1
91,PTG,CSC + DERMA + ENDO,HC,1
93,PTG,CSC + DERMA + ENDO,DOM,1
95,PTG,CSC + DERMA + ENDO,DOM,1
209,PTH,CSC + DERMA + ENDO,DOM,1
94,PTG,CSC + DERMA + ENDO + GASTRO,HC_HDJ,1
13,PTG,CSC + DERMA + ENDO + GASTRO + GYNECO,HDJ,1
59,PTG,CSC + DERMA + ENDO + GASTRO + GYNECO,HC,1
13,PTG,CSC + DERMA + ENDO + GASTRO + OPH + ORL,HC,1
54,PTG,CSC + DERMA + ENDO + GASTRO + OPH + ORL,HC,1
72,PTH,CSC + DERMA + ENDO + GASTRO + ORL,DOM,1
37,PTG,CSC + DERMA + ENDO + GASTRO + RHUMA,HC,1
64,PTH,CSC + DERMA + ENDO + GASTRO + RHUMA,HC,1
75,PTG,CSC + DERMA + ENDO + GASTRO + RHUMA,HC,1
77,PTG,CSC + DERMA + ENDO + GASTRO + RHUMA,HC,1
92,PTG,CSC + DERMA + ENDO + GASTRO + RHUMA,HC,1
31,PTG,CSC + DERMA + ENDO + GASTRO + URO,HC,1
81,PTG,CSC + DERMA + ENDO + GYNECO,DOM,1
92,PTH,CSC + DERMA + ENDO + GYNECO,HC,1
97,PTG,CSC + DERMA + ENDO + GYNECO,HC,1
6,PTH,CSC + DERMA + ENDO + GYNECO + RHUMA,DOM,1
95,PTG,CSC + DERMA + ENDO + GYNECO + RHUMA,DOM,1
10,PTH,CSC + DERMA + ENDO + OPH,DOM,1
30,PTG,CSC + DERMA + ENDO + OPH,DOM,1
31,PTG,CSC + DERMA + ENDO + OPH,HC,1
60,PTG,CSC + DERMA + ENDO + OPH,HC,1
67,PTG,CSC + DERMA + ENDO + OPH,DOM,1
78,PTG,CSC + DERMA + ENDO + OPH,HDJ,1
84,PTH,CSC + DERMA + ENDO + OPH,HC,1
72,PTH,CSC + DERMA + ENDO + OPH + ORL + RHUMA + URO,HC,1
69,PTG,CSC + DERMA + ENDO + OPH + RHUMA,HDJ,1
83,PTG,CSC + DERMA + ENDO + OPH + RHUMA,DOM,1
33,PTH,CSC + DERMA + ENDO + OPH + URO,DOM,1
79,PTH,CSC + DERMA + ENDO + OPH + URO,DOM,1
13,PTH,CSC + DERMA + ENDO + ORL,HC,1
64,PTG,CSC + DERMA + ENDO + ORL,HC,1
81,PTH,CSC + DERMA + ENDO + ORL,DOM,1
92,PTH,CSC + DERMA + ENDO + ORL,DOM,1
17,PTG,CSC + DERMA + ENDO + ORL + RHUMA,DOM,1
93,PTH,CSC + DERMA + ENDO + ORL + RHUMA,HC_HDJ,1
75,PTH,CSC + DERMA + ENDO + RHUMA,HC,2
2,PTG,CSC + DERMA + ENDO + RHUMA,HC,1
6,PTH,CSC + DERMA + ENDO + RHUMA,DOM,1
28,PTG,CSC + DERMA + ENDO + RHUMA,DOM,1
30,PTG,CSC + DERMA + ENDO + RHUMA,HC,1
31,PTG,CSC + DERMA + ENDO + RHUMA,HC,1
31,PTH,CSC + DERMA + ENDO + RHUMA,HC,1
33,PTG,CSC + DERMA + ENDO + RHUMA,HC,1
51,PTH,CSC + DERMA + ENDO + RHUMA,,1
60,PTG,CSC + DERMA + ENDO + RHUMA,HC,1
64,PTH,CSC + DERMA + ENDO + RHUMA,DOM,1
78,PTG,CSC + DERMA + ENDO + RHUMA + URO,DOM,1
45,PTG,CSC + DERMA + ENDO + URO,HC,1
66,PTG,CSC + DERMA + ENDO + URO,HC,1
83,PTH,CSC + DERMA + ENDO + URO,DOM,1
62,PTH,CSC + DERMA + GASTRO,DOM,3
45,PTH,CSC + DERMA + GASTRO,DOM,2
76,PTG,CSC + DERMA + GASTRO,HC,2
6,PTG,CSC + DERMA + GASTRO,,1
6,PTG,CSC + DERMA + GASTRO,DOM,1
6,PTG,CSC + DERMA + GASTRO,HC,1
6,PTH,CSC + DERMA + GASTRO,HC,1
10,PTG,CSC + DERMA + GASTRO,HC,1
10,PTH,CSC + DERMA + GASTRO,DOM,1
11,PTG,CSC + DERMA + GASTRO,HDJ,1
13,PTG,CSC + DERMA + GASTRO,,1
13,PTH,CSC + DERMA + GASTRO,,1
13,PTH,CSC + DERMA + GASTRO,HDJ,1
14,PTG,CSC + DERMA + GASTRO,HC,1
19,PTH,CSC + DERMA + GASTRO,DOM,1
24,PTG,CSC + DERMA + GASTRO,DOM,1
24,PTG,CSC + DERMA + GASTRO,HC,1
30,PTG,CSC + DERMA + GASTRO,DOM,1
31,PTH,CSC + DERMA + GASTRO,DOM,1
33,PTH,CSC + DERMA + GASTRO,DOM,1
33,PTH,CSC + DERMA + GASTRO,HC,1
34,PTG,CSC + DERMA + GASTRO,HC,1
34,PTH,CSC + DERMA + GASTRO,DOM,1
40,PTG,CSC + DERMA + GASTRO,HC,1
40,PTH,CSC + DERMA + GASTRO,DOM,1
44,PTG,CSC + DERMA + GASTRO,HC,1
45,PTG,CSC + DERMA + GASTRO,HC,1
49,PTH,CSC + DERMA + GASTRO,DOM,1
50,PTG,CSC + DERMA + GASTRO,DOM,1
56,PTG,CSC + DERMA + GASTRO,HC,1
57,PTG,CSC + DERMA + GASTRO,DOM,1
57,PTH,CSC + DERMA + GASTRO,DOM,1
59,PTG,CSC + DERMA + GASTRO,HC,1
59,PTH,CSC + DERMA + GASTRO,DOM,1
59,PTH,CSC + DERMA + GASTRO,HC,1
61,PTG,CSC + DERMA + GASTRO,HC,1
64,PTH,CSC + DERMA + GASTRO,DOM,1
67,PTH,CSC + DERMA + GASTRO,DOM,1
68,PTG,CSC + DERMA + GASTRO,HDJ,1
69,PTG,CSC + DERMA + GASTRO,HC,1
77,PTH,CSC + DERMA + GASTRO,DOM,1
83,PTG,CSC + DERMA + GASTRO,HC,1
92,PTG,CSC + DERMA + GASTRO,HDJ,1
92,PTH,CSC + DERMA + GASTRO,DOM,1
95,PTG,CSC + DERMA + GASTRO,HC,1
95,PTH,CSC + DERMA + GASTRO,DOM,1
6,PTH,CSC + DERMA + GASTRO + GYNECO,DOM,1
13,PTH,CSC + DERMA + GASTRO + GYNECO,DOM,1
33,PTH,CSC + DERMA + GASTRO + GYNECO,DOM,1
36,PTH,CSC + DERMA + GASTRO + GYNECO,DOM,1
44,PTH,CSC + DERMA + GASTRO + GYNECO,DOM,1
47,PTG,CSC + DERMA + GASTRO + GYNECO,DOM,1
69,PTH,CSC + DERMA + GASTRO + GYNECO,DOM,1
92,PTG,CSC + DERMA + GASTRO + GYNECO,HC,1
6,PTH,CSC + DERMA + GASTRO + GYNECO + OPH,DOM,1
33,PTH,CSC + DERMA + GASTRO + GYNECO + OPH,DOM,1
17,PTH,CSC + DERMA + GASTRO + GYNECO + OPH + RHUMA + URO,DOM,1
68,PTG,CSC + DERMA + GASTRO + GYNECO + OPH + URO,HC,1
93,PTG,CSC + DERMA + GASTRO + GYNECO + ORL,HC,1
6,PTH,CSC + DERMA + GASTRO + GYNECO + RHUMA,HC,1
76,PTH,CSC + DERMA + GASTRO + GYNECO + RHUMA,DOM,1
6,PTH,CSC + DERMA + GASTRO + OPH,HC,1
30,PTG,CSC + DERMA + GASTRO + OPH,HC,1
59,PTG,CSC + DERMA + GASTRO + OPH,DOM,1
66,PTG,CSC + DERMA + GASTRO + OPH,DOM,1
77,PTH,CSC + DERMA + GASTRO + OPH,DOM,1
84,PTH,CSC + DERMA + GASTRO + OPH,DOM,1
88,PTH,CSC + DERMA + GASTRO + OPH,DOM,1
91,PTH,CSC + DERMA + GASTRO + OPH,DOM,1
91,PTH,CSC + DERMA + GASTRO + OPH,HC,1
92,PTH,CSC + DERMA + GASTRO + OPH,,1
97,PTH,CSC + DERMA + GASTRO + OPH,DOM,1
13,PTH,CSC + DERMA + GASTRO + OPH + ORL + URO,HC,1
7,PTH,CSC + DERMA + GASTRO + OPH + RHUMA,DOM,1
94,PTG,CSC + DERMA + GASTRO + OPH + RHUMA,HC,1
72,PTG,CSC + DERMA + GASTRO + OPH + RHUMA + URO,DOM,1
13,PTG,CSC + DERMA + GASTRO + OPH + URO,,1
13,PTH,CSC + DERMA + GASTRO + ORL,HC,2
59,PTG,CSC + DERMA + GASTRO + ORL,HC,1
64,PTG,CSC + DERMA + GASTRO + ORL,HC,1
83,PTH,CSC + DERMA + GASTRO + ORL,DOM,1
97,PTG,CSC + DERMA + GASTRO + ORL,DOM,1
31,PTH,CSC + DERMA + GASTRO + ORL + RHUMA,HC,1
75,PTG,CSC + DERMA + GASTRO + ORL + URO,HC,1
75,PTH,CSC + DERMA + GASTRO + RHUMA,DOM,2
6,PTH,CSC + DERMA + GASTRO + RHUMA,DOM,1
12,PTG,CSC + DERMA + GASTRO + RHUMA,DOM,1
13,PTG,CSC + DERMA + GASTRO + RHUMA,HC,1
13,PTH,CSC + DERMA + GASTRO + RHUMA,HC,1
28,PTG,CSC + DERMA + GASTRO + RHUMA,HC,1
52,PTG,CSC + DERMA + GASTRO + RHUMA,DOM,1
57,PTG,CSC + DERMA + GASTRO + RHUMA,HC,1
64,PTG,CSC + DERMA + GASTRO + RHUMA,HC,1
67,PTG,CSC + DERMA + GASTRO + RHUMA,DOM,1
68,PTG,CSC + DERMA + GASTRO + RHUMA,DOM,1
83,PTH,CSC + DERMA + GASTRO + RHUMA,HDJ,1
87,PTG,CSC + DERMA + GASTRO + RHUMA,DOM,1
92,PTH,CSC + DERMA + GASTRO + RHUMA,DOM,1
75,PTH,CSC + DERMA + GASTRO + RHUMA + URO,DOM,1
1,PTG,CSC + DERMA + GASTRO + URO,HC,1
20,PTG,CSC + DERMA + GASTRO + URO,HC_HDJ,1
81,PTH,CSC + DERMA + GASTRO + URO,DOM,1
91,PTG,CSC + DERMA + GASTRO + URO,HC_HDJ,1
51,PTG,CSC + DERMA + GYNECO,HC,2
66,PTG,CSC + DERMA + GYNECO,HC,2
5,PTG,CSC + DERMA + GYNECO,DOM,1
6,PTG,CSC + DERMA + GYNECO,HC,1
10,PTG,CSC + DERMA + GYNECO,DOM,1
10,PTH,CSC + DERMA + GYNECO,DOM,1
13,PTG,CSC + DERMA + GYNECO,HC,1
13,PTH,CSC + DERMA + GYNECO,DOM,1
22,PTH,CSC + DERMA + GYNECO,DOM,1
31,PTG,CSC + DERMA + GYNECO,HC,1
31,PTH,CSC + DERMA + GYNECO,HC,1
34,PTG,CSC + DERMA + GYNECO,HC,1
36,PTH,CSC + DERMA + GYNECO,DOM,1
38,PTG,CSC + DERMA + GYNECO,DOM,1
38,PTG,CSC + DERMA + GYNECO,HC_HDJ,1
56,PTG,CSC + DERMA + GYNECO,DOM,1
57,PTG,CSC + DERMA + GYNECO,DOM,1
57,PTH,CSC + DERMA + GYNECO,DOM,1
60,PTH,CSC + DERMA + GYNECO,DOM,1
62,PTG,CSC + DERMA + GYNECO,DOM,1
62,PTH,CSC + DERMA + GYNECO,DOM,1
65,PTG,CSC + DERMA + GYNECO,HC,1
67,PTG,CSC + DERMA + GYNECO,HC,1
69,PTH,CSC + DERMA + GYNECO,DOM,1
75,PTH,CSC + DERMA + GYNECO,DOM,1
76,PTG,CSC + DERMA + GYNECO,DOM,1
78,PTG,CSC + DERMA + GYNECO,HC,1
83,PTH,CSC + DERMA + GYNECO,DOM,1
86,PTH,CSC + DERMA + GYNECO,DOM,1
88,PTH,CSC + DERMA + GYNECO,DOM,1
91,PTG,CSC + DERMA + GYNECO,HC,1
91,PTG,CSC + DERMA + GYNECO,HDJ,1
92,PTG,CSC + DERMA + GYNECO,HC,1
93,PTG,CSC + DERMA + GYNECO,DOM,1
94,PTG,CSC + DERMA + GYNECO,,1
94,PTG,CSC + DERMA + GYNECO,HC,1
75,PTG,CSC + DERMA + GYNECO + OPH,HC,3
39,PTG,CSC + DERMA + GYNECO + OPH,HC,2
13,PTG,CSC + DERMA + GYNECO + OPH,HDJ,1
31,PTG,CSC + DERMA + GYNECO + OPH,HC,1
58,PTG,CSC + DERMA + GYNECO + OPH,DOM,1
62,PTG,CSC + DERMA + GYNECO + OPH,DOM,1
74,PTH,CSC + DERMA + GYNECO + OPH,DOM,1
91,PTG,CSC + DERMA + GYNECO + OPH,DOM,1
91,PTH,CSC + DERMA + GYNECO + OPH,DOM,1
92,PTG,CSC + DERMA + GYNECO + OPH,HC,1
75,PTH,CSC + DERMA + GYNECO + OPH + ORL + RHUMA,DOM,1
94,PTG,CSC + DERMA + GYNECO + OPH + ORL + RHUMA,HC,1
78,PTH,CSC + DERMA + GYNECO + OPH + RHUMA,HC,2
68,PTG,CSC + DERMA + GYNECO + OPH + RHUMA,HDJ,1
92,PTH,CSC + DERMA + GYNECO + OPH + RHUMA,HC,1
1,PTH,CSC + DERMA + GYNECO + ORL,DOM,1
59,PTG,CSC + DERMA + GYNECO + ORL,HC,1
62,PTG,CSC + DERMA + GYNECO + ORL,HC,1
91,PTG,CSC + DERMA + GYNECO + ORL,HC,1
94,PTG,CSC + DERMA + GYNECO + ORL,HC,1
94,PTG,CSC + DERMA + GYNECO + ORL + RHUMA,DOM,1
6,PTG,CSC + DERMA + GYNECO + RHUMA,HC,1
6,PTH,CSC + DERMA + GYNECO + RHUMA,HC,1
29,PTH,CSC + DERMA + GYNECO + RHUMA,DOM,1
31,PTH,CSC + DERMA + GYNECO + RHUMA,HC,1
33,PTG,CSC + DERMA + GYNECO + RHUMA,HC,1
33,PTH,CSC + DERMA + GYNECO + RHUMA,DOM,1
51,PTH,CSC + DERMA + GYNECO + RHUMA,DOM,1
57,PTH,CSC + DERMA + GYNECO + RHUMA,DOM,1
75,PTG,CSC + DERMA + GYNECO + RHUMA,HC,1
75,PTH,CSC + DERMA + GYNECO + RHUMA,DOM,1
82,PTH,CSC + DERMA + GYNECO + RHUMA,DOM,1
91,PTH,CSC + DERMA + GYNECO + RHUMA,DOM,1
92,PTG,CSC + DERMA + GYNECO + RHUMA,HC,1
94,PTG,CSC + DERMA + GYNECO + RHUMA,DOM,1
13,PTG,CSC + DERMA + GYNECO + RHUMA + URO,DOM,1
51,PTH,CSC + DERMA + OPH,DOM,4
59,PTG,CSC + DERMA + OPH,HC,4
78,PTG,CSC + DERMA + OPH,HC,3
78,PTH,CSC + DERMA + OPH,DOM,3
6,PTH,CSC + DERMA + OPH,DOM,2
13,PTG,CSC + DERMA + OPH,DOM,2
14,PTH,CSC + DERMA + OPH,DOM,2
27,PTH,CSC + DERMA + OPH,DOM,2
31,PTG,CSC + DERMA + OPH,HC,2
33,PTH,CSC + DERMA + OPH,DOM,2
57,PTH,CSC + DERMA + OPH,DOM,2
68,PTH,CSC + DERMA + OPH,DOM,2
75,PTH,CSC + DERMA + OPH,HC,2
6,PTG,CSC + DERMA + OPH,DOM,1
6,PTG,CSC + DERMA + OPH,HC,1
6,PTH,CSC + DERMA + OPH,HDJ,1
11,PTG,CSC + DERMA + OPH,DOM,1
11,PTH,CSC + DERMA + OPH,DOM,1
13,PTG,CSC + DERMA + OPH,HC,1
13,PTH,CSC + DERMA + OPH,DOM,1
13,PTH,CSC + DERMA + OPH,HC,1
13,PTH,CSC + DERMA + OPH,HDJ,1
16,PTH,CSC + DERMA + OPH,HC,1
24,PTG,CSC + DERMA + OPH,HC,1
25,PTG,CSC + DERMA + OPH,DOM,1
25,PTH,CSC + DERMA + OPH,HC,1
26,PTG,CSC + DERMA + OPH,DOM,1
26,PTH,CSC + DERMA + OPH,DOM,1
29,PTG,CSC + DERMA + OPH,HC,1
29,PTH,CSC + DERMA + OPH,DOM,1
29,PTH,CSC + DERMA + OPH,HC,1
30,PTG,CSC + DERMA + OPH,DOM,1
30,PTG,CSC + DERMA + OPH,HC,1
31,PTH,CSC + DERMA + OPH,HC,1
33,PTG,CSC + DERMA + OPH,HC,1
34,PTH,CSC + DERMA + OPH,DOM,1
35,PTH,CSC + DERMA + OPH,DOM,1
37,PTH,CSC + DERMA + OPH,HC,1
39,PTH,CSC + DERMA + OPH,DOM,1
42,PTG,CSC + DERMA + OPH,HC,1
44,PTG,CSC + DERMA + OPH,DOM,1
44,PTH,CSC + DERMA + OPH,DOM,1
44,PTH,CSC + DERMA + OPH,HC,1
51,PTH,CSC + DERMA + OPH,HC,1
56,PTG,CSC + DERMA + OPH,HC,1
57,PTG,CSC + DERMA + OPH,HDJ,1
59,PTG,CSC + DERMA + OPH,DOM,1
59,PTH,CSC + DERMA + OPH,DOM,1
62,PTG,CSC + DERMA + OPH,HC,1
64,PTG,CSC + DERMA + OPH,DOM,1
64,PTH,CSC + DERMA + OPH,DOM,1
65,PTH,CSC + DERMA + OPH,DOM,1
67,PTG,CSC + DERMA + OPH,DOM,1
68,PTG,CSC + DERMA + OPH,HC,1
69,PTH,CSC + DERMA + OPH,HC,1
72,PTG,CSC + DERMA + OPH,HC,1
75,PTG,CSC + DERMA + OPH,,1
75,PTG,CSC + DERMA + OPH,DOM,1
75,PTH,CSC + DERMA + OPH,DOM,1
76,PTH,CSC + DERMA + OPH,HC,1
77,PTG,CSC + DERMA + OPH,HDJ,1
77,PTH,CSC + DERMA + OPH,DOM,1
78,PTG,CSC + DERMA + OPH,DOM,1
79,PTH,CSC + DERMA + OPH,HC,1
81,PTG,CSC + DERMA + OPH,DOM,1
81,PTH,CSC + DERMA + OPH,DOM,1
87,PTG,CSC + DERMA + OPH,,1
87,PTH,CSC + DERMA + OPH,DOM,1
89,PTG,CSC + DERMA + OPH,DOM,1
92,PTG,CSC + DERMA + OPH,HC,1
93,PTG,CSC + DERMA + OPH,DOM,1
94,PTG,CSC + DERMA + OPH,HC,1
94,PTH,CSC + DERMA + OPH,DOM,1
95,PTG,CSC + DERMA + OPH,DOM,1
24,PTG,CSC + DERMA + OPH + ORL,DOM,1
29,PTH,CSC + DERMA + OPH + ORL,DOM,1
33,PTH,CSC + DERMA + OPH + ORL,DOM,1
68,PTG,CSC + DERMA + OPH + ORL,DOM,1
75,PTH,CSC + DERMA + OPH + ORL,HC,1
78,PTH,CSC + DERMA + OPH + ORL,DOM,1
84,PTG,CSC + DERMA + OPH + ORL,HC,1
90,PTG,CSC + DERMA + OPH + ORL,DOM,1
97,PTG,CSC + DERMA + OPH + ORL,DOM,1
24,PTH,CSC + DERMA + OPH + ORL + RHUMA,DOM,1
31,PTG,CSC + DERMA + OPH + ORL + RHUMA,DOM,1
40,PTH,CSC + DERMA + OPH + ORL + RHUMA,DOM,1
75,PTH,CSC + DERMA + OPH + ORL + RHUMA,DOM,1
84,PTG,CSC + DERMA + OPH + ORL + RHUMA,DOM,1
92,PTH,CSC + DERMA + OPH + ORL + RHUMA,HC,1
999,PTG,CSC + DERMA + OPH + ORL + RHUMA,HC,1
60,PTH,CSC + DERMA + OPH + ORL + URO,DOM,1
75,PTG,CSC + DERMA + OPH + RHUMA,HC,3
94,PTH,CSC + DERMA + OPH + RHUMA,DOM,3
66,PTG,CSC + DERMA + OPH + RHUMA,DOM,2
78,PTH,CSC + DERMA + OPH + RHUMA,DOM,2
6,PTG,CSC + DERMA + OPH + RHUMA,HC,1
6,PTH,CSC + DERMA + OPH + RHUMA,HC,1
13,PTH,CSC + DERMA + OPH + RHUMA,DOM,1
17,PTG,CSC + DERMA + OPH + RHUMA,HC,1
22,PTG,CSC + DERMA + OPH + RHUMA,DOM,1
22,PTH,CSC + DERMA + OPH + RHUMA,DOM,1
26,PTH,CSC + DERMA + OPH + RHUMA,HC,1
27,PTG,CSC + DERMA + OPH + RHUMA,HC,1
28,PTG,CSC + DERMA + OPH + RHUMA,HC,1
31,PTH,CSC + DERMA + OPH + RHUMA,HDJ,1
32,PTG,CSC + DERMA + OPH + RHUMA,HC,1
33,PTG,CSC + DERMA + OPH + RHUMA,DOM,1
33,PTG,CSC + DERMA + OPH + RHUMA,HC,1
33,PTH,CSC + DERMA + OPH + RHUMA,DOM,1
34,PTG,CSC + DERMA + OPH + RHUMA,HDJ,1
34,PTH,CSC + DERMA + OPH + RHUMA,HC,1
38,PTG,CSC + DERMA + OPH + RHUMA,DOM,1
38,PTH,CSC + DERMA + OPH + RHUMA,DOM,1
39,PTG,CSC + DERMA + OPH + RHUMA,HC_HDJ,1
57,PTG,CSC + DERMA + OPH + RHUMA,DOM,1
59,PTG,CSC + DERMA + OPH + RHUMA,,1
59,PTH,CSC + DERMA + OPH + RHUMA,,1
59,PTH,CSC + DERMA + OPH + RHUMA,HC,1
64,PTH,CSC + DERMA + OPH + RHUMA,HC,1
66,PTH,CSC + DERMA + OPH + RHUMA,DOM,1
67,PTH,CSC + DERMA + OPH + RHUMA,DOM,1
69,PTH,CSC + DERMA + OPH + RHUMA,HC,1
74,PTG,CSC + DERMA + OPH + RHUMA,HC,1
75,PTH,CSC + DERMA + OPH + RHUMA,HC,1
77,PTG,CSC + DERMA + OPH + RHUMA,HC_HDJ,1
83,PTG,CSC + DERMA + OPH + RHUMA,HC,1
91,PTH,CSC + DERMA + OPH + RHUMA,HC,1
92,PTG,CSC + DERMA + OPH + RHUMA,,1
94,PTG,CSC + DERMA + OPH + RHUMA,DOM,1
94,PTH,CSC + DERMA + OPH + RHUMA,HC,1
97,PTH,CSC + DERMA + OPH + RHUMA,HC,1
2,PTG,CSC + DERMA + OPH + RHUMA + URO,HC,1
28,PTH,CSC + DERMA + OPH + RHUMA + URO,HC,1
47,PTG,CSC + DERMA + OPH + RHUMA + URO,HC,1
94,PTH,CSC + DERMA + OPH + RHUMA + URO,,1
33,PTG,CSC + DERMA + OPH + URO,DOM,1
41,PTH,CSC + DERMA + OPH + URO,DOM,1
47,PTG,CSC + DERMA + OPH + URO,HC,1
50,PTH,CSC + DERMA + OPH + URO,DOM,1
78,PTG,CSC + DERMA + OPH + URO,HC,1
94,PTG,CSC + DERMA + OPH + URO,DOM,1
10,PTH,CSC + DERMA + ORL,DOM,2
65,PTH,CSC + DERMA + ORL,HC,2
76,PTH,CSC + DERMA + ORL,DOM,2
78,PTH,CSC + DERMA + ORL,DOM,2
2,PTH,CSC + DERMA + ORL,DOM,1
6,PTG,CSC + DERMA + ORL,HC,1
6,PTH,CSC + DERMA + ORL,DOM,1
13,PTG,CSC + DERMA + ORL,HC,1
13,PTH,CSC + DERMA + ORL,DOM,1
15,PTG,CSC + DERMA + ORL,DOM,1
22,PTG,CSC + DERMA + ORL,DOM,1
24,PTG,CSC + DERMA + ORL,HC,1
26,PTG,CSC + DERMA + ORL,DOM,1
30,PTG,CSC + DERMA + ORL,DOM,1
33,PTG,CSC + DERMA + ORL,DOM,1
34,PTG,CSC + DERMA + ORL,HC,1
34,PTH,CSC + DERMA + ORL,HC,1
35,PTG,CSC + DERMA + ORL,DOM,1
35,PTH,CSC + DERMA + ORL,,1
38,PTG,CSC + DERMA + ORL,HC,1
45,PTH,CSC + DERMA + ORL,DOM,1
51,PTG,CSC + DERMA + ORL,HC,1
56,PTH,CSC + DERMA + ORL,,1
56,PTH,CSC + DERMA + ORL,DOM,1
60,PTH,CSC + DERMA + ORL,HC,1
64,PTG,CSC + DERMA + ORL,HC,1
67,PTH,CSC + DERMA + ORL,DOM,1
74,PTG,CSC + DERMA + ORL,HC,1
78,PTG,CSC + DERMA + ORL,DOM,1
78,PTG,CSC + DERMA + ORL,HDJ,1
82,PTH,CSC + DERMA + ORL,DOM,1
83,PTH,CSC + DERMA + ORL,DOM,1
84,PTH,CSC + DERMA + ORL,DOM,1
86,PTG,CSC + DERMA + ORL,HC,1
91,PTH,CSC + DERMA + ORL,DOM,1
95,PTH,CSC + DERMA + ORL,HC,1
97,PTG,CSC + DERMA + ORL,DOM,1
6,PTH,CSC + DERMA + ORL + RHUMA,DOM,1
18,PTH,CSC + DERMA + ORL + RHUMA,HC,1
21,PTH,CSC + DERMA + ORL + RHUMA,DOM,1
26,PTH,CSC + DERMA + ORL + RHUMA,HC,1
29,PTG,CSC + DERMA + ORL + RHUMA,DOM,1
33,PTG,CSC + DERMA + ORL + RHUMA,DOM,1
38,PTG,CSC + DERMA + ORL + RHUMA,DOM,1
45,PTG,CSC + DERMA + ORL + RHUMA,HC,1
74,PTH,CSC + DERMA + ORL + RHUMA,HC,1
75,PTG,CSC + DERMA + ORL + RHUMA,HC,1
76,PTH,CSC + DERMA + ORL + RHUMA,DOM,1
92,PTG,CSC + DERMA + ORL + RHUMA,HDJ,1
94,PTH,CSC + DERMA + ORL + RHUMA,DOM,1
13,PTH,CSC + DERMA + ORL + RHUMA + URO,HC,1
31,PTG,CSC + DERMA + ORL + RHUMA + URO,HC,1
78,PTH,CSC + DERMA + ORL + RHUMA + URO,DOM,1
33,PTG,CSC + DERMA + ORL + URO,HC,1
39,PTH,CSC + DERMA + ORL + URO,HC,1
75,PTH,CSC + DERMA + RHUMA,DOM,10
59,PTH,CSC + DERMA + RHUMA,DOM,4
13,PTH,CSC + DERMA + RHUMA,DOM,3
57,PTH,CSC + DERMA + RHUMA,DOM,3
62,PTH,CSC + DERMA + RHUMA,HC,3
64,PTG,CSC + DERMA + RHUMA,DOM,3
75,PTG,CSC + DERMA + RHUMA,HC,3
76,PTH,CSC + DERMA + RHUMA,DOM,3
91,PTH,CSC + DERMA + RHUMA,DOM,3
6,PTG,CSC + DERMA + RHUMA,HC,2
13,PTG,CSC + DERMA + RHUMA,HC,2
17,PTG,CSC + DERMA + RHUMA,DOM,2
17,PTG,CSC + DERMA + RHUMA,HC,2
25,PTH,CSC + DERMA + RHUMA,DOM,2
29,PTG,CSC + DERMA + RHUMA,DOM,2
29,PTH,CSC + DERMA + RHUMA,HC,2
30,PTG,CSC + DERMA + RHUMA,HC,2
33,PTG,CSC + DERMA + RHUMA,DOM,2
33,PTH,CSC + DERMA + RHUMA,DOM,2
34,PTH,CSC + DERMA + RHUMA,HC,2
59,PTG,CSC + DERMA + RHUMA,HC,2
62,PTG,CSC + DERMA + RHUMA,DOM,2
65,PTG,CSC + DERMA + RHUMA,HC,2
83,PTG,CSC + DERMA + RHUMA,HC,2
91,PTG,CSC + DERMA + RHUMA,HC,2
92,PTH,CSC + DERMA + RHUMA,HC,2
93,PTG,CSC + DERMA + RHUMA,HC,2
95,PTH,CSC + DERMA + RHUMA,HC,2
1,PTH,CSC + DERMA + RHUMA,,1
2,PTH,CSC + DERMA + RHUMA,DOM,1
4,PTH,CSC + DERMA + RHUMA,DOM,1
6,PTH,CSC + DERMA + RHUMA,,1
6,PTH,CSC + DERMA + RHUMA,DOM,1
10,PTG,CSC + DERMA + RHUMA,HC_HDJ,1
11,PTG,CSC + DERMA + RHUMA,DOM,1
11,PTH,CSC + DERMA + RHUMA,DOM,1
13,PTH,CSC + DERMA + RHUMA,HC,1
14,PTG,CSC + DERMA + RHUMA,DOM,1
17,PTH,CSC + DERMA + RHUMA,DOM,1
17,PTH,CSC + DERMA + RHUMA,HC,1
18,PTG,CSC + DERMA + RHUMA,HDJ,1
22,PTG,CSC + DERMA + RHUMA,DOM,1
22,PTG,CSC + DERMA + RHUMA,HC,1
26,PTG,CSC + DERMA + RHUMA,DOM,1
27,PTG,CSC + DERMA + RHUMA,HDJ,1
28,PTG,CSC + DERMA + RHUMA,DOM,1
30,PTH,CSC + DERMA + RHUMA,DOM,1
30,PTH,CSC + DERMA + RHUMA,HC,1
31,PTG,CSC + DERMA + RHUMA,,1
31,PTG,CSC + DERMA + RHUMA,DOM,1
31,PTG,CSC + DERMA + RHUMA,HC,1
32,PTG,CSC + DERMA + RHUMA,HC,1
34,PTH,CSC + DERMA + RHUMA,DOM,1
35,PTH,CSC + DERMA + RHUMA,DOM,1
36,PTG,CSC + DERMA + RHUMA,DOM,1
36,PTH,CSC + DERMA + RHUMA,DOM,1
38,PTH,CSC + DERMA + RHUMA,DOM,1
40,PTH,CSC + DERMA + RHUMA,HC,1
42,PTH,CSC + DERMA + RHUMA,DOM,1
43,PTH,CSC + DERMA + RHUMA,HC,1
44,PTG,CSC + DERMA + RHUMA,DOM,1
44,PTH,CSC + DERMA + RHUMA,DOM,1
45,PTG,CSC + DERMA + RHUMA,HC,1
45,PTG,CSC + DERMA + RHUMA,HC_HDJ,1
45,PTH,CSC + DERMA + RHUMA,DOM,1
46,PTG,CSC + DERMA + RHUMA,DOM,1
47,PTG,CSC + DERMA + RHUMA,HC,1
51,PTG,CSC + DERMA + RHUMA,HC,1
51,PTH,CSC + DERMA + RHUMA,DOM,1
54,PTH,CSC + DERMA + RHUMA,HC,1
57,PTH,CSC + DERMA + RHUMA,HC,1
59,PTG,CSC + DERMA + RHUMA,DOM,1
59,PTH,CSC + DERMA + RHUMA,HC,1
63,PTG,CSC + DERMA + RHUMA,DOM,1
63,PTG,CSC + DERMA + RHUMA,HC,1
64,PTG,CSC + DERMA + RHUMA,HC,1
67,PTG,CSC + DERMA + RHUMA,,1
67,PTG,CSC + DERMA + RHUMA,HC,1
67,PTH,CSC + DERMA + RHUMA,DOM,1
67,PTH,CSC + DERMA + RHUMA,HC,1
68,PTH,CSC + DERMA + RHUMA,HC,1
70,PTH,CSC + DERMA + RHUMA,DOM,1
73,PTH,CSC + DERMA + RHUMA,DOM,1
73,PTH,CSC + DERMA + RHUMA,HC,1
75,PTG,CSC + DERMA + RHUMA,DOM,1
75,PTG,CSC + DERMA + RHUMA,HC_HDJ,1
75,PTG,CSC + DERMA + RHUMA,HDJ,1
75,PTH,CSC + DERMA + RHUMA,HC,1
76,PTG,CSC + DERMA + RHUMA,DOM,1
76,PTG,CSC + DERMA + RHUMA,HC,1
76,PTH,CSC + DERMA + RHUMA,HC,1
77,PTG,CSC + DERMA + RHUMA,DOM,1
77,PTH,CSC + DERMA + RHUMA,DOM,1
77,PTH,CSC + DERMA + RHUMA,HC_HDJ,1
78,PTH,CSC + DERMA + RHUMA,DOM,1
78,PTH,CSC + DERMA + RHUMA,HC,1
79,PTH,CSC + DERMA + RHUMA,DOM,1
83,PTG,CSC + DERMA + RHUMA,DOM,1
83,PTG,CSC + DERMA + RHUMA,HDJ,1
83,PTH,CSC + DERMA + RHUMA,DOM,1
84,PTG,CSC + DERMA + RHUMA,DOM,1
84,PTG,CSC + DERMA + RHUMA,HC,1
84,PTH,CSC + DERMA + RHUMA,DOM,1
89,PTH,CSC + DERMA + RHUMA,DOM,1
92,PTG,CSC + DERMA + RHUMA,DOM,1
92,PTH,CSC + DERMA + RHUMA,DOM,1
93,PTG,CSC + DERMA + RHUMA,,1
93,PTH,CSC + DERMA + RHUMA,DOM,1
94,PTH,CSC + DERMA + RHUMA,DOM,1
95,PTG,CSC + DERMA + RHUMA,HC,1
95,PTH,CSC + DERMA + RHUMA,DOM,1
3,PTH,CSC + DERMA + RHUMA + URO,DOM,1
6,PTH,CSC + DERMA + RHUMA + URO,DOM,1
13,PTG,CSC + DERMA + RHUMA + URO,HC_HDJ,1
28,PTH,CSC + DERMA + RHUMA + URO,DOM,1
31,PTH,CSC + DERMA + RHUMA + URO,HC,1
33,PTH,CSC + DERMA + RHUMA + URO,DOM,1
34,PTG,CSC + DERMA + RHUMA + URO,HC,1
51,PTH,CSC + DERMA + RHUMA + URO,HC,1
62,PTH,CSC + DERMA + RHUMA + URO,DOM,1
67,PTG,CSC + DERMA + RHUMA + URO,DOM,1
67,PTG,CSC + DERMA + RHUMA + URO,HC,1
92,PTG,CSC + DERMA + RHUMA + URO,HC,1
6,PTH,CSC + DERMA + URO,DOM,3
59,PTH,CSC + DERMA + URO,DOM,3
44,PTG,CSC + DERMA + URO,DOM,2
65,PTH,CSC + DERMA + URO,DOM,2
76,PTG,CSC + DERMA + URO,HC,2
83,PTH,CSC + DERMA + URO,DOM,2
6,PTG,CSC + DERMA + URO,DOM,1
6,PTG,CSC + DERMA + URO,HDJ,1
13,PTH,CSC + DERMA + URO,DOM,1
14,PTG,CSC + DERMA + URO,HC,1
14,PTH,CSC + DERMA + URO,DOM,1
17,PTG,CSC + DERMA + URO,DOM,1
17,PTH,CSC + DERMA + URO,DOM,1
24,PTG,CSC + DERMA + URO,DOM,1
24,PTG,CSC + DERMA + URO,HC,1
26,PTG,CSC + DERMA + URO,DOM,1
29,PTG,CSC + DERMA + URO,DOM,1
29,PTH,CSC + DERMA + URO,DOM,1
29,PTH,CSC + DERMA + URO,HC,1
34,PTH,CSC + DERMA + URO,DOM,1
35,PTG,CSC + DERMA + URO,HC,1
45,PTG,CSC + DERMA + URO,DOM,1
45,PTH,CSC + DERMA + URO,DOM,1
46,PTG,CSC + DERMA + URO,DOM,1
59,PTH,CSC + DERMA + URO,HC,1
62,PTH,CSC + DERMA + URO,DOM,1
66,PTH,CSC + DERMA + URO,DOM,1
69,PTG,CSC + DERMA + URO,DOM,1
69,PTH,CSC + DERMA + URO,DOM,1
70,PTG,CSC + DERMA + URO,DOM,1
73,PTG,CSC + DERMA + URO,HC,1
75,PTG,CSC + DERMA + URO,HC,1
78,PTH,CSC + DERMA + URO,DOM,1
91,PTG,CSC + DERMA + URO,HC,1
92,PTG,CSC + DERMA + URO,HC,1
13,PTG,CSC + ENDO,HC,8
33,PTG,CSC + ENDO,HC,6
78,PTG,CSC + ENDO,HC,6
6,PTH,CSC + ENDO,HC,5
33,PTH,CSC + ENDO,DOM,5
34,PTG,CSC + ENDO,HC,5
77,PTH,CSC + ENDO,DOM,5
92,PTH,CSC + ENDO,DOM,5
6,PTG,CSC + ENDO,HC,4
31,PTG,CSC + ENDO,DOM,4
81,PTG,CSC + ENDO,DOM,4
97,PTG,CSC + ENDO,HC,4
13,PTH,CSC + ENDO,HC,3
14,PTG,CSC + ENDO,HC,3
28,PTG,CSC + ENDO,HC,3
33,PTG,CSC + ENDO,DOM,3
33,PTH,CSC + ENDO,HC,3
34,PTH,CSC + ENDO,DOM,3
59,PTG,CSC + ENDO,HC,3
59,PTH,CSC + ENDO,DOM,3
59,PTH,CSC + ENDO,HC,3
64,PTG,CSC + ENDO,DOM,3
64,PTG,CSC + ENDO,HC,3
76,PTG,CSC + ENDO,HC,3
81,PTG,CSC + ENDO,HC,3
82,PTG,CSC + ENDO,HC,3
83,PTG,CSC + ENDO,HC,3
91,PTG,CSC + ENDO,HC,3
93,PTH,CSC + ENDO,DOM,3
94,PTG,CSC + ENDO,HC,3
2,PTH,CSC + ENDO,DOM,2
7,PTG,CSC + ENDO,DOM,2
9,PTG,CSC + ENDO,HC,2
12,PTH,CSC + ENDO,DOM,2
13,PTG,CSC + ENDO,DOM,2
20,PTH,CSC + ENDO,DOM,2
27,PTG,CSC + ENDO,DOM,2
29,PTH,CSC + ENDO,DOM,2
31,PTH,CSC + ENDO,DOM,2
31,PTH,CSC + ENDO,HC,2
37,PTH,CSC + ENDO,DOM,2
38,PTG,CSC + ENDO,HC,2
38,PTH,CSC + ENDO,HC,2
42,PTG,CSC + ENDO,HC,2
45,PTG,CSC + ENDO,HC,2
51,PTH,CSC + ENDO,HC,2
57,PTG,CSC + ENDO,DOM,2
57,PTG,CSC + ENDO,HC,2
59,PTG,CSC + ENDO,DOM,2
60,PTG,CSC + ENDO,HC,2
60,PTH,CSC + ENDO,DOM,2
62,PTH,CSC + ENDO,DOM,2
66,PTG,CSC + ENDO,DOM,2
66,PTG,CSC + ENDO,HC,2
68,PTH,CSC + ENDO,HC,2
75,PTH,CSC + ENDO,DOM,2
77,PTG,CSC + ENDO,HC,2
80,PTH,CSC + ENDO,DOM,2
81,PTH,CSC + ENDO,DOM,2
83,PTG,CSC + ENDO,DOM,2
84,PTH,CSC + ENDO,DOM,2
3,PTG,CSC + ENDO,HC,1
3,PTH,CSC + ENDO,DOM,1
6,PTG,CSC + ENDO,DOM,1
6,PTH,CSC + ENDO,DOM,1
7,PTH,CSC + ENDO,HC,1
8,PTG,CSC + ENDO,DOM,1
9,PTH,CSC + ENDO,HC,1
10,PTG,CSC + ENDO,HC,1
11,PTG,CSC + ENDO,HC,1
11,PTH,CSC + ENDO,DOM,1
12,PTG,CSC + ENDO,DOM,1
13,PTH,CSC + ENDO,DOM,1
14,PTG,CSC + ENDO,HDJ,1
17,PTG,CSC + ENDO,HC,1
19,PTG,CSC + ENDO,DOM,1
20,PTG,CSC + ENDO,DOM,1
21,PTG,CSC + ENDO,DOM,1
21,PTH,CSC + ENDO,DOM,1
22,PTG,CSC + ENDO,,1
24,PTG,CSC + ENDO,DOM,1
24,PTG,CSC + ENDO,HC,1
25,PTG,CSC + ENDO,HC,1
26,PTG,CSC + ENDO,DOM,1
26,PTG,CSC + ENDO,HC,1
28,PTG,CSC + ENDO,DOM,1
29,PTG,CSC + ENDO,DOM,1
29,PTH,CSC + ENDO,HC,1
30,PTG,CSC + ENDO,HC,1
30,PTH,CSC + ENDO,HC,1
32,PTG,CSC + ENDO,DOM,1
32,PTG,CSC + ENDO,HC,1
32,PTH,CSC + ENDO,HC,1
33,PTG,CSC + ENDO,,1
35,PTH,CSC + ENDO,HC,1
36,PTH,CSC + ENDO,DOM,1
38,PTG,CSC + ENDO,DOM,1
38,PTH,CSC + ENDO,,1
40,PTH,CSC + ENDO,DOM,1
40,PTH,CSC + ENDO,HC,1
41,PTG,CSC + ENDO,DOM,1
41,PTH,CSC + ENDO,HC,1
42,PTH,CSC + ENDO,DOM,1
44,PTH,CSC + ENDO,HC,1
45,PTG,CSC + ENDO,DOM,1
45,PTH,CSC + ENDO,DOM,1
46,PTG,CSC + ENDO,DOM,1
47,PTG,CSC + ENDO,HC,1
47,PTH,CSC + ENDO,HC,1
49,PTG,CSC + ENDO,DOM,1
50,PTG,CSC + ENDO,HC,1
51,PTG,CSC + ENDO,HC,1
54,PTG,CSC + ENDO,DOM,1
56,PTG,CSC + ENDO,,1
56,PTG,CSC + ENDO,HC,1
56,PTH,CSC + ENDO,DOM,1
57,PTH,CSC + ENDO,DOM,1
58,PTG,CSC + ENDO,DOM,1
58,PTH,CSC + ENDO,DOM,1
59,PTG,CSC + ENDO,HDJ,1
60,PTG,CSC + ENDO,DOM,1
60,PTH,CSC + ENDO,HC,1
61,PTG,CSC + ENDO,HC,1
61,PTH,CSC + ENDO,DOM,1
62,PTG,CSC + ENDO,DOM,1
63,PTH,CSC + ENDO,DOM,1
64,PTG,CSC + ENDO,HDJ,1
64,PTH,CSC + ENDO,DOM,1
65,PTG,CSC + ENDO,DOM,1
65,PTG,CSC + ENDO,HC,1
65,PTH,CSC + ENDO,HC,1
67,PTG,CSC + ENDO,DOM,1
67,PTH,CSC + ENDO,DOM,1
67,PTH,CSC + ENDO,HC,1
68,PTG,CSC + ENDO,HC,1
68,PTG,CSC + ENDO,HDJ,1
68,PTH,CSC + ENDO,DOM,1
69,PTG,CSC + ENDO,HC,1
69,PTH,CSC + ENDO,HC,1
72,PTG,CSC + ENDO,DOM,1
76,PTH,CSC + ENDO,DOM,1
78,PTG,CSC + ENDO,DOM,1
78,PTH,CSC + ENDO,,1
78,PTH,CSC + ENDO,DOM,1
79,PTG,CSC + ENDO,,1
79,PTG,CSC + ENDO,DOM,1
82,PTH,CSC + ENDO,DOM,1
83,PTH,CSC + ENDO,DOM,1
83,PTH,CSC + ENDO,HC,1
84,PTH,CSC + ENDO,HC,1
85,PTG,CSC + ENDO,HC,1
85,PTH,CSC + ENDO,DOM,1
85,PTH,CSC + ENDO,HC,1
87,PTG,CSC + ENDO,HDJ,1
87,PTH,CSC + ENDO,DOM,1
88,PTG,CSC + ENDO,DOM,1
88,PTG,CSC + ENDO,HC,1
89,PTG,CSC + ENDO,,1
89,PTH,CSC + ENDO,DOM,1
91,PTG,CSC + ENDO,HDJ,1
92,PTG,CSC + ENDO,DOM,1
92,PTH,CSC + ENDO,HC,1
93,PTG,CSC + ENDO,HC,1
93,PTG,CSC + ENDO,HC_HDJ,1
94,PTG,CSC + ENDO,DOM,1
95,PTG,CSC + ENDO,DOM,1
95,PTG,CSC + ENDO,HC_HDJ,1
95,PTH,CSC + ENDO,DOM,1
97,PTG,CSC + ENDO,DOM,1
99,PTG,CSC + ENDO,DOM,1
99,PTH,CSC + ENDO,DOM,1
209,PTH,CSC + ENDO,DOM,1
31,PTG,CSC + ENDO + GASTRO,HC,2
59,PTG,CSC + ENDO + GASTRO,HC,2
64,PTH,CSC + ENDO + GASTRO,DOM,2
6,PTH,CSC + ENDO + GASTRO,DOM,1
6,PTH,CSC + ENDO + GASTRO,HC,1
11,PTH,CSC + ENDO + GASTRO,HC,1
13,PTH,CSC + ENDO + GASTRO,HC,1
14,PTG,CSC + ENDO + GASTRO,DOM,1
26,PTG,CSC + ENDO + GASTRO,HC,1
33,PTG,CSC + ENDO + GASTRO,,1
33,PTG,CSC + ENDO + GASTRO,HC,1
33,PTH,CSC + ENDO + GASTRO,HC,1
34,PTG,CSC + ENDO + GASTRO,DOM,1
37,PTG,CSC + ENDO + GASTRO,DOM,1
43,PTG,CSC + ENDO + GASTRO,HC,1
51,PTH,CSC + ENDO + GASTRO,DOM,1
55,PTH,CSC + ENDO + GASTRO,,1
57,PTG,CSC + ENDO + GASTRO,HC,1
68,PTG,CSC + ENDO + GASTRO,DOM,1
68,PTG,CSC + ENDO + GASTRO,HC,1
69,PTG,CSC + ENDO + GASTRO,HC,1
69,PTG,CSC + ENDO + GASTRO,HDJ,1
76,PTG,CSC + ENDO + GASTRO,HDJ,1
76,PTH,CSC + ENDO + GASTRO,DOM,1
77,PTH,CSC + ENDO + GASTRO,DOM,1
78,PTG,CSC + ENDO + GASTRO,HC,1
81,PTG,CSC + ENDO + GASTRO,HC,1
84,PTH,CSC + ENDO + GASTRO,DOM,1
93,PTG,CSC + ENDO + GASTRO,DOM,1
93,PTH,CSC + ENDO + GASTRO,HC,1
95,PTG,CSC + ENDO + GASTRO,DOM,1
95,PTH,CSC + ENDO + GASTRO,DOM,1
95,PTH,CSC + ENDO + GASTRO,HC,1
31,PTH,CSC + ENDO + GASTRO + GYNECO,HC_HDJ,1
95,PTH,CSC + ENDO + GASTRO + GYNECO + ORL,DOM,1
6,PTH,CSC + ENDO + GASTRO + OPH,DOM,1
16,PTH,CSC + ENDO + GASTRO + OPH,DOM,1
29,PTG,CSC + ENDO + GASTRO + OPH,HC,1
33,PTH,CSC + ENDO + GASTRO + OPH,DOM,1
56,PTG,CSC + ENDO + GASTRO + OPH,HC,1
59,PTG,CSC + ENDO + GASTRO + OPH,DOM,1
66,PTG,CSC + ENDO + GASTRO + OPH,HC,1
67,PTH,CSC + ENDO + GASTRO + OPH,DOM,1
68,PTG,CSC + ENDO + GASTRO + OPH,HC,1
78,PTG,CSC + ENDO + GASTRO + OPH,HC,1
31,PTH,CSC + ENDO + GASTRO + OPH + RHUMA,DOM,1
68,PTG,CSC + ENDO + GASTRO + OPH + RHUMA,DOM,1
6,PTH,CSC + ENDO + GASTRO + ORL,DOM,1
13,PTG,CSC + ENDO + GASTRO + ORL,,1
38,PTG,CSC + ENDO + GASTRO + ORL,DOM,1
68,PTH,CSC + ENDO + GASTRO + ORL,,1
29,PTG,CSC + ENDO + GASTRO + ORL + RHUMA,HC,1
6,PTG,CSC + ENDO + GASTRO + RHUMA,HC,1
13,PTG,CSC + ENDO + GASTRO + RHUMA,HC,1
25,PTH,CSC + ENDO + GASTRO + RHUMA,HC,1
28,PTG,CSC + ENDO + GASTRO + RHUMA,DOM,1
28,PTG,CSC + ENDO + GASTRO + RHUMA,HC,1
31,PTH,CSC + ENDO + GASTRO + RHUMA,DOM,1
47,PTH,CSC + ENDO + GASTRO + RHUMA,HC,1
64,PTG,CSC + ENDO + GASTRO + RHUMA,HC,1
93,PTG,CSC + ENDO + GASTRO + RHUMA,HC,1
59,PTG,CSC + ENDO + GASTRO + RHUMA + URO,HC,1
92,PTG,CSC + ENDO + GASTRO + RHUMA + URO,DOM,1
70,PTG,CSC + ENDO + GASTRO + URO,DOM,1
93,PTG,CSC + ENDO + GASTRO + URO,HC,1
6,PTG,CSC + ENDO + GYNECO,,1
9,PTG,CSC + ENDO + GYNECO,DOM,1
31,PTG,CSC + ENDO + GYNECO,HC,1
33,PTH,CSC + ENDO + GYNECO,DOM,1
34,PTH,CSC + ENDO + GYNECO,DOM,1
38,PTH,CSC + ENDO + GYNECO,DOM,1
49,PTG,CSC + ENDO + GYNECO,DOM,1
51,PTG,CSC + ENDO + GYNECO,,1
55,PTG,CSC + ENDO + GYNECO,DOM,1
57,PTG,CSC + ENDO + GYNECO,HC,1
59,PTG,CSC + ENDO + GYNECO,HC,1
69,PTH,CSC + ENDO + GYNECO,HC,1
75,PTG,CSC + ENDO + GYNECO,HC,1
75,PTH,CSC + ENDO + GYNECO,DOM,1
78,PTG,CSC + ENDO + GYNECO,HC_HDJ,1
78,PTH,CSC + ENDO + GYNECO,HC,1
80,PTG,CSC + ENDO + GYNECO,HC,1
82,PTG,CSC + ENDO + GYNECO,DOM,1
83,PTH,CSC + ENDO + GYNECO,DOM,1
93,PTH,CSC + ENDO + GYNECO,HC,1
78,PTH,CSC + ENDO + GYNECO + OPH + ORL,DOM,1
76,PTH,CSC + ENDO + GYNECO + OPH + ORL + RHUMA,DOM,1
77,PTG,CSC + ENDO + GYNECO + OPH + ORL + RHUMA,HC_HDJ,1
60,PTH,CSC + ENDO + GYNECO + OPH + RHUMA,DOM,1
75,PTH,CSC + ENDO + GYNECO + OPH + RHUMA,HC,1
91,PTG,CSC + ENDO + GYNECO + OPH + RHUMA,HC,1
93,PTG,CSC + ENDO + GYNECO + OPH + RHUMA,HC,1
94,PTH,CSC + ENDO + GYNECO + OPH + RHUMA,DOM,1
75,PTH,CSC + ENDO + GYNECO + ORL,HC,1
78,PTH,CSC + ENDO + GYNECO + ORL + RHUMA,HC,1
93,PTH,CSC + ENDO + GYNECO + ORL + RHUMA,DOM,1
13,PTH,CSC + ENDO + GYNECO + RHUMA,DOM,1
13,PTH,CSC + ENDO + GYNECO + RHUMA,HDJ,1
21,PTG,CSC + ENDO + GYNECO + RHUMA,HC,1
59,PTH,CSC + ENDO + GYNECO + RHUMA,HC,1
75,PTG,CSC + ENDO + GYNECO + RHUMA,HDJ,1
74,PTG,CSC + ENDO + GYNECO + RHUMA + URO,DOM,1
31,PTG,CSC + ENDO + OPH,HC,3
59,PTH,CSC + ENDO + OPH,DOM,3
6,PTH,CSC + ENDO + OPH,HC,2
31,PTH,CSC + ENDO + OPH,DOM,2
92,PTG,CSC + ENDO + OPH,HC,2
93,PTG,CSC + ENDO + OPH,HC,2
6,PTG,CSC + ENDO + OPH,HC,1
6,PTH,CSC + ENDO + OPH,DOM,1
9,PTG,CSC + ENDO + OPH,HC,1
11,PTG,CSC + ENDO + OPH,HC,1
12,PTH,CSC + ENDO + OPH,HC,1
13,PTG,CSC + ENDO + OPH,DOM,1
13,PTG,CSC + ENDO + OPH,HC,1
17,PTG,CSC + ENDO + OPH,HC_HDJ,1
22,PTH,CSC + ENDO + OPH,DOM,1
26,PTG,CSC + ENDO + OPH,HC,1
27,PTG,CSC + ENDO + OPH,DOM,1
27,PTG,CSC + ENDO + OPH,HC,1
30,PTG,CSC + ENDO + OPH,HC,1
31,PTG,CSC + ENDO + OPH,HDJ,1
31,PTH,CSC + ENDO + OPH,HDJ,1
33,PTG,CSC + ENDO + OPH,HC,1
33,PTH,CSC + ENDO + OPH,HC,1
40,PTH,CSC + ENDO + OPH,DOM,1
40,PTH,CSC + ENDO + OPH,HC,1
45,PTH,CSC + ENDO + OPH,DOM,1
47,PTG,CSC + ENDO + OPH,DOM,1
47,PTH,CSC + ENDO + OPH,DOM,1
49,PTG,CSC + ENDO + OPH,,1
49,PTH,CSC + ENDO + OPH,HC,1
59,PTG,CSC + ENDO + OPH,DOM,1
59,PTG,CSC + ENDO + OPH,HC,1
60,PTH,CSC + ENDO + OPH,DOM,1
64,PTH,CSC + ENDO + OPH,HC,1
65,PTG,CSC + ENDO + OPH,HC,1
67,PTH,CSC + ENDO + OPH,HC,1
68,PTG,CSC + ENDO + OPH,HC,1
76,PTH,CSC + ENDO + OPH,HC,1
77,PTG,CSC + ENDO + OPH,HC,1
78,PTG,CSC + ENDO + OPH,HC,1
78,PTH,CSC + ENDO + OPH,DOM,1
79,PTH,CSC + ENDO + OPH,,1
81,PTH,CSC + ENDO + OPH,HC,1
83,PTH,CSC + ENDO + OPH,,1
84,PTH,CSC + ENDO + OPH,HC,1
86,PTH,CSC + ENDO + OPH,DOM,1
91,PTH,CSC + ENDO + OPH,HC,1
94,PTG,CSC + ENDO + OPH,HC,1
97,PTG,CSC + ENDO + OPH,HC,1
13,PTH,CSC + ENDO + OPH + ORL,HC,1
31,PTG,CSC + ENDO + OPH + ORL,DOM,1
62,PTH,CSC + ENDO + OPH + ORL,DOM,1
93,PTH,CSC + ENDO + OPH + ORL + URO,HC,1
31,PTG,CSC + ENDO + OPH + RHUMA,HC,2
6,PTH,CSC + ENDO + OPH + RHUMA,DOM,1
6,PTH,CSC + ENDO + OPH + RHUMA,HC,1
13,PTH,CSC + ENDO + OPH + RHUMA,DOM,1
13,PTH,CSC + ENDO + OPH + RHUMA,HC,1
15,PTG,CSC + ENDO + OPH + RHUMA,HC,1
24,PTH,CSC + ENDO + OPH + RHUMA,DOM,1
34,PTH,CSC + ENDO + OPH + RHUMA,DOM,1
38,PTH,CSC + ENDO + OPH + RHUMA,DOM,1
59,PTG,CSC + ENDO + OPH + RHUMA,HDJ,1
60,PTH,CSC + ENDO + OPH + RHUMA,DOM,1
64,PTG,CSC + ENDO + OPH + RHUMA,HC,1
65,PTH,CSC + ENDO + OPH + RHUMA,HC,1
68,PTH,CSC + ENDO + OPH + RHUMA,HC,1
75,PTG,CSC + ENDO + OPH + RHUMA,HDJ,1
76,PTH,CSC + ENDO + OPH + RHUMA,DOM,1
77,PTH,CSC + ENDO + OPH + RHUMA,DOM,1
89,PTH,CSC + ENDO + OPH + RHUMA,DOM,1
92,PTH,CSC + ENDO + OPH + RHUMA,DOM,1
93,PTG,CSC + ENDO + OPH + RHUMA,HC_HDJ,1
93,PTH,CSC + ENDO + OPH + RHUMA,HC,1
94,PTH,CSC + ENDO + OPH + RHUMA,DOM,1
31,PTH,CSC + ENDO + OPH + RHUMA + URO,DOM,1
38,PTG,CSC + ENDO + OPH + RHUMA + URO,DOM,1
64,PTH,CSC + ENDO + OPH + RHUMA + URO,DOM,1
1,PTG,CSC + ENDO + OPH + URO,DOM,1
11,PTG,CSC + ENDO + OPH + URO,DOM,1
24,PTG,CSC + ENDO + OPH + URO,DOM,1
33,PTG,CSC + ENDO + OPH + URO,DOM,1
59,PTH,CSC + ENDO + OPH + URO,DOM,1
75,PTH,CSC + ENDO + OPH + URO,DOM,1
24,PTG,CSC + ENDO + ORL,DOM,1
37,PTG,CSC + ENDO + ORL,DOM,1
44,PTG,CSC + ENDO + ORL,HC,1
62,PTG,CSC + ENDO + ORL,HC,1
65,PTG,CSC + ENDO + ORL,HC,1
67,PTG,CSC + ENDO + ORL,DOM,1
76,PTH,CSC + ENDO + ORL,HC,1
91,PTH,CSC + ENDO + ORL,DOM,1
92,PTH,CSC + ENDO + ORL,DOM,1
93,PTG,CSC + ENDO + ORL,DOM,1
94,PTG,CSC + ENDO + ORL,DOM,1
94,PTH,CSC + ENDO + ORL,DOM,1
13,PTG,CSC + ENDO + ORL + RHUMA,DOM,1
59,PTH,CSC + ENDO + ORL + RHUMA,DOM,1
64,PTG,CSC + ENDO + ORL + RHUMA,HC,1
76,PTG,CSC + ENDO + ORL + RHUMA,HC_HDJ,1
78,PTH,CSC + ENDO + ORL + RHUMA,DOM,1
45,PTH,CSC + ENDO + ORL + URO,DOM,1
13,PTH,CSC + ENDO + RHUMA,DOM,3
59,PTG,CSC + ENDO + RHUMA,HC,3
75,PTH,CSC + ENDO + RHUMA,DOM,3
92,PTG,CSC + ENDO + RHUMA,HC,3
6,PTG,CSC + ENDO + RHUMA,DOM,2
6,PTH,CSC + ENDO + RHUMA,DOM,2
31,PTG,CSC + ENDO + RHUMA,DOM,2
31,PTH,CSC + ENDO + RHUMA,DOM,2
34,PTG,CSC + ENDO + RHUMA,HC,2
57,PTG,CSC + ENDO + RHUMA,DOM,2
57,PTH,CSC + ENDO + RHUMA,DOM,2
65,PTG,CSC + ENDO + RHUMA,HC,2
76,PTH,CSC + ENDO + RHUMA,HC,2
84,PTG,CSC + ENDO + RHUMA,HC,2
92,PTG,CSC + ENDO + RHUMA,DOM,2
6,PTG,CSC + ENDO + RHUMA,HC,1
6,PTH,CSC + ENDO + RHUMA,HC,1
9,PTG,CSC + ENDO + RHUMA,DOM,1
10,PTH,CSC + ENDO + RHUMA,HC_HDJ,1
11,PTG,CSC + ENDO + RHUMA,DOM,1
11,PTG,CSC + ENDO + RHUMA,HC_HDJ,1
12,PTH,CSC + ENDO + RHUMA,HC,1
13,PTG,CSC + ENDO + RHUMA,HC,1
13,PTH,CSC + ENDO + RHUMA,HC,1
13,PTH,CSC + ENDO + RHUMA,HC_HDJ,1
13,PTH,CSC + ENDO + RHUMA,HDJ,1
14,PTG,CSC + ENDO + RHUMA,DOM,1
17,PTG,CSC + ENDO + RHUMA,HC,1
20,PTH,CSC + ENDO + RHUMA,DOM,1
21,PTG,CSC + ENDO + RHUMA,DOM,1
24,PTH,CSC + ENDO + RHUMA,DOM,1
29,PTH,CSC + ENDO + RHUMA,DOM,1
30,PTG,CSC + ENDO + RHUMA,DOM,1
32,PTG,CSC + ENDO + RHUMA,HC,1
33,PTG,CSC + ENDO + RHUMA,DOM,1
34,PTG,CSC + ENDO + RHUMA,DOM,1
34,PTH,CSC + ENDO + RHUMA,DOM,1
41,PTH,CSC + ENDO + RHUMA,HC,1
42,PTH,CSC + ENDO + RHUMA,HC,1
44,PTG,CSC + ENDO + RHUMA,DOM,1
45,PTG,CSC + ENDO + RHUMA,DOM,1
47,PTG,CSC + ENDO + RHUMA,HC,1
50,PTH,CSC + ENDO + RHUMA,DOM,1
57,PTG,CSC + ENDO + RHUMA,,1
59,PTH,CSC + ENDO + RHUMA,DOM,1
59,PTH,CSC + ENDO + RHUMA,HC,1
60,PTG,CSC + ENDO + RHUMA,DOM,1
60,PTG,CSC + ENDO + RHUMA,HC,1
62,PTH,CSC + ENDO + RHUMA,HC,1
63,PTH,CSC + ENDO + RHUMA,HC,1
64,PTG,CSC + ENDO + RHUMA,DOM,1
64,PTH,CSC + ENDO + RHUMA,DOM,1
66,PTH,CSC + ENDO + RHUMA,HC,1
71,PTH,CSC + ENDO + RHUMA,HC,1
73,PTG,CSC + ENDO + RHUMA,DOM,1
76,PTG,CSC + ENDO + RHUMA,DOM,1
77,PTH,CSC + ENDO + RHUMA,HC,1
78,PTH,CSC + ENDO + RHUMA,HC,1
80,PTG,CSC + ENDO + RHUMA,HC_HDJ,1
81,PTG,CSC + ENDO + RHUMA,DOM,1
81,PTH,CSC + ENDO + RHUMA,DOM,1
82,PTG,CSC + ENDO + RHUMA,HC,1
83,PTG,CSC + ENDO + RHUMA,HC,1
85,PTH,CSC + ENDO + RHUMA,,1
89,PTH,CSC + ENDO + RHUMA,DOM,1
91,PTH,CSC + ENDO + RHUMA,DOM,1
92,PTH,CSC + ENDO + RHUMA,HC,1
93,PTG,CSC + ENDO + RHUMA,HC,1
94,PTG,CSC + ENDO + RHUMA,,1
94,PTG,CSC + ENDO + RHUMA,HC,1
94,PTG,CSC + ENDO + RHUMA,HC_HDJ,1
95,PTG,CSC + ENDO + RHUMA,HC,1
95,PTH,CSC + ENDO + RHUMA,DOM,1
92,PTG,CSC + ENDO + RHUMA + URO,DOM,1
2,PTG,CSC + ENDO + URO,HC,1
6,PTG,CSC + ENDO + URO,,1
9,PTH,CSC + ENDO + URO,HC,1
11,PTH,CSC + ENDO + URO,HC,1
13,PTG,CSC + ENDO + URO,HC,1
13,PTH,CSC + ENDO + URO,HC,1
29,PTG,CSC + ENDO + URO,HC,1
31,PTH,CSC + ENDO + URO,HC_HDJ,1
33,PTG,CSC + ENDO + URO,HC,1
40,PTG,CSC + ENDO + URO,HC,1
45,PTG,CSC + ENDO + URO,HC,1
57,PTG,CSC + ENDO + URO,HC,1
68,PTH,CSC + ENDO + URO,HC,1
75,PTG,CSC + ENDO + URO,HC_HDJ,1
77,PTG,CSC + ENDO + URO,DOM,1
77,PTH,CSC + ENDO + URO,DOM,1
78,PTG,CSC + ENDO + URO,,1
78,PTH,CSC + ENDO + URO,DOM,1
83,PTG,CSC + ENDO + URO,HC,1
83,PTG,CSC + ENDO + URO,HDJ,1
84,PTG,CSC + ENDO + URO,DOM,1
97,PTG,CSC + ENDO + URO,DOM,1
97,PTH,CSC + ENDO + URO,HC,1
59,PTH,CSC + GASTRO,DOM,11
59,PTG,CSC + GASTRO,DOM,9
62,PTH,CSC + GASTRO,DOM,7
62,PTG,CSC + GASTRO,HC,6
13,PTG,CSC + GASTRO,HC,5
13,PTH,CSC + GASTRO,DOM,5
31,PTG,CSC + GASTRO,HC,5
31,PTH,CSC + GASTRO,DOM,5
83,PTG,CSC + GASTRO,HC,5
95,PTH,CSC + GASTRO,DOM,5
6,PTG,CSC + GASTRO,DOM,4
6,PTH,CSC + GASTRO,HC,4
29,PTG,CSC + GASTRO,DOM,4
30,PTG,CSC + GASTRO,HC,4
76,PTG,CSC + GASTRO,DOM,4
94,PTG,CSC + GASTRO,HC,4
2,PTH,CSC + GASTRO,DOM,3
6,PTG,CSC + GASTRO,HC,3
6,PTH,CSC + GASTRO,DOM,3
9,PTH,CSC + GASTRO,DOM,3
10,PTH,CSC + GASTRO,DOM,3
14,PTG,CSC + GASTRO,DOM,3
17,PTH,CSC + GASTRO,DOM,3
31,PTH,CSC + GASTRO,HC,3
33,PTG,CSC + GASTRO,HC,3
35,PTH,CSC + GASTRO,DOM,3
40,PTH,CSC + GASTRO,DOM,3
54,PTG,CSC + GASTRO,DOM,3
56,PTG,CSC + GASTRO,DOM,3
56,PTH,CSC + GASTRO,DOM,3
59,PTH,CSC + GASTRO,HC,3
60,PTG,CSC + GASTRO,DOM,3
64,PTH,CSC + GASTRO,DOM,3
67,PTG,CSC + GASTRO,DOM,3
68,PTH,CSC + GASTRO,DOM,3
75,PTH,CSC + GASTRO,DOM,3
78,PTG,CSC + GASTRO,HC,3
80,PTG,CSC + GASTRO,HC,3
95,PTG,CSC + GASTRO,DOM,3
97,PTG,CSC + GASTRO,DOM,3
2,PTG,CSC + GASTRO,DOM,2
11,PTH,CSC + GASTRO,DOM,2
12,PTH,CSC + GASTRO,DOM,2
14,PTH,CSC + GASTRO,DOM,2
16,PTG,CSC + GASTRO,DOM,2
20,PTG,CSC + GASTRO,DOM,2
22,PTH,CSC + GASTRO,DOM,2
22,PTH,CSC + GASTRO,HC,2
24,PTH,CSC + GASTRO,DOM,2
26,PTH,CSC + GASTRO,DOM,2
28,PTH,CSC + GASTRO,HC,2
29,PTH,CSC + GASTRO,DOM,2
31,PTG,CSC + GASTRO,HDJ,2
33,PTH,CSC + GASTRO,DOM,2
34,PTG,CSC + GASTRO,,2
34,PTH,CSC + GASTRO,DOM,2
38,PTG,CSC + GASTRO,HC,2
41,PTH,CSC + GASTRO,DOM,2
42,PTG,CSC + GASTRO,HC,2
44,PTG,CSC + GASTRO,DOM,2
44,PTG,CSC + GASTRO,HDJ,2
44,PTH,CSC + GASTRO,DOM,2
45,PTH,CSC + GASTRO,DOM,2
50,PTG,CSC + GASTRO,DOM,2
50,PTH,CSC + GASTRO,DOM,2
56,PTG,CSC + GASTRO,HC,2
59,PTG,CSC + GASTRO,HC,2
60,PTG,CSC + GASTRO,HC,2
62,PTG,CSC + GASTRO,DOM,2
66,PTG,CSC + GASTRO,HC,2
68,PTH,CSC + GASTRO,HC,2
69,PTH,CSC + GASTRO,HC,2
75,PTG,CSC + GASTRO,DOM,2
75,PTG,CSC + GASTRO,HC,2
75,PTH,CSC + GASTRO,HC,2
77,PTG,CSC + GASTRO,HDJ,2
77,PTH,CSC + GASTRO,DOM,2
78,PTH,CSC + GASTRO,DOM,2
80,PTG,CSC + GASTRO,DOM,2
83,PTH,CSC + GASTRO,HC,2
84,PTG,CSC + GASTRO,HC,2
85,PTG,CSC + GASTRO,DOM,2
86,PTG,CSC + GASTRO,HC,2
87,PTH,CSC + GASTRO,HC,2
89,PTH,CSC + GASTRO,DOM,2
91,PTG,CSC + GASTRO,DOM,2
92,PTG,CSC + GASTRO,HC,2
92,PTH,CSC + GASTRO,HC,2
93,PTH,CSC + GASTRO,DOM,2
1,PTH,CSC + GASTRO,DOM,1
2,PTG,CSC + GASTRO,,1
2,PTG,CSC + GASTRO,HC,1
3,PTH,CSC + GASTRO,HC,1
10,PTG,CSC + GASTRO,DOM,1
10,PTG,CSC + GASTRO,HC,1
11,PTG,CSC + GASTRO,HC,1
12,PTG,CSC + GASTRO,HC,1
12,PTH,CSC + GASTRO,HC,1
13,PTG,CSC + GASTRO,DOM,1
14,PTG,CSC + GASTRO,HC,1
14,PTG,CSC + GASTRO,HDJ,1
14,PTH,CSC + GASTRO,HC,1
16,PTH,CSC + GASTRO,HC,1
17,PTG,CSC + GASTRO,DOM,1
17,PTG,CSC + GASTRO,HC,1
17,PTG,CSC + GASTRO,HC_HDJ,1
17,PTH,CSC + GASTRO,HC,1
18,PTG,CSC + GASTRO,DOM,1
18,PTH,CSC + GASTRO,DOM,1
18,PTH,CSC + GASTRO,HC,1
20,PTH,CSC + GASTRO,HC,1
21,PTG,CSC + GASTRO,DOM,1
22,PTG,CSC + GASTRO,HC,1
24,PTH,CSC + GASTRO,HC,1
26,PTG,CSC + GASTRO,DOM,1
26,PTG,CSC + GASTRO,HC,1
27,PTG,CSC + GASTRO,DOM,1
27,PTH,CSC + GASTRO,DOM,1
28,PTH,CSC + GASTRO,DOM,1
29,PTG,CSC + GASTRO,HC,1
30,PTG,CSC + GASTRO,DOM,1
31,PTG,CSC + GASTRO,DOM,1
31,PTH,CSC + GASTRO,,1
33,PTG,CSC + GASTRO,,1
33,PTH,CSC + GASTRO,HC,1
34,PTG,CSC + GASTRO,DOM,1
34,PTG,CSC + GASTRO,HC,1
34,PTH,CSC + GASTRO,HC,1
35,PTG,CSC + GASTRO,DOM,1
35,PTG,CSC + GASTRO,HC,1
37,PTG,CSC + GASTRO,DOM,1
37,PTH,CSC + GASTRO,DOM,1
37,PTH,CSC + GASTRO,HC,1
38,PTG,CSC + GASTRO,DOM,1
38,PTH,CSC + GASTRO,,1
38,PTH,CSC + GASTRO,DOM,1
38,PTH,CSC + GASTRO,HC,1
40,PTG,CSC + GASTRO,,1
40,PTG,CSC + GASTRO,HC,1
40,PTG,CSC + GASTRO,HDJ,1
42,PTH,CSC + GASTRO,DOM,1
44,PTH,CSC + GASTRO,HC,1
45,PTH,CSC + GASTRO,,1
46,PTH,CSC + GASTRO,HC,1
47,PTG,CSC + GASTRO,HC,1
47,PTH,CSC + GASTRO,HC,1
49,PTG,CSC + GASTRO,DOM,1
49,PTH,CSC + GASTRO,DOM,1
51,PTG,CSC + GASTRO,HC,1
51,PTH,CSC + GASTRO,DOM,1
51,PTH,CSC + GASTRO,HC,1
55,PTH,CSC + GASTRO,DOM,1
57,PTG,CSC + GASTRO,DOM,1
57,PTG,CSC + GASTRO,HC,1
57,PTH,CSC + GASTRO,DOM,1
58,PTG,CSC + GASTRO,DOM,1
59,PTG,CSC + GASTRO,HDJ,1
61,PTG,CSC + GASTRO,DOM,1
61,PTG,CSC + GASTRO,HC,1
61,PTH,CSC + GASTRO,DOM,1
62,PTH,CSC + GASTRO,HC,1
63,PTG,CSC + GASTRO,DOM,1
64,PTG,CSC + GASTRO,DOM,1
64,PTG,CSC + GASTRO,HC,1
65,PTH,CSC + GASTRO,HC,1
67,PTG,CSC + GASTRO,,1
67,PTG,CSC + GASTRO,HC,1
67,PTH,CSC + GASTRO,HC,1
68,PTG,CSC + GASTRO,HDJ,1
69,PTG,CSC + GASTRO,DOM,1
69,PTG,CSC + GASTRO,HC,1
70,PTG,CSC + GASTRO,DOM,1
70,PTG,CSC + GASTRO,HC,1
70,PTH,CSC + GASTRO,DOM,1
72,PTG,CSC + GASTRO,DOM,1
73,PTG,CSC + GASTRO,HDJ,1
75,PTG,CSC + GASTRO,HC_HDJ,1
75,PTH,CSC + GASTRO,,1
76,PTG,CSC + GASTRO,HC,1
76,PTG,CSC + GASTRO,HDJ,1
76,PTH,CSC + GASTRO,,1
76,PTH,CSC + GASTRO,DOM,1
76,PTH,CSC + GASTRO,HC,1
77,PTG,CSC + GASTRO,,1
77,PTG,CSC + GASTRO,DOM,1
78,PTH,CSC + GASTRO,HC,1
80,PTH,CSC + GASTRO,DOM,1
81,PTG,CSC + GASTRO,DOM,1
81,PTH,CSC + GASTRO,HC,1
82,PTG,CSC + GASTRO,HC,1
83,PTG,CSC + GASTRO,HC_HDJ,1
83,PTG,CSC + GASTRO,HDJ,1
83,PTH,CSC + GASTRO,,1
84,PTH,CSC + GASTRO,DOM,1
84,PTH,CSC + GASTRO,HC,1
85,PTG,CSC + GASTRO,HC,1
87,PTG,CSC + GASTRO,HDJ,1
87,PTH,CSC + GASTRO,DOM,1
91,PTG,CSC + GASTRO,HDJ,1
91,PTH,CSC + GASTRO,DOM,1
91,PTH,CSC + GASTRO,HC,1
92,PTG,CSC + GASTRO,DOM,1
92,PTH,CSC + GASTRO,DOM,1
93,PTG,CSC + GASTRO,HC,1
93,PTH,CSC + GASTRO,HDJ,1
94,PTG,CSC + GASTRO,HC_HDJ,1
94,PTH,CSC + GASTRO,DOM,1
94,PTH,CSC + GASTRO,HC,1
95,PTG,CSC + GASTRO,HC,1
95,PTG,CSC + GASTRO,HC_HDJ,1
95,PTH,CSC + GASTRO,,1
97,PTG,CSC + GASTRO,HC,1
37,PTH,CSC + GASTRO + GYNECO,DOM,2
59,PTH,CSC + GASTRO + GYNECO,DOM,2
75,PTH,CSC + GASTRO + GYNECO,DOM,2
3,PTH,CSC + GASTRO + GYNECO,DOM,1
6,PTG,CSC + GASTRO + GYNECO,HC,1
13,PTH,CSC + GASTRO + GYNECO,DOM,1
15,PTH,CSC + GASTRO + GYNECO,DOM,1
19,PTG,CSC + GASTRO + GYNECO,HC,1
33,PTH,CSC + GASTRO + GYNECO,DOM,1
38,PTH,CSC + GASTRO + GYNECO,HC,1
40,PTH,CSC + GASTRO + GYNECO,DOM,1
44,PTH,CSC + GASTRO + GYNECO,DOM,1
61,PTG,CSC + GASTRO + GYNECO,HC,1
62,PTG,CSC + GASTRO + GYNECO,HC,1
69,PTG,CSC + GASTRO + GYNECO,HC,1
70,PTG,CSC + GASTRO + GYNECO,DOM,1
72,PTG,CSC + GASTRO + GYNECO,DOM,1
72,PTH,CSC + GASTRO + GYNECO,DOM,1
75,PTG,CSC + GASTRO + GYNECO,HC,1
76,PTG,CSC + GASTRO + GYNECO,DOM,1
78,PTH,CSC + GASTRO + GYNECO,DOM,1
85,PTH,CSC + GASTRO + GYNECO,HC,1
92,PTG,CSC + GASTRO + GYNECO,DOM,1
92,PTG,CSC + GASTRO + GYNECO,HC,1
93,PTH,CSC + GASTRO + GYNECO,HC,1
22,PTG,CSC + GASTRO + GYNECO + OPH,DOM,1
57,PTH,CSC + GASTRO + GYNECO + OPH,DOM,1
59,PTG,CSC + GASTRO + GYNECO + OPH,DOM,1
60,PTH,CSC + GASTRO + GYNECO + OPH,DOM,1
77,PTH,CSC + GASTRO + GYNECO + OPH,DOM,1
91,PTG,CSC + GASTRO + GYNECO + OPH,HC,1
77,PTG,CSC + GASTRO + GYNECO + OPH + ORL,HC_HDJ,1
84,PTH,CSC + GASTRO + GYNECO + OPH + ORL,HC,1
13,PTH,CSC + GASTRO + GYNECO + OPH + RHUMA,DOM,1
29,PTH,CSC + GASTRO + GYNECO + OPH + RHUMA,HC,1
31,PTG,CSC + GASTRO + GYNECO + OPH + RHUMA,HC,1
75,PTH,CSC + GASTRO + GYNECO + OPH + RHUMA,DOM,1
94,PTG,CSC + GASTRO + GYNECO + OPH + RHUMA,,1
2,PTH,CSC + GASTRO + GYNECO + ORL,HC,1
49,PTH,CSC + GASTRO + GYNECO + ORL,DOM,1
59,PTG,CSC + GASTRO + GYNECO + ORL,DOM,1
90,PTH,CSC + GASTRO + GYNECO + ORL,HC,1
6,PTH,CSC + GASTRO + GYNECO + ORL + RHUMA,DOM,1
95,PTG,CSC + GASTRO + GYNECO + ORL + RHUMA,,1
13,PTG,CSC + GASTRO + GYNECO + RHUMA,HC,1
23,PTH,CSC + GASTRO + GYNECO + RHUMA,DOM,1
30,PTG,CSC + GASTRO + GYNECO + RHUMA,HC,1
30,PTH,CSC + GASTRO + GYNECO + RHUMA,HC,1
30,PTH,CSC + GASTRO + GYNECO + RHUMA,HDJ,1
38,PTG,CSC + GASTRO + GYNECO + RHUMA,DOM,1
67,PTH,CSC + GASTRO + GYNECO + RHUMA,DOM,1
75,PTG,CSC + GASTRO + GYNECO + RHUMA,HC,1
78,PTG,CSC + GASTRO + GYNECO + RHUMA,HC,1
81,PTG,CSC + GASTRO + GYNECO + RHUMA,HC_HDJ,1
83,PTH,CSC + GASTRO + GYNECO + RHUMA,HC,1
94,PTG,CSC + GASTRO + GYNECO + RHUMA,HC,1
42,PTG,CSC + GASTRO + GYNECO + RHUMA + URO,HC,1
54,PTG,CSC + GASTRO + GYNECO + RHUMA + URO,DOM,1
26,PTH,CSC + GASTRO + GYNECO + URO,DOM,1
59,PTG,CSC + GASTRO + OPH,DOM,5
54,PTG,CSC + GASTRO + OPH,DOM,2
56,PTH,CSC + GASTRO + OPH,DOM,2
84,PTH,CSC + GASTRO + OPH,DOM,2
92,PTH,CSC + GASTRO + OPH,HC,2
95,PTG,CSC + GASTRO + OPH,HC,2
2,PTH,CSC + GASTRO + OPH,DOM,1
6,PTG,CSC + GASTRO + OPH,HC,1
6,PTH,CSC + GASTRO + OPH,DOM,1
7,PTG,CSC + GASTRO + OPH,HC,1
10,PTH,CSC + GASTRO + OPH,DOM,1
12,PTH,CSC + GASTRO + OPH,DOM,1
13,PTG,CSC + GASTRO + OPH,DOM,1
13,PTG,CSC + GASTRO + OPH,HC,1
13,PTG,CSC + GASTRO + OPH,HDJ,1
13,PTH,CSC + GASTRO + OPH,HC,1
13,PTH,CSC + GASTRO + OPH,HC_HDJ,1
14,PTG,CSC + GASTRO + OPH,HC,1
17,PTH,CSC + GASTRO + OPH,HC,1
24,PTG,CSC + GASTRO + OPH,HC,1
25,PTH,CSC + GASTRO + OPH,DOM,1
30,PTH,CSC + GASTRO + OPH,DOM,1
31,PTH,CSC + GASTRO + OPH,HC,1
32,PTG,CSC + GASTRO + OPH,HC,1
33,PTG,CSC + GASTRO + OPH,DOM,1
33,PTH,CSC + GASTRO + OPH,HC,1
34,PTG,CSC + GASTRO + OPH,DOM,1
34,PTH,CSC + GASTRO + OPH,DOM,1
34,PTH,CSC + GASTRO + OPH,HC,1
40,PTG,CSC + GASTRO + OPH,HC,1
44,PTH,CSC + GASTRO + OPH,DOM,1
44,PTH,CSC + GASTRO + OPH,HC,1
45,PTG,CSC + GASTRO + OPH,HC,1
47,PTG,CSC + GASTRO + OPH,HC,1
49,PTH,CSC + GASTRO + OPH,DOM,1
51,PTG,CSC + GASTRO + OPH,HC,1
58,PTG,CSC + GASTRO + OPH,HC,1
59,PTG,CSC + GASTRO + OPH,,1
59,PTG,CSC + GASTRO + OPH,HC,1
59,PTH,CSC + GASTRO + OPH,DOM,1
60,PTG,CSC + GASTRO + OPH,DOM,1
60,PTH,CSC + GASTRO + OPH,DOM,1
62,PTG,CSC + GASTRO + OPH,HC,1
62,PTH,CSC + GASTRO + OPH,DOM,1
64,PTG,CSC + GASTRO + OPH,HC,1
65,PTH,CSC + GASTRO + OPH,HC,1
66,PTG,CSC + GASTRO + OPH,HC,1
69,PTH,CSC + GASTRO + OPH,DOM,1
75,PTG,CSC + GASTRO + OPH,HDJ,1
76,PTG,CSC + GASTRO + OPH,DOM,1
77,PTG,CSC + GASTRO + OPH,DOM,1
77,PTG,CSC + GASTRO + OPH,HC,1
78,PTG,CSC + GASTRO + OPH,HC,1
78,PTH,CSC + GASTRO + OPH,DOM,1
84,PTG,CSC + GASTRO + OPH,DOM,1
87,PTG,CSC + GASTRO + OPH,HC,1
89,PTG,CSC + GASTRO + OPH,HC,1
90,PTG,CSC + GASTRO + OPH,HC,1
91,PTG,CSC + GASTRO + OPH,HC,1
91,PTH,CSC + GASTRO + OPH,DOM,1
94,PTG,CSC + GASTRO + OPH,DOM,1
94,PTG,CSC + GASTRO + OPH,HC,1
94,PTH,CSC + GASTRO + OPH,DOM,1
29,PTG,CSC + GASTRO + OPH + ORL,HC,1
29,PTG,CSC + GASTRO + OPH + ORL,HC_HDJ,1
33,PTH,CSC + GASTRO + OPH + ORL,HC,1
44,PTH,CSC + GASTRO + OPH + ORL,HC,1
78,PTG,CSC + GASTRO + OPH + ORL,DOM,1
95,PTG,CSC + GASTRO + OPH + ORL,HC,1
34,PTH,CSC + GASTRO + OPH + ORL + RHUMA,HC,1
59,PTH,CSC + GASTRO + OPH + ORL + RHUMA,HC,1
94,PTG,CSC + GASTRO + OPH + ORL + RHUMA,HC_HDJ,1
6,PTG,CSC + GASTRO + OPH + ORL + URO,DOM,1
85,PTG,CSC + GASTRO + OPH + ORL + URO,HC,1
3,PTG,CSC + GASTRO + OPH + RHUMA,DOM,1
30,PTG,CSC + GASTRO + OPH + RHUMA,DOM,1
31,PTH,CSC + GASTRO + OPH + RHUMA,DOM,1
31,PTH,CSC + GASTRO + OPH + RHUMA,HC_HDJ,1
33,PTH,CSC + GASTRO + OPH + RHUMA,DOM,1
34,PTG,CSC + GASTRO + OPH + RHUMA,DOM,1
35,PTH,CSC + GASTRO + OPH + RHUMA,DOM,1
38,PTG,CSC + GASTRO + OPH + RHUMA,DOM,1
41,PTH,CSC + GASTRO + OPH + RHUMA,DOM,1
59,PTG,CSC + GASTRO + OPH + RHUMA,HC,1
66,PTH,CSC + GASTRO + OPH + RHUMA,DOM,1
73,PTG,CSC + GASTRO + OPH + RHUMA,HC,1
75,PTH,CSC + GASTRO + OPH + RHUMA,HC,1
77,PTG,CSC + GASTRO + OPH + RHUMA,HC,1
78,PTH,CSC + GASTRO + OPH + RHUMA,HC,1
81,PTH,CSC + GASTRO + OPH + RHUMA,DOM,1
94,PTG,CSC + GASTRO + OPH + RHUMA,HC,1
94,PTH,CSC + GASTRO + OPH + RHUMA,HC,1
95,PTH,CSC + GASTRO + OPH + RHUMA,HC,1
97,PTH,CSC + GASTRO + OPH + RHUMA,HC,1
13,PTG,CSC + GASTRO + OPH + RHUMA + URO,HC,1
42,PTG,CSC + GASTRO + OPH + RHUMA + URO,HC,1
60,PTG,CSC + GASTRO + OPH + RHUMA + URO,DOM,1
76,PTH,CSC + GASTRO + OPH + RHUMA + URO,DOM,1
92,PTG,CSC + GASTRO + OPH + RHUMA + URO,HC,1
13,PTG,CSC + GASTRO + OPH + URO,HC,1
28,PTG,CSC + GASTRO + OPH + URO,HC,1
60,PTG,CSC + GASTRO + OPH + URO,DOM,1
77,PTG,CSC + GASTRO + OPH + URO,HC,1
83,PTH,CSC + GASTRO + OPH + URO,DOM,1
92,PTG,CSC + GASTRO + OPH + URO,,1
49,PTH,CSC + GASTRO + ORL,DOM,2
13,PTG,CSC + GASTRO + ORL,HDJ,1
13,PTH,CSC + GASTRO + ORL,HC,1
14,PTG,CSC + GASTRO + ORL,HC,1
29,PTG,CSC + GASTRO + ORL,HDJ,1
31,PTG,CSC + GASTRO + ORL,HC,1
38,PTG,CSC + GASTRO + ORL,DOM,1
40,PTH,CSC + GASTRO + ORL,DOM,1
57,PTG,CSC + GASTRO + ORL,HDJ,1
75,PTG,CSC + GASTRO + ORL,HC,1
76,PTH,CSC + GASTRO + ORL,,1
77,PTG,CSC + GASTRO + ORL,,1
77,PTG,CSC + GASTRO + ORL,DOM,1
83,PTH,CSC + GASTRO + ORL,DOM,1
84,PTH,CSC + GASTRO + ORL,DOM,1
91,PTH,CSC + GASTRO + ORL,DOM,1
94,PTH,CSC + GASTRO + ORL,DOM,1
94,PTH,CSC + GASTRO + ORL,HC,1
6,PTH,CSC + GASTRO + ORL + RHUMA,DOM,1
14,PTH,CSC + GASTRO + ORL + RHUMA,DOM,1
48,PTG,CSC + GASTRO + ORL + RHUMA,HC,1
66,PTH,CSC + GASTRO + ORL + RHUMA,DOM,1
67,PTH,CSC + GASTRO + ORL + RHUMA,HC,1
75,PTG,CSC + GASTRO + ORL + RHUMA,HC,1
93,PTG,CSC + GASTRO + ORL + RHUMA,HC,1
30,PTG,CSC + GASTRO + ORL + RHUMA + URO,HC,1
92,PTH,CSC + GASTRO + ORL + RHUMA + URO,HC,1
38,PTG,CSC + GASTRO + ORL + URO,DOM,1
60,PTH,CSC + GASTRO + ORL + URO,DOM,1
69,PTG,CSC + GASTRO + ORL + URO,DOM,1
80,PTH,CSC + GASTRO + ORL + URO,DOM,1
59,PTH,CSC + GASTRO + RHUMA,DOM,4
33,PTG,CSC + GASTRO + RHUMA,DOM,3
59,PTG,CSC + GASTRO + RHUMA,DOM,3
59,PTG,CSC + GASTRO + RHUMA,HC,3
76,PTH,CSC + GASTRO + RHUMA,DOM,3
78,PTG,CSC + GASTRO + RHUMA,HDJ,3
6,PTH,CSC + GASTRO + RHUMA,DOM,2
17,PTH,CSC + GASTRO + RHUMA,DOM,2
31,PTG,CSC + GASTRO + RHUMA,HC,2
33,PTH,CSC + GASTRO + RHUMA,DOM,2
38,PTH,CSC + GASTRO + RHUMA,HC,2
45,PTH,CSC + GASTRO + RHUMA,DOM,2
77,PTG,CSC + GASTRO + RHUMA,DOM,2
80,PTG,CSC + GASTRO + RHUMA,HC,2
83,PTH,CSC + GASTRO + RHUMA,DOM,2
95,PTG,CSC + GASTRO + RHUMA,HC,2
95,PTH,CSC + GASTRO + RHUMA,DOM,2
4,PTG,CSC + GASTRO + RHUMA,HC,1
6,PTG,CSC + GASTRO + RHUMA,HC,1
6,PTH,CSC + GASTRO + RHUMA,HC,1
10,PTH,CSC + GASTRO + RHUMA,DOM,1
12,PTG,CSC + GASTRO + RHUMA,DOM,1
13,PTH,CSC + GASTRO + RHUMA,HC,1
14,PTG,CSC + GASTRO + RHUMA,DOM,1
14,PTH,CSC + GASTRO + RHUMA,DOM,1
16,PTG,CSC + GASTRO + RHUMA,HC,1
27,PTH,CSC + GASTRO + RHUMA,HC,1
30,PTG,CSC + GASTRO + RHUMA,DOM,1
30,PTG,CSC + GASTRO + RHUMA,HC,1
30,PTH,CSC + GASTRO + RHUMA,DOM,1
32,PTH,CSC + GASTRO + RHUMA,HC,1
33,PTG,CSC + GASTRO + RHUMA,HC,1
33,PTH,CSC + GASTRO + RHUMA,HC,1
34,PTG,CSC + GASTRO + RHUMA,HC,1
35,PTG,CSC + GASTRO + RHUMA,DOM,1
36,PTH,CSC + GASTRO + RHUMA,DOM,1
38,PTG,CSC + GASTRO + RHUMA,DOM,1
38,PTH,CSC + GASTRO + RHUMA,DOM,1
40,PTH,CSC + GASTRO + RHUMA,DOM,1
50,PTG,CSC + GASTRO + RHUMA,,1
54,PTH,CSC + GASTRO + RHUMA,HC,1
57,PTG,CSC + GASTRO + RHUMA,DOM,1
57,PTH,CSC + GASTRO + RHUMA,DOM,1
59,PTG,CSC + GASTRO + RHUMA,HDJ,1
60,PTG,CSC + GASTRO + RHUMA,DOM,1
60,PTH,CSC + GASTRO + RHUMA,DOM,1
61,PTH,CSC + GASTRO + RHUMA,HC,1
62,PTH,CSC + GASTRO + RHUMA,DOM,1
63,PTH,CSC + GASTRO + RHUMA,HC,1
64,PTG,CSC + GASTRO + RHUMA,,1
64,PTG,CSC + GASTRO + RHUMA,DOM,1
66,PTH,CSC + GASTRO + RHUMA,DOM,1
67,PTG,CSC + GASTRO + RHUMA,DOM,1
68,PTG,CSC + GASTRO + RHUMA,DOM,1
68,PTG,CSC + GASTRO + RHUMA,HC_HDJ,1
68,PTG,CSC + GASTRO + RHUMA,HDJ,1
68,PTH,CSC + GASTRO + RHUMA,HC,1
69,PTH,CSC + GASTRO + RHUMA,HC,1
69,PTH,CSC + GASTRO + RHUMA,HDJ,1
73,PTG,CSC + GASTRO + RHUMA,DOM,1
74,PTG,CSC + GASTRO + RHUMA,HC,1
75,PTG,CSC + GASTRO + RHUMA,,1
75,PTG,CSC + GASTRO + RHUMA,HDJ,1
75,PTH,CSC + GASTRO + RHUMA,DOM,1
76,PTG,CSC + GASTRO + RHUMA,DOM,1
76,PTH,CSC + GASTRO + RHUMA,HC,1
78,PTG,CSC + GASTRO + RHUMA,HC,1
78,PTH,CSC + GASTRO + RHUMA,DOM,1
78,PTH,CSC + GASTRO + RHUMA,HC,1
79,PTG,CSC + GASTRO + RHUMA,DOM,1
80,PTH,CSC + GASTRO + RHUMA,HC,1
82,PTG,CSC + GASTRO + RHUMA,HC,1
83,PTG,CSC + GASTRO + RHUMA,HC,1
87,PTH,CSC + GASTRO + RHUMA,DOM,1
91,PTH,CSC + GASTRO + RHUMA,HC,1
92,PTG,CSC + GASTRO + RHUMA,,1
92,PTG,CSC + GASTRO + RHUMA,HC,1
93,PTG,CSC + GASTRO + RHUMA,DOM,1
93,PTG,CSC + GASTRO + RHUMA,HC,1
93,PTH,CSC + GASTRO + RHUMA,HC,1
94,PTG,CSC + GASTRO + RHUMA,HDJ,1
94,PTH,CSC + GASTRO + RHUMA,HC,1
97,PTG,CSC + GASTRO + RHUMA,DOM,1
209,PTH,CSC + GASTRO + RHUMA,DOM,1
6,PTG,CSC + GASTRO + RHUMA + URO,HC,1
13,PTG,CSC + GASTRO + RHUMA + URO,HC,1
59,PTG,CSC + GASTRO + RHUMA + URO,DOM,1
76,PTH,CSC + GASTRO + RHUMA + URO,DOM,1
81,PTG,CSC + GASTRO + RHUMA + URO,HC,1
91,PTH,CSC + GASTRO + RHUMA + URO,DOM,1
59,PTG,CSC + GASTRO + URO,HC,2
3,PTG,CSC + GASTRO + URO,DOM,1
13,PTG,CSC + GASTRO + URO,DOM,1
20,PTG,CSC + GASTRO + URO,DOM,1
29,PTG,CSC + GASTRO + URO,HC,1
30,PTG,CSC + GASTRO + URO,HC,1
36,PTG,CSC + GASTRO + URO,DOM,1
39,PTG,CSC + GASTRO + URO,DOM,1
41,PTG,CSC + GASTRO + URO,HC,1
49,PTH,CSC + GASTRO + URO,HC,1
50,PTG,CSC + GASTRO + URO,,1
58,PTG,CSC + GASTRO + URO,DOM,1
59,PTG,CSC + GASTRO + URO,DOM,1
63,PTG,CSC + GASTRO + URO,DOM,1
64,PTG,CSC + GASTRO + URO,HC,1
66,PTG,CSC + GASTRO + URO,HC,1
77,PTG,CSC + GASTRO + URO,DOM,1
77,PTG,CSC + GASTRO + URO,HC,1
77,PTH,CSC + GASTRO + URO,HC,1
84,PTG,CSC + GASTRO + URO,HC,1
91,PTH,CSC + GASTRO + URO,DOM,1
91,PTH,CSC + GASTRO + URO,HC,1
94,PTG,CSC + GASTRO + URO,DOM,1
94,PTG,CSC + GASTRO + URO,HC,1
94,PTH,CSC + GASTRO + URO,DOM,1
95,PTG,CSC + GASTRO + URO,DOM,1
95,PTH,CSC + GASTRO + URO,DOM,1
29,PTH,CSC + GYNECO,DOM,6
33,PTH,CSC + GYNECO,DOM,6
59,PTG,CSC + GYNECO,HC,5
78,PTH,CSC + GYNECO,DOM,5
13,PTH,CSC + GYNECO,HC,4
30,PTH,CSC + GYNECO,DOM,4
33,PTG,CSC + GYNECO,HC,4
38,PTH,CSC + GYNECO,DOM,4
59,PTG,CSC + GYNECO,DOM,4
59,PTH,CSC + GYNECO,DOM,4
62,PTG,CSC + GYNECO,DOM,4
84,PTH,CSC + GYNECO,DOM,4
95,PTG,CSC + GYNECO,DOM,4
95,PTH,CSC + GYNECO,DOM,4
13,PTG,CSC + GYNECO,HC,3
33,PTG,CSC + GYNECO,DOM,3
68,PTG,CSC + GYNECO,HC,3
68,PTH,CSC + GYNECO,DOM,3
68,PTH,CSC + GYNECO,HC,3
76,PTG,CSC + GYNECO,HC,3
78,PTG,CSC + GYNECO,HC,3
80,PTH,CSC + GYNECO,DOM,3
88,PTG,CSC + GYNECO,DOM,3
6,PTH,CSC + GYNECO,HC,2
13,PTG,CSC + GYNECO,HDJ,2
13,PTH,CSC + GYNECO,DOM,2
18,PTG,CSC + GYNECO,HC,2
26,PTG,CSC + GYNECO,DOM,2
27,PTG,CSC + GYNECO,DOM,2
27,PTH,CSC + GYNECO,DOM,2
29,PTG,CSC + GYNECO,HC,2
31,PTH,CSC + GYNECO,DOM,2
34,PTG,CSC + GYNECO,HC,2
38,PTG,CSC + GYNECO,DOM,2
42,PTH,CSC + GYNECO,HC,2
56,PTG,CSC + GYNECO,DOM,2
57,PTH,CSC + GYNECO,DOM,2
59,PTG,CSC + GYNECO,HDJ,2
59,PTH,CSC + GYNECO,HC,2
60,PTG,CSC + GYNECO,HC,2
62,PTH,CSC + GYNECO,DOM,2
64,PTG,CSC + GYNECO,HC,2
65,PTG,CSC + GYNECO,DOM,2
65,PTH,CSC + GYNECO,HC,2
66,PTG,CSC + GYNECO,HC,2
66,PTH,CSC + GYNECO,DOM,2
67,PTH,CSC + GYNECO,DOM,2
74,PTG,CSC + GYNECO,HC,2
75,PTG,CSC + GYNECO,HC,2
75,PTH,CSC + GYNECO,HC,2
76,PTG,CSC + GYNECO,DOM,2
78,PTG,CSC + GYNECO,DOM,2
79,PTG,CSC + GYNECO,HC,2
79,PTH,CSC + GYNECO,DOM,2
80,PTG,CSC + GYNECO,DOM,2
83,PTG,CSC + GYNECO,DOM,2
85,PTH,CSC + GYNECO,DOM,2
91,PTG,CSC + GYNECO,HC,2
92,PTG,CSC + GYNECO,HC,2
92,PTH,CSC + GYNECO,DOM,2
92,PTH,CSC + GYNECO,HC,2
94,PTG,CSC + GYNECO,DOM,2
97,PTG,CSC + GYNECO,DOM,2
1,PTG,CSC + GYNECO,DOM,1
1,PTG,CSC + GYNECO,HC,1
3,PTG,CSC + GYNECO,HC,1
4,PTH,CSC + GYNECO,HC,1
6,PTG,CSC + GYNECO,,1
6,PTG,CSC + GYNECO,DOM,1
6,PTG,CSC + GYNECO,HC,1
6,PTH,CSC + GYNECO,DOM,1
10,PTG,CSC + GYNECO,DOM,1
10,PTG,CSC + GYNECO,HDJ,1
16,PTG,CSC + GYNECO,HC,1
16,PTH,CSC + GYNECO,DOM,1
16,PTH,CSC + GYNECO,HC,1
17,PTG,CSC + GYNECO,DOM,1
17,PTH,CSC + GYNECO,DOM,1
17,PTH,CSC + GYNECO,HC,1
18,PTG,CSC + GYNECO,DOM,1
18,PTH,CSC + GYNECO,DOM,1
19,PTG,CSC + GYNECO,DOM,1
22,PTG,CSC + GYNECO,HC,1
22,PTH,CSC + GYNECO,DOM,1
22,PTH,CSC + GYNECO,HC,1
24,PTG,CSC + GYNECO,HC,1
24,PTH,CSC + GYNECO,DOM,1
25,PTH,CSC + GYNECO,HC,1
26,PTG,CSC + GYNECO,HC,1
27,PTG,CSC + GYNECO,HC,1
29,PTG,CSC + GYNECO,DOM,1
30,PTG,CSC + GYNECO,DOM,1
31,PTG,CSC + GYNECO,HC,1
31,PTH,CSC + GYNECO,HC,1
31,PTH,CSC + GYNECO,HDJ,1
34,PTG,CSC + GYNECO,DOM,1
34,PTH,CSC + GYNECO,DOM,1
34,PTH,CSC + GYNECO,HC,1
35,PTH,CSC + GYNECO,DOM,1
39,PTG,CSC + GYNECO,DOM,1
40,PTG,CSC + GYNECO,DOM,1
40,PTG,CSC + GYNECO,HC,1
41,PTG,CSC + GYNECO,HC,1
41,PTH,CSC + GYNECO,DOM,1
43,PTH,CSC + GYNECO,HC,1
45,PTG,CSC + GYNECO,HC,1
45,PTH,CSC + GYNECO,HC,1
46,PTH,CSC + GYNECO,DOM,1
49,PTG,CSC + GYNECO,DOM,1
49,PTG,CSC + GYNECO,HC,1
49,PTH,CSC + GYNECO,DOM,1
50,PTG,CSC + GYNECO,HC,1
52,PTG,CSC + GYNECO,HC,1
53,PTG,CSC + GYNECO,DOM,1
54,PTG,CSC + GYNECO,DOM,1
54,PTG,CSC + GYNECO,HC,1
54,PTG,CSC + GYNECO,HC_HDJ,1
54,PTH,CSC + GYNECO,DOM,1
56,PTG,CSC + GYNECO,HC,1
56,PTH,CSC + GYNECO,DOM,1
57,PTG,CSC + GYNECO,DOM,1
57,PTG,CSC + GYNECO,HC,1
59,PTG,CSC + GYNECO,HC_HDJ,1
60,PTG,CSC + GYNECO,DOM,1
60,PTH,CSC + GYNECO,DOM,1
61,PTG,CSC + GYNECO,HC,1
62,PTG,CSC + GYNECO,HC,1
62,PTH,CSC + GYNECO,HC,1
63,PTH,CSC + GYNECO,DOM,1
64,PTH,CSC + GYNECO,DOM,1
64,PTH,CSC + GYNECO,HC,1
65,PTG,CSC + GYNECO,HC,1
66,PTG,CSC + GYNECO,DOM,1
66,PTG,CSC + GYNECO,HC_HDJ,1
67,PTG,CSC + GYNECO,HC,1
67,PTH,CSC + GYNECO,HC,1
68,PTG,CSC + GYNECO,DOM,1
69,PTH,CSC + GYNECO,DOM,1
74,PTG,CSC + GYNECO,DOM,1
74,PTH,CSC + GYNECO,DOM,1
75,PTH,CSC + GYNECO,DOM,1
77,PTG,CSC + GYNECO,DOM,1
77,PTG,CSC + GYNECO,HC,1
77,PTH,CSC + GYNECO,DOM,1
78,PTH,CSC + GYNECO,HC,1
79,PTG,CSC + GYNECO,DOM,1
81,PTG,CSC + GYNECO,HC,1
81,PTH,CSC + GYNECO,DOM,1
81,PTH,CSC + GYNECO,HC_HDJ,1
82,PTH,CSC + GYNECO,DOM,1
82,PTH,CSC + GYNECO,HC,1
83,PTG,CSC + GYNECO,HC,1
83,PTH,CSC + GYNECO,HC,1
86,PTG,CSC + GYNECO,DOM,1
87,PTG,CSC + GYNECO,HDJ,1
90,PTH,CSC + GYNECO,DOM,1
91,PTH,CSC + GYNECO,DOM,1
92,PTG,CSC + GYNECO,,1
92,PTG,CSC + GYNECO,HDJ,1
92,PTH,CSC + GYNECO,HC_HDJ,1
93,PTG,CSC + GYNECO,DOM,1
93,PTG,CSC + GYNECO,HC,1
93,PTH,CSC + GYNECO,DOM,1
94,PTH,CSC + GYNECO,DOM,1
94,PTH,CSC + GYNECO,HC,1
97,PTG,CSC + GYNECO + OPH,DOM,3
33,PTH,CSC + GYNECO + OPH,HC,2
59,PTH,CSC + GYNECO + OPH,DOM,2
77,PTH,CSC + GYNECO + OPH,DOM,2
13,PTG,CSC + GYNECO + OPH,DOM,1
13,PTH,CSC + GYNECO + OPH,HC,1
16,PTH,CSC + GYNECO + OPH,DOM,1
26,PTH,CSC + GYNECO + OPH,DOM,1
27,PTH,CSC + GYNECO + OPH,DOM,1
29,PTH,CSC + GYNECO + OPH,DOM,1
31,PTG,CSC + GYNECO + OPH,DOM,1
35,PTH,CSC + GYNECO + OPH,DOM,1
45,PTG,CSC + GYNECO + OPH,DOM,1
53,PTG,CSC + GYNECO + OPH,HC,1
57,PTG,CSC + GYNECO + OPH,DOM,1
57,PTH,CSC + GYNECO + OPH,DOM,1
59,PTG,CSC + GYNECO + OPH,DOM,1
59,PTH,CSC + GYNECO + OPH,HC,1
60,PTH,CSC + GYNECO + OPH,DOM,1
60,PTH,CSC + GYNECO + OPH,HC,1
64,PTG,CSC + GYNECO + OPH,HC,1
65,PTH,CSC + GYNECO + OPH,DOM,1
65,PTH,CSC + GYNECO + OPH,HC,1
66,PTG,CSC + GYNECO + OPH,DOM,1
66,PTH,CSC + GYNECO + OPH,HC,1
68,PTH,CSC + GYNECO + OPH,HC,1
75,PTH,CSC + GYNECO + OPH,DOM,1
78,PTG,CSC + GYNECO + OPH,HC,1
83,PTG,CSC + GYNECO + OPH,HC,1
84,PTH,CSC + GYNECO + OPH,DOM,1
84,PTH,CSC + GYNECO + OPH,HC,1
86,PTH,CSC + GYNECO + OPH,HC,1
88,PTG,CSC + GYNECO + OPH,HC,1
91,PTG,CSC + GYNECO + OPH,HC_HDJ,1
92,PTH,CSC + GYNECO + OPH,DOM,1
94,PTG,CSC + GYNECO + OPH,DOM,1
95,PTG,CSC + GYNECO + OPH,HC,1
97,PTG,CSC + GYNECO + OPH,HC,1
99,PTG,CSC + GYNECO + OPH,DOM,1
13,PTG,CSC + GYNECO + OPH + ORL,HC,1
17,PTH,CSC + GYNECO + OPH + ORL,,1
92,PTG,CSC + GYNECO + OPH + ORL,HC,1
94,PTG,CSC + GYNECO + OPH + ORL,DOM,1
60,PTH,CSC + GYNECO + OPH + ORL + RHUMA,DOM,1
61,PTH,CSC + GYNECO + OPH + ORL + RHUMA,HC,1
33,PTH,CSC + GYNECO + OPH + RHUMA,DOM,2
94,PTH,CSC + GYNECO + OPH + RHUMA,HC,2
2,PTG,CSC + GYNECO + OPH + RHUMA,DOM,1
11,PTG,CSC + GYNECO + OPH + RHUMA,HC,1
13,PTH,CSC + GYNECO + OPH + RHUMA,DOM,1
38,PTH,CSC + GYNECO + OPH + RHUMA,DOM,1
56,PTG,CSC + GYNECO + OPH + RHUMA,DOM,1
59,PTG,CSC + GYNECO + OPH + RHUMA,DOM,1
59,PTH,CSC + GYNECO + OPH + RHUMA,DOM,1
62,PTG,CSC + GYNECO + OPH + RHUMA,HC,1
64,PTG,CSC + GYNECO + OPH + RHUMA,HC,1
75,PTH,CSC + GYNECO + OPH + RHUMA,DOM,1
77,PTH,CSC + GYNECO + OPH + RHUMA,DOM,1
78,PTH,CSC + GYNECO + OPH + RHUMA,DOM,1
87,PTG,CSC + GYNECO + OPH + RHUMA,HDJ,1
92,PTH,CSC + GYNECO + OPH + RHUMA,DOM,1
94,PTG,CSC + GYNECO + OPH + RHUMA,DOM,1
95,PTG,CSC + GYNECO + OPH + RHUMA,HC,1
29,PTG,CSC + GYNECO + OPH + URO,DOM,1
57,PTG,CSC + GYNECO + OPH + URO,DOM,1
59,PTG,CSC + GYNECO + ORL,HC,2
7,PTH,CSC + GYNECO + ORL,DOM,1
30,PTG,CSC + GYNECO + ORL,HDJ,1
33,PTG,CSC + GYNECO + ORL,HC,1
41,PTH,CSC + GYNECO + ORL,HC,1
59,PTH,CSC + GYNECO + ORL,DOM,1
69,PTG,CSC + GYNECO + ORL,HC,1
70,PTG,CSC + GYNECO + ORL,HC,1
75,PTH,CSC + GYNECO + ORL,DOM,1
77,PTG,CSC + GYNECO + ORL,HC_HDJ,1
91,PTH,CSC + GYNECO + ORL,HC,1
95,PTH,CSC + GYNECO + ORL,DOM,1
97,PTG,CSC + GYNECO + ORL,HC,1
13,PTG,CSC + GYNECO + ORL + RHUMA,DOM,1
28,PTH,CSC + GYNECO + ORL + RHUMA,DOM,1
33,PTH,CSC + GYNECO + ORL + RHUMA,HC,1
59,PTH,CSC + GYNECO + ORL + RHUMA,DOM,1
67,PTG,CSC + GYNECO + ORL + RHUMA,DOM,1
67,PTH,CSC + GYNECO + ORL + RHUMA,HC,1
75,PTG,CSC + GYNECO + ORL + RHUMA,DOM,1
75,PTG,CSC + GYNECO + ORL + RHUMA,HC,1
78,PTH,CSC + GYNECO + ORL + RHUMA,HC,1
59,PTH,CSC + GYNECO + RHUMA,DOM,4
75,PTH,CSC + GYNECO + RHUMA,DOM,4
92,PTH,CSC + GYNECO + RHUMA,DOM,4
83,PTH,CSC + GYNECO + RHUMA,DOM,3
12,PTG,CSC + GYNECO + RHUMA,HC,2
13,PTH,CSC + GYNECO + RHUMA,HC,2
14,PTH,CSC + GYNECO + RHUMA,DOM,2
22,PTG,CSC + GYNECO + RHUMA,HC,2
33,PTH,CSC + GYNECO + RHUMA,DOM,2
33,PTH,CSC + GYNECO + RHUMA,HC,2
34,PTH,CSC + GYNECO + RHUMA,HC,2
35,PTH,CSC + GYNECO + RHUMA,DOM,2
68,PTH,CSC + GYNECO + RHUMA,HC,2
74,PTG,CSC + GYNECO + RHUMA,HC,2
77,PTH,CSC + GYNECO + RHUMA,DOM,2
78,PTH,CSC + GYNECO + RHUMA,DOM,2
93,PTH,CSC + GYNECO + RHUMA,DOM,2
95,PTG,CSC + GYNECO + RHUMA,HC,2
4,PTG,CSC + GYNECO + RHUMA,DOM,1
6,PTG,CSC + GYNECO + RHUMA,DOM,1
6,PTG,CSC + GYNECO + RHUMA,HC,1
6,PTH,CSC + GYNECO + RHUMA,,1
13,PTG,CSC + GYNECO + RHUMA,DOM,1
18,PTG,CSC + GYNECO + RHUMA,HC_HDJ,1
20,PTH,CSC + GYNECO + RHUMA,,1
22,PTG,CSC + GYNECO + RHUMA,DOM,1
25,PTG,CSC + GYNECO + RHUMA,HC,1
26,PTH,CSC + GYNECO + RHUMA,DOM,1
27,PTH,CSC + GYNECO + RHUMA,HC,1
29,PTG,CSC + GYNECO + RHUMA,DOM,1
31,PTG,CSC + GYNECO + RHUMA,HC,1
35,PTG,CSC + GYNECO + RHUMA,HC,1
37,PTH,CSC + GYNECO + RHUMA,,1
38,PTH,CSC + GYNECO + RHUMA,DOM,1
44,PTG,CSC + GYNECO + RHUMA,HC,1
44,PTH,CSC + GYNECO + RHUMA,HC,1
45,PTH,CSC + GYNECO + RHUMA,DOM,1
54,PTH,CSC + GYNECO + RHUMA,DOM,1
57,PTG,CSC + GYNECO + RHUMA,HC,1
59,PTH,CSC + GYNECO + RHUMA,HC,1
60,PTG,CSC + GYNECO + RHUMA,,1
60,PTH,CSC + GYNECO + RHUMA,DOM,1
64,PTG,CSC + GYNECO + RHUMA,HC_HDJ,1
65,PTG,CSC + GYNECO + RHUMA,HC,1
65,PTH,CSC + GYNECO + RHUMA,DOM,1
65,PTH,CSC + GYNECO + RHUMA,HC,1
67,PTH,CSC + GYNECO + RHUMA,DOM,1
68,PTH,CSC + GYNECO + RHUMA,DOM,1
71,PTG,CSC + GYNECO + RHUMA,HDJ,1
75,PTG,CSC + GYNECO + RHUMA,,1
75,PTG,CSC + GYNECO + RHUMA,HDJ,1
75,PTH,CSC + GYNECO + RHUMA,HC,1
75,PTH,CSC + GYNECO + RHUMA,HC_HDJ,1
78,PTG,CSC + GYNECO + RHUMA,HC,1
79,PTH,CSC + GYNECO + RHUMA,HC,1
81,PTG,CSC + GYNECO + RHUMA,DOM,1
82,PTH,CSC + GYNECO + RHUMA,HC,1
83,PTG,CSC + GYNECO + RHUMA,HC,1
84,PTH,CSC + GYNECO + RHUMA,DOM,1
91,PTG,CSC + GYNECO + RHUMA,DOM,1
91,PTG,CSC + GYNECO + RHUMA,HC_HDJ,1
91,PTH,CSC + GYNECO + RHUMA,DOM,1
92,PTG,CSC + GYNECO + RHUMA,HC_HDJ,1
93,PTG,CSC + GYNECO + RHUMA,HC_HDJ,1
94,PTG,CSC + GYNECO + RHUMA,DOM,1
94,PTG,CSC + GYNECO + RHUMA,HC,1
94,PTH,CSC + GYNECO + RHUMA,DOM,1
95,PTH,CSC + GYNECO + RHUMA,DOM,1
95,PTH,CSC + GYNECO + RHUMA,HC,1
97,PTG,CSC + GYNECO + RHUMA,DOM,1
20,PTG,CSC + GYNECO + RHUMA + URO,,1
33,PTG,CSC + GYNECO + RHUMA + URO,HC,1
91,PTG,CSC + GYNECO + URO,HC,2
14,PTH,CSC + GYNECO + URO,HC,1
35,PTH,CSC + GYNECO + URO,HC_HDJ,1
54,PTG,CSC + GYNECO + URO,HC,1
59,PTG,CSC + GYNECO + URO,HC,1
68,PTG,CSC + GYNECO + URO,HC,1
76,PTH,CSC + GYNECO + URO,HC,1
59,PTG,CSC + OPH,HC,21
59,PTH,CSC + OPH,DOM,18
59,PTG,CSC + OPH,DOM,15
76,PTH,CSC + OPH,DOM,13
29,PTH,CSC + OPH,DOM,12
91,PTH,CSC + OPH,DOM,12
97,PTG,CSC + OPH,DOM,12
77,PTH,CSC + OPH,DOM,11
31,PTG,CSC + OPH,HC,10
33,PTG,CSC + OPH,DOM,10
59,PTH,CSC + OPH,HC,10
84,PTG,CSC + OPH,DOM,10
13,PTH,CSC + OPH,DOM,9
27,PTG,CSC + OPH,DOM,9
33,PTH,CSC + OPH,DOM,9
44,PTG,CSC + OPH,DOM,9
44,PTH,CSC + OPH,DOM,9
78,PTH,CSC + OPH,DOM,9
2,PTH,CSC + OPH,DOM,8
13,PTG,CSC + OPH,HC,8
13,PTH,CSC + OPH,HC,8
62,PTG,CSC + OPH,DOM,8
62,PTH,CSC + OPH,DOM,8
64,PTH,CSC + OPH,DOM,8
72,PTH,CSC + OPH,DOM,8
95,PTH,CSC + OPH,DOM,8
97,PTG,CSC + OPH,HC,8
14,PTH,CSC + OPH,HC,7
29,PTH,CSC + OPH,HC,7
45,PTG,CSC + OPH,HC,7
60,PTG,CSC + OPH,HC,7
66,PTG,CSC + OPH,DOM,7
83,PTH,CSC + OPH,DOM,7
93,PTG,CSC + OPH,HC,7
94,PTH,CSC + OPH,DOM,7
16,PTH,CSC + OPH,HC,6
24,PTH,CSC + OPH,DOM,6
27,PTH,CSC + OPH,DOM,6
29,PTG,CSC + OPH,DOM,6
31,PTG,CSC + OPH,DOM,6
33,PTG,CSC + OPH,HC,6
35,PTH,CSC + OPH,HC,6
40,PTG,CSC + OPH,HC,6
60,PTG,CSC + OPH,DOM,6
68,PTG,CSC + OPH,HC,6
76,PTG,CSC + OPH,DOM,6
76,PTH,CSC + OPH,HC,6
91,PTG,CSC + OPH,HC,6
92,PTH,CSC + OPH,DOM,6
94,PTG,CSC + OPH,HC,6
6,PTH,CSC + OPH,HC,5
13,PTG,CSC + OPH,DOM,5
22,PTG,CSC + OPH,HC,5
24,PTG,CSC + OPH,DOM,5
26,PTG,CSC + OPH,DOM,5
28,PTH,CSC + OPH,DOM,5
34,PTG,CSC + OPH,HC,5
40,PTG,CSC + OPH,DOM,5
50,PTH,CSC + OPH,DOM,5
56,PTH,CSC + OPH,DOM,5
59,PTG,CSC + OPH,HDJ,5
62,PTG,CSC + OPH,HC,5
65,PTH,CSC + OPH,HC,5
66,PTG,CSC + OPH,HC,5
68,PTH,CSC + OPH,HC,5
81,PTH,CSC + OPH,DOM,5
86,PTH,CSC + OPH,DOM,5
93,PTH,CSC + OPH,HC,5
94,PTG,CSC + OPH,DOM,5
95,PTG,CSC + OPH,DOM,5
6,PTG,CSC + OPH,DOM,4
11,PTG,CSC + OPH,HC,4
12,PTG,CSC + OPH,HC,4
14,PTH,CSC + OPH,DOM,4
17,PTG,CSC + OPH,DOM,4
17,PTG,CSC + OPH,HC,4
22,PTG,CSC + OPH,DOM,4
22,PTH,CSC + OPH,DOM,4
28,PTG,CSC + OPH,DOM,4
30,PTG,CSC + OPH,HC,4
30,PTH,CSC + OPH,DOM,4
31,PTH,CSC + OPH,DOM,4
34,PTH,CSC + OPH,DOM,4
34,PTH,CSC + OPH,HC,4
45,PTH,CSC + OPH,DOM,4
67,PTG,CSC + OPH,DOM,4
68,PTG,CSC + OPH,HDJ,4
72,PTG,CSC + OPH,DOM,4
75,PTH,CSC + OPH,DOM,4
77,PTG,CSC + OPH,DOM,4
77,PTG,CSC + OPH,HC,4
79,PTH,CSC + OPH,DOM,4
81,PTG,CSC + OPH,DOM,4
83,PTG,CSC + OPH,DOM,4
83,PTG,CSC + OPH,HC,4
84,PTH,CSC + OPH,DOM,4
92,PTG,CSC + OPH,HC,4
92,PTH,CSC + OPH,HC,4
93,PTG,CSC + OPH,DOM,4
93,PTH,CSC + OPH,DOM,4
95,PTG,CSC + OPH,HC,4
1,PTH,CSC + OPH,HC,3
2,PTG,CSC + OPH,DOM,3
3,PTH,CSC + OPH,DOM,3
6,PTG,CSC + OPH,HC,3
6,PTH,CSC + OPH,,3
7,PTG,CSC + OPH,HC,3
16,PTH,CSC + OPH,DOM,3
17,PTH,CSC + OPH,DOM,3
18,PTH,CSC + OPH,DOM,3
22,PTH,CSC + OPH,HC,3
25,PTH,CSC + OPH,DOM,3
26,PTH,CSC + OPH,DOM,3
28,PTG,CSC + OPH,HC,3
29,PTG,CSC + OPH,HC,3
30,PTG,CSC + OPH,DOM,3
32,PTH,CSC + OPH,DOM,3
33,PTH,CSC + OPH,HC,3
35,PTG,CSC + OPH,DOM,3
35,PTH,CSC + OPH,DOM,3
38,PTG,CSC + OPH,DOM,3
38,PTH,CSC + OPH,DOM,3
41,PTG,CSC + OPH,HC,3
41,PTH,CSC + OPH,DOM,3
43,PTH,CSC + OPH,HC,3
45,PTH,CSC + OPH,HC,3
47,PTG,CSC + OPH,HC,3
49,PTG,CSC + OPH,DOM,3
50,PTG,CSC + OPH,HC,3
50,PTH,CSC + OPH,HC,3
51,PTH,CSC + OPH,DOM,3
54,PTH,CSC + OPH,DOM,3
57,PTG,CSC + OPH,DOM,3
57,PTG,CSC + OPH,HDJ,3
57,PTH,CSC + OPH,DOM,3
58,PTG,CSC + OPH,DOM,3
58,PTH,CSC + OPH,DOM,3
60,PTH,CSC + OPH,DOM,3
62,PTH,CSC + OPH,HC,3
63,PTG,CSC + OPH,DOM,3
64,PTH,CSC + OPH,HC,3
65,PTH,CSC + OPH,DOM,3
67,PTH,CSC + OPH,DOM,3
68,PTH,CSC + OPH,DOM,3
72,PTH,CSC + OPH,HC,3
75,PTG,CSC + OPH,HC,3
75,PTH,CSC + OPH,HC,3
79,PTG,CSC + OPH,DOM,3
80,PTG,CSC + OPH,HC,3
82,PTH,CSC + OPH,HC,3
83,PTH,CSC + OPH,HC,3
84,PTG,CSC + OPH,HC,3
87,PTH,CSC + OPH,DOM,3
91,PTG,CSC + OPH,DOM,3
91,PTG,CSC + OPH,HDJ,3
94,PTH,CSC + OPH,HC,3
95,PTH,CSC + OPH,HC,3
97,PTH,CSC + OPH,DOM,3
99,PTG,CSC + OPH,HC,3
3,PTG,CSC + OPH,DOM,2
6,PTG,CSC + OPH,,2
6,PTH,CSC + OPH,DOM,2
7,PTG,CSC + OPH,DOM,2
9,PTG,CSC + OPH,HC,2
9,PTH,CSC + OPH,DOM,2
10,PTG,CSC + OPH,DOM,2
11,PTH,CSC + OPH,HC,2
13,PTG,CSC + OPH,HDJ,2
14,PTG,CSC + OPH,DOM,2
16,PTG,CSC + OPH,HC,2
18,PTG,CSC + OPH,HC,2
19,PTH,CSC + OPH,DOM,2
20,PTG,CSC + OPH,HC,2
21,PTH,CSC + OPH,DOM,2
24,PTG,CSC + OPH,HC,2
24,PTH,CSC + OPH,HC,2
25,PTG,CSC + OPH,DOM,2
25,PTG,CSC + OPH,HC,2
26,PTH,CSC + OPH,HC,2
27,PTG,CSC + OPH,HC,2
30,PTH,CSC + OPH,HC,2
31,PTG,CSC + OPH,,2
31,PTH,CSC + OPH,HC,2
32,PTG,CSC + OPH,DOM,2
36,PTH,CSC + OPH,DOM,2
37,PTH,CSC + OPH,DOM,2
37,PTH,CSC + OPH,HC,2
40,PTH,CSC + OPH,DOM,2
42,PTH,CSC + OPH,HC,2
43,PTG,CSC + OPH,HC,2
44,PTG,CSC + OPH,HC,2
45,PTG,CSC + OPH,DOM,2
46,PTG,CSC + OPH,DOM,2
47,PTG,CSC + OPH,DOM,2
51,PTG,CSC + OPH,DOM,2
56,PTG,CSC + OPH,DOM,2
56,PTG,CSC + OPH,HC,2
64,PTG,CSC + OPH,HC,2
65,PTG,CSC + OPH,DOM,2
65,PTG,CSC + OPH,HC,2
66,PTH,CSC + OPH,DOM,2
67,PTG,CSC + OPH,HC,2
67,PTH,CSC + OPH,HC,2
68,PTG,CSC + OPH,DOM,2
69,PTG,CSC + OPH,DOM,2
69,PTH,CSC + OPH,HC,2
74,PTH,CSC + OPH,HC,2
76,PTG,CSC + OPH,HC,2
78,PTG,CSC + OPH,DOM,2
78,PTG,CSC + OPH,HC,2
78,PTH,CSC + OPH,HC,2
80,PTG,CSC + OPH,DOM,2
80,PTH,CSC + OPH,DOM,2
83,PTG,CSC + OPH,HDJ,2
85,PTG,CSC + OPH,DOM,2
85,PTH,CSC + OPH,DOM,2
86,PTG,CSC + OPH,HC,2
88,PTG,CSC + OPH,DOM,2
92,PTG,CSC + OPH,DOM,2
97,PTG,CSC + OPH,HDJ,2
1,PTG,CSC + OPH,DOM,1
1,PTH,CSC + OPH,DOM,1
4,PTG,CSC + OPH,HC,1
5,PTH,CSC + OPH,HC,1
7,PTG,CSC + OPH,HDJ,1
10,PTH,CSC + OPH,DOM,1
10,PTH,CSC + OPH,HC,1
11,PTH,CSC + OPH,,1
11,PTH,CSC + OPH,DOM,1
12,PTG,CSC + OPH,DOM,1
12,PTH,CSC + OPH,DOM,1
12,PTH,CSC + OPH,HC,1
13,PTG,CSC + OPH,HC_HDJ,1
13,PTH,CSC + OPH,HC_HDJ,1
13,PTH,CSC + OPH,HDJ,1
14,PTG,CSC + OPH,HC,1
14,PTH,CSC + OPH,,1
16,PTG,CSC + OPH,DOM,1
17,PTG,CSC + OPH,,1
17,PTH,CSC + OPH,HC,1
18,PTG,CSC + OPH,DOM,1
18,PTH,CSC + OPH,HC,1
19,PTG,CSC + OPH,HC,1
19,PTH,CSC + OPH,HC,1
20,PTH,CSC + OPH,DOM,1
20,PTH,CSC + OPH,HC,1
21,PTG,CSC + OPH,DOM,1
23,PTH,CSC + OPH,HC,1
25,PTH,CSC + OPH,HC,1
27,PTH,CSC + OPH,,1
27,PTH,CSC + OPH,HC,1
28,PTH,CSC + OPH,HC,1
29,PTG,CSC + OPH,HDJ,1
29,PTH,CSC + OPH,,1
29,PTH,CSC + OPH,HC_HDJ,1
30,PTG,CSC + OPH,,1
30,PTH,CSC + OPH,,1
31,PTG,CSC + OPH,HDJ,1
31,PTH,CSC + OPH,,1
31,PTH,CSC + OPH,HC_HDJ,1
31,PTH,CSC + OPH,HDJ,1
32,PTG,CSC + OPH,HC,1
33,PTH,CSC + OPH,,1
34,PTG,CSC + OPH,,1
34,PTH,CSC + OPH,,1
35,PTG,CSC + OPH,HC,1
36,PTG,CSC + OPH,DOM,1
36,PTG,CSC + OPH,HC,1
37,PTG,CSC + OPH,HC,1
38,PTH,CSC + OPH,HC,1
39,PTH,CSC + OPH,DOM,1
40,PTH,CSC + OPH,HDJ,1
41,PTG,CSC + OPH,HC_HDJ,1
41,PTH,CSC + OPH,HC,1
42,PTH,CSC + OPH,DOM,1
44,PTH,CSC + OPH,HC,1
46,PTH,CSC + OPH,DOM,1
47,PTH,CSC + OPH,DOM,1
47,PTH,CSC + OPH,HC,1
48,PTG,CSC + OPH,HC,1
48,PTH,CSC + OPH,HC,1
49,PTH,CSC + OPH,DOM,1
51,PTG,CSC + OPH,HC,1
51,PTH,CSC + OPH,HC,1
52,PTH,CSC + OPH,HC,1
53,PTG,CSC + OPH,DOM,1
54,PTG,CSC + OPH,DOM,1
54,PTG,CSC + OPH,HC,1
55,PTG,CSC + OPH,HC,1
56,PTH,CSC + OPH,HC,1
57,PTG,CSC + OPH,HC,1
58,PTG,CSC + OPH,HC,1
59,PTH,CSC + OPH,,1
60,PTG,CSC + OPH,,1
60,PTG,CSC + OPH,HDJ,1
60,PTH,CSC + OPH,,1
60,PTH,CSC + OPH,HC,1
61,PTG,CSC + OPH,HC,1
61,PTH,CSC + OPH,HC,1
63,PTG,CSC + OPH,,1
63,PTG,CSC + OPH,HC_HDJ,1
63,PTH,CSC + OPH,,1
63,PTH,CSC + OPH,DOM,1
64,PTG,CSC + OPH,DOM,1
64,PTG,CSC + OPH,HDJ,1
64,PTH,CSC + OPH,,1
65,PTG,CSC + OPH,,1
65,PTH,CSC + OPH,,1
66,PTG,CSC + OPH,HDJ,1
66,PTH,CSC + OPH,HC,1
67,PTH,CSC + OPH,,1
68,PTH,CSC + OPH,,1
69,PTG,CSC + OPH,HDJ,1
69,PTH,CSC + OPH,DOM,1
70,PTG,CSC + OPH,DOM,1
70,PTG,CSC + OPH,HC,1
70,PTH,CSC + OPH,,1
70,PTH,CSC + OPH,DOM,1
71,PTH,CSC + OPH,HC,1
72,PTG,CSC + OPH,HC_HDJ,1
72,PTH,CSC + OPH,,1
73,PTG,CSC + OPH,HC,1
74,PTG,CSC + OPH,DOM,1
74,PTG,CSC + OPH,HDJ,1
74,PTH,CSC + OPH,DOM,1
75,PTG,CSC + OPH,,1
75,PTG,CSC + OPH,HC_HDJ,1
75,PTG,CSC + OPH,HDJ,1
76,PTG,CSC + OPH,HDJ,1
77,PTG,CSC + OPH,HC_HDJ,1
77,PTG,CSC + OPH,HDJ,1
77,PTH,CSC + OPH,,1
78,PTG,CSC + OPH,,1
78,PTG,CSC + OPH,HDJ,1
78,PTH,CSC + OPH,,1
79,PTG,CSC + OPH,HC,1
80,PTH,CSC + OPH,,1
81,PTH,CSC + OPH,HC,1
82,PTG,CSC + OPH,DOM,1
82,PTG,CSC + OPH,HC,1
83,PTG,CSC + OPH,HC_HDJ,1
83,PTH,CSC + OPH,HDJ,1
84,PTH,CSC + OPH,HC,1
85,PTG,CSC + OPH,HC,1
87,PTG,CSC + OPH,HC,1
87,PTG,CSC + OPH,HDJ,1
88,PTH,CSC + OPH,DOM,1
89,PTG,CSC + OPH,DOM,1
89,PTH,CSC + OPH,DOM,1
90,PTG,CSC + OPH,HC,1
91,PTH,CSC + OPH,HC,1
91,PTH,CSC + OPH,HDJ,1
92,PTG,CSC + OPH,HC_HDJ,1
92,PTH,CSC + OPH,,1
94,PTG,CSC + OPH,,1
94,PTH,CSC + OPH,HC_HDJ,1
95,PTG,CSC + OPH,,1
97,PTG,CSC + OPH,,1
97,PTG,CSC + OPH,HC_HDJ,1
99,PTG,CSC + OPH,DOM,1
209,PTH,CSC + OPH,DOM,1
13,PTH,CSC + OPH + ORL,DOM,2
31,PTH,CSC + OPH + ORL,HC,2
59,PTG,CSC + OPH + ORL,DOM,2
60,PTH,CSC + OPH + ORL,HC,2
84,PTH,CSC + OPH + ORL,DOM,2
93,PTH,CSC + OPH + ORL,DOM,2
2,PTH,CSC + OPH + ORL,HC,1
6,PTH,CSC + OPH + ORL,HC,1
10,PTH,CSC + OPH + ORL,DOM,1
17,PTG,CSC + OPH + ORL,DOM,1
17,PTG,CSC + OPH + ORL,HC,1
18,PTH,CSC + OPH + ORL,DOM,1
20,PTG,CSC + OPH + ORL,,1
22,PTH,CSC + OPH + ORL,DOM,1
24,PTH,CSC + OPH + ORL,DOM,1
25,PTH,CSC + OPH + ORL,HC,1
27,PTH,CSC + OPH + ORL,DOM,1
28,PTG,CSC + OPH + ORL,DOM,1
29,PTH,CSC + OPH + ORL,HC,1
32,PTH,CSC + OPH + ORL,HC,1
33,PTG,CSC + OPH + ORL,DOM,1
33,PTG,CSC + OPH + ORL,HC,1
35,PTG,CSC + OPH + ORL,DOM,1
39,PTG,CSC + OPH + ORL,HC,1
40,PTG,CSC + OPH + ORL,HC,1
53,PTH,CSC + OPH + ORL,DOM,1
54,PTG,CSC + OPH + ORL,DOM,1
56,PTG,CSC + OPH + ORL,DOM,1
58,PTH,CSC + OPH + ORL,DOM,1
59,PTG,CSC + OPH + ORL,HC,1
59,PTH,CSC + OPH + ORL,HC,1
62,PTG,CSC + OPH + ORL,DOM,1
62,PTH,CSC + OPH + ORL,DOM,1
64,PTG,CSC + OPH + ORL,HC,1
76,PTG,CSC + OPH + ORL,DOM,1
76,PTH,CSC + OPH + ORL,DOM,1
77,PTH,CSC + OPH + ORL,DOM,1
77,PTH,CSC + OPH + ORL,HC_HDJ,1
78,PTG,CSC + OPH + ORL,HC,1
78,PTH,CSC + OPH + ORL,HC,1
78,PTH,CSC + OPH + ORL,HDJ,1
79,PTG,CSC + OPH + ORL,DOM,1
83,PTG,CSC + OPH + ORL,DOM,1
83,PTH,CSC + OPH + ORL,DOM,1
92,PTG,CSC + OPH + ORL,HC,1
95,PTH,CSC + OPH + ORL,DOM,1
97,PTG,CSC + OPH + ORL,HC,1
97,PTH,CSC + OPH + ORL,,1
12,PTH,CSC + OPH + ORL + RHUMA,HC,1
13,PTG,CSC + OPH + ORL + RHUMA,DOM,1
25,PTG,CSC + OPH + ORL + RHUMA,HC,1
28,PTH,CSC + OPH + ORL + RHUMA,DOM,1
31,PTG,CSC + OPH + ORL + RHUMA,HC,1
35,PTG,CSC + OPH + ORL + RHUMA,HC,1
60,PTG,CSC + OPH + ORL + RHUMA,HC,1
64,PTG,CSC + OPH + ORL + RHUMA,DOM,1
68,PTG,CSC + OPH + ORL + RHUMA,DOM,1
75,PTG,CSC + OPH + ORL + RHUMA,HC,1
78,PTH,CSC + OPH + ORL + RHUMA,HC,1
89,PTH,CSC + OPH + ORL + RHUMA,HC,1
91,PTG,CSC + OPH + ORL + RHUMA,HDJ,1
68,PTG,CSC + OPH + ORL + RHUMA + URO,HC,1
75,PTG,CSC + OPH + ORL + RHUMA + URO,,1
75,PTG,CSC + OPH + ORL + RHUMA + URO,HC,1
80,PTH,CSC + OPH + ORL + RHUMA + URO,DOM,1
94,PTH,CSC + OPH + ORL + RHUMA + URO,,1
24,PTG,CSC + OPH + ORL + URO,HC,1
31,PTG,CSC + OPH + ORL + URO,HDJ,1
58,PTH,CSC + OPH + ORL + URO,DOM,1
94,PTG,CSC + OPH + ORL + URO,DOM,1
94,PTH,CSC + OPH + ORL + URO,DOM,1
29,PTH,CSC + OPH + RHUMA,DOM,5
33,PTG,CSC + OPH + RHUMA,HC,5
6,PTH,CSC + OPH + RHUMA,DOM,4
31,PTH,CSC + OPH + RHUMA,DOM,4
31,PTH,CSC + OPH + RHUMA,HC,4
60,PTH,CSC + OPH + RHUMA,DOM,4
60,PTH,CSC + OPH + RHUMA,HC,4
75,PTG,CSC + OPH + RHUMA,HC,4
76,PTH,CSC + OPH + RHUMA,DOM,4
78,PTH,CSC + OPH + RHUMA,DOM,4
92,PTH,CSC + OPH + RHUMA,DOM,4
10,PTH,CSC + OPH + RHUMA,DOM,3
13,PTG,CSC + OPH + RHUMA,HC,3
13,PTH,CSC + OPH + RHUMA,HC,3
31,PTG,CSC + OPH + RHUMA,HC,3
32,PTG,CSC + OPH + RHUMA,DOM,3
33,PTG,CSC + OPH + RHUMA,DOM,3
35,PTG,CSC + OPH + RHUMA,DOM,3
38,PTH,CSC + OPH + RHUMA,DOM,3
59,PTH,CSC + OPH + RHUMA,DOM,3
64,PTG,CSC + OPH + RHUMA,HC,3
75,PTH,CSC + OPH + RHUMA,DOM,3
77,PTH,CSC + OPH + RHUMA,DOM,3
78,PTG,CSC + OPH + RHUMA,HC,3
78,PTG,CSC + OPH + RHUMA,HC_HDJ,3
91,PTG,CSC + OPH + RHUMA,HC,3
92,PTG,CSC + OPH + RHUMA,HC,3
92,PTH,CSC + OPH + RHUMA,HC,3
94,PTH,CSC + OPH + RHUMA,HC,3
95,PTH,CSC + OPH + RHUMA,DOM,3
2,PTH,CSC + OPH + RHUMA,DOM,2
6,PTG,CSC + OPH + RHUMA,HC,2
6,PTH,CSC + OPH + RHUMA,HC,2
27,PTG,CSC + OPH + RHUMA,DOM,2
29,PTG,CSC + OPH + RHUMA,DOM,2
29,PTG,CSC + OPH + RHUMA,HC,2
30,PTG,CSC + OPH + RHUMA,HC,2
30,PTH,CSC + OPH + RHUMA,HC,2
33,PTH,CSC + OPH + RHUMA,DOM,2
34,PTH,CSC + OPH + RHUMA,DOM,2
35,PTH,CSC + OPH + RHUMA,DOM,2
46,PTH,CSC + OPH + RHUMA,DOM,2
50,PTG,CSC + OPH + RHUMA,HC,2
51,PTG,CSC + OPH + RHUMA,DOM,2
51,PTH,CSC + OPH + RHUMA,DOM,2
59,PTG,CSC + OPH + RHUMA,DOM,2
62,PTG,CSC + OPH + RHUMA,DOM,2
64,PTH,CSC + OPH + RHUMA,DOM,2
69,PTG,CSC + OPH + RHUMA,HC,2
69,PTH,CSC + OPH + RHUMA,DOM,2
71,PTH,CSC + OPH + RHUMA,DOM,2
75,PTH,CSC + OPH + RHUMA,HC,2
76,PTG,CSC + OPH + RHUMA,DOM,2
76,PTG,CSC + OPH + RHUMA,HDJ,2
77,PTG,CSC + OPH + RHUMA,HC,2
79,PTG,CSC + OPH + RHUMA,HC,2
79,PTH,CSC + OPH + RHUMA,DOM,2
93,PTG,CSC + OPH + RHUMA,HC,2
93,PTH,CSC + OPH + RHUMA,DOM,2
94,PTG,CSC + OPH + RHUMA,HC,2
1,PTH,CSC + OPH + RHUMA,DOM,1
2,PTG,CSC + OPH + RHUMA,HC,1
4,PTH,CSC + OPH + RHUMA,DOM,1
5,PTG,CSC + OPH + RHUMA,HC,1
5,PTG,CSC + OPH + RHUMA,HC_HDJ,1
6,PTG,CSC + OPH + RHUMA,DOM,1
8,PTH,CSC + OPH + RHUMA,DOM,1
8,PTH,CSC + OPH + RHUMA,HC,1
9,PTH,CSC + OPH + RHUMA,DOM,1
9,PTH,CSC + OPH + RHUMA,HC,1
11,PTG,CSC + OPH + RHUMA,HC,1
11,PTH,CSC + OPH + RHUMA,HC,1
13,PTG,CSC + OPH + RHUMA,HC_HDJ,1
13,PTH,CSC + OPH + RHUMA,DOM,1
14,PTG,CSC + OPH + RHUMA,HDJ,1
14,PTH,CSC + OPH + RHUMA,HC,1
16,PTG,CSC + OPH + RHUMA,DOM,1
17,PTG,CSC + OPH + RHUMA,HC,1
18,PTG,CSC + OPH + RHUMA,HC,1
18,PTH,CSC + OPH + RHUMA,DOM,1
20,PTH,CSC + OPH + RHUMA,DOM,1
22,PTG,CSC + OPH + RHUMA,HDJ,1
22,PTH,CSC + OPH + RHUMA,DOM,1
24,PTH,CSC + OPH + RHUMA,DOM,1
25,PTH,CSC + OPH + RHUMA,HC,1
29,PTH,CSC + OPH + RHUMA,HC,1
30,PTH,CSC + OPH + RHUMA,DOM,1
31,PTG,CSC + OPH + RHUMA,DOM,1
31,PTG,CSC + OPH + RHUMA,HC_HDJ,1
31,PTH,CSC + OPH + RHUMA,HDJ,1
32,PTG,CSC + OPH + RHUMA,HC,1
32,PTH,CSC + OPH + RHUMA,DOM,1
34,PTG,CSC + OPH + RHUMA,HC,1
37,PTG,CSC + OPH + RHUMA,DOM,1
37,PTH,CSC + OPH + RHUMA,DOM,1
38,PTG,CSC + OPH + RHUMA,HC,1
40,PTG,CSC + OPH + RHUMA,HC,1
40,PTH,CSC + OPH + RHUMA,DOM,1
41,PTG,CSC + OPH + RHUMA,HC,1
41,PTH,CSC + OPH + RHUMA,HC,1
42,PTG,CSC + OPH + RHUMA,HC,1
44,PTH,CSC + OPH + RHUMA,HC,1
45,PTG,CSC + OPH + RHUMA,HC,1
45,PTH,CSC + OPH + RHUMA,DOM,1
49,PTG,CSC + OPH + RHUMA,DOM,1
51,PTH,CSC + OPH + RHUMA,HC,1
54,PTG,CSC + OPH + RHUMA,HC,1
56,PTH,CSC + OPH + RHUMA,HC,1
57,PTG,CSC + OPH + RHUMA,HDJ,1
58,PTH,CSC + OPH + RHUMA,,1
59,PTG,CSC + OPH + RHUMA,HC,1
59,PTG,CSC + OPH + RHUMA,HDJ,1
59,PTH,CSC + OPH + RHUMA,HC,1
60,PTG,CSC + OPH + RHUMA,DOM,1
60,PTG,CSC + OPH + RHUMA,HC,1
60,PTG,CSC + OPH + RHUMA,HC_HDJ,1
62,PTG,CSC + OPH + RHUMA,HC,1
62,PTH,CSC + OPH + RHUMA,DOM,1
63,PTG,CSC + OPH + RHUMA,HC_HDJ,1
63,PTH,CSC + OPH + RHUMA,DOM,1
64,PTH,CSC + OPH + RHUMA,HC,1
65,PTG,CSC + OPH + RHUMA,DOM,1
66,PTG,CSC + OPH + RHUMA,DOM,1
67,PTH,CSC + OPH + RHUMA,HC,1
68,PTG,CSC + OPH + RHUMA,DOM,1
68,PTG,CSC + OPH + RHUMA,HC,1
68,PTH,CSC + OPH + RHUMA,DOM,1
69,PTG,CSC + OPH + RHUMA,HC_HDJ,1
74,PTH,CSC + OPH + RHUMA,DOM,1
74,PTH,CSC + OPH + RHUMA,HC,1
75,PTG,CSC + OPH + RHUMA,DOM,1
76,PTG,CSC + OPH + RHUMA,HC,1
77,PTG,CSC + OPH + RHUMA,,1
77,PTG,CSC + OPH + RHUMA,DOM,1
77,PTG,CSC + OPH + RHUMA,HC_HDJ,1
78,PTG,CSC + OPH + RHUMA,,1
78,PTG,CSC + OPH + RHUMA,DOM,1
78,PTH,CSC + OPH + RHUMA,HC,1
78,PTH,CSC + OPH + RHUMA,HDJ,1
79,PTH,CSC + OPH + RHUMA,HC,1
80,PTG,CSC + OPH + RHUMA,DOM,1
80,PTH,CSC + OPH + RHUMA,HC,1
81,PTH,CSC + OPH + RHUMA,HC,1
82,PTG,CSC + OPH + RHUMA,DOM,1
83,PTG,CSC + OPH + RHUMA,DOM,1
83,PTG,CSC + OPH + RHUMA,HC,1
83,PTG,CSC + OPH + RHUMA,HDJ,1
83,PTH,CSC + OPH + RHUMA,HC,1
84,PTG,CSC + OPH + RHUMA,HC,1
84,PTH,CSC + OPH + RHUMA,HC,1
86,PTG,CSC + OPH + RHUMA,HC,1
87,PTG,CSC + OPH + RHUMA,HDJ,1
87,PTH,CSC + OPH + RHUMA,DOM,1
87,PTH,CSC + OPH + RHUMA,HC,1
89,PTH,CSC + OPH + RHUMA,HC,1
91,PTH,CSC + OPH + RHUMA,DOM,1
92,PTG,CSC + OPH + RHUMA,DOM,1
92,PTH,CSC + OPH + RHUMA,,1
92,PTH,CSC + OPH + RHUMA,HC_HDJ,1
93,PTG,CSC + OPH + RHUMA,DOM,1
94,PTG,CSC + OPH + RHUMA,HC_HDJ,1
94,PTH,CSC + OPH + RHUMA,DOM,1
95,PTG,CSC + OPH + RHUMA,DOM,1
97,PTH,CSC + OPH + RHUMA,DOM,1
6,PTH,CSC + OPH + RHUMA + URO,HC,1
13,PTH,CSC + OPH + RHUMA + URO,HC,1
30,PTG,CSC + OPH + RHUMA + URO,HC,1
31,PTG,CSC + OPH + RHUMA + URO,HC,1
33,PTG,CSC + OPH + RHUMA + URO,DOM,1
45,PTH,CSC + OPH + RHUMA + URO,HC,1
50,PTH,CSC + OPH + RHUMA + URO,DOM,1
54,PTH,CSC + OPH + RHUMA + URO,HC,1
56,PTH,CSC + OPH + RHUMA + URO,DOM,1
68,PTG,CSC + OPH + RHUMA + URO,DOM,1
78,PTG,CSC + OPH + RHUMA + URO,DOM,1
78,PTH,CSC + OPH + RHUMA + URO,HC,1
82,PTH,CSC + OPH + RHUMA + URO,HC,1
83,PTH,CSC + OPH + RHUMA + URO,DOM,1
84,PTH,CSC + OPH + RHUMA + URO,DOM,1
92,PTG,CSC + OPH + RHUMA + URO,HDJ,1
84,PTH,CSC + OPH + URO,DOM,3
60,PTH,CSC + OPH + URO,DOM,2
83,PTG,CSC + OPH + URO,HC,2
91,PTH,CSC + OPH + URO,HC,2
1,PTG,CSC + OPH + URO,HC,1
4,PTH,CSC + OPH + URO,HC,1
6,PTG,CSC + OPH + URO,HC_HDJ,1
6,PTH,CSC + OPH + URO,DOM,1
9,PTH,CSC + OPH + URO,HC,1
11,PTG,CSC + OPH + URO,HC,1
13,PTG,CSC + OPH + URO,HC,1
13,PTG,CSC + OPH + URO,HDJ,1
13,PTH,CSC + OPH + URO,HC,1
17,PTH,CSC + OPH + URO,DOM,1
19,PTG,CSC + OPH + URO,HC,1
20,PTH,CSC + OPH + URO,DOM,1
22,PTG,CSC + OPH + URO,HC,1
22,PTH,CSC + OPH + URO,DOM,1
24,PTG,CSC + OPH + URO,DOM,1
29,PTH,CSC + OPH + URO,DOM,1
29,PTH,CSC + OPH + URO,HC,1
31,PTH,CSC + OPH + URO,DOM,1
32,PTG,CSC + OPH + URO,,1
33,PTH,CSC + OPH + URO,DOM,1
34,PTG,CSC + OPH + URO,DOM,1
35,PTH,CSC + OPH + URO,DOM,1
35,PTH,CSC + OPH + URO,HC,1
40,PTG,CSC + OPH + URO,HC,1
44,PTG,CSC + OPH + URO,DOM,1
45,PTH,CSC + OPH + URO,HC,1
46,PTH,CSC + OPH + URO,DOM,1
47,PTH,CSC + OPH + URO,DOM,1
56,PTG,CSC + OPH + URO,DOM,1
56,PTH,CSC + OPH + URO,DOM,1
57,PTG,CSC + OPH + URO,DOM,1
57,PTH,CSC + OPH + URO,DOM,1
60,PTG,CSC + OPH + URO,DOM,1
62,PTG,CSC + OPH + URO,HC,1
62,PTH,CSC + OPH + URO,DOM,1
65,PTG,CSC + OPH + URO,DOM,1
65,PTG,CSC + OPH + URO,HC,1
66,PTG,CSC + OPH + URO,DOM,1
67,PTH,CSC + OPH + URO,HC,1
68,PTG,CSC + OPH + URO,HC,1
71,PTG,CSC + OPH + URO,DOM,1
73,PTH,CSC + OPH + URO,DOM,1
74,PTG,CSC + OPH + URO,DOM,1
76,PTH,CSC + OPH + URO,DOM,1
77,PTG,CSC + OPH + URO,HC,1
80,PTH,CSC + OPH + URO,DOM,1
83,PTG,CSC + OPH + URO,HDJ,1
84,PTG,CSC + OPH + URO,DOM,1
87,PTG,CSC + OPH + URO,DOM,1
91,PTG,CSC + OPH + URO,HC,1
93,PTH,CSC + OPH + URO,DOM,1
93,PTH,CSC + OPH + URO,HC,1
95,PTG,CSC + OPH + URO,DOM,1
95,PTG,CSC + OPH + URO,HC,1
59,PTH,CSC + ORL,HC,7
13,PTG,CSC + ORL,HC,5
59,PTG,CSC + ORL,HC,5
30,PTG,CSC + ORL,HC,4
60,PTH,CSC + ORL,DOM,4
64,PTH,CSC + ORL,DOM,4
68,PTH,CSC + ORL,DOM,4
76,PTH,CSC + ORL,DOM,4
2,PTG,CSC + ORL,HC,3
14,PTH,CSC + ORL,DOM,3
14,PTH,CSC + ORL,HC,3
33,PTG,CSC + ORL,HC,3
33,PTH,CSC + ORL,DOM,3
33,PTH,CSC + ORL,HC,3
37,PTH,CSC + ORL,DOM,3
44,PTH,CSC + ORL,DOM,3
56,PTG,CSC + ORL,DOM,3
59,PTH,CSC + ORL,DOM,3
62,PTH,CSC + ORL,DOM,3
64,PTG,CSC + ORL,HC,3
67,PTH,CSC + ORL,DOM,3
68,PTG,CSC + ORL,HC,3
77,PTG,CSC + ORL,DOM,3
78,PTH,CSC + ORL,DOM,3
84,PTH,CSC + ORL,DOM,3
91,PTG,CSC + ORL,HC,3
91,PTH,CSC + ORL,DOM,3
94,PTG,CSC + ORL,HC,3
97,PTG,CSC + ORL,HC,3
8,PTH,CSC + ORL,HC,2
13,PTH,CSC + ORL,DOM,2
13,PTH,CSC + ORL,HC,2
14,PTG,CSC + ORL,HC,2
17,PTH,CSC + ORL,DOM,2
22,PTH,CSC + ORL,DOM,2
24,PTG,CSC + ORL,DOM,2
24,PTG,CSC + ORL,HC,2
27,PTG,CSC + ORL,DOM,2
27,PTH,CSC + ORL,DOM,2
33,PTG,CSC + ORL,DOM,2
34,PTH,CSC + ORL,HC,2
38,PTH,CSC + ORL,DOM,2
40,PTG,CSC + ORL,DOM,2
45,PTH,CSC + ORL,HC,2
49,PTG,CSC + ORL,DOM,2
50,PTH,CSC + ORL,HC,2
51,PTG,CSC + ORL,HC,2
56,PTG,CSC + ORL,HC,2
62,PTG,CSC + ORL,DOM,2
63,PTG,CSC + ORL,DOM,2
67,PTG,CSC + ORL,DOM,2
68,PTG,CSC + ORL,DOM,2
71,PTG,CSC + ORL,DOM,2
75,PTG,CSC + ORL,HC,2
76,PTG,CSC + ORL,DOM,2
79,PTH,CSC + ORL,DOM,2
81,PTG,CSC + ORL,HC,2
83,PTG,CSC + ORL,HC,2
83,PTH,CSC + ORL,HC,2
85,PTH,CSC + ORL,DOM,2
91,PTH,CSC + ORL,HC,2
92,PTG,CSC + ORL,HC,2
94,PTH,CSC + ORL,DOM,2
94,PTH,CSC + ORL,HC,2
95,PTG,CSC + ORL,HC,2
2,PTG,CSC + ORL,DOM,1
2,PTH,CSC + ORL,DOM,1
6,PTG,CSC + ORL,HC,1
6,PTH,CSC + ORL,HC,1
7,PTG,CSC + ORL,DOM,1
7,PTH,CSC + ORL,DOM,1
10,PTG,CSC + ORL,HC,1
10,PTH,CSC + ORL,HC,1
11,PTG,CSC + ORL,HC,1
12,PTG,CSC + ORL,HC,1
13,PTG,CSC + ORL,,1
13,PTG,CSC + ORL,HDJ,1
13,PTH,CSC + ORL,,1
13,PTH,CSC + ORL,HDJ,1
15,PTG,CSC + ORL,HC,1
15,PTH,CSC + ORL,DOM,1
15,PTH,CSC + ORL,HC,1
16,PTG,CSC + ORL,HC,1
17,PTG,CSC + ORL,DOM,1
17,PTH,CSC + ORL,HC,1
18,PTG,CSC + ORL,HC,1
18,PTH,CSC + ORL,DOM,1
19,PTG,CSC + ORL,HC,1
23,PTG,CSC + ORL,HC,1
25,PTG,CSC + ORL,DOM,1
26,PTG,CSC + ORL,HC,1
27,PTG,CSC + ORL,HC,1
28,PTG,CSC + ORL,HC,1
28,PTH,CSC + ORL,HC,1
29,PTH,CSC + ORL,,1
29,PTH,CSC + ORL,DOM,1
29,PTH,CSC + ORL,HC,1
30,PTG,CSC + ORL,DOM,1
30,PTH,CSC + ORL,HC,1
31,PTG,CSC + ORL,DOM,1
31,PTG,CSC + ORL,HC,1
31,PTG,CSC + ORL,HDJ,1
32,PTH,CSC + ORL,HC,1
34,PTH,CSC + ORL,DOM,1
35,PTG,CSC + ORL,DOM,1
35,PTH,CSC + ORL,DOM,1
35,PTH,CSC + ORL,HC,1
36,PTG,CSC + ORL,DOM,1
36,PTG,CSC + ORL,HC,1
36,PTH,CSC + ORL,HC,1
39,PTG,CSC + ORL,HC,1
40,PTH,CSC + ORL,HC,1
41,PTH,CSC + ORL,DOM,1
42,PTH,CSC + ORL,HC,1
43,PTH,CSC + ORL,HC,1
44,PTH,CSC + ORL,HC_HDJ,1
45,PTG,CSC + ORL,DOM,1
45,PTH,CSC + ORL,DOM,1
46,PTH,CSC + ORL,DOM,1
47,PTH,CSC + ORL,HC,1
49,PTH,CSC + ORL,DOM,1
49,PTH,CSC + ORL,HC,1
51,PTG,CSC + ORL,DOM,1
51,PTH,CSC + ORL,DOM,1
52,PTH,CSC + ORL,HC,1
53,PTH,CSC + ORL,DOM,1
54,PTG,CSC + ORL,DOM,1
54,PTG,CSC + ORL,HC,1
54,PTG,CSC + ORL,HC_HDJ,1
54,PTH,CSC + ORL,,1
55,PTH,CSC + ORL,DOM,1
57,PTG,CSC + ORL,DOM,1
57,PTG,CSC + ORL,HDJ,1
57,PTH,CSC + ORL,DOM,1
59,PTG,CSC + ORL,HDJ,1
59,PTH,CSC + ORL,,1
60,PTG,CSC + ORL,HC,1
60,PTG,CSC + ORL,HC_HDJ,1
62,PTH,CSC + ORL,HC,1
63,PTH,CSC + ORL,DOM,1
63,PTH,CSC + ORL,HC,1
64,PTG,CSC + ORL,DOM,1
65,PTG,CSC + ORL,DOM,1
65,PTH,CSC + ORL,HC,1
68,PTH,CSC + ORL,HC,1
72,PTH,CSC + ORL,DOM,1
73,PTG,CSC + ORL,HC,1
75,PTH,CSC + ORL,DOM,1
75,PTH,CSC + ORL,HC,1
76,PTH,CSC + ORL,HC,1
77,PTH,CSC + ORL,DOM,1
78,PTG,CSC + ORL,HDJ,1
78,PTH,CSC + ORL,HDJ,1
79,PTH,CSC + ORL,HC,1
80,PTH,CSC + ORL,DOM,1
80,PTH,CSC + ORL,HC,1
81,PTH,CSC + ORL,HC_HDJ,1
82,PTG,CSC + ORL,HC,1
82,PTH,CSC + ORL,DOM,1
82,PTH,CSC + ORL,HC,1
83,PTG,CSC + ORL,DOM,1
83,PTG,CSC + ORL,HDJ,1
84,PTG,CSC + ORL,DOM,1
84,PTG,CSC + ORL,HC,1
86,PTG,CSC + ORL,DOM,1
86,PTH,CSC + ORL,DOM,1
88,PTG,CSC + ORL,DOM,1
89,PTG,CSC + ORL,HC,1
90,PTH,CSC + ORL,DOM,1
92,PTG,CSC + ORL,,1
92,PTG,CSC + ORL,DOM,1
92,PTH,CSC + ORL,DOM,1
93,PTG,CSC + ORL,DOM,1
93,PTG,CSC + ORL,HC,1
93,PTH,CSC + ORL,HC,1
94,PTG,CSC + ORL,DOM,1
95,PTG,CSC + ORL,DOM,1
95,PTH,CSC + ORL,DOM,1
97,PTG,CSC + ORL,DOM,1
99,PTG,CSC + ORL,HC,1
75,PTG,CSC + ORL + RHUMA,HC,3
13,PTH,CSC + ORL + RHUMA,HC,2
28,PTH,CSC + ORL + RHUMA,HC,2
57,PTH,CSC + ORL + RHUMA,DOM,2
69,PTG,CSC + ORL + RHUMA,HC,2
75,PTG,CSC + ORL + RHUMA,DOM,2
75,PTH,CSC + ORL + RHUMA,DOM,2
77,PTH,CSC + ORL + RHUMA,DOM,2
78,PTH,CSC + ORL + RHUMA,DOM,2
91,PTH,CSC + ORL + RHUMA,DOM,2
93,PTG,CSC + ORL + RHUMA,HC,2
94,PTH,CSC + ORL + RHUMA,DOM,2
95,PTH,CSC + ORL + RHUMA,DOM,2
2,PTG,CSC + ORL + RHUMA,HDJ,1
6,PTG,CSC + ORL + RHUMA,DOM,1
6,PTH,CSC + ORL + RHUMA,DOM,1
7,PTH,CSC + ORL + RHUMA,HC,1
13,PTG,CSC + ORL + RHUMA,HC_HDJ,1
13,PTH,CSC + ORL + RHUMA,DOM,1
14,PTH,CSC + ORL + RHUMA,HC,1
18,PTG,CSC + ORL + RHUMA,HC,1
21,PTG,CSC + ORL + RHUMA,DOM,1
22,PTG,CSC + ORL + RHUMA,HC,1
27,PTG,CSC + ORL + RHUMA,HC,1
27,PTH,CSC + ORL + RHUMA,DOM,1
29,PTH,CSC + ORL + RHUMA,DOM,1
30,PTG,CSC + ORL + RHUMA,HC,1
30,PTH,CSC + ORL + RHUMA,HC,1
31,PTG,CSC + ORL + RHUMA,HC,1
33,PTG,CSC + ORL + RHUMA,DOM,1
33,PTH,CSC + ORL + RHUMA,DOM,1
33,PTH,CSC + ORL + RHUMA,HC,1
34,PTG,CSC + ORL + RHUMA,DOM,1
35,PTH,CSC + ORL + RHUMA,DOM,1
36,PTH,CSC + ORL + RHUMA,DOM,1
38,PTG,CSC + ORL + RHUMA,DOM,1
44,PTG,CSC + ORL + RHUMA,HC,1
50,PTH,CSC + ORL + RHUMA,HC,1
54,PTG,CSC + ORL + RHUMA,,1
56,PTG,CSC + ORL + RHUMA,DOM,1
59,PTG,CSC + ORL + RHUMA,HDJ,1
60,PTH,CSC + ORL + RHUMA,DOM,1
61,PTH,CSC + ORL + RHUMA,HC,1
62,PTG,CSC + ORL + RHUMA,DOM,1
62,PTG,CSC + ORL + RHUMA,HC,1
63,PTH,CSC + ORL + RHUMA,DOM,1
67,PTG,CSC + ORL + RHUMA,DOM,1
67,PTG,CSC + ORL + RHUMA,HC,1
75,PTH,CSC + ORL + RHUMA,HC,1
76,PTG,CSC + ORL + RHUMA,DOM,1
76,PTG,CSC + ORL + RHUMA,HC,1
76,PTH,CSC + ORL + RHUMA,DOM,1
76,PTH,CSC + ORL + RHUMA,HC,1
81,PTG,CSC + ORL + RHUMA,DOM,1
83,PTG,CSC + ORL + RHUMA,DOM,1
84,PTG,CSC + ORL + RHUMA,HC,1
84,PTH,CSC + ORL + RHUMA,HC,1
86,PTG,CSC + ORL + RHUMA,HC,1
91,PTG,CSC + ORL + RHUMA,,1
93,PTH,CSC + ORL + RHUMA,DOM,1
94,PTG,CSC + ORL + RHUMA,,1
94,PTG,CSC + ORL + RHUMA,HC,1
94,PTH,CSC + ORL + RHUMA,HC,1
94,PTH,CSC + ORL + RHUMA,HC_HDJ,1
97,PTG,CSC + ORL + RHUMA,HC,1
97,PTH,CSC + ORL + RHUMA,HC,1
22,PTG,CSC + ORL + RHUMA + URO,HDJ,1
32,PTG,CSC + ORL + RHUMA + URO,DOM,1
33,PTG,CSC + ORL + RHUMA + URO,DOM,1
44,PTH,CSC + ORL + RHUMA + URO,DOM,1
62,PTG,CSC + ORL + RHUMA + URO,DOM,1
63,PTG,CSC + ORL + RHUMA + URO,HC,1
76,PTG,CSC + ORL + RHUMA + URO,DOM,1
84,PTG,CSC + ORL + RHUMA + URO,HC,1
92,PTH,CSC + ORL + RHUMA + URO,DOM,1
13,PTH,CSC + ORL + URO,HC,3
6,PTH,CSC + ORL + URO,DOM,1
10,PTG,CSC + ORL + URO,DOM,1
27,PTH,CSC + ORL + URO,DOM,1
30,PTG,CSC + ORL + URO,DOM,1
39,PTH,CSC + ORL + URO,DOM,1
45,PTG,CSC + ORL + URO,HC,1
45,PTH,CSC + ORL + URO,DOM,1
62,PTG,CSC + ORL + URO,DOM,1
69,PTG,CSC + ORL + URO,HC,1
70,PTG,CSC + ORL + URO,DOM,1
71,PTH,CSC + ORL + URO,HC,1
78,PTG,CSC + ORL + URO,HC,1
78,PTH,CSC + ORL + URO,HC,1
80,PTG,CSC + ORL + URO,DOM,1
85,PTG,CSC + ORL + URO,DOM,1
88,PTH,CSC + ORL + URO,DOM,1
89,PTG,CSC + ORL + URO,DOM,1
92,PTG,CSC + ORL + URO,DOM,1
93,PTG,CSC + ORL + URO,DOM,1
94,PTH,CSC + ORL + URO,HC,1
75,PTH,CSC + RHUMA,DOM,29
33,PTH,CSC + RHUMA,DOM,28
33,PTG,CSC + RHUMA,DOM,24
94,PTH,CSC + RHUMA,DOM,21
59,PTG,CSC + RHUMA,HC,20
92,PTG,CSC + RHUMA,HC,20
13,PTG,CSC + RHUMA,HC,18
13,PTH,CSC + RHUMA,HC,18
92,PTH,CSC + RHUMA,DOM,18
78,PTH,CSC + RHUMA,DOM,17
6,PTH,CSC + RHUMA,HC,16
34,PTG,CSC + RHUMA,HC,16
34,PTH,CSC + RHUMA,DOM,16
76,PTH,CSC + RHUMA,DOM,16
13,PTG,CSC + RHUMA,DOM,15
13,PTH,CSC + RHUMA,DOM,15
29,PTH,CSC + RHUMA,DOM,13
92,PTH,CSC + RHUMA,HC,13
59,PTG,CSC + RHUMA,DOM,12
67,PTH,CSC + RHUMA,DOM,12
83,PTH,CSC + RHUMA,DOM,12
31,PTH,CSC + RHUMA,DOM,11
38,PTH,CSC + RHUMA,DOM,11
62,PTH,CSC + RHUMA,DOM,11
75,PTG,CSC + RHUMA,HC,11
75,PTH,CSC + RHUMA,HC,11
91,PTH,CSC + RHUMA,HC,11
94,PTH,CSC + RHUMA,HC,11
38,PTG,CSC + RHUMA,DOM,10
59,PTH,CSC + RHUMA,DOM,10
76,PTG,CSC + RHUMA,DOM,10
94,PTG,CSC + RHUMA,DOM,10
6,PTG,CSC + RHUMA,HC,9
33,PTH,CSC + RHUMA,HC,9
34,PTH,CSC + RHUMA,HC,9
38,PTG,CSC + RHUMA,HC,9
62,PTG,CSC + RHUMA,DOM,9
69,PTG,CSC + RHUMA,HC,9
84,PTH,CSC + RHUMA,DOM,9
94,PTG,CSC + RHUMA,HC,9
95,PTG,CSC + RHUMA,HC,9
97,PTG,CSC + RHUMA,HC,9
22,PTH,CSC + RHUMA,DOM,8
27,PTH,CSC + RHUMA,DOM,8
30,PTH,CSC + RHUMA,DOM,8
76,PTG,CSC + RHUMA,HC,8
78,PTG,CSC + RHUMA,HC,8
92,PTG,CSC + RHUMA,DOM,8
93,PTH,CSC + RHUMA,DOM,8
95,PTH,CSC + RHUMA,DOM,8
27,PTG,CSC + RHUMA,DOM,7
29,PTG,CSC + RHUMA,DOM,7
31,PTG,CSC + RHUMA,HC,7
51,PTG,CSC + RHUMA,HC,7
59,PTH,CSC + RHUMA,HC,7
60,PTG,CSC + RHUMA,DOM,7
67,PTG,CSC + RHUMA,DOM,7
71,PTH,CSC + RHUMA,DOM,7
74,PTG,CSC + RHUMA,HC,7
77,PTH,CSC + RHUMA,DOM,7
78,PTG,CSC + RHUMA,DOM,7
83,PTH,CSC + RHUMA,HC,7
91,PTG,CSC + RHUMA,HC,7
93,PTG,CSC + RHUMA,HC,7
95,PTH,CSC + RHUMA,HC,7
2,PTG,CSC + RHUMA,HC,6
6,PTH,CSC + RHUMA,DOM,6
14,PTG,CSC + RHUMA,HC,6
30,PTG,CSC + RHUMA,HC,6
30,PTH,CSC + RHUMA,HC,6
31,PTG,CSC + RHUMA,DOM,6
35,PTH,CSC + RHUMA,DOM,6
38,PTH,CSC + RHUMA,HC,6
40,PTH,CSC + RHUMA,DOM,6
44,PTH,CSC + RHUMA,DOM,6
50,PTH,CSC + RHUMA,DOM,6
56,PTH,CSC + RHUMA,DOM,6
57,PTG,CSC + RHUMA,DOM,6
62,PTG,CSC + RHUMA,HC,6
64,PTG,CSC + RHUMA,HC,6
65,PTG,CSC + RHUMA,HC,6
66,PTG,CSC + RHUMA,HC,6
69,PTH,CSC + RHUMA,DOM,6
76,PTH,CSC + RHUMA,HC,6
81,PTG,CSC + RHUMA,DOM,6
84,PTH,CSC + RHUMA,HC,6
91,PTH,CSC + RHUMA,DOM,6
2,PTH,CSC + RHUMA,DOM,5
22,PTG,CSC + RHUMA,DOM,5
29,PTH,CSC + RHUMA,HC,5
30,PTG,CSC + RHUMA,DOM,5
31,PTH,CSC + RHUMA,HC,5
33,PTG,CSC + RHUMA,HC,5
40,PTG,CSC + RHUMA,DOM,5
40,PTG,CSC + RHUMA,HC,5
51,PTH,CSC + RHUMA,DOM,5
54,PTH,CSC + RHUMA,DOM,5
56,PTG,CSC + RHUMA,DOM,5
57,PTH,CSC + RHUMA,DOM,5
60,PTH,CSC + RHUMA,DOM,5
66,PTH,CSC + RHUMA,DOM,5
67,PTH,CSC + RHUMA,HC,5
68,PTG,CSC + RHUMA,HC,5
68,PTH,CSC + RHUMA,DOM,5
74,PTG,CSC + RHUMA,DOM,5
77,PTG,CSC + RHUMA,HC,5
84,PTG,CSC + RHUMA,DOM,5
87,PTH,CSC + RHUMA,DOM,5
95,PTG,CSC + RHUMA,DOM,5
6,PTG,CSC + RHUMA,DOM,4
7,PTG,CSC + RHUMA,HC,4
12,PTG,CSC + RHUMA,HC,4
17,PTG,CSC + RHUMA,HC,4
17,PTH,CSC + RHUMA,DOM,4
17,PTH,CSC + RHUMA,HC,4
18,PTG,CSC + RHUMA,HC,4
26,PTG,CSC + RHUMA,HC,4
27,PTH,CSC + RHUMA,HC,4
28,PTH,CSC + RHUMA,DOM,4
31,PTG,CSC + RHUMA,HDJ,4
32,PTH,CSC + RHUMA,DOM,4
32,PTH,CSC + RHUMA,HC,4
42,PTH,CSC + RHUMA,HC,4
44,PTG,CSC + RHUMA,DOM,4
45,PTG,CSC + RHUMA,HC,4
57,PTG,CSC + RHUMA,HC,4
62,PTH,CSC + RHUMA,HC,4
63,PTH,CSC + RHUMA,DOM,4
64,PTH,CSC + RHUMA,DOM,4
64,PTH,CSC + RHUMA,HC,4
67,PTG,CSC + RHUMA,HC,4
68,PTG,CSC + RHUMA,DOM,4
74,PTH,CSC + RHUMA,DOM,4
75,PTG,CSC + RHUMA,DOM,4
77,PTG,CSC + RHUMA,DOM,4
78,PTG,CSC + RHUMA,HDJ,4
78,PTH,CSC + RHUMA,HC,4
80,PTH,CSC + RHUMA,DOM,4
83,PTG,CSC + RHUMA,HC,4
84,PTG,CSC + RHUMA,HC,4
91,PTG,CSC + RHUMA,DOM,4
92,PTH,CSC + RHUMA,,4
93,PTH,CSC + RHUMA,HC,4
1,PTH,CSC + RHUMA,DOM,3
13,PTG,CSC + RHUMA,,3
13,PTH,CSC + RHUMA,HDJ,3
14,PTH,CSC + RHUMA,DOM,3
22,PTH,CSC + RHUMA,HC,3
24,PTH,CSC + RHUMA,DOM,3
26,PTH,CSC + RHUMA,HC,3
34,PTG,CSC + RHUMA,DOM,3
35,PTG,CSC + RHUMA,DOM,3
37,PTG,CSC + RHUMA,DOM,3
37,PTH,CSC + RHUMA,DOM,3
40,PTH,CSC + RHUMA,HC,3
44,PTH,CSC + RHUMA,HC,3
45,PTH,CSC + RHUMA,DOM,3
50,PTH,CSC + RHUMA,HC,3
51,PTG,CSC + RHUMA,DOM,3
60,PTG,CSC + RHUMA,HC,3
60,PTH,CSC + RHUMA,HC,3
61,PTH,CSC + RHUMA,DOM,3
64,PTG,CSC + RHUMA,DOM,3
65,PTH,CSC + RHUMA,HC,3
66,PTG,CSC + RHUMA,DOM,3
66,PTG,CSC + RHUMA,HDJ,3
66,PTH,CSC + RHUMA,HC,3
68,PTH,CSC + RHUMA,HC,3
69,PTH,CSC + RHUMA,HC,3
72,PTH,CSC + RHUMA,DOM,3
73,PTH,CSC + RHUMA,DOM,3
75,PTG,CSC + RHUMA,HDJ,3
77,PTH,CSC + RHUMA,HC,3
78,PTG,CSC + RHUMA,HC_HDJ,3
79,PTG,CSC + RHUMA,DOM,3
80,PTG,CSC + RHUMA,HC,3
81,PTG,CSC + RHUMA,HC,3
81,PTH,CSC + RHUMA,DOM,3
82,PTG,CSC + RHUMA,HC,3
83,PTG,CSC + RHUMA,DOM,3
85,PTG,CSC + RHUMA,DOM,3
85,PTH,CSC + RHUMA,DOM,3
87,PTG,CSC + RHUMA,DOM,3
87,PTH,CSC + RHUMA,HC,3
89,PTG,CSC + RHUMA,HC,3
89,PTH,CSC + RHUMA,DOM,3
92,PTG,CSC + RHUMA,,3
92,PTG,CSC + RHUMA,HC_HDJ,3
92,PTG,CSC + RHUMA,HDJ,3
93,PTG,CSC + RHUMA,DOM,3
93,PTG,CSC + RHUMA,HC_HDJ,3
94,PTH,CSC + RHUMA,,3
97,PTH,CSC + RHUMA,HC,3
2,PTH,CSC + RHUMA,HC,2
3,PTH,CSC + RHUMA,DOM,2
3,PTH,CSC + RHUMA,HC,2
6,PTG,CSC + RHUMA,,2
7,PTH,CSC + RHUMA,DOM,2
9,PTG,CSC + RHUMA,HC,2
10,PTG,CSC + RHUMA,HC,2
10,PTH,CSC + RHUMA,DOM,2
11,PTG,CSC + RHUMA,HC,2
11,PTG,CSC + RHUMA,HDJ,2
11,PTH,CSC + RHUMA,DOM,2
11,PTH,CSC + RHUMA,HC,2
13,PTG,CSC + RHUMA,HC_HDJ,2
13,PTG,CSC + RHUMA,HDJ,2
13,PTH,CSC + RHUMA,,2
14,PTG,CSC + RHUMA,DOM,2
14,PTG,CSC + RHUMA,HDJ,2
14,PTH,CSC + RHUMA,HC,2
15,PTH,CSC + RHUMA,DOM,2
17,PTG,CSC + RHUMA,DOM,2
18,PTG,CSC + RHUMA,DOM,2
18,PTH,CSC + RHUMA,DOM,2
19,PTG,CSC + RHUMA,DOM,2
19,PTH,CSC + RHUMA,DOM,2
21,PTG,CSC + RHUMA,HC,2
24,PTG,CSC + RHUMA,DOM,2
25,PTG,CSC + RHUMA,DOM,2
25,PTG,CSC + RHUMA,HC,2
25,PTH,CSC + RHUMA,DOM,2
28,PTG,CSC + RHUMA,DOM,2
28,PTG,CSC + RHUMA,HC,2
28,PTH,CSC + RHUMA,HC,2
29,PTG,CSC + RHUMA,HC,2
31,PTG,CSC + RHUMA,HC_HDJ,2
32,PTG,CSC + RHUMA,DOM,2
33,PTH,CSC + RHUMA,,2
35,PTG,CSC + RHUMA,HC,2
37,PTH,CSC + RHUMA,HC,2
41,PTH,CSC + RHUMA,DOM,2
43,PTG,CSC + RHUMA,HC,2
44,PTG,CSC + RHUMA,HC,2
44,PTG,CSC + RHUMA,HDJ,2
45,PTG,CSC + RHUMA,DOM,2
45,PTH,CSC + RHUMA,HC,2
46,PTG,CSC + RHUMA,HC,2
46,PTH,CSC + RHUMA,DOM,2
47,PTG,CSC + RHUMA,DOM,2
47,PTG,CSC + RHUMA,HC,2
48,PTH,CSC + RHUMA,HC,2
49,PTG,CSC + RHUMA,DOM,2
49,PTH,CSC + RHUMA,DOM,2
49,PTH,CSC + RHUMA,HC,2
50,PTG,CSC + RHUMA,DOM,2
51,PTH,CSC + RHUMA,HC,2
54,PTG,CSC + RHUMA,DOM,2
54,PTH,CSC + RHUMA,HC,2
56,PTG,CSC + RHUMA,HC,2
56,PTH,CSC + RHUMA,HC,2
61,PTH,CSC + RHUMA,HC,2
63,PTG,CSC + RHUMA,DOM,2
63,PTH,CSC + RHUMA,HC,2
65,PTG,CSC + RHUMA,DOM,2
65,PTG,CSC + RHUMA,HDJ,2
65,PTH,CSC + RHUMA,DOM,2
67,PTG,CSC + RHUMA,HDJ,2
67,PTH,CSC + RHUMA,,2
68,PTG,CSC + RHUMA,HDJ,2
69,PTG,CSC + RHUMA,DOM,2
77,PTG,CSC + RHUMA,,2
78,PTG,CSC + RHUMA,,2
79,PTH,CSC + RHUMA,HC,2
82,PTH,CSC + RHUMA,DOM,2
83,PTG,CSC + RHUMA,HDJ,2
84,PTG,CSC + RHUMA,HDJ,2
85,PTG,CSC + RHUMA,HC,2
88,PTG,CSC + RHUMA,DOM,2
91,PTG,CSC + RHUMA,HDJ,2
94,PTH,CSC + RHUMA,HC_HDJ,2
97,PTH,CSC + RHUMA,DOM,2
99,PTG,CSC + RHUMA,HC,2
1,PTG,CSC + RHUMA,DOM,1
1,PTG,CSC + RHUMA,HC,1
1,PTH,CSC + RHUMA,HC,1
2,PTG,CSC + RHUMA,DOM,1
4,PTG,CSC + RHUMA,HC,1
4,PTH,CSC + RHUMA,HC,1
5,PTH,CSC + RHUMA,DOM,1
6,PTH,CSC + RHUMA,,1
7,PTG,CSC + RHUMA,DOM,1
8,PTG,CSC + RHUMA,DOM,1
8,PTG,CSC + RHUMA,HC,1
8,PTH,CSC + RHUMA,,1
8,PTH,CSC + RHUMA,DOM,1
9,PTH,CSC + RHUMA,DOM,1
9,PTH,CSC + RHUMA,HC,1
10,PTG,CSC + RHUMA,DOM,1
10,PTH,CSC + RHUMA,HC,1
10,PTH,CSC + RHUMA,HC_HDJ,1
11,PTG,CSC + RHUMA,DOM,1
11,PTH,CSC + RHUMA,,1
12,PTG,CSC + RHUMA,DOM,1
12,PTG,CSC + RHUMA,HDJ,1
12,PTH,CSC + RHUMA,HC,1
13,PTH,CSC + RHUMA,HC_HDJ,1
15,PTH,CSC + RHUMA,HC,1
16,PTH,CSC + RHUMA,DOM,1
18,PTG,CSC + RHUMA,HDJ,1
19,PTH,CSC + RHUMA,HC,1
20,PTG,CSC + RHUMA,HC,1
20,PTH,CSC + RHUMA,,1
20,PTH,CSC + RHUMA,HC,1
21,PTH,CSC + RHUMA,HC,1
22,PTG,CSC + RHUMA,HC,1
23,PTG,CSC + RHUMA,DOM,1
23,PTH,CSC + RHUMA,DOM,1
24,PTG,CSC + RHUMA,HC,1
25,PTH,CSC + RHUMA,,1
25,PTH,CSC + RHUMA,HC,1
26,PTH,CSC + RHUMA,DOM,1
27,PTG,CSC + RHUMA,HC,1
29,PTH,CSC + RHUMA,HDJ,1
30,PTH,CSC + RHUMA,,1
30,PTH,CSC + RHUMA,HDJ,1
32,PTG,CSC + RHUMA,HC,1
33,PTG,CSC + RHUMA,,1
34,PTG,CSC + RHUMA,HC_HDJ,1
34,PTG,CSC + RHUMA,HDJ,1
34,PTH,CSC + RHUMA,HDJ,1
35,PTH,CSC + RHUMA,,1
35,PTH,CSC + RHUMA,HC,1
36,PTG,CSC + RHUMA,,1
36,PTH,CSC + RHUMA,DOM,1
37,PTG,CSC + RHUMA,HC,1
37,PTH,CSC + RHUMA,,1
38,PTG,CSC + RHUMA,,1
38,PTH,CSC + RHUMA,,1
39,PTG,CSC + RHUMA,DOM,1
39,PTG,CSC + RHUMA,HC,1
40,PTH,CSC + RHUMA,,1
41,PTG,CSC + RHUMA,,1
41,PTG,CSC + RHUMA,HC,1
42,PTG,CSC + RHUMA,DOM,1
42,PTG,CSC + RHUMA,HC,1
42,PTG,CSC + RHUMA,HC_HDJ,1
43,PTH,CSC + RHUMA,DOM,1
45,PTG,CSC + RHUMA,HDJ,1
47,PTH,CSC + RHUMA,DOM,1
49,PTG,CSC + RHUMA,HC,1
50,PTG,CSC + RHUMA,HC,1
51,PTG,CSC + RHUMA,,1
52,PTH,CSC + RHUMA,,1
52,PTH,CSC + RHUMA,DOM,1
53,PTG,CSC + RHUMA,DOM,1
53,PTG,CSC + RHUMA,HC,1
54,PTG,CSC + RHUMA,HC,1
55,PTG,CSC + RHUMA,HC,1
55,PTH,CSC + RHUMA,DOM,1
57,PTH,CSC + RHUMA,HC,1
58,PTG,CSC + RHUMA,HC,1
59,PTG,CSC + RHUMA,HC_HDJ,1
61,PTG,CSC + RHUMA,DOM,1
61,PTG,CSC + RHUMA,HC,1
61,PTG,CSC + RHUMA,HDJ,1
64,PTH,CSC + RHUMA,,1
65,PTG,CSC + RHUMA,,1
68,PTG,CSC + RHUMA,,1
68,PTH,CSC + RHUMA,HDJ,1
69,PTG,CSC + RHUMA,HC_HDJ,1
69,PTH,CSC + RHUMA,,1
70,PTH,CSC + RHUMA,DOM,1
71,PTG,CSC + RHUMA,DOM,1
72,PTG,CSC + RHUMA,DOM,1
72,PTG,CSC + RHUMA,HC,1
72,PTH,CSC + RHUMA,HC,1
73,PTG,CSC + RHUMA,HC_HDJ,1
73,PTH,CSC + RHUMA,HC,1
74,PTG,CSC + RHUMA,HC_HDJ,1
74,PTG,CSC + RHUMA,HDJ,1
74,PTH,CSC + RHUMA,,1
74,PTH,CSC + RHUMA,HC,1
75,PTG,CSC + RHUMA,HC_HDJ,1
75,PTH,CSC + RHUMA,,1
75,PTH,CSC + RHUMA,HC_HDJ,1
76,PTG,CSC + RHUMA,HDJ,1
77,PTG,CSC + RHUMA,HC_HDJ,1
78,PTH,CSC + RHUMA,HC_HDJ,1
79,PTH,CSC + RHUMA,DOM,1
80,PTG,CSC + RHUMA,,1
80,PTG,CSC + RHUMA,DOM,1
80,PTH,CSC + RHUMA,HC,1
81,PTG,CSC + RHUMA,,1
82,PTG,CSC + RHUMA,DOM,1
82,PTH,CSC + RHUMA,HC,1
83,PTH,CSC + RHUMA,,1
83,PTH,CSC + RHUMA,HDJ,1
84,PTG,CSC + RHUMA,,1
85,PTH,CSC + RHUMA,HC,1
86,PTG,CSC + RHUMA,HC,1
86,PTH,CSC + RHUMA,,1
86,PTH,CSC + RHUMA,DOM,1
87,PTG,CSC + RHUMA,,1
87,PTG,CSC + RHUMA,HC,1
87,PTH,CSC + RHUMA,,1
89,PTG,CSC + RHUMA,DOM,1
89,PTH,CSC + RHUMA,HC,1
90,PTH,CSC + RHUMA,HC,1
91,PTH,CSC + RHUMA,HDJ,1
93,PTG,CSC + RHUMA,HDJ,1
93,PTH,CSC + RHUMA,HC_HDJ,1
94,PTG,CSC + RHUMA,HC_HDJ,1
94,PTG,CSC + RHUMA,HDJ,1
97,PTG,CSC + RHUMA,,1
97,PTG,CSC + RHUMA,DOM,1
209,PTH,CSC + RHUMA,HC,1
76,PTH,CSC + RHUMA + URO,DOM,3
13,PTG,CSC + RHUMA + URO,HC,2
13,PTH,CSC + RHUMA + URO,DOM,2
31,PTH,CSC + RHUMA + URO,DOM,2
33,PTG,CSC + RHUMA + URO,DOM,2
33,PTH,CSC + RHUMA + URO,DOM,2
59,PTH,CSC + RHUMA + URO,DOM,2
69,PTG,CSC + RHUMA + URO,DOM,2
75,PTH,CSC + RHUMA + URO,DOM,2
81,PTH,CSC + RHUMA + URO,DOM,2
91,PTG,CSC + RHUMA + URO,DOM,2
93,PTH,CSC + RHUMA + URO,DOM,2
1,PTG,CSC + RHUMA + URO,HC,1
2,PTG,CSC + RHUMA + URO,DOM,1
6,PTH,CSC + RHUMA + URO,HC,1
7,PTH,CSC + RHUMA + URO,DOM,1
9,PTG,CSC + RHUMA + URO,HC,1
11,PTG,CSC + RHUMA + URO,DOM,1
13,PTH,CSC + RHUMA + URO,HC,1
14,PTH,CSC + RHUMA + URO,HC,1
17,PTG,CSC + RHUMA + URO,HDJ,1
17,PTH,CSC + RHUMA + URO,DOM,1
22,PTG,CSC + RHUMA + URO,DOM,1
22,PTG,CSC + RHUMA + URO,HC,1
23,PTG,CSC + RHUMA + URO,HC,1
25,PTG,CSC + RHUMA + URO,HC,1
25,PTH,CSC + RHUMA + URO,HC,1
28,PTG,CSC + RHUMA + URO,DOM,1
28,PTH,CSC + RHUMA + URO,HC,1
29,PTG,CSC + RHUMA + URO,DOM,1
29,PTH,CSC + RHUMA + URO,HC,1
30,PTG,CSC + RHUMA + URO,HC,1
30,PTH,CSC + RHUMA + URO,HC,1
31,PTG,CSC + RHUMA + URO,HC,1
33,PTH,CSC + RHUMA + URO,HC,1
34,PTG,CSC + RHUMA + URO,,1
34,PTG,CSC + RHUMA + URO,DOM,1
36,PTG,CSC + RHUMA + URO,DOM,1
36,PTH,CSC + RHUMA + URO,DOM,1
38,PTG,CSC + RHUMA + URO,HC,1
38,PTH,CSC + RHUMA + URO,DOM,1
40,PTG,CSC + RHUMA + URO,DOM,1
40,PTG,CSC + RHUMA + URO,HC,1
40,PTH,CSC + RHUMA + URO,DOM,1
44,PTG,CSC + RHUMA + URO,DOM,1
44,PTH,CSC + RHUMA + URO,DOM,1
56,PTH,CSC + RHUMA + URO,DOM,1
59,PTG,CSC + RHUMA + URO,HC,1
59,PTG,CSC + RHUMA + URO,HDJ,1
60,PTH,CSC + RHUMA + URO,DOM,1
62,PTG,CSC + RHUMA + URO,DOM,1
62,PTH,CSC + RHUMA + URO,HC,1
64,PTG,CSC + RHUMA + URO,DOM,1
64,PTH,CSC + RHUMA + URO,DOM,1
67,PTG,CSC + RHUMA + URO,HC,1
68,PTG,CSC + RHUMA + URO,DOM,1
68,PTG,CSC + RHUMA + URO,HC,1
68,PTH,CSC + RHUMA + URO,HDJ,1
69,PTG,CSC + RHUMA + URO,HC,1
73,PTH,CSC + RHUMA + URO,DOM,1
73,PTH,CSC + RHUMA + URO,HC,1
75,PTG,CSC + RHUMA + URO,HC,1
75,PTH,CSC + RHUMA + URO,HC,1
76,PTG,CSC + RHUMA + URO,DOM,1
77,PTG,CSC + RHUMA + URO,DOM,1
77,PTG,CSC + RHUMA + URO,HDJ,1
77,PTH,CSC + RHUMA + URO,DOM,1
83,PTG,CSC + RHUMA + URO,HC,1
83,PTH,CSC + RHUMA + URO,DOM,1
91,PTG,CSC + RHUMA + URO,HC,1
92,PTH,CSC + RHUMA + URO,DOM,1
93,PTG,CSC + RHUMA + URO,,1
93,PTG,CSC + RHUMA + URO,HC,1
94,PTG,CSC + RHUMA + URO,HC,1
94,PTH,CSC + RHUMA + URO,DOM,1
33,PTH,CSC + URO,DOM,11
59,PTH,CSC + URO,DOM,10
56,PTH,CSC + URO,DOM,8
75,PTH,CSC + URO,DOM,6
83,PTH,CSC + URO,DOM,6
17,PTG,CSC + URO,DOM,5
31,PTH,CSC + URO,DOM,5
59,PTH,CSC + URO,HC,5
60,PTH,CSC + URO,DOM,5
64,PTH,CSC + URO,DOM,5
93,PTH,CSC + URO,DOM,5
6,PTH,CSC + URO,DOM,4
13,PTG,CSC + URO,DOM,4
40,PTG,CSC + URO,DOM,4
59,PTG,CSC + URO,HC,4
66,PTG,CSC + URO,DOM,4
76,PTG,CSC + URO,DOM,4
78,PTG,CSC + URO,DOM,4
78,PTG,CSC + URO,HC,4
1,PTG,CSC + URO,HC,3
6,PTG,CSC + URO,DOM,3
22,PTH,CSC + URO,DOM,3
24,PTH,CSC + URO,DOM,3
29,PTG,CSC + URO,DOM,3
30,PTG,CSC + URO,DOM,3
31,PTG,CSC + URO,DOM,3
43,PTH,CSC + URO,DOM,3
45,PTG,CSC + URO,HC,3
46,PTG,CSC + URO,DOM,3
68,PTG,CSC + URO,DOM,3
78,PTH,CSC + URO,DOM,3
83,PTH,CSC + URO,HC,3
91,PTH,CSC + URO,HC,3
94,PTH,CSC + URO,DOM,3
6,PTG,CSC + URO,HC,2
7,PTG,CSC + URO,HC,2
14,PTH,CSC + URO,DOM,2
16,PTH,CSC + URO,DOM,2
17,PTH,CSC + URO,DOM,2
20,PTH,CSC + URO,,2
20,PTH,CSC + URO,DOM,2
22,PTG,CSC + URO,DOM,2
24,PTH,CSC + URO,HC,2
26,PTG,CSC + URO,HC,2
28,PTH,CSC + URO,DOM,2
30,PTH,CSC + URO,DOM,2
33,PTG,CSC + URO,DOM,2
34,PTG,CSC + URO,DOM,2
37,PTH,CSC + URO,DOM,2
38,PTG,CSC + URO,DOM,2
38,PTH,CSC + URO,DOM,2
40,PTH,CSC + URO,DOM,2
42,PTG,CSC + URO,HC,2
42,PTH,CSC + URO,HC,2
44,PTH,CSC + URO,DOM,2
45,PTH,CSC + URO,DOM,2
50,PTH,CSC + URO,DOM,2
55,PTG,CSC + URO,DOM,2
57,PTG,CSC + URO,DOM,2
57,PTH,CSC + URO,DOM,2
62,PTH,CSC + URO,DOM,2
64,PTG,CSC + URO,HC,2
68,PTG,CSC + URO,HC,2
70,PTG,CSC + URO,DOM,2
71,PTH,CSC + URO,DOM,2
74,PTG,CSC + URO,DOM,2
74,PTH,CSC + URO,DOM,2
76,PTH,CSC + URO,DOM,2
77,PTH,CSC + URO,DOM,2
79,PTH,CSC + URO,DOM,2
80,PTG,CSC + URO,DOM,2
80,PTH,CSC + URO,DOM,2
81,PTH,CSC + URO,DOM,2
83,PTG,CSC + URO,HC,2
86,PTG,CSC + URO,DOM,2
86,PTH,CSC + URO,DOM,2
89,PTG,CSC + URO,HC,2
91,PTG,CSC + URO,HC,2
92,PTG,CSC + URO,DOM,2
92,PTG,CSC + URO,HC,2
92,PTH,CSC + URO,DOM,2
93,PTG,CSC + URO,DOM,2
93,PTG,CSC + URO,HC,2
94,PTG,CSC + URO,HC,2
95,PTH,CSC + URO,DOM,2
1,PTG,CSC + URO,DOM,1
1,PTH,CSC + URO,DOM,1
2,PTH,CSC + URO,HC,1
3,PTG,CSC + URO,DOM,1
3,PTH,CSC + URO,DOM,1
4,PTG,CSC + URO,HC,1
6,PTH,CSC + URO,HC,1
9,PTG,CSC + URO,HC,1
10,PTH,CSC + URO,DOM,1
10,PTH,CSC + URO,HC,1
11,PTG,CSC + URO,HC,1
11,PTH,CSC + URO,DOM,1
12,PTG,CSC + URO,HC,1
12,PTH,CSC + URO,HC,1
13,PTG,CSC + URO,,1
13,PTG,CSC + URO,HC,1
13,PTH,CSC + URO,,1
13,PTH,CSC + URO,DOM,1
13,PTH,CSC + URO,HC,1
14,PTG,CSC + URO,HC,1
14,PTH,CSC + URO,HC,1
16,PTG,CSC + URO,DOM,1
17,PTH,CSC + URO,HC,1
19,PTG,CSC + URO,DOM,1
19,PTG,CSC + URO,HC,1
23,PTG,CSC + URO,HC,1
24,PTG,CSC + URO,DOM,1
25,PTH,CSC + URO,DOM,1
25,PTH,CSC + URO,HC,1
26,PTH,CSC + URO,DOM,1
28,PTH,CSC + URO,HC,1
29,PTG,CSC + URO,HC,1
29,PTH,CSC + URO,DOM,1
30,PTG,CSC + URO,,1
30,PTG,CSC + URO,HC,1
30,PTH,CSC + URO,HC,1
31,PTH,CSC + URO,HC,1
32,PTG,CSC + URO,DOM,1
32,PTG,CSC + URO,HC,1
32,PTH,CSC + URO,DOM,1
33,PTG,CSC + URO,HC,1
33,PTH,CSC + URO,HC,1
34,PTG,CSC + URO,HC,1
34,PTH,CSC + URO,DOM,1
35,PTG,CSC + URO,DOM,1
35,PTH,CSC + URO,DOM,1
35,PTH,CSC + URO,HC,1
36,PTG,CSC + URO,HC,1
37,PTG,CSC + URO,DOM,1
37,PTG,CSC + URO,HC,1
38,PTG,CSC + URO,HC,1
39,PTG,CSC + URO,HC,1
39,PTH,CSC + URO,DOM,1
40,PTG,CSC + URO,HC,1
40,PTH,CSC + URO,HC,1
42,PTG,CSC + URO,HC_HDJ,1
42,PTH,CSC + URO,DOM,1
44,PTH,CSC + URO,HC,1
45,PTG,CSC + URO,DOM,1
45,PTH,CSC + URO,HC,1
46,PTG,CSC + URO,HC,1
46,PTH,CSC + URO,DOM,1
46,PTH,CSC + URO,HC,1
47,PTG,CSC + URO,DOM,1
47,PTH,CSC + URO,DOM,1
49,PTG,CSC + URO,DOM,1
49,PTH,CSC + URO,HC,1
50,PTH,CSC + URO,HC,1
51,PTG,CSC + URO,DOM,1
54,PTG,CSC + URO,DOM,1
54,PTH,CSC + URO,DOM,1
56,PTG,CSC + URO,HC,1
56,PTG,CSC + URO,HC_HDJ,1
59,PTG,CSC + URO,,1
59,PTG,CSC + URO,DOM,1
60,PTG,CSC + URO,DOM,1
61,PTG,CSC + URO,HC,1
61,PTH,CSC + URO,HC,1
62,PTG,CSC + URO,DOM,1
62,PTH,CSC + URO,HC,1
63,PTH,CSC + URO,DOM,1
64,PTG,CSC + URO,,1
64,PTG,CSC + URO,HDJ,1
65,PTG,CSC + URO,DOM,1
65,PTG,CSC + URO,HC,1
65,PTG,CSC + URO,HC_HDJ,1
65,PTH,CSC + URO,HC,1
66,PTG,CSC + URO,HC_HDJ,1
67,PTG,CSC + URO,DOM,1
67,PTH,CSC + URO,DOM,1
68,PTH,CSC + URO,DOM,1
68,PTH,CSC + URO,HDJ,1
69,PTG,CSC + URO,HC,1
69,PTG,CSC + URO,HDJ,1
70,PTG,CSC + URO,HC,1
71,PTH,CSC + URO,HC,1
72,PTG,CSC + URO,HC,1
73,PTH,CSC + URO,HC,1
75,PTG,CSC + URO,DOM,1
75,PTG,CSC + URO,HC_HDJ,1
75,PTH,CSC + URO,,1
75,PTH,CSC + URO,HC,1
76,PTH,CSC + URO,HC,1
77,PTG,CSC + URO,DOM,1
77,PTH,CSC + URO,HC,1
80,PTG,CSC + URO,HC,1
81,PTG,CSC + URO,HC,1
82,PTH,CSC + URO,DOM,1
83,PTH,CSC + URO,HDJ,1
84,PTG,CSC + URO,DOM,1
84,PTG,CSC + URO,HC,1
85,PTG,CSC + URO,HC,1
85,PTH,CSC + URO,DOM,1
89,PTH,CSC + URO,DOM,1
91,PTG,CSC + URO,HDJ,1
91,PTH,CSC + URO,DOM,1
92,PTH,CSC + URO,,1
92,PTH,CSC + URO,HC,1
93,PTG,CSC + URO,HC_HDJ,1
94,PTG,CSC + URO,DOM,1
95,PTG,CSC + URO,HDJ,1
95,PTH,CSC + URO,HC,1
97,PTG,CSC + URO,DOM,1
97,PTG,CSC + URO,HC,1
97,PTH,CSC + URO,HC,1
97,PTH,CSC + URO,HC_HDJ,1
99,PTG,CSC + URO,DOM,1
209,PTH,CSC + URO,,1
59,PTH,DERMA,DOM,37
33,PTH,DERMA,DOM,34
38,PTH,DERMA,DOM,30
44,PTH,DERMA,DOM,30
33,PTG,DERMA,DOM,29
62,PTH,DERMA,DOM,28
13,PTG,DERMA,HC,27
44,PTG,DERMA,DOM,27
59,PTG,DERMA,DOM,26
67,PTG,DERMA,DOM,26
76,PTH,DERMA,DOM,26
59,PTG,DERMA,HC,24
29,PTH,DERMA,DOM,23
54,PTG,DERMA,DOM,23
14,PTH,DERMA,DOM,22
38,PTG,DERMA,DOM,21
33,PTG,DERMA,HC,20
67,PTH,DERMA,DOM,20
88,PTG,DERMA,DOM,20
85,PTH,DERMA,DOM,19
91,PTH,DERMA,DOM,19
13,PTH,DERMA,DOM,18
21,PTH,DERMA,DOM,18
37,PTH,DERMA,DOM,18
62,PTG,DERMA,DOM,18
68,PTH,DERMA,DOM,18
75,PTH,DERMA,DOM,18
17,PTG,DERMA,DOM,17
34,PTH,DERMA,DOM,17
35,PTH,DERMA,DOM,17
56,PTG,DERMA,DOM,17
56,PTH,DERMA,DOM,17
62,PTG,DERMA,HC,17
31,PTH,DERMA,DOM,16
49,PTH,DERMA,DOM,16
57,PTH,DERMA,DOM,16
69,PTH,DERMA,DOM,16
76,PTG,DERMA,DOM,16
6,PTG,DERMA,HC,15
29,PTG,DERMA,DOM,15
30,PTG,DERMA,DOM,15
33,PTH,DERMA,HC,15
34,PTG,DERMA,HC,15
71,PTH,DERMA,DOM,15
83,PTG,DERMA,DOM,15
24,PTH,DERMA,DOM,14
60,PTH,DERMA,DOM,14
77,PTH,DERMA,DOM,14
88,PTH,DERMA,DOM,14
95,PTG,DERMA,DOM,14
6,PTH,DERMA,DOM,13
13,PTG,DERMA,DOM,13
13,PTH,DERMA,HC,13
24,PTG,DERMA,HC,13
27,PTH,DERMA,DOM,13
40,PTH,DERMA,DOM,13
44,PTG,DERMA,HC,13
57,PTG,DERMA,DOM,13
64,PTG,DERMA,HC,13
1,PTH,DERMA,DOM,12
2,PTH,DERMA,DOM,12
22,PTH,DERMA,DOM,12
30,PTH,DERMA,HC,12
42,PTG,DERMA,HC,12
42,PTH,DERMA,DOM,12
67,PTG,DERMA,HC,12
71,PTG,DERMA,DOM,12
74,PTH,DERMA,DOM,12
78,PTH,DERMA,DOM,12
83,PTG,DERMA,HC,12
83,PTH,DERMA,DOM,12
87,PTH,DERMA,DOM,12
88,PTG,DERMA,HC,12
95,PTH,DERMA,DOM,12
2,PTG,DERMA,DOM,11
6,PTG,DERMA,DOM,11
17,PTH,DERMA,DOM,11
29,PTH,DERMA,HC,11
31,PTG,DERMA,HC,11
31,PTH,DERMA,HC,11
38,PTG,DERMA,HC,11
45,PTH,DERMA,DOM,11
50,PTH,DERMA,DOM,11
54,PTH,DERMA,DOM,11
68,PTG,DERMA,DOM,11
68,PTG,DERMA,HC,11
73,PTH,DERMA,DOM,11
1,PTG,DERMA,DOM,10
6,PTH,DERMA,HC,10
14,PTG,DERMA,HC,10
26,PTG,DERMA,DOM,10
34,PTG,DERMA,DOM,10
36,PTH,DERMA,DOM,10
49,PTG,DERMA,DOM,10
51,PTG,DERMA,DOM,10
51,PTG,DERMA,HC,10
51,PTH,DERMA,DOM,10
57,PTG,DERMA,HC,10
69,PTG,DERMA,HC,10
73,PTG,DERMA,DOM,10
74,PTG,DERMA,DOM,10
77,PTG,DERMA,DOM,10
80,PTH,DERMA,DOM,10
84,PTH,DERMA,DOM,10
85,PTG,DERMA,DOM,10
92,PTG,DERMA,HC,10
92,PTH,DERMA,DOM,10
3,PTH,DERMA,DOM,9
25,PTG,DERMA,DOM,9
27,PTG,DERMA,DOM,9
30,PTH,DERMA,DOM,9
35,PTG,DERMA,DOM,9
66,PTG,DERMA,HC,9
67,PTH,DERMA,HC,9
83,PTH,DERMA,HC,9
86,PTG,DERMA,HC,9
86,PTH,DERMA,DOM,9
89,PTG,DERMA,DOM,9
13,PTG,DERMA,HDJ,8
21,PTG,DERMA,HC,8
24,PTG,DERMA,DOM,8
37,PTG,DERMA,HC,8
47,PTH,DERMA,DOM,8
54,PTG,DERMA,HC,8
60,PTG,DERMA,HC,8
62,PTH,DERMA,HC,8
66,PTG,DERMA,DOM,8
68,PTH,DERMA,HC,8
69,PTH,DERMA,HC,8
71,PTH,DERMA,HC,8
78,PTG,DERMA,HC,8
85,PTH,DERMA,HC,8
93,PTH,DERMA,DOM,8
94,PTG,DERMA,DOM,8
97,PTG,DERMA,DOM,8
97,PTG,DERMA,HC,8
2,PTG,DERMA,HC,7
2,PTH,DERMA,HC,7
11,PTH,DERMA,DOM,7
14,PTG,DERMA,DOM,7
24,PTH,DERMA,HC,7
26,PTH,DERMA,DOM,7
27,PTG,DERMA,HC,7
30,PTG,DERMA,HC,7
34,PTH,DERMA,HC,7
39,PTH,DERMA,DOM,7
44,PTH,DERMA,HC,7
54,PTH,DERMA,HC,7
64,PTH,DERMA,DOM,7
64,PTH,DERMA,HC,7
66,PTH,DERMA,DOM,7
74,PTG,DERMA,HC,7
75,PTH,DERMA,HC,7
79,PTH,DERMA,DOM,7
83,PTG,DERMA,HDJ,7
85,PTG,DERMA,HC,7
3,PTG,DERMA,DOM,6
10,PTG,DERMA,DOM,6
13,PTH,DERMA,HDJ,6
16,PTG,DERMA,DOM,6
21,PTG,DERMA,DOM,6
22,PTG,DERMA,DOM,6
31,PTG,DERMA,DOM,6
37,PTH,DERMA,HC,6
40,PTG,DERMA,DOM,6
40,PTG,DERMA,HC,6
47,PTG,DERMA,DOM,6
53,PTH,DERMA,DOM,6
63,PTG,DERMA,DOM,6
63,PTH,DERMA,DOM,6
69,PTG,DERMA,DOM,6
70,PTG,DERMA,DOM,6
70,PTH,DERMA,DOM,6
71,PTG,DERMA,HC,6
72,PTG,DERMA,DOM,6
72,PTH,DERMA,DOM,6
77,PTG,DERMA,HC,6
78,PTG,DERMA,DOM,6
78,PTG,DERMA,HDJ,6
79,PTG,DERMA,DOM,6
80,PTG,DERMA,DOM,6
84,PTG,DERMA,DOM,6
86,PTG,DERMA,DOM,6
94,PTG,DERMA,HC,6
95,PTG,DERMA,HC,6
1,PTG,DERMA,HC,5
8,PTH,DERMA,DOM,5
11,PTH,DERMA,HC,5
12,PTG,DERMA,HC,5
16,PTH,DERMA,DOM,5
17,PTG,DERMA,HC,5
17,PTH,DERMA,HC,5
19,PTH,DERMA,DOM,5
22,PTH,DERMA,HC,5
28,PTH,DERMA,DOM,5
29,PTG,DERMA,HC,5
38,PTH,DERMA,HC,5
41,PTG,DERMA,HC,5
41,PTH,DERMA,DOM,5
45,PTH,DERMA,HC,5
46,PTG,DERMA,DOM,5
50,PTH,DERMA,HC,5
52,PTG,DERMA,DOM,5
54,PTG,DERMA,HDJ,5
56,PTG,DERMA,HC,5
57,PTH,DERMA,HC,5
58,PTG,DERMA,DOM,5
60,PTG,DERMA,DOM,5
61,PTG,DERMA,HC,5
64,PTG,DERMA,DOM,5
66,PTH,DERMA,HC,5
68,PTG,DERMA,HDJ,5
69,PTG,DERMA,HDJ,5
73,PTG,DERMA,HC,5
75,PTG,DERMA,DOM,5
76,PTH,DERMA,HC,5
89,PTH,DERMA,DOM,5
91,PTG,DERMA,HC,5
91,PTH,DERMA,HC,5
94,PTH,DERMA,DOM,5
97,PTH,DERMA,HC,5
5,PTG,DERMA,HC,4
7,PTG,DERMA,DOM,4
10,PTH,DERMA,DOM,4
11,PTG,DERMA,HC,4
18,PTG,DERMA,HC,4
18,PTH,DERMA,DOM,4
20,PTH,DERMA,DOM,4
21,PTH,DERMA,HC,4
22,PTG,DERMA,HC,4
28,PTG,DERMA,HC,4
31,PTG,DERMA,HDJ,4
36,PTH,DERMA,HC,4
37,PTG,DERMA,DOM,4
41,PTG,DERMA,DOM,4
42,PTH,DERMA,HC,4
43,PTG,DERMA,HC,4
45,PTG,DERMA,DOM,4
45,PTG,DERMA,HC,4
47,PTH,DERMA,HC,4
59,PTG,DERMA,HDJ,4
59,PTH,DERMA,HC,4
60,PTH,DERMA,HC,4
63,PTH,DERMA,HC,4
65,PTG,DERMA,DOM,4
73,PTH,DERMA,HC,4
74,PTH,DERMA,HC,4
76,PTG,DERMA,HC,4
81,PTG,DERMA,DOM,4
81,PTG,DERMA,HC,4
81,PTH,DERMA,DOM,4
83,PTG,DERMA,,4
88,PTH,DERMA,HC,4
93,PTH,DERMA,HC,4
1,PTH,DERMA,HC,3
3,PTH,DERMA,HC,3
7,PTG,DERMA,HC,3
7,PTH,DERMA,DOM,3
8,PTG,DERMA,DOM,3
9,PTH,DERMA,HC,3
11,PTG,DERMA,DOM,3
12,PTG,DERMA,DOM,3
12,PTH,DERMA,DOM,3
14,PTH,DERMA,HC,3
15,PTG,DERMA,HC,3
15,PTH,DERMA,DOM,3
19,PTG,DERMA,DOM,3
23,PTH,DERMA,DOM,3
25,PTG,DERMA,HC,3
25,PTH,DERMA,DOM,3
27,PTH,DERMA,HC,3
28,PTG,DERMA,DOM,3
32,PTH,DERMA,DOM,3
35,PTG,DERMA,HC,3
36,PTG,DERMA,DOM,3
36,PTG,DERMA,HC,3
43,PTH,DERMA,DOM,3
47,PTG,DERMA,HC,3
48,PTG,DERMA,HC,3
50,PTG,DERMA,DOM,3
50,PTG,DERMA,HC,3
52,PTG,DERMA,HC,3
55,PTH,DERMA,DOM,3
65,PTG,DERMA,HC,3
65,PTH,DERMA,HC,3
69,PTG,DERMA,,3
72,PTG,DERMA,HC,3
77,PTH,DERMA,HC,3
79,PTG,DERMA,HC,3
80,PTH,DERMA,HC,3
81,PTH,DERMA,HC,3
82,PTG,DERMA,DOM,3
82,PTH,DERMA,HC,3
87,PTG,DERMA,DOM,3
87,PTH,DERMA,HC,3
89,PTG,DERMA,HC,3
92,PTH,DERMA,HC,3
93,PTG,DERMA,HC,3
95,PTH,DERMA,HC,3
97,PTH,DERMA,DOM,3
3,PTG,DERMA,HC,2
4,PTG,DERMA,HC,2
4,PTH,DERMA,DOM,2
4,PTH,DERMA,HC,2
5,PTG,DERMA,DOM,2
5,PTH,DERMA,HC,2
6,PTH,DERMA,,2
10,PTH,DERMA,HC,2
11,PTG,DERMA,,2
13,PTH,DERMA,,2
14,PTG,DERMA,HDJ,2
15,PTG,DERMA,DOM,2
16,PTG,DERMA,HC,2
17,PTG,DERMA,HDJ,2
18,PTG,DERMA,DOM,2
28,PTH,DERMA,HC,2
30,PTG,DERMA,HDJ,2
32,PTG,DERMA,DOM,2
32,PTH,DERMA,HC,2
33,PTH,DERMA,,2
35,PTG,DERMA,HC_HDJ,2
35,PTH,DERMA,HC,2
39,PTG,DERMA,DOM,2
39,PTG,DERMA,HC,2
39,PTH,DERMA,HC,2
42,PTG,DERMA,DOM,2
43,PTG,DERMA,DOM,2
46,PTH,DERMA,DOM,2
48,PTG,DERMA,HDJ,2
49,PTG,DERMA,HC,2
51,PTH,DERMA,HC,2
52,PTH,DERMA,DOM,2
52,PTH,DERMA,HC,2
53,PTG,DERMA,DOM,2
53,PTG,DERMA,HC,2
54,PTG,DERMA,,2
54,PTH,DERMA,,2
55,PTH,DERMA,HC,2
57,PTG,DERMA,,2
57,PTG,DERMA,HDJ,2
61,PTG,DERMA,DOM,2
61,PTH,DERMA,DOM,2
61,PTH,DERMA,HC,2
63,PTG,DERMA,HC,2
63,PTG,DERMA,HDJ,2
65,PTH,DERMA,DOM,2
69,PTG,DERMA,HC_HDJ,2
69,PTH,DERMA,HDJ,2
70,PTH,DERMA,HC,2
72,PTH,DERMA,HC,2
74,PTG,DERMA,HDJ,2
75,PTG,DERMA,HC,2
76,PTG,DERMA,HDJ,2
77,PTG,DERMA,HC_HDJ,2
78,PTH,DERMA,HC,2
79,PTH,DERMA,HC,2
80,PTG,DERMA,HC,2
83,PTH,DERMA,,2
83,PTH,DERMA,HDJ,2
84,PTG,DERMA,HC,2
84,PTH,DERMA,HC,2
87,PTG,DERMA,HDJ,2
89,PTH,DERMA,HC,2
91,PTG,DERMA,DOM,2
91,PTG,DERMA,HDJ,2
92,PTG,DERMA,DOM,2
93,PTG,DERMA,DOM,2
99,PTG,DERMA,DOM,2
1,PTH,DERMA,,1
2,PTG,DERMA,HDJ,1
4,PTG,DERMA,DOM,1
4,PTH,DERMA,,1
5,PTH,DERMA,DOM,1
6,PTG,DERMA,HDJ,1
6,PTH,DERMA,HDJ,1
7,PTH,DERMA,HC,1
8,PTG,DERMA,,1
8,PTG,DERMA,HC,1
9,PTG,DERMA,DOM,1
10,PTG,DERMA,,1
10,PTG,DERMA,HC,1
10,PTG,DERMA,HC_HDJ,1
11,PTG,DERMA,HC_HDJ,1
11,PTG,DERMA,HDJ,1
12,PTG,DERMA,HDJ,1
12,PTH,DERMA,HC,1
13,PTG,DERMA,,1
13,PTH,DERMA,HC_HDJ,1
14,PTH,DERMA,,1
15,PTH,DERMA,HC,1
16,PTH,DERMA,HC,1
17,PTG,DERMA,,1
18,PTH,DERMA,HC,1
19,PTG,DERMA,HC,1
19,PTH,DERMA,HC,1
20,PTG,DERMA,DOM,1
20,PTG,DERMA,HC,1
20,PTH,DERMA,HC,1
21,PTG,DERMA,HDJ,1
22,PTH,DERMA,,1
26,PTG,DERMA,HC,1
27,PTG,DERMA,,1
29,PTG,DERMA,,1
29,PTG,DERMA,HDJ,1
29,PTH,DERMA,,1
29,PTH,DERMA,HC_HDJ,1
31,PTG,DERMA,HC_HDJ,1
31,PTH,DERMA,,1
31,PTH,DERMA,HDJ,1
32,PTH,DERMA,,1
33,PTG,DERMA,,1
33,PTG,DERMA,HC_HDJ,1
37,PTG,DERMA,,1
37,PTG,DERMA,HDJ,1
38,PTG,DERMA,HDJ,1
41,PTH,DERMA,,1
41,PTH,DERMA,HC,1
42,PTG,DERMA,HC_HDJ,1
42,PTG,DERMA,HDJ,1
42,PTH,DERMA,,1
42,PTH,DERMA,HDJ,1
43,PTH,DERMA,HC,1
43,PTH,DERMA,HDJ,1
44,PTG,DERMA,HC_HDJ,1
44,PTG,DERMA,HDJ,1
46,PTH,DERMA,,1
49,PTH,DERMA,,1
49,PTH,DERMA,HC,1
50,PTG,DERMA,,1
50,PTG,DERMA,HDJ,1
51,PTH,DERMA,,1
53,PTH,DERMA,,1
55,PTG,DERMA,DOM,1
55,PTG,DERMA,HC,1
56,PTG,DERMA,HDJ,1
56,PTH,DERMA,,1
56,PTH,DERMA,HC,1
58,PTG,DERMA,HC,1
58,PTH,DERMA,DOM,1
58,PTH,DERMA,HC,1
59,PTG,DERMA,HC_HDJ,1
59,PTH,DERMA,,1
60,PTG,DERMA,,1
63,PTH,DERMA,,1
65,PTG,DERMA,HDJ,1
67,PTG,DERMA,HDJ,1
67,PTH,DERMA,,1
69,PTH,DERMA,,1
70,PTG,DERMA,HC,1
71,PTG,DERMA,HDJ,1
71,PTH,DERMA,,1
72,PTH,DERMA,,1
73,PTH,DERMA,,1
74,PTG,DERMA,,1
75,PTG,DERMA,HC_HDJ,1
75,PTG,DERMA,HDJ,1
75,PTH,DERMA,,1
76,PTG,DERMA,,1
78,PTH,DERMA,,1
78,PTH,DERMA,HC_HDJ,1
78,PTH,DERMA,HDJ,1
79,PTG,DERMA,HDJ,1
80,PTG,DERMA,HC_HDJ,1
80,PTH,DERMA,,1
81,PTH,DERMA,HC_HDJ,1
82,PTH,DERMA,DOM,1
83,PTH,DERMA,HC_HDJ,1
84,PTH,DERMA,HDJ,1
85,PTG,DERMA,HDJ,1
85,PTH,DERMA,HDJ,1
86,PTH,DERMA,HC,1
87,PTG,DERMA,HC_HDJ,1
89,PTH,DERMA,,1
91,PTG,DERMA,HC_HDJ,1
91,PTH,DERMA,,1
92,PTG,DERMA,HC_HDJ,1
92,PTG,DERMA,HDJ,1
92,PTH,DERMA,,1
92,PTH,DERMA,HC_HDJ,1
93,PTG,DERMA,HC_HDJ,1
93,PTH,DERMA,HDJ,1
95,PTG,DERMA,,1
95,PTG,DERMA,HDJ,1
95,PTH,DERMA,,1
97,PTH,DERMA,HC_HDJ,1
99,PTH,DERMA,DOM,1
2,PTG,DERMA + ENDO,DOM,2
2,PTH,DERMA + ENDO,DOM,2
14,PTH,DERMA + ENDO,DOM,2
20,PTG,DERMA + ENDO,HC,2
31,PTH,DERMA + ENDO,DOM,2
33,PTG,DERMA + ENDO,HC,2
34,PTG,DERMA + ENDO,HC,2
38,PTG,DERMA + ENDO,DOM,2
59,PTG,DERMA + ENDO,DOM,2
62,PTH,DERMA + ENDO,HC,2
76,PTG,DERMA + ENDO,DOM,2
83,PTG,DERMA + ENDO,HC,2
92,PTG,DERMA + ENDO,HC,2
1,PTG,DERMA + ENDO,DOM,1
6,PTG,DERMA + ENDO,HC,1
11,PTG,DERMA + ENDO,DOM,1
12,PTG,DERMA + ENDO,DOM,1
13,PTG,DERMA + ENDO,HDJ,1
14,PTG,DERMA + ENDO,HDJ,1
17,PTG,DERMA + ENDO,HC,1
19,PTH,DERMA + ENDO,DOM,1
20,PTH,DERMA + ENDO,DOM,1
20,PTH,DERMA + ENDO,HC,1
26,PTH,DERMA + ENDO,DOM,1
29,PTH,DERMA + ENDO,HC,1
30,PTG,DERMA + ENDO,HC,1
31,PTG,DERMA + ENDO,HC,1
33,PTH,DERMA + ENDO,DOM,1
34,PTH,DERMA + ENDO,DOM,1
35,PTH,DERMA + ENDO,DOM,1
37,PTG,DERMA + ENDO,DOM,1
37,PTG,DERMA + ENDO,HC,1
38,PTG,DERMA + ENDO,HC,1
38,PTH,DERMA + ENDO,DOM,1
40,PTG,DERMA + ENDO,DOM,1
44,PTH,DERMA + ENDO,DOM,1
45,PTG,DERMA + ENDO,DOM,1
45,PTH,DERMA + ENDO,DOM,1
47,PTG,DERMA + ENDO,DOM,1
50,PTG,DERMA + ENDO,HC,1
51,PTH,DERMA + ENDO,HC,1
52,PTG,DERMA + ENDO,DOM,1
54,PTG,DERMA + ENDO,DOM,1
54,PTH,DERMA + ENDO,HC,1
56,PTG,DERMA + ENDO,DOM,1
58,PTH,DERMA + ENDO,DOM,1
59,PTH,DERMA + ENDO,DOM,1
62,PTG,DERMA + ENDO,DOM,1
62,PTH,DERMA + ENDO,DOM,1
63,PTH,DERMA + ENDO,HC,1
65,PTG,DERMA + ENDO,DOM,1
66,PTG,DERMA + ENDO,DOM,1
67,PTG,DERMA + ENDO,HC,1
67,PTH,DERMA + ENDO,DOM,1
67,PTH,DERMA + ENDO,HC,1
69,PTH,DERMA + ENDO,HC,1
70,PTG,DERMA + ENDO,DOM,1
71,PTG,DERMA + ENDO,HC,1
75,PTG,DERMA + ENDO,HC,1
75,PTH,DERMA + ENDO,HC,1
76,PTG,DERMA + ENDO,HC,1
76,PTH,DERMA + ENDO,DOM,1
76,PTH,DERMA + ENDO,HC,1
77,PTH,DERMA + ENDO,DOM,1
78,PTG,DERMA + ENDO,DOM,1
80,PTG,DERMA + ENDO,DOM,1
81,PTH,DERMA + ENDO,HC,1
81,PTH,DERMA + ENDO,HDJ,1
83,PTH,DERMA + ENDO,DOM,1
86,PTG,DERMA + ENDO,HC,1
87,PTH,DERMA + ENDO,DOM,1
89,PTG,DERMA + ENDO,HC,1
89,PTG,DERMA + ENDO,HC_HDJ,1
92,PTH,DERMA + ENDO,DOM,1
93,PTG,DERMA + ENDO,HC,1
93,PTG,DERMA + ENDO,HC_HDJ,1
94,PTG,DERMA + ENDO,HDJ,1
13,PTH,DERMA + ENDO + GASTRO,HDJ,1
31,PTG,DERMA + ENDO + GASTRO,HC,1
33,PTG,DERMA + ENDO + GASTRO,DOM,1
33,PTH,DERMA + ENDO + GASTRO,DOM,1
40,PTG,DERMA + ENDO + GASTRO,HC,1
74,PTG,DERMA + ENDO + GASTRO,HC,1
77,PTG,DERMA + ENDO + GASTRO,,1
92,PTG,DERMA + ENDO + GASTRO,HC,1
29,PTG,DERMA + ENDO + GASTRO + GYNECO + OPH,DOM,1
19,PTG,DERMA + ENDO + GASTRO + GYNECO + RHUMA,HC,1
33,PTG,DERMA + ENDO + GASTRO + OPH,,1
60,PTG,DERMA + ENDO + GASTRO + OPH,HC,1
93,PTG,DERMA + ENDO + GASTRO + OPH,HC,1
31,PTG,DERMA + ENDO + GASTRO + OPH + ORL + RHUMA,HC,1
6,PTG,DERMA + ENDO + GASTRO + OPH + RHUMA + URO,DOM,1
6,PTG,DERMA + ENDO + GASTRO + ORL,DOM,1
21,PTG,DERMA + ENDO + GASTRO + RHUMA,HC,1
31,PTG,DERMA + ENDO + GASTRO + RHUMA,DOM,1
33,PTG,DERMA + ENDO + GASTRO + RHUMA,HC,1
33,PTH,DERMA + ENDO + GASTRO + RHUMA,DOM,1
47,PTH,DERMA + ENDO + GASTRO + RHUMA,HC,1
76,PTH,DERMA + ENDO + GASTRO + RHUMA,DOM,1
78,PTG,DERMA + ENDO + GASTRO + RHUMA,HC,1
92,PTG,DERMA + ENDO + GASTRO + RHUMA,,1
94,PTG,DERMA + ENDO + GASTRO + RHUMA,HC,1
6,PTG,DERMA + ENDO + GYNECO,HC,1
13,PTH,DERMA + ENDO + GYNECO,HC_HDJ,1
33,PTH,DERMA + ENDO + GYNECO,HC,1
38,PTG,DERMA + ENDO + GYNECO,DOM,1
52,PTH,DERMA + ENDO + GYNECO,DOM,1
54,PTH,DERMA + ENDO + GYNECO,DOM,1
67,PTH,DERMA + ENDO + GYNECO,HC,1
71,PTH,DERMA + ENDO + GYNECO,HC,1
75,PTG,DERMA + ENDO + GYNECO,HC,1
75,PTG,DERMA + ENDO + GYNECO,HDJ,1
93,PTG,DERMA + ENDO + GYNECO,HC,1
93,PTG,DERMA + ENDO + GYNECO,HC_HDJ,1
21,PTH,DERMA + ENDO + GYNECO + OPH,DOM,1
31,PTH,DERMA + ENDO + GYNECO + OPH,HC,1
68,PTH,DERMA + ENDO + GYNECO + OPH,HC,1
83,PTG,DERMA + ENDO + GYNECO + OPH,HC,1
17,PTG,DERMA + ENDO + GYNECO + OPH + RHUMA,HC_HDJ,1
67,PTG,DERMA + ENDO + GYNECO + OPH + RHUMA,HDJ,1
75,PTH,DERMA + ENDO + GYNECO + OPH + RHUMA,HC,1
14,PTG,DERMA + ENDO + GYNECO + RHUMA,HDJ,1
30,PTG,DERMA + ENDO + GYNECO + RHUMA,HC,1
49,PTH,DERMA + ENDO + GYNECO + RHUMA,DOM,1
67,PTG,DERMA + ENDO + GYNECO + RHUMA,DOM,1
78,PTG,DERMA + ENDO + GYNECO + RHUMA,HDJ,1
1,PTG,DERMA + ENDO + OPH,DOM,1
11,PTH,DERMA + ENDO + OPH,DOM,1
29,PTG,DERMA + ENDO + OPH,DOM,1
31,PTH,DERMA + ENDO + OPH,DOM,1
33,PTG,DERMA + ENDO + OPH,DOM,1
40,PTG,DERMA + ENDO + OPH,HC,1
55,PTG,DERMA + ENDO + OPH,DOM,1
58,PTG,DERMA + ENDO + OPH,DOM,1
59,PTG,DERMA + ENDO + OPH,DOM,1
59,PTG,DERMA + ENDO + OPH,HC,1
62,PTG,DERMA + ENDO + OPH,DOM,1
66,PTG,DERMA + ENDO + OPH,HC,1
67,PTH,DERMA + ENDO + OPH,DOM,1
81,PTG,DERMA + ENDO + OPH,DOM,1
81,PTG,DERMA + ENDO + OPH,HC,1
88,PTH,DERMA + ENDO + OPH,DOM,1
94,PTH,DERMA + ENDO + OPH,HC,1
59,PTH,DERMA + ENDO + OPH + ORL,DOM,1
72,PTH,DERMA + ENDO + OPH + ORL,DOM,1
75,PTG,DERMA + ENDO + OPH + ORL,DOM,1
92,PTG,DERMA + ENDO + OPH + ORL + RHUMA,DOM,1
6,PTG,DERMA + ENDO + OPH + RHUMA,HC,1
13,PTG,DERMA + ENDO + OPH + RHUMA,HC,1
13,PTH,DERMA + ENDO + OPH + RHUMA,HC,1
17,PTG,DERMA + ENDO + OPH + RHUMA,DOM,1
31,PTH,DERMA + ENDO + OPH + RHUMA,HC,1
40,PTG,DERMA + ENDO + OPH + RHUMA,HC,1
44,PTG,DERMA + ENDO + OPH + RHUMA,HC,1
74,PTG,DERMA + ENDO + OPH + RHUMA,DOM,1
75,PTG,DERMA + ENDO + OPH + RHUMA,,1
78,PTH,DERMA + ENDO + OPH + RHUMA,DOM,1
209,PTG,DERMA + ENDO + OPH + RHUMA,HC,1
31,PTG,DERMA + ENDO + OPH + RHUMA + URO,HC,1
31,PTG,DERMA + ENDO + OPH + URO,HC,1
75,PTG,DERMA + ENDO + OPH + URO,DOM,1
6,PTG,DERMA + ENDO + ORL,HC,1
13,PTG,DERMA + ENDO + ORL,DOM,1
18,PTH,DERMA + ENDO + ORL,DOM,1
28,PTG,DERMA + ENDO + ORL,DOM,1
31,PTH,DERMA + ENDO + ORL,HC_HDJ,1
45,PTH,DERMA + ENDO + ORL,DOM,1
51,PTG,DERMA + ENDO + ORL,HC,1
67,PTG,DERMA + ENDO + ORL,HC,1
68,PTH,DERMA + ENDO + ORL,DOM,1
69,PTH,DERMA + ENDO + ORL,DOM,1
76,PTH,DERMA + ENDO + ORL,DOM,1
95,PTG,DERMA + ENDO + ORL,,1
42,PTG,DERMA + ENDO + ORL + RHUMA,HC,1
81,PTG,DERMA + ENDO + ORL + RHUMA,HC,1
95,PTH,DERMA + ENDO + ORL + RHUMA,DOM,1
13,PTG,DERMA + ENDO + ORL + URO,HC,1
31,PTG,DERMA + ENDO + ORL + URO,DOM,1
75,PTH,DERMA + ENDO + RHUMA,DOM,3
69,PTG,DERMA + ENDO + RHUMA,HC,2
92,PTG,DERMA + ENDO + RHUMA,HC,2
94,PTH,DERMA + ENDO + RHUMA,DOM,2
3,PTH,DERMA + ENDO + RHUMA,DOM,1
6,PTH,DERMA + ENDO + RHUMA,DOM,1
24,PTH,DERMA + ENDO + RHUMA,DOM,1
27,PTG,DERMA + ENDO + RHUMA,HDJ,1
31,PTG,DERMA + ENDO + RHUMA,HC,1
33,PTG,DERMA + ENDO + RHUMA,DOM,1
34,PTG,DERMA + ENDO + RHUMA,HC,1
34,PTG,DERMA + ENDO + RHUMA,HDJ,1
34,PTH,DERMA + ENDO + RHUMA,DOM,1
38,PTG,DERMA + ENDO + RHUMA,DOM,1
38,PTH,DERMA + ENDO + RHUMA,HC,1
44,PTG,DERMA + ENDO + RHUMA,HC,1
56,PTH,DERMA + ENDO + RHUMA,DOM,1
59,PTH,DERMA + ENDO + RHUMA,DOM,1
71,PTG,DERMA + ENDO + RHUMA,DOM,1
71,PTH,DERMA + ENDO + RHUMA,DOM,1
74,PTH,DERMA + ENDO + RHUMA,DOM,1
75,PTH,DERMA + ENDO + RHUMA,HC,1
76,PTH,DERMA + ENDO + RHUMA,DOM,1
78,PTH,DERMA + ENDO + RHUMA,HC,1
87,PTG,DERMA + ENDO + RHUMA,HDJ,1
89,PTH,DERMA + ENDO + RHUMA,DOM,1
92,PTG,DERMA + ENDO + RHUMA,HDJ,1
94,PTH,DERMA + ENDO + RHUMA + URO,DOM,1
26,PTH,DERMA + ENDO + URO,DOM,1
27,PTG,DERMA + ENDO + URO,HC,1
31,PTG,DERMA + ENDO + URO,DOM,1
34,PTG,DERMA + ENDO + URO,DOM,1
45,PTH,DERMA + ENDO + URO,DOM,1
56,PTG,DERMA + ENDO + URO,HC,1
65,PTG,DERMA + ENDO + URO,DOM,1
59,PTH,DERMA + GASTRO,DOM,5
56,PTH,DERMA + GASTRO,DOM,4
6,PTH,DERMA + GASTRO,DOM,3
13,PTG,DERMA + GASTRO,HC,3
21,PTH,DERMA + GASTRO,DOM,3
33,PTG,DERMA + GASTRO,DOM,3
33,PTH,DERMA + GASTRO,DOM,3
34,PTH,DERMA + GASTRO,DOM,3
35,PTH,DERMA + GASTRO,DOM,3
38,PTH,DERMA + GASTRO,HC,3
51,PTH,DERMA + GASTRO,DOM,3
68,PTG,DERMA + GASTRO,DOM,3
76,PTG,DERMA + GASTRO,DOM,3
78,PTG,DERMA + GASTRO,DOM,3
1,PTH,DERMA + GASTRO,DOM,2
6,PTG,DERMA + GASTRO,HC,2
13,PTH,DERMA + GASTRO,DOM,2
16,PTG,DERMA + GASTRO,DOM,2
19,PTH,DERMA + GASTRO,DOM,2
25,PTH,DERMA + GASTRO,DOM,2
27,PTH,DERMA + GASTRO,DOM,2
30,PTG,DERMA + GASTRO,HC,2
33,PTG,DERMA + GASTRO,HC,2
38,PTH,DERMA + GASTRO,DOM,2
42,PTG,DERMA + GASTRO,DOM,2
54,PTG,DERMA + GASTRO,DOM,2
57,PTG,DERMA + GASTRO,DOM,2
57,PTH,DERMA + GASTRO,DOM,2
59,PTG,DERMA + GASTRO,DOM,2
67,PTH,DERMA + GASTRO,DOM,2
68,PTH,DERMA + GASTRO,DOM,2
74,PTG,DERMA + GASTRO,HC,2
75,PTH,DERMA + GASTRO,DOM,2
77,PTH,DERMA + GASTRO,DOM,2
83,PTH,DERMA + GASTRO,DOM,2
85,PTH,DERMA + GASTRO,DOM,2
86,PTH,DERMA + GASTRO,DOM,2
92,PTG,DERMA + GASTRO,HC,2
1,PTH,DERMA + GASTRO,HC,1
3,PTH,DERMA + GASTRO,DOM,1
11,PTG,DERMA + GASTRO,HDJ,1
11,PTH,DERMA + GASTRO,DOM,1
12,PTG,DERMA + GASTRO,DOM,1
13,PTG,DERMA + GASTRO,,1
13,PTG,DERMA + GASTRO,DOM,1
13,PTH,DERMA + GASTRO,HC,1
14,PTH,DERMA + GASTRO,DOM,1
15,PTG,DERMA + GASTRO,DOM,1
21,PTH,DERMA + GASTRO,HC,1
24,PTH,DERMA + GASTRO,DOM,1
26,PTH,DERMA + GASTRO,DOM,1
29,PTG,DERMA + GASTRO,HC,1
31,PTG,DERMA + GASTRO,DOM,1
32,PTG,DERMA + GASTRO,HC,1
33,PTH,DERMA + GASTRO,HC,1
34,PTG,DERMA + GASTRO,HC_HDJ,1
34,PTH,DERMA + GASTRO,HC,1
35,PTG,DERMA + GASTRO,DOM,1
35,PTG,DERMA + GASTRO,HC,1
37,PTG,DERMA + GASTRO,HC,1
37,PTH,DERMA + GASTRO,DOM,1
38,PTG,DERMA + GASTRO,DOM,1
40,PTH,DERMA + GASTRO,HC,1
41,PTG,DERMA + GASTRO,DOM,1
41,PTH,DERMA + GASTRO,DOM,1
42,PTG,DERMA + GASTRO,HC,1
43,PTH,DERMA + GASTRO,HC,1
44,PTG,DERMA + GASTRO,DOM,1
45,PTG,DERMA + GASTRO,HC,1
47,PTH,DERMA + GASTRO,DOM,1
49,PTG,DERMA + GASTRO,DOM,1
49,PTH,DERMA + GASTRO,DOM,1
50,PTH,DERMA + GASTRO,,1
54,PTG,DERMA + GASTRO,HC,1
54,PTG,DERMA + GASTRO,HC_HDJ,1
54,PTH,DERMA + GASTRO,HC,1
56,PTG,DERMA + GASTRO,DOM,1
56,PTG,DERMA + GASTRO,HC,1
59,PTG,DERMA + GASTRO,HC,1
59,PTG,DERMA + GASTRO,HDJ,1
60,PTH,DERMA + GASTRO,HC,1
62,PTG,DERMA + GASTRO,DOM,1
62,PTG,DERMA + GASTRO,HC,1
62,PTH,DERMA + GASTRO,DOM,1
66,PTG,DERMA + GASTRO,HC,1
67,PTG,DERMA + GASTRO,,1
67,PTG,DERMA + GASTRO,DOM,1
67,PTG,DERMA + GASTRO,HC,1
67,PTG,DERMA + GASTRO,HDJ,1
68,PTG,DERMA + GASTRO,HC,1
69,PTG,DERMA + GASTRO,HC,1
69,PTH,DERMA + GASTRO,HC,1
70,PTH,DERMA + GASTRO,DOM,1
71,PTH,DERMA + GASTRO,DOM,1
73,PTH,DERMA + GASTRO,DOM,1
75,PTG,DERMA + GASTRO,HC,1
75,PTG,DERMA + GASTRO,HDJ,1
76,PTG,DERMA + GASTRO,HC,1
76,PTH,DERMA + GASTRO,DOM,1
76,PTH,DERMA + GASTRO,HC,1
77,PTG,DERMA + GASTRO,HC_HDJ,1
78,PTG,DERMA + GASTRO,,1
78,PTH,DERMA + GASTRO,DOM,1
78,PTH,DERMA + GASTRO,HDJ,1
79,PTH,DERMA + GASTRO,DOM,1
80,PTG,DERMA + GASTRO,DOM,1
80,PTH,DERMA + GASTRO,DOM,1
83,PTG,DERMA + GASTRO,DOM,1
85,PTG,DERMA + GASTRO,DOM,1
87,PTG,DERMA + GASTRO,HC,1
91,PTG,DERMA + GASTRO,HC,1
92,PTG,DERMA + GASTRO,DOM,1
92,PTH,DERMA + GASTRO,DOM,1
93,PTH,DERMA + GASTRO,DOM,1
95,PTH,DERMA + GASTRO,DOM,1
97,PTG,DERMA + GASTRO,HC,1
2,PTH,DERMA + GASTRO + GYNECO,DOM,1
17,PTG,DERMA + GASTRO + GYNECO,HC,1
27,PTH,DERMA + GASTRO + GYNECO,DOM,1
33,PTH,DERMA + GASTRO + GYNECO,HC,1
35,PTG,DERMA + GASTRO + GYNECO,DOM,1
35,PTH,DERMA + GASTRO + GYNECO,DOM,1
38,PTH,DERMA + GASTRO + GYNECO,DOM,1
41,PTH,DERMA + GASTRO + GYNECO,DOM,1
44,PTG,DERMA + GASTRO + GYNECO,HDJ,1
45,PTH,DERMA + GASTRO + GYNECO,HC,1
49,PTH,DERMA + GASTRO + GYNECO,DOM,1
59,PTG,DERMA + GASTRO + GYNECO,HC,1
60,PTG,DERMA + GASTRO + GYNECO,DOM,1
62,PTH,DERMA + GASTRO + GYNECO,HC,1
65,PTG,DERMA + GASTRO + GYNECO,HC,1
75,PTG,DERMA + GASTRO + GYNECO,HDJ,1
75,PTH,DERMA + GASTRO + GYNECO,DOM,1
78,PTH,DERMA + GASTRO + GYNECO,DOM,1
88,PTG,DERMA + GASTRO + GYNECO,DOM,1
88,PTH,DERMA + GASTRO + GYNECO,HC,1
92,PTH,DERMA + GASTRO + GYNECO,DOM,1
92,PTH,DERMA + GASTRO + GYNECO,HC,1
97,PTG,DERMA + GASTRO + GYNECO,HC,1
59,PTG,DERMA + GASTRO + GYNECO + OPH,HC,1
92,PTG,DERMA + GASTRO + GYNECO + OPH,DOM,1
78,PTH,DERMA + GASTRO + GYNECO + OPH + ORL,HC,1
6,PTG,DERMA + GASTRO + GYNECO + OPH + RHUMA,HC,1
30,PTG,DERMA + GASTRO + GYNECO + OPH + RHUMA,HC,1
33,PTG,DERMA + GASTRO + GYNECO + OPH + RHUMA,HC,1
95,PTG,DERMA + GASTRO + GYNECO + OPH + RHUMA,HC,1
13,PTG,DERMA + GASTRO + GYNECO + RHUMA,DOM,1
13,PTH,DERMA + GASTRO + GYNECO + RHUMA,DOM,1
13,PTH,DERMA + GASTRO + GYNECO + RHUMA,HC,1
14,PTH,DERMA + GASTRO + GYNECO + RHUMA,DOM,1
60,PTH,DERMA + GASTRO + GYNECO + RHUMA,DOM,1
61,PTH,DERMA + GASTRO + GYNECO + RHUMA,DOM,1
67,PTH,DERMA + GASTRO + GYNECO + RHUMA,HC,1
84,PTH,DERMA + GASTRO + GYNECO + RHUMA,DOM,1
84,PTH,DERMA + GASTRO + GYNECO + RHUMA,HC,1
94,PTG,DERMA + GASTRO + GYNECO + RHUMA,HC,1
94,PTH,DERMA + GASTRO + GYNECO + RHUMA,DOM,1
56,PTH,DERMA + GASTRO + GYNECO + URO,DOM,1
13,PTH,DERMA + GASTRO + OPH,DOM,2
33,PTH,DERMA + GASTRO + OPH,HC,2
2,PTH,DERMA + GASTRO + OPH,DOM,1
13,PTG,DERMA + GASTRO + OPH,HC_HDJ,1
13,PTG,DERMA + GASTRO + OPH,HDJ,1
16,PTG,DERMA + GASTRO + OPH,DOM,1
17,PTH,DERMA + GASTRO + OPH,DOM,1
22,PTG,DERMA + GASTRO + OPH,HC,1
23,PTH,DERMA + GASTRO + OPH,DOM,1
26,PTH,DERMA + GASTRO + OPH,DOM,1
31,PTG,DERMA + GASTRO + OPH,HC,1
33,PTG,DERMA + GASTRO + OPH,DOM,1
34,PTH,DERMA + GASTRO + OPH,DOM,1
41,PTH,DERMA + GASTRO + OPH,DOM,1
47,PTH,DERMA + GASTRO + OPH,DOM,1
49,PTH,DERMA + GASTRO + OPH,DOM,1
51,PTH,DERMA + GASTRO + OPH,HC,1
54,PTH,DERMA + GASTRO + OPH,HC,1
57,PTG,DERMA + GASTRO + OPH,HDJ,1
59,PTG,DERMA + GASTRO + OPH,HC,1
63,PTH,DERMA + GASTRO + OPH,DOM,1
63,PTH,DERMA + GASTRO + OPH,HC,1
67,PTG,DERMA + GASTRO + OPH,HC,1
70,PTG,DERMA + GASTRO + OPH,HC,1
72,PTG,DERMA + GASTRO + OPH,DOM,1
75,PTG,DERMA + GASTRO + OPH,DOM,1
92,PTG,DERMA + GASTRO + OPH,HC,1
31,PTH,DERMA + GASTRO + OPH + ORL,HC,1
64,PTH,DERMA + GASTRO + OPH + ORL,DOM,1
67,PTH,DERMA + GASTRO + OPH + ORL,DOM,1
69,PTH,DERMA + GASTRO + OPH + ORL,,1
83,PTG,DERMA + GASTRO + OPH + ORL,HDJ,1
44,PTH,DERMA + GASTRO + OPH + ORL + RHUMA,DOM,1
13,PTG,DERMA + GASTRO + OPH + RHUMA,HC,1
26,PTH,DERMA + GASTRO + OPH + RHUMA,DOM,1
38,PTH,DERMA + GASTRO + OPH + RHUMA,DOM,1
59,PTG,DERMA + GASTRO + OPH + RHUMA,DOM,1
66,PTG,DERMA + GASTRO + OPH + RHUMA,HDJ,1
66,PTH,DERMA + GASTRO + OPH + RHUMA,DOM,1
67,PTG,DERMA + GASTRO + OPH + RHUMA,HC,1
75,PTG,DERMA + GASTRO + OPH + RHUMA,DOM,1
76,PTG,DERMA + GASTRO + OPH + RHUMA,DOM,1
87,PTG,DERMA + GASTRO + OPH + RHUMA,HDJ,1
87,PTH,DERMA + GASTRO + OPH + RHUMA,HC,1
91,PTH,DERMA + GASTRO + OPH + RHUMA,DOM,1
94,PTH,DERMA + GASTRO + OPH + RHUMA,HC,1
13,PTG,DERMA + GASTRO + OPH + RHUMA + URO,HC_HDJ,1
94,PTH,DERMA + GASTRO + OPH + RHUMA + URO,HC,1
13,PTH,DERMA + GASTRO + OPH + URO,DOM,1
21,PTH,DERMA + GASTRO + OPH + URO,DOM,1
24,PTG,DERMA + GASTRO + OPH + URO,HC,1
59,PTG,DERMA + GASTRO + OPH + URO,DOM,1
88,PTG,DERMA + GASTRO + OPH + URO,HC,1
17,PTH,DERMA + GASTRO + ORL,DOM,1
24,PTG,DERMA + GASTRO + ORL,HC,1
27,PTH,DERMA + GASTRO + ORL,DOM,1
31,PTH,DERMA + GASTRO + ORL,HC,1
34,PTH,DERMA + GASTRO + ORL,DOM,1
57,PTG,DERMA + GASTRO + ORL,HC,1
66,PTG,DERMA + GASTRO + ORL,HC,1
68,PTH,DERMA + GASTRO + ORL,DOM,1
69,PTG,DERMA + GASTRO + ORL,DOM,1
69,PTH,DERMA + GASTRO + ORL,HC,1
83,PTG,DERMA + GASTRO + ORL,HDJ,1
91,PTG,DERMA + GASTRO + ORL,HC,1
38,PTG,DERMA + GASTRO + ORL + RHUMA,HC,2
13,PTG,DERMA + GASTRO + ORL + RHUMA,HC,1
59,PTH,DERMA + GASTRO + ORL + RHUMA,DOM,1
66,PTG,DERMA + GASTRO + ORL + RHUMA,DOM,1
57,PTG,DERMA + GASTRO + ORL + RHUMA + URO,HDJ,1
67,PTG,DERMA + GASTRO + ORL + RHUMA + URO,DOM,1
34,PTH,DERMA + GASTRO + RHUMA,DOM,3
44,PTG,DERMA + GASTRO + RHUMA,DOM,3
34,PTG,DERMA + GASTRO + RHUMA,HC,2
38,PTG,DERMA + GASTRO + RHUMA,HC,2
59,PTG,DERMA + GASTRO + RHUMA,DOM,2
59,PTH,DERMA + GASTRO + RHUMA,DOM,2
75,PTH,DERMA + GASTRO + RHUMA,DOM,2
92,PTH,DERMA + GASTRO + RHUMA,DOM,2
97,PTH,DERMA + GASTRO + RHUMA,DOM,2
2,PTG,DERMA + GASTRO + RHUMA,DOM,1
3,PTH,DERMA + GASTRO + RHUMA,HC,1
6,PTG,DERMA + GASTRO + RHUMA,,1
13,PTG,DERMA + GASTRO + RHUMA,DOM,1
16,PTG,DERMA + GASTRO + RHUMA,DOM,1
25,PTH,DERMA + GASTRO + RHUMA,DOM,1
27,PTH,DERMA + GASTRO + RHUMA,DOM,1
28,PTH,DERMA + GASTRO + RHUMA,DOM,1
29,PTG,DERMA + GASTRO + RHUMA,DOM,1
29,PTH,DERMA + GASTRO + RHUMA,DOM,1
33,PTG,DERMA + GASTRO + RHUMA,DOM,1
36,PTH,DERMA + GASTRO + RHUMA,DOM,1
37,PTG,DERMA + GASTRO + RHUMA,HC,1
38,PTH,DERMA + GASTRO + RHUMA,DOM,1
39,PTG,DERMA + GASTRO + RHUMA,HC,1
42,PTG,DERMA + GASTRO + RHUMA,DOM,1
44,PTH,DERMA + GASTRO + RHUMA,DOM,1
51,PTH,DERMA + GASTRO + RHUMA,HC,1
52,PTG,DERMA + GASTRO + RHUMA,DOM,1
54,PTG,DERMA + GASTRO + RHUMA,DOM,1
54,PTG,DERMA + GASTRO + RHUMA,HC,1
56,PTH,DERMA + GASTRO + RHUMA,DOM,1
57,PTH,DERMA + GASTRO + RHUMA,DOM,1
57,PTH,DERMA + GASTRO + RHUMA,HDJ,1
59,PTG,DERMA + GASTRO + RHUMA,,1
59,PTG,DERMA + GASTRO + RHUMA,HC,1
60,PTH,DERMA + GASTRO + RHUMA,DOM,1
63,PTH,DERMA + GASTRO + RHUMA,DOM,1
66,PTH,DERMA + GASTRO + RHUMA,DOM,1
67,PTH,DERMA + GASTRO + RHUMA,DOM,1
68,PTG,DERMA + GASTRO + RHUMA,HC,1
69,PTG,DERMA + GASTRO + RHUMA,,1
69,PTG,DERMA + GASTRO + RHUMA,HC_HDJ,1
69,PTH,DERMA + GASTRO + RHUMA,,1
71,PTH,DERMA + GASTRO + RHUMA,DOM,1
71,PTH,DERMA + GASTRO + RHUMA,HC,1
73,PTH,DERMA + GASTRO + RHUMA,,1
74,PTH,DERMA + GASTRO + RHUMA,HC,1
75,PTG,DERMA + GASTRO + RHUMA,DOM,1
75,PTG,DERMA + GASTRO + RHUMA,HC,1
75,PTH,DERMA + GASTRO + RHUMA,,1
76,PTH,DERMA + GASTRO + RHUMA,HC,1
78,PTG,DERMA + GASTRO + RHUMA,HC,1
78,PTH,DERMA + GASTRO + RHUMA,DOM,1
80,PTH,DERMA + GASTRO + RHUMA,DOM,1
83,PTG,DERMA + GASTRO + RHUMA,DOM,1
88,PTG,DERMA + GASTRO + RHUMA,HC,1
91,PTH,DERMA + GASTRO + RHUMA,DOM,1
92,PTH,DERMA + GASTRO + RHUMA,HC,1
93,PTG,DERMA + GASTRO + RHUMA,DOM,1
93,PTH,DERMA + GASTRO + RHUMA,DOM,1
94,PTG,DERMA + GASTRO + RHUMA,HC,1
95,PTG,DERMA + GASTRO + RHUMA,HC,1
95,PTH,DERMA + GASTRO + RHUMA,DOM,1
7,PTG,DERMA + GASTRO + RHUMA + URO,HC,1
13,PTG,DERMA + GASTRO + RHUMA + URO,DOM,1
20,PTH,DERMA + GASTRO + RHUMA + URO,HC,1
21,PTG,DERMA + GASTRO + RHUMA + URO,HC,1
26,PTG,DERMA + GASTRO + RHUMA + URO,DOM,1
57,PTH,DERMA + GASTRO + RHUMA + URO,DOM,1
60,PTG,DERMA + GASTRO + RHUMA + URO,DOM,1
62,PTH,DERMA + GASTRO + RHUMA + URO,DOM,1
78,PTH,DERMA + GASTRO + RHUMA + URO,DOM,1
85,PTH,DERMA + GASTRO + RHUMA + URO,HC,1
68,PTG,DERMA + GASTRO + URO,DOM,2
6,PTH,DERMA + GASTRO + URO,HC,1
13,PTG,DERMA + GASTRO + URO,DOM,1
13,PTH,DERMA + GASTRO + URO,DOM,1
35,PTG,DERMA + GASTRO + URO,DOM,1
38,PTG,DERMA + GASTRO + URO,HC,1
40,PTH,DERMA + GASTRO + URO,DOM,1
42,PTG,DERMA + GASTRO + URO,HDJ,1
44,PTH,DERMA + GASTRO + URO,DOM,1
53,PTG,DERMA + GASTRO + URO,DOM,1
59,PTG,DERMA + GASTRO + URO,DOM,1
64,PTH,DERMA + GASTRO + URO,DOM,1
89,PTH,DERMA + GASTRO + URO,HC,1
59,PTG,DERMA + GYNECO,DOM,7
17,PTH,DERMA + GYNECO,DOM,5
38,PTH,DERMA + GYNECO,DOM,5
75,PTH,DERMA + GYNECO,DOM,5
13,PTG,DERMA + GYNECO,DOM,4
54,PTH,DERMA + GYNECO,DOM,4
71,PTH,DERMA + GYNECO,DOM,4
88,PTH,DERMA + GYNECO,DOM,4
33,PTH,DERMA + GYNECO,DOM,3
34,PTH,DERMA + GYNECO,DOM,3
35,PTH,DERMA + GYNECO,DOM,3
49,PTH,DERMA + GYNECO,DOM,3
54,PTG,DERMA + GYNECO,DOM,3
56,PTG,DERMA + GYNECO,DOM,3
62,PTH,DERMA + GYNECO,DOM,3
69,PTG,DERMA + GYNECO,HC,3
77,PTH,DERMA + GYNECO,DOM,3
78,PTH,DERMA + GYNECO,HC,3
95,PTH,DERMA + GYNECO,DOM,3
9,PTG,DERMA + GYNECO,DOM,2
13,PTG,DERMA + GYNECO,HC,2
13,PTH,DERMA + GYNECO,DOM,2
16,PTH,DERMA + GYNECO,DOM,2
17,PTH,DERMA + GYNECO,HC,2
18,PTG,DERMA + GYNECO,DOM,2
21,PTH,DERMA + GYNECO,DOM,2
24,PTG,DERMA + GYNECO,DOM,2
26,PTG,DERMA + GYNECO,DOM,2
31,PTG,DERMA + GYNECO,HC,2
31,PTH,DERMA + GYNECO,DOM,2
33,PTG,DERMA + GYNECO,HC,2
33,PTH,DERMA + GYNECO,HC,2
38,PTG,DERMA + GYNECO,DOM,2
38,PTG,DERMA + GYNECO,HC,2
40,PTH,DERMA + GYNECO,DOM,2
55,PTG,DERMA + GYNECO,DOM,2
57,PTH,DERMA + GYNECO,DOM,2
59,PTH,DERMA + GYNECO,HC,2
62,PTG,DERMA + GYNECO,DOM,2
62,PTG,DERMA + GYNECO,HC,2
63,PTG,DERMA + GYNECO,DOM,2
66,PTG,DERMA + GYNECO,DOM,2
66,PTH,DERMA + GYNECO,DOM,2
67,PTG,DERMA + GYNECO,HC,2
76,PTG,DERMA + GYNECO,HC,2
77,PTG,DERMA + GYNECO,HC,2
78,PTG,DERMA + GYNECO,HC,2
78,PTG,DERMA + GYNECO,HC_HDJ,2
81,PTH,DERMA + GYNECO,DOM,2
88,PTG,DERMA + GYNECO,DOM,2
92,PTH,DERMA + GYNECO,DOM,2
97,PTG,DERMA + GYNECO,HC,2
1,PTH,DERMA + GYNECO,DOM,1
2,PTG,DERMA + GYNECO,DOM,1
3,PTG,DERMA + GYNECO,DOM,1
6,PTG,DERMA + GYNECO,DOM,1
6,PTG,DERMA + GYNECO,HC,1
6,PTH,DERMA + GYNECO,,1
8,PTG,DERMA + GYNECO,HC,1
8,PTH,DERMA + GYNECO,DOM,1
11,PTG,DERMA + GYNECO,HC,1
13,PTH,DERMA + GYNECO,HC,1
14,PTG,DERMA + GYNECO,DOM,1
14,PTH,DERMA + GYNECO,DOM,1
16,PTH,DERMA + GYNECO,HC,1
17,PTG,DERMA + GYNECO,HC,1
18,PTG,DERMA + GYNECO,HDJ,1
20,PTH,DERMA + GYNECO,HC,1
21,PTG,DERMA + GYNECO,DOM,1
21,PTH,DERMA + GYNECO,HC,1
22,PTH,DERMA + GYNECO,DOM,1
24,PTG,DERMA + GYNECO,HC,1
24,PTH,DERMA + GYNECO,DOM,1
25,PTG,DERMA + GYNECO,DOM,1
27,PTH,DERMA + GYNECO,DOM,1
29,PTG,DERMA + GYNECO,DOM,1
30,PTG,DERMA + GYNECO,DOM,1
32,PTG,DERMA + GYNECO,HC,1
34,PTG,DERMA + GYNECO,DOM,1
34,PTG,DERMA + GYNECO,HC,1
35,PTG,DERMA + GYNECO,DOM,1
36,PTG,DERMA + GYNECO,HC,1
37,PTG,DERMA + GYNECO,DOM,1
37,PTH,DERMA + GYNECO,HC,1
38,PTH,DERMA + GYNECO,HC,1
40,PTH,DERMA + GYNECO,HC,1
44,PTH,DERMA + GYNECO,DOM,1
45,PTG,DERMA + GYNECO,DOM,1
45,PTH,DERMA + GYNECO,HC,1
46,PTG,DERMA + GYNECO,HC,1
47,PTH,DERMA + GYNECO,DOM,1
48,PTH,DERMA + GYNECO,DOM,1
50,PTG,DERMA + GYNECO,HC,1
50,PTH,DERMA + GYNECO,DOM,1
51,PTG,DERMA + GYNECO,DOM,1
52,PTG,DERMA + GYNECO,HC,1
52,PTG,DERMA + GYNECO,HDJ,1
53,PTG,DERMA + GYNECO,HC,1
54,PTG,DERMA + GYNECO,HC,1
56,PTG,DERMA + GYNECO,HC,1
57,PTH,DERMA + GYNECO,HC,1
58,PTH,DERMA + GYNECO,DOM,1
59,PTG,DERMA + GYNECO,HC,1
59,PTG,DERMA + GYNECO,HDJ,1
59,PTH,DERMA + GYNECO,DOM,1
60,PTG,DERMA + GYNECO,HC,1
60,PTH,DERMA + GYNECO,HC,1
61,PTH,DERMA + GYNECO,DOM,1
63,PTH,DERMA + GYNECO,HC,1
64,PTG,DERMA + GYNECO,HC,1
64,PTH,DERMA + GYNECO,HC,1
66,PTG,DERMA + GYNECO,HC,1
67,PTG,DERMA + GYNECO,DOM,1
67,PTH,DERMA + GYNECO,DOM,1
68,PTG,DERMA + GYNECO,HC,1
68,PTH,DERMA + GYNECO,DOM,1
70,PTH,DERMA + GYNECO,DOM,1
71,PTG,DERMA + GYNECO,DOM,1
71,PTH,DERMA + GYNECO,HC,1
72,PTG,DERMA + GYNECO,HC,1
72,PTH,DERMA + GYNECO,DOM,1
73,PTG,DERMA + GYNECO,DOM,1
74,PTG,DERMA + GYNECO,HDJ,1
75,PTG,DERMA + GYNECO,,1
75,PTG,DERMA + GYNECO,DOM,1
75,PTG,DERMA + GYNECO,HC,1
75,PTG,DERMA + GYNECO,HC_HDJ,1
75,PTG,DERMA + GYNECO,HDJ,1
76,PTG,DERMA + GYNECO,DOM,1
76,PTH,DERMA + GYNECO,HC,1
77,PTG,DERMA + GYNECO,HDJ,1
77,PTH,DERMA + GYNECO,HC,1
78,PTH,DERMA + GYNECO,DOM,1
79,PTH,DERMA + GYNECO,DOM,1
80,PTH,DERMA + GYNECO,HC,1
81,PTG,DERMA + GYNECO,HC_HDJ,1
83,PTG,DERMA + GYNECO,DOM,1
83,PTG,DERMA + GYNECO,HC,1
83,PTH,DERMA + GYNECO,DOM,1
83,PTH,DERMA + GYNECO,HDJ,1
84,PTG,DERMA + GYNECO,HC,1
84,PTH,DERMA + GYNECO,DOM,1
85,PTH,DERMA + GYNECO,DOM,1
87,PTG,DERMA + GYNECO,HC,1
88,PTH,DERMA + GYNECO,HC,1
91,PTG,DERMA + GYNECO,HC,1
91,PTH,DERMA + GYNECO,DOM,1
93,PTG,DERMA + GYNECO,HC_HDJ,1
93,PTH,DERMA + GYNECO,DOM,1
94,PTG,DERMA + GYNECO,HC_HDJ,1
94,PTG,DERMA + GYNECO,HDJ,1
94,PTH,DERMA + GYNECO,DOM,1
97,PTH,DERMA + GYNECO,DOM,1
2,PTH,DERMA + GYNECO + OPH,HC,1
3,PTH,DERMA + GYNECO + OPH,DOM,1
13,PTG,DERMA + GYNECO + OPH,HC_HDJ,1
14,PTG,DERMA + GYNECO + OPH,HDJ,1
14,PTH,DERMA + GYNECO + OPH,DOM,1
18,PTH,DERMA + GYNECO + OPH,HC,1
23,PTG,DERMA + GYNECO + OPH,HC,1
24,PTH,DERMA + GYNECO + OPH,HC,1
31,PTG,DERMA + GYNECO + OPH,,1
31,PTG,DERMA + GYNECO + OPH,HC,1
33,PTH,DERMA + GYNECO + OPH,DOM,1
38,PTH,DERMA + GYNECO + OPH,HC,1
39,PTG,DERMA + GYNECO + OPH,DOM,1
40,PTH,DERMA + GYNECO + OPH,DOM,1
41,PTG,DERMA + GYNECO + OPH,DOM,1
41,PTG,DERMA + GYNECO + OPH,HC,1
44,PTH,DERMA + GYNECO + OPH,HC,1
50,PTH,DERMA + GYNECO + OPH,HC,1
51,PTG,DERMA + GYNECO + OPH,DOM,1
54,PTG,DERMA + GYNECO + OPH,,1
54,PTH,DERMA + GYNECO + OPH,HC,1
58,PTH,DERMA + GYNECO + OPH,DOM,1
59,PTH,DERMA + GYNECO + OPH,,1
63,PTG,DERMA + GYNECO + OPH,DOM,1
64,PTG,DERMA + GYNECO + OPH,DOM,1
68,PTG,DERMA + GYNECO + OPH,HDJ,1
69,PTG,DERMA + GYNECO + OPH,DOM,1
71,PTH,DERMA + GYNECO + OPH,DOM,1
74,PTH,DERMA + GYNECO + OPH,DOM,1
76,PTH,DERMA + GYNECO + OPH,DOM,1
77,PTH,DERMA + GYNECO + OPH,DOM,1
79,PTH,DERMA + GYNECO + OPH,DOM,1
81,PTH,DERMA + GYNECO + OPH,DOM,1
83,PTG,DERMA + GYNECO + OPH,DOM,1
83,PTG,DERMA + GYNECO + OPH,HDJ,1
86,PTG,DERMA + GYNECO + OPH,HC,1
88,PTG,DERMA + GYNECO + OPH,DOM,1
91,PTH,DERMA + GYNECO + OPH,DOM,1
93,PTH,DERMA + GYNECO + OPH,HC,1
94,PTG,DERMA + GYNECO + OPH,DOM,1
33,PTH,DERMA + GYNECO + OPH + ORL,DOM,1
97,PTG,DERMA + GYNECO + OPH + ORL,HC,1
4,PTH,DERMA + GYNECO + OPH + RHUMA,HC,1
13,PTG,DERMA + GYNECO + OPH + RHUMA,,1
15,PTH,DERMA + GYNECO + OPH + RHUMA,DOM,1
33,PTG,DERMA + GYNECO + OPH + RHUMA,DOM,1
33,PTG,DERMA + GYNECO + OPH + RHUMA,HC,1
34,PTG,DERMA + GYNECO + OPH + RHUMA,DOM,1
34,PTG,DERMA + GYNECO + OPH + RHUMA,HC,1
38,PTH,DERMA + GYNECO + OPH + RHUMA,DOM,1
39,PTH,DERMA + GYNECO + OPH + RHUMA,DOM,1
42,PTG,DERMA + GYNECO + OPH + RHUMA,HC,1
54,PTG,DERMA + GYNECO + OPH + RHUMA,HC,1
60,PTH,DERMA + GYNECO + OPH + RHUMA,DOM,1
75,PTH,DERMA + GYNECO + OPH + RHUMA,DOM,1
78,PTG,DERMA + GYNECO + OPH + RHUMA,HC,1
94,PTG,DERMA + GYNECO + OPH + RHUMA,HC,1
94,PTH,DERMA + GYNECO + OPH + RHUMA,DOM,1
94,PTH,DERMA + GYNECO + OPH + RHUMA,HDJ,1
95,PTG,DERMA + GYNECO + OPH + RHUMA,DOM,1
95,PTH,DERMA + GYNECO + OPH + RHUMA + URO,DOM,1
38,PTG,DERMA + GYNECO + OPH + URO,HC,1
71,PTG,DERMA + GYNECO + OPH + URO,HC,1
27,PTG,DERMA + GYNECO + ORL,HDJ,1
37,PTG,DERMA + GYNECO + ORL,HC,1
44,PTG,DERMA + GYNECO + ORL,DOM,1
51,PTG,DERMA + GYNECO + ORL,HC,1
54,PTG,DERMA + GYNECO + ORL,HC,1
59,PTH,DERMA + GYNECO + ORL,DOM,1
62,PTH,DERMA + GYNECO + ORL,DOM,1
67,PTH,DERMA + GYNECO + ORL,DOM,1
69,PTH,DERMA + GYNECO + ORL,DOM,1
94,PTH,DERMA + GYNECO + ORL,HC,1
13,PTG,DERMA + GYNECO + ORL + RHUMA,,1
75,PTH,DERMA + GYNECO + ORL + RHUMA,DOM,1
91,PTH,DERMA + GYNECO + ORL + RHUMA,HC_HDJ,1
59,PTH,DERMA + GYNECO + ORL + URO,DOM,1
67,PTG,DERMA + GYNECO + RHUMA,DOM,6
38,PTG,DERMA + GYNECO + RHUMA,DOM,3
67,PTH,DERMA + GYNECO + RHUMA,DOM,3
77,PTH,DERMA + GYNECO + RHUMA,DOM,3
92,PTH,DERMA + GYNECO + RHUMA,DOM,3
6,PTG,DERMA + GYNECO + RHUMA,DOM,2
13,PTG,DERMA + GYNECO + RHUMA,HC,2
33,PTH,DERMA + GYNECO + RHUMA,DOM,2
38,PTG,DERMA + GYNECO + RHUMA,HC,2
38,PTH,DERMA + GYNECO + RHUMA,DOM,2
54,PTG,DERMA + GYNECO + RHUMA,DOM,2
59,PTG,DERMA + GYNECO + RHUMA,HC,2
64,PTH,DERMA + GYNECO + RHUMA,DOM,2
69,PTG,DERMA + GYNECO + RHUMA,DOM,2
75,PTH,DERMA + GYNECO + RHUMA,DOM,2
75,PTH,DERMA + GYNECO + RHUMA,HC,2
3,PTH,DERMA + GYNECO + RHUMA,DOM,1
5,PTG,DERMA + GYNECO + RHUMA,HC_HDJ,1
6,PTG,DERMA + GYNECO + RHUMA,HC,1
6,PTH,DERMA + GYNECO + RHUMA,DOM,1
7,PTH,DERMA + GYNECO + RHUMA,HC,1
9,PTH,DERMA + GYNECO + RHUMA,DOM,1
11,PTG,DERMA + GYNECO + RHUMA,DOM,1
17,PTH,DERMA + GYNECO + RHUMA,DOM,1
19,PTG,DERMA + GYNECO + RHUMA,HC,1
21,PTG,DERMA + GYNECO + RHUMA,HC,1
25,PTG,DERMA + GYNECO + RHUMA,HC,1
27,PTH,DERMA + GYNECO + RHUMA,DOM,1
28,PTG,DERMA + GYNECO + RHUMA,HC,1
29,PTG,DERMA + GYNECO + RHUMA,HC_HDJ,1
29,PTH,DERMA + GYNECO + RHUMA,HC,1
30,PTH,DERMA + GYNECO + RHUMA,DOM,1
31,PTG,DERMA + GYNECO + RHUMA,DOM,1
31,PTG,DERMA + GYNECO + RHUMA,HDJ,1
31,PTH,DERMA + GYNECO + RHUMA,DOM,1
32,PTG,DERMA + GYNECO + RHUMA,DOM,1
32,PTG,DERMA + GYNECO + RHUMA,HC,1
33,PTG,DERMA + GYNECO + RHUMA,HC,1
34,PTH,DERMA + GYNECO + RHUMA,DOM,1
34,PTH,DERMA + GYNECO + RHUMA,HC,1
35,PTG,DERMA + GYNECO + RHUMA,DOM,1
37,PTG,DERMA + GYNECO + RHUMA,HC,1
38,PTH,DERMA + GYNECO + RHUMA,HC,1
40,PTG,DERMA + GYNECO + RHUMA,DOM,1
41,PTG,DERMA + GYNECO + RHUMA,DOM,1
43,PTG,DERMA + GYNECO + RHUMA,HC,1
44,PTG,DERMA + GYNECO + RHUMA,DOM,1
44,PTH,DERMA + GYNECO + RHUMA,DOM,1
44,PTH,DERMA + GYNECO + RHUMA,HC,1
45,PTH,DERMA + GYNECO + RHUMA,DOM,1
51,PTG,DERMA + GYNECO + RHUMA,HC,1
56,PTG,DERMA + GYNECO + RHUMA,DOM,1
56,PTG,DERMA + GYNECO + RHUMA,HC,1
59,PTH,DERMA + GYNECO + RHUMA,HC,1
62,PTH,DERMA + GYNECO + RHUMA,DOM,1
63,PTG,DERMA + GYNECO + RHUMA,DOM,1
63,PTG,DERMA + GYNECO + RHUMA,HC,1
64,PTG,DERMA + GYNECO + RHUMA,DOM,1
66,PTH,DERMA + GYNECO + RHUMA,DOM,1
67,PTG,DERMA + GYNECO + RHUMA,HC,1
68,PTG,DERMA + GYNECO + RHUMA,HDJ,1
69,PTG,DERMA + GYNECO + RHUMA,HC,1
75,PTG,DERMA + GYNECO + RHUMA,HC,1
76,PTG,DERMA + GYNECO + RHUMA,HC,1
76,PTH,DERMA + GYNECO + RHUMA,DOM,1
77,PTG,DERMA + GYNECO + RHUMA,DOM,1
78,PTG,DERMA + GYNECO + RHUMA,HC,1
78,PTH,DERMA + GYNECO + RHUMA,DOM,1
79,PTG,DERMA + GYNECO + RHUMA,DOM,1
80,PTG,DERMA + GYNECO + RHUMA,DOM,1
80,PTH,DERMA + GYNECO + RHUMA,DOM,1
83,PTG,DERMA + GYNECO + RHUMA,HDJ,1
84,PTH,DERMA + GYNECO + RHUMA,DOM,1
85,PTH,DERMA + GYNECO + RHUMA,DOM,1
92,PTG,DERMA + GYNECO + RHUMA,HC_HDJ,1
92,PTH,DERMA + GYNECO + RHUMA,HC,1
94,PTG,DERMA + GYNECO + RHUMA,HC,1
94,PTH,DERMA + GYNECO + RHUMA,DOM,1
95,PTH,DERMA + GYNECO + RHUMA,DOM,1
62,PTG,DERMA + GYNECO + RHUMA + URO,DOM,1
14,PTG,DERMA + GYNECO + URO,HC,1
21,PTH,DERMA + GYNECO + URO,DOM,1
33,PTG,DERMA + GYNECO + URO,DOM,1
45,PTH,DERMA + GYNECO + URO,DOM,1
68,PTH,DERMA + GYNECO + URO,HC,1
13,PTH,DERMA + OPH,DOM,9
16,PTG,DERMA + OPH,HC,7
31,PTG,DERMA + OPH,HC,7
44,PTH,DERMA + OPH,DOM,7
54,PTH,DERMA + OPH,DOM,7
77,PTH,DERMA + OPH,DOM,7
33,PTG,DERMA + OPH,DOM,6
76,PTH,DERMA + OPH,DOM,6
83,PTH,DERMA + OPH,DOM,6
13,PTG,DERMA + OPH,HC,5
31,PTH,DERMA + OPH,DOM,5
33,PTG,DERMA + OPH,HC,5
44,PTG,DERMA + OPH,HC,5
56,PTH,DERMA + OPH,DOM,5
57,PTH,DERMA + OPH,DOM,5
59,PTG,DERMA + OPH,HC,5
59,PTH,DERMA + OPH,DOM,5
78,PTH,DERMA + OPH,DOM,5
2,PTH,DERMA + OPH,DOM,4
21,PTH,DERMA + OPH,DOM,4
21,PTH,DERMA + OPH,HC,4
22,PTG,DERMA + OPH,DOM,4
40,PTG,DERMA + OPH,DOM,4
59,PTG,DERMA + OPH,DOM,4
83,PTG,DERMA + OPH,DOM,4
86,PTG,DERMA + OPH,DOM,4
91,PTH,DERMA + OPH,DOM,4
92,PTH,DERMA + OPH,HC,4
6,PTG,DERMA + OPH,HC,3
14,PTH,DERMA + OPH,DOM,3
20,PTH,DERMA + OPH,DOM,3
30,PTH,DERMA + OPH,HC,3
31,PTH,DERMA + OPH,HC,3
33,PTH,DERMA + OPH,HC,3
39,PTH,DERMA + OPH,DOM,3
44,PTG,DERMA + OPH,DOM,3
54,PTG,DERMA + OPH,DOM,3
57,PTG,DERMA + OPH,HC,3
62,PTG,DERMA + OPH,DOM,3
64,PTH,DERMA + OPH,DOM,3
66,PTG,DERMA + OPH,DOM,3
67,PTG,DERMA + OPH,DOM,3
71,PTG,DERMA + OPH,HC,3
74,PTG,DERMA + OPH,HC,3
78,PTG,DERMA + OPH,HC,3
2,PTG,DERMA + OPH,DOM,2
2,PTG,DERMA + OPH,HC,2
3,PTH,DERMA + OPH,DOM,2
3,PTH,DERMA + OPH,HC,2
4,PTH,DERMA + OPH,HC,2
6,PTH,DERMA + OPH,DOM,2
6,PTH,DERMA + OPH,HC,2
8,PTH,DERMA + OPH,DOM,2
13,PTH,DERMA + OPH,HC,2
16,PTH,DERMA + OPH,DOM,2
17,PTG,DERMA + OPH,HC,2
20,PTG,DERMA + OPH,HC,2
21,PTG,DERMA + OPH,DOM,2
22,PTG,DERMA + OPH,HC,2
22,PTH,DERMA + OPH,DOM,2
23,PTG,DERMA + OPH,DOM,2
24,PTG,DERMA + OPH,HC,2
26,PTG,DERMA + OPH,HC,2
29,PTH,DERMA + OPH,DOM,2
30,PTH,DERMA + OPH,DOM,2
31,PTH,DERMA + OPH,HC_HDJ,2
33,PTH,DERMA + OPH,DOM,2
34,PTH,DERMA + OPH,DOM,2
36,PTG,DERMA + OPH,HC,2
37,PTH,DERMA + OPH,DOM,2
38,PTG,DERMA + OPH,DOM,2
38,PTH,DERMA + OPH,DOM,2
38,PTH,DERMA + OPH,HC,2
40,PTG,DERMA + OPH,HC,2
42,PTG,DERMA + OPH,DOM,2
42,PTG,DERMA + OPH,HC,2
45,PTH,DERMA + OPH,HC,2
47,PTG,DERMA + OPH,DOM,2
49,PTG,DERMA + OPH,HC,2
50,PTG,DERMA + OPH,DOM,2
55,PTG,DERMA + OPH,HC,2
59,PTH,DERMA + OPH,HC,2
60,PTG,DERMA + OPH,DOM,2
60,PTH,DERMA + OPH,DOM,2
62,PTH,DERMA + OPH,DOM,2
66,PTH,DERMA + OPH,DOM,2
67,PTH,DERMA + OPH,HC,2
68,PTH,DERMA + OPH,DOM,2
71,PTG,DERMA + OPH,DOM,2
72,PTH,DERMA + OPH,DOM,2
75,PTG,DERMA + OPH,DOM,2
75,PTG,DERMA + OPH,HDJ,2
77,PTG,DERMA + OPH,HDJ,2
79,PTH,DERMA + OPH,DOM,2
80,PTH,DERMA + OPH,DOM,2
80,PTH,DERMA + OPH,HC,2
82,PTG,DERMA + OPH,HC,2
83,PTG,DERMA + OPH,HC,2
83,PTH,DERMA + OPH,HC,2
85,PTH,DERMA + OPH,HC,2
88,PTG,DERMA + OPH,DOM,2
88,PTG,DERMA + OPH,HC,2
88,PTH,DERMA + OPH,DOM,2
91,PTG,DERMA + OPH,HC,2
93,PTG,DERMA + OPH,DOM,2
93,PTG,DERMA + OPH,HC,2
93,PTH,DERMA + OPH,HC,2
95,PTG,DERMA + OPH,HC,2
95,PTH,DERMA + OPH,HC,2
1,PTG,DERMA + OPH,HC,1
1,PTH,DERMA + OPH,DOM,1
3,PTG,DERMA + OPH,DOM,1
3,PTG,DERMA + OPH,HC,1
4,PTG,DERMA + OPH,HC,1
4,PTH,DERMA + OPH,,1
5,PTH,DERMA + OPH,HC,1
10,PTH,DERMA + OPH,HC,1
11,PTG,DERMA + OPH,DOM,1
11,PTG,DERMA + OPH,HC,1
11,PTG,DERMA + OPH,HDJ,1
12,PTG,DERMA + OPH,DOM,1
13,PTG,DERMA + OPH,DOM,1
14,PTH,DERMA + OPH,HC,1
16,PTH,DERMA + OPH,HC,1
17,PTG,DERMA + OPH,DOM,1
18,PTG,DERMA + OPH,DOM,1
20,PTG,DERMA + OPH,DOM,1
21,PTG,DERMA + OPH,HC,1
22,PTH,DERMA + OPH,HC,1
24,PTG,DERMA + OPH,DOM,1
24,PTH,DERMA + OPH,DOM,1
24,PTH,DERMA + OPH,HC,1
25,PTG,DERMA + OPH,HC,1
25,PTH,DERMA + OPH,HC,1
26,PTG,DERMA + OPH,DOM,1
26,PTH,DERMA + OPH,DOM,1
27,PTG,DERMA + OPH,DOM,1
27,PTH,DERMA + OPH,HC,1
29,PTG,DERMA + OPH,DOM,1
29,PTG,DERMA + OPH,HC,1
30,PTG,DERMA + OPH,DOM,1
30,PTG,DERMA + OPH,HC,1
31,PTG,DERMA + OPH,DOM,1
31,PTG,DERMA + OPH,HDJ,1
32,PTH,DERMA + OPH,HC,1
34,PTG,DERMA + OPH,HC,1
34,PTH,DERMA + OPH,HC,1
35,PTG,DERMA + OPH,DOM,1
35,PTH,DERMA + OPH,DOM,1
35,PTH,DERMA + OPH,HC,1
36,PTH,DERMA + OPH,,1
36,PTH,DERMA + OPH,HC,1
37,PTH,DERMA + OPH,HC,1
39,PTG,DERMA + OPH,HC,1
39,PTH,DERMA + OPH,HC,1
40,PTH,DERMA + OPH,DOM,1
41,PTG,DERMA + OPH,DOM,1
41,PTH,DERMA + OPH,DOM,1
42,PTG,DERMA + OPH,HDJ,1
42,PTH,DERMA + OPH,DOM,1
42,PTH,DERMA + OPH,HC,1
43,PTG,DERMA + OPH,HC,1
43,PTH,DERMA + OPH,HC,1
45,PTG,DERMA + OPH,DOM,1
45,PTG,DERMA + OPH,HC,1
47,PTH,DERMA + OPH,DOM,1
49,PTH,DERMA + OPH,DOM,1
50,PTH,DERMA + OPH,HC,1
51,PTG,DERMA + OPH,DOM,1
51,PTG,DERMA + OPH,HC,1
51,PTH,DERMA + OPH,DOM,1
53,PTG,DERMA + OPH,DOM,1
54,PTG,DERMA + OPH,HC,1
55,PTG,DERMA + OPH,DOM,1
55,PTH,DERMA + OPH,HC,1
57,PTG,DERMA + OPH,DOM,1
57,PTG,DERMA + OPH,HDJ,1
58,PTH,DERMA + OPH,DOM,1
59,PTH,DERMA + OPH,,1
60,PTG,DERMA + OPH,HC,1
60,PTG,DERMA + OPH,HDJ,1
61,PTH,DERMA + OPH,DOM,1
62,PTG,DERMA + OPH,HC,1
63,PTG,DERMA + OPH,DOM,1
63,PTH,DERMA + OPH,DOM,1
63,PTH,DERMA + OPH,HC,1
64,PTG,DERMA + OPH,DOM,1
64,PTG,DERMA + OPH,HC,1
64,PTG,DERMA + OPH,HDJ,1
64,PTH,DERMA + OPH,HC,1
65,PTH,DERMA + OPH,HC,1
67,PTG,DERMA + OPH,HC,1
67,PTG,DERMA + OPH,HDJ,1
67,PTH,DERMA + OPH,DOM,1
68,PTG,DERMA + OPH,DOM,1
68,PTG,DERMA + OPH,HC,1
69,PTG,DERMA + OPH,DOM,1
69,PTG,DERMA + OPH,HDJ,1
69,PTH,DERMA + OPH,DOM,1
69,PTH,DERMA + OPH,HC,1
70,PTG,DERMA + OPH,DOM,1
71,PTH,DERMA + OPH,DOM,1
71,PTH,DERMA + OPH,HC,1
73,PTG,DERMA + OPH,DOM,1
73,PTH,DERMA + OPH,HC,1
74,PTH,DERMA + OPH,DOM,1
75,PTG,DERMA + OPH,HC,1
75,PTH,DERMA + OPH,,1
75,PTH,DERMA + OPH,DOM,1
75,PTH,DERMA + OPH,HDJ,1
76,PTG,DERMA + OPH,DOM,1
76,PTG,DERMA + OPH,HC,1
76,PTG,DERMA + OPH,HDJ,1
76,PTH,DERMA + OPH,HC,1
77,PTG,DERMA + OPH,DOM,1
77,PTG,DERMA + OPH,HC,1
78,PTG,DERMA + OPH,DOM,1
78,PTH,DERMA + OPH,HC,1
79,PTG,DERMA + OPH,DOM,1
79,PTG,DERMA + OPH,HC,1
81,PTG,DERMA + OPH,DOM,1
81,PTG,DERMA + OPH,HC,1
81,PTG,DERMA + OPH,HC_HDJ,1
84,PTH,DERMA + OPH,DOM,1
84,PTH,DERMA + OPH,HC,1
85,PTG,DERMA + OPH,DOM,1
85,PTG,DERMA + OPH,HC,1
86,PTG,DERMA + OPH,HC,1
87,PTG,DERMA + OPH,DOM,1
87,PTG,DERMA + OPH,HDJ,1
87,PTH,DERMA + OPH,DOM,1
89,PTG,DERMA + OPH,HC,1
89,PTH,DERMA + OPH,DOM,1
91,PTG,DERMA + OPH,DOM,1
91,PTG,DERMA + OPH,HDJ,1
91,PTH,DERMA + OPH,,1
92,PTG,DERMA + OPH,HC,1
93,PTG,DERMA + OPH,HDJ,1
94,PTG,DERMA + OPH,DOM,1
94,PTH,DERMA + OPH,DOM,1
94,PTH,DERMA + OPH,HC,1
95,PTG,DERMA + OPH,DOM,1
95,PTH,DERMA + OPH,DOM,1
97,PTH,DERMA + OPH,HC,1
99,PTG,DERMA + OPH,HC,1
99,PTH,DERMA + OPH,DOM,1
74,PTG,DERMA + OPH + ORL,DOM,2
6,PTG,DERMA + OPH + ORL,DOM,1
13,PTG,DERMA + OPH + ORL,HC,1
13,PTG,DERMA + OPH + ORL,HDJ,1
16,PTH,DERMA + OPH + ORL,DOM,1
17,PTG,DERMA + OPH + ORL,HC,1
21,PTH,DERMA + OPH + ORL,HC,1
22,PTG,DERMA + OPH + ORL,DOM,1
22,PTH,DERMA + OPH + ORL,DOM,1
24,PTH,DERMA + OPH + ORL,HC,1
26,PTH,DERMA + OPH + ORL,HC,1
29,PTG,DERMA + OPH + ORL,DOM,1
31,PTH,DERMA + OPH + ORL,DOM,1
45,PTG,DERMA + OPH + ORL,HC,1
47,PTG,DERMA + OPH + ORL,HC,1
51,PTG,DERMA + OPH + ORL,DOM,1
54,PTG,DERMA + OPH + ORL,DOM,1
59,PTG,DERMA + OPH + ORL,HC,1
60,PTH,DERMA + OPH + ORL,DOM,1
62,PTG,DERMA + OPH + ORL,,1
64,PTG,DERMA + OPH + ORL,HC,1
67,PTH,DERMA + OPH + ORL,DOM,1
68,PTH,DERMA + OPH + ORL,HC,1
71,PTH,DERMA + OPH + ORL,HC,1
73,PTH,DERMA + OPH + ORL,DOM,1
75,PTH,DERMA + OPH + ORL,,1
77,PTG,DERMA + OPH + ORL,HC_HDJ,1
83,PTH,DERMA + OPH + ORL,DOM,1
91,PTG,DERMA + OPH + ORL,DOM,1
91,PTG,DERMA + OPH + ORL,HC,1
92,PTH,DERMA + OPH + ORL,HC,1
13,PTG,DERMA + OPH + ORL + RHUMA,DOM,1
14,PTH,DERMA + OPH + ORL + RHUMA,HC,1
31,PTG,DERMA + OPH + ORL + RHUMA,HC_HDJ,1
31,PTH,DERMA + OPH + ORL + RHUMA,HDJ,1
37,PTH,DERMA + OPH + ORL + RHUMA,DOM,1
49,PTH,DERMA + OPH + ORL + RHUMA,DOM,1
91,PTH,DERMA + OPH + ORL + RHUMA,DOM,1
95,PTH,DERMA + OPH + ORL + RHUMA,DOM,1
13,PTH,DERMA + OPH + ORL + RHUMA + URO,DOM,1
38,PTG,DERMA + OPH + ORL + URO,DOM,1
59,PTG,DERMA + OPH + ORL + URO,DOM,1
77,PTH,DERMA + OPH + RHUMA,DOM,6
94,PTH,DERMA + OPH + RHUMA,DOM,5
75,PTH,DERMA + OPH + RHUMA,DOM,4
13,PTH,DERMA + OPH + RHUMA,DOM,3
75,PTH,DERMA + OPH + RHUMA,HC,3
76,PTH,DERMA + OPH + RHUMA,DOM,3
92,PTH,DERMA + OPH + RHUMA,DOM,3
2,PTG,DERMA + OPH + RHUMA,DOM,2
3,PTH,DERMA + OPH + RHUMA,HC,2
13,PTG,DERMA + OPH + RHUMA,HC,2
21,PTG,DERMA + OPH + RHUMA,HC,2
33,PTG,DERMA + OPH + RHUMA,DOM,2
33,PTH,DERMA + OPH + RHUMA,DOM,2
42,PTH,DERMA + OPH + RHUMA,HC,2
54,PTH,DERMA + OPH + RHUMA,HC,2
57,PTG,DERMA + OPH + RHUMA,HDJ,2
63,PTH,DERMA + OPH + RHUMA,DOM,2
64,PTH,DERMA + OPH + RHUMA,DOM,2
77,PTG,DERMA + OPH + RHUMA,HC,2
92,PTG,DERMA + OPH + RHUMA,HC,2
94,PTG,DERMA + OPH + RHUMA,HC,2
94,PTG,DERMA + OPH + RHUMA,HDJ,2
95,PTG,DERMA + OPH + RHUMA,HC,2
1,PTG,DERMA + OPH + RHUMA,HC,1
2,PTH,DERMA + OPH + RHUMA,DOM,1
3,PTG,DERMA + OPH + RHUMA,DOM,1
4,PTG,DERMA + OPH + RHUMA,DOM,1
4,PTG,DERMA + OPH + RHUMA,HC,1
7,PTH,DERMA + OPH + RHUMA,DOM,1
11,PTG,DERMA + OPH + RHUMA,DOM,1
13,PTG,DERMA + OPH + RHUMA,DOM,1
13,PTG,DERMA + OPH + RHUMA,HC_HDJ,1
13,PTG,DERMA + OPH + RHUMA,HDJ,1
13,PTH,DERMA + OPH + RHUMA,HC,1
13,PTH,DERMA + OPH + RHUMA,HC_HDJ,1
14,PTG,DERMA + OPH + RHUMA,DOM,1
14,PTG,DERMA + OPH + RHUMA,HC,1
14,PTH,DERMA + OPH + RHUMA,DOM,1
15,PTH,DERMA + OPH + RHUMA,DOM,1
17,PTG,DERMA + OPH + RHUMA,DOM,1
17,PTG,DERMA + OPH + RHUMA,HC,1
19,PTG,DERMA + OPH + RHUMA,HC,1
20,PTH,DERMA + OPH + RHUMA,DOM,1
22,PTH,DERMA + OPH + RHUMA,DOM,1
22,PTH,DERMA + OPH + RHUMA,HC,1
27,PTG,DERMA + OPH + RHUMA,HC,1
27,PTH,DERMA + OPH + RHUMA,DOM,1
28,PTH,DERMA + OPH + RHUMA,DOM,1
29,PTG,DERMA + OPH + RHUMA,,1
29,PTG,DERMA + OPH + RHUMA,HC_HDJ,1
29,PTH,DERMA + OPH + RHUMA,DOM,1
30,PTG,DERMA + OPH + RHUMA,DOM,1
30,PTG,DERMA + OPH + RHUMA,HC,1
30,PTH,DERMA + OPH + RHUMA,HC,1
31,PTG,DERMA + OPH + RHUMA,DOM,1
31,PTG,DERMA + OPH + RHUMA,HDJ,1
31,PTH,DERMA + OPH + RHUMA,DOM,1
32,PTG,DERMA + OPH + RHUMA,HC,1
33,PTG,DERMA + OPH + RHUMA,HC,1
33,PTH,DERMA + OPH + RHUMA,,1
33,PTH,DERMA + OPH + RHUMA,HC,1
34,PTG,DERMA + OPH + RHUMA,HC,1
34,PTH,DERMA + OPH + RHUMA,HC,1
35,PTH,DERMA + OPH + RHUMA,DOM,1
35,PTH,DERMA + OPH + RHUMA,HC,1
38,PTH,DERMA + OPH + RHUMA,DOM,1
38,PTH,DERMA + OPH + RHUMA,HC,1
39,PTH,DERMA + OPH + RHUMA,DOM,1
39,PTH,DERMA + OPH + RHUMA,HC,1
41,PTH,DERMA + OPH + RHUMA,HC,1
44,PTG,DERMA + OPH + RHUMA,HC,1
44,PTG,DERMA + OPH + RHUMA,HDJ,1
45,PTH,DERMA + OPH + RHUMA,DOM,1
47,PTH,DERMA + OPH + RHUMA,DOM,1
49,PTH,DERMA + OPH + RHUMA,HC,1
51,PTG,DERMA + OPH + RHUMA,HC,1
51,PTH,DERMA + OPH + RHUMA,DOM,1
53,PTH,DERMA + OPH + RHUMA,DOM,1
54,PTG,DERMA + OPH + RHUMA,DOM,1
54,PTH,DERMA + OPH + RHUMA,DOM,1
56,PTG,DERMA + OPH + RHUMA,HC,1
57,PTG,DERMA + OPH + RHUMA,DOM,1
59,PTG,DERMA + OPH + RHUMA,DOM,1
59,PTG,DERMA + OPH + RHUMA,HC_HDJ,1
59,PTH,DERMA + OPH + RHUMA,DOM,1
62,PTG,DERMA + OPH + RHUMA,HC,1
63,PTG,DERMA + OPH + RHUMA,DOM,1
63,PTH,DERMA + OPH + RHUMA,HC,1
64,PTG,DERMA + OPH + RHUMA,HC,1
67,PTG,DERMA + OPH + RHUMA,DOM,1
67,PTH,DERMA + OPH + RHUMA,HC,1
69,PTG,DERMA + OPH + RHUMA,DOM,1
69,PTG,DERMA + OPH + RHUMA,HC,1
69,PTH,DERMA + OPH + RHUMA,HDJ,1
70,PTG,DERMA + OPH + RHUMA,DOM,1
71,PTG,DERMA + OPH + RHUMA,DOM,1
71,PTH,DERMA + OPH + RHUMA,DOM,1
73,PTG,DERMA + OPH + RHUMA,HC,1
74,PTG,DERMA + OPH + RHUMA,HDJ,1
74,PTH,DERMA + OPH + RHUMA,DOM,1
75,PTG,DERMA + OPH + RHUMA,,1
75,PTG,DERMA + OPH + RHUMA,HC,1
76,PTG,DERMA + OPH + RHUMA,DOM,1
76,PTH,DERMA + OPH + RHUMA,HC,1
78,PTH,DERMA + OPH + RHUMA,DOM,1
81,PTG,DERMA + OPH + RHUMA,DOM,1
82,PTG,DERMA + OPH + RHUMA,DOM,1
83,PTG,DERMA + OPH + RHUMA,HC,1
83,PTH,DERMA + OPH + RHUMA,DOM,1
84,PTG,DERMA + OPH + RHUMA,DOM,1
87,PTG,DERMA + OPH + RHUMA,DOM,1
87,PTG,DERMA + OPH + RHUMA,HC,1
88,PTG,DERMA + OPH + RHUMA,DOM,1
88,PTH,DERMA + OPH + RHUMA,DOM,1
89,PTH,DERMA + OPH + RHUMA,DOM,1
91,PTG,DERMA + OPH + RHUMA,HC,1
91,PTH,DERMA + OPH + RHUMA,HC,1
93,PTG,DERMA + OPH + RHUMA,,1
93,PTG,DERMA + OPH + RHUMA,HC,1
93,PTG,DERMA + OPH + RHUMA,HDJ,1
93,PTH,DERMA + OPH + RHUMA,DOM,1
95,PTH,DERMA + OPH + RHUMA,DOM,1
97,PTG,DERMA + OPH + RHUMA,HC,1
28,PTH,DERMA + OPH + RHUMA + URO,HC,1
34,PTH,DERMA + OPH + RHUMA + URO,DOM,1
59,PTH,DERMA + OPH + RHUMA + URO,DOM,1
60,PTH,DERMA + OPH + RHUMA + URO,HC,1
93,PTH,DERMA + OPH + RHUMA + URO,DOM,1
24,PTH,DERMA + OPH + URO,DOM,1
27,PTG,DERMA + OPH + URO,DOM,1
27,PTH,DERMA + OPH + URO,DOM,1
35,PTG,DERMA + OPH + URO,DOM,1
37,PTH,DERMA + OPH + URO,HC,1
45,PTG,DERMA + OPH + URO,DOM,1
47,PTG,DERMA + OPH + URO,HC,1
51,PTG,DERMA + OPH + URO,DOM,1
57,PTG,DERMA + OPH + URO,HDJ,1
62,PTG,DERMA + OPH + URO,DOM,1
63,PTH,DERMA + OPH + URO,DOM,1
63,PTH,DERMA + OPH + URO,HC,1
64,PTH,DERMA + OPH + URO,DOM,1
72,PTG,DERMA + OPH + URO,HC,1
74,PTG,DERMA + OPH + URO,DOM,1
75,PTH,DERMA + OPH + URO,DOM,1
75,PTH,DERMA + OPH + URO,HC,1
78,PTH,DERMA + ORL,DOM,4
38,PTG,DERMA + ORL,HC,3
49,PTH,DERMA + ORL,DOM,3
56,PTG,DERMA + ORL,DOM,3
85,PTG,DERMA + ORL,DOM,3
7,PTG,DERMA + ORL,HC,2
13,PTG,DERMA + ORL,DOM,2
13,PTG,DERMA + ORL,HC,2
17,PTH,DERMA + ORL,DOM,2
31,PTG,DERMA + ORL,DOM,2
33,PTG,DERMA + ORL,HC,2
35,PTH,DERMA + ORL,HC,2
44,PTG,DERMA + ORL,DOM,2
57,PTH,DERMA + ORL,DOM,2
59,PTG,DERMA + ORL,HC,2
66,PTH,DERMA + ORL,DOM,2
71,PTH,DERMA + ORL,HC,2
74,PTG,DERMA + ORL,DOM,2
75,PTH,DERMA + ORL,DOM,2
76,PTH,DERMA + ORL,DOM,2
77,PTG,DERMA + ORL,DOM,2
83,PTG,DERMA + ORL,DOM,2
83,PTG,DERMA + ORL,HC,2
89,PTG,DERMA + ORL,HC,2
91,PTH,DERMA + ORL,HC,2
92,PTG,DERMA + ORL,DOM,2
95,PTH,DERMA + ORL,DOM,2
1,PTH,DERMA + ORL,HC,1
2,PTH,DERMA + ORL,DOM,1
3,PTG,DERMA + ORL,HDJ,1
3,PTH,DERMA + ORL,DOM,1
4,PTG,DERMA + ORL,DOM,1
5,PTG,DERMA + ORL,HC,1
5,PTH,DERMA + ORL,HC,1
6,PTG,DERMA + ORL,DOM,1
6,PTG,DERMA + ORL,HC,1
6,PTH,DERMA + ORL,,1
10,PTG,DERMA + ORL,HC,1
11,PTH,DERMA + ORL,DOM,1
12,PTH,DERMA + ORL,DOM,1
13,PTG,DERMA + ORL,HDJ,1
13,PTH,DERMA + ORL,DOM,1
13,PTH,DERMA + ORL,HDJ,1
14,PTH,DERMA + ORL,DOM,1
14,PTH,DERMA + ORL,HC,1
17,PTG,DERMA + ORL,DOM,1
17,PTH,DERMA + ORL,,1
18,PTG,DERMA + ORL,DOM,1
20,PTG,DERMA + ORL,HC,1
21,PTH,DERMA + ORL,DOM,1
22,PTG,DERMA + ORL,DOM,1
22,PTG,DERMA + ORL,HC,1
24,PTG,DERMA + ORL,DOM,1
25,PTG,DERMA + ORL,DOM,1
26,PTG,DERMA + ORL,DOM,1
27,PTH,DERMA + ORL,HC,1
28,PTG,DERMA + ORL,HC,1
29,PTG,DERMA + ORL,DOM,1
29,PTG,DERMA + ORL,HC,1
29,PTH,DERMA + ORL,DOM,1
29,PTH,DERMA + ORL,HC,1
30,PTG,DERMA + ORL,HC,1
31,PTH,DERMA + ORL,DOM,1
31,PTH,DERMA + ORL,HC,1
33,PTH,DERMA + ORL,DOM,1
33,PTH,DERMA + ORL,HC,1
34,PTG,DERMA + ORL,DOM,1
35,PTG,DERMA + ORL,DOM,1
35,PTH,DERMA + ORL,DOM,1
37,PTH,DERMA + ORL,DOM,1
38,PTH,DERMA + ORL,DOM,1
40,PTG,DERMA + ORL,HDJ,1
40,PTH,DERMA + ORL,HC,1
41,PTG,DERMA + ORL,DOM,1
44,PTG,DERMA + ORL,HC,1
44,PTG,DERMA + ORL,HDJ,1
44,PTH,DERMA + ORL,DOM,1
44,PTH,DERMA + ORL,HC,1
44,PTH,DERMA + ORL,HC_HDJ,1
45,PTH,DERMA + ORL,DOM,1
46,PTG,DERMA + ORL,HC,1
49,PTG,DERMA + ORL,DOM,1
50,PTH,DERMA + ORL,,1
57,PTG,DERMA + ORL,HC,1
57,PTG,DERMA + ORL,HDJ,1
61,PTG,DERMA + ORL,HC,1
62,PTG,DERMA + ORL,HC,1
62,PTH,DERMA + ORL,DOM,1
63,PTG,DERMA + ORL,HC,1
64,PTH,DERMA + ORL,DOM,1
66,PTG,DERMA + ORL,HC,1
67,PTG,DERMA + ORL,HC,1
67,PTH,DERMA + ORL,HC,1
68,PTG,DERMA + ORL,DOM,1
68,PTG,DERMA + ORL,HC,1
68,PTG,DERMA + ORL,HDJ,1
69,PTG,DERMA + ORL,DOM,1
70,PTG,DERMA + ORL,DOM,1
71,PTG,DERMA + ORL,HC,1
71,PTH,DERMA + ORL,DOM,1
73,PTH,DERMA + ORL,DOM,1
74,PTG,DERMA + ORL,HC,1
74,PTH,DERMA + ORL,DOM,1
76,PTG,DERMA + ORL,DOM,1
77,PTG,DERMA + ORL,HC,1
78,PTG,DERMA + ORL,DOM,1
80,PTH,DERMA + ORL,DOM,1
83,PTH,DERMA + ORL,,1
83,PTH,DERMA + ORL,HC,1
84,PTG,DERMA + ORL,HC,1
84,PTH,DERMA + ORL,DOM,1
84,PTH,DERMA + ORL,HC,1
85,PTH,DERMA + ORL,DOM,1
85,PTH,DERMA + ORL,HC,1
86,PTH,DERMA + ORL,DOM,1
87,PTH,DERMA + ORL,HC,1
88,PTG,DERMA + ORL,DOM,1
88,PTG,DERMA + ORL,HC,1
88,PTH,DERMA + ORL,DOM,1
91,PTG,DERMA + ORL,HC,1
91,PTH,DERMA + ORL,DOM,1
91,PTH,DERMA + ORL,HDJ,1
92,PTG,DERMA + ORL,HC,1
92,PTG,DERMA + ORL,HDJ,1
92,PTH,DERMA + ORL,DOM,1
93,PTH,DERMA + ORL,HC,1
94,PTG,DERMA + ORL,DOM,1
95,PTG,DERMA + ORL,HC,1
99,PTG,DERMA + ORL,HC,1
99,PTH,DERMA + ORL,DOM,1
13,PTH,DERMA + ORL + RHUMA,DOM,3
45,PTG,DERMA + ORL + RHUMA,HC_HDJ,2
62,PTG,DERMA + ORL + RHUMA,DOM,2
75,PTH,DERMA + ORL + RHUMA,DOM,2
76,PTG,DERMA + ORL + RHUMA,DOM,2
83,PTG,DERMA + ORL + RHUMA,HDJ,2
2,PTH,DERMA + ORL + RHUMA,DOM,1
8,PTG,DERMA + ORL + RHUMA,DOM,1
8,PTH,DERMA + ORL + RHUMA,DOM,1
10,PTH,DERMA + ORL + RHUMA,DOM,1
17,PTH,DERMA + ORL + RHUMA,HC,1
18,PTH,DERMA + ORL + RHUMA,DOM,1
26,PTH,DERMA + ORL + RHUMA,HC,1
31,PTH,DERMA + ORL + RHUMA,DOM,1
32,PTG,DERMA + ORL + RHUMA,HC,1
32,PTH,DERMA + ORL + RHUMA,HC,1
34,PTG,DERMA + ORL + RHUMA,DOM,1
35,PTG,DERMA + ORL + RHUMA,DOM,1
42,PTG,DERMA + ORL + RHUMA,HC,1
56,PTG,DERMA + ORL + RHUMA,HC,1
57,PTG,DERMA + ORL + RHUMA,HC_HDJ,1
57,PTH,DERMA + ORL + RHUMA,HC,1
59,PTH,DERMA + ORL + RHUMA,DOM,1
60,PTH,DERMA + ORL + RHUMA,DOM,1
62,PTG,DERMA + ORL + RHUMA,,1
63,PTG,DERMA + ORL + RHUMA,HDJ,1
67,PTG,DERMA + ORL + RHUMA,DOM,1
67,PTG,DERMA + ORL + RHUMA,HDJ,1
67,PTH,DERMA + ORL + RHUMA,DOM,1
69,PTG,DERMA + ORL + RHUMA,HC_HDJ,1
71,PTG,DERMA + ORL + RHUMA,DOM,1
75,PTG,DERMA + ORL + RHUMA,HC,1
77,PTH,DERMA + ORL + RHUMA,DOM,1
78,PTG,DERMA + ORL + RHUMA,HC,1
79,PTH,DERMA + ORL + RHUMA,DOM,1
81,PTG,DERMA + ORL + RHUMA,DOM,1
87,PTG,DERMA + ORL + RHUMA,DOM,1
91,PTH,DERMA + ORL + RHUMA,DOM,1
92,PTH,DERMA + ORL + RHUMA,DOM,1
92,PTH,DERMA + ORL + RHUMA,HC,1
93,PTH,DERMA + ORL + RHUMA,DOM,1
95,PTG,DERMA + ORL + RHUMA,HC,1
29,PTG,DERMA + ORL + RHUMA + URO,DOM,1
54,PTG,DERMA + ORL + RHUMA + URO,DOM,1
57,PTG,DERMA + ORL + RHUMA + URO,,1
68,PTH,DERMA + ORL + RHUMA + URO,DOM,1
83,PTH,DERMA + ORL + RHUMA + URO,DOM,1
13,PTG,DERMA + ORL + URO,HC,1
30,PTG,DERMA + ORL + URO,DOM,1
54,PTH,DERMA + ORL + URO,HC_HDJ,1
59,PTH,DERMA + ORL + URO,HC,1
76,PTH,DERMA + ORL + URO,DOM,1
83,PTG,DERMA + ORL + URO,,1
86,PTG,DERMA + ORL + URO,HC,1
38,PTG,DERMA + RHUMA,DOM,16
38,PTH,DERMA + RHUMA,DOM,16
67,PTG,DERMA + RHUMA,DOM,13
51,PTH,DERMA + RHUMA,DOM,12
92,PTH,DERMA + RHUMA,DOM,12
75,PTH,DERMA + RHUMA,DOM,11
13,PTG,DERMA + RHUMA,HC,10
13,PTH,DERMA + RHUMA,HC,10
29,PTH,DERMA + RHUMA,DOM,10
59,PTG,DERMA + RHUMA,HC,10
54,PTH,DERMA + RHUMA,DOM,9
57,PTH,DERMA + RHUMA,DOM,9
62,PTH,DERMA + RHUMA,DOM,9
67,PTH,DERMA + RHUMA,DOM,9
13,PTH,DERMA + RHUMA,DOM,7
30,PTH,DERMA + RHUMA,HC,7
33,PTG,DERMA + RHUMA,DOM,7
33,PTH,DERMA + RHUMA,DOM,7
35,PTH,DERMA + RHUMA,DOM,7
44,PTG,DERMA + RHUMA,HC,7
69,PTH,DERMA + RHUMA,DOM,7
77,PTH,DERMA + RHUMA,DOM,7
94,PTH,DERMA + RHUMA,DOM,7
2,PTH,DERMA + RHUMA,DOM,6
6,PTH,DERMA + RHUMA,DOM,6
17,PTH,DERMA + RHUMA,DOM,6
30,PTG,DERMA + RHUMA,HC,6
33,PTG,DERMA + RHUMA,HC,6
34,PTH,DERMA + RHUMA,HC,6
51,PTG,DERMA + RHUMA,DOM,6
57,PTG,DERMA + RHUMA,HC,6
59,PTH,DERMA + RHUMA,DOM,6
63,PTH,DERMA + RHUMA,DOM,6
71,PTH,DERMA + RHUMA,DOM,6
78,PTG,DERMA + RHUMA,HC,6
83,PTH,DERMA + RHUMA,DOM,6
1,PTG,DERMA + RHUMA,DOM,5
13,PTG,DERMA + RHUMA,DOM,5
22,PTH,DERMA + RHUMA,DOM,5
27,PTH,DERMA + RHUMA,DOM,5
31,PTH,DERMA + RHUMA,DOM,5
41,PTG,DERMA + RHUMA,HC,5
44,PTH,DERMA + RHUMA,DOM,5
54,PTG,DERMA + RHUMA,DOM,5
54,PTG,DERMA + RHUMA,HC,5
56,PTH,DERMA + RHUMA,DOM,5
57,PTG,DERMA + RHUMA,DOM,5
59,PTG,DERMA + RHUMA,DOM,5
59,PTH,DERMA + RHUMA,HC,5
62,PTG,DERMA + RHUMA,DOM,5
68,PTH,DERMA + RHUMA,DOM,5
76,PTH,DERMA + RHUMA,DOM,5
78,PTH,DERMA + RHUMA,DOM,5
93,PTH,DERMA + RHUMA,DOM,5
3,PTG,DERMA + RHUMA,DOM,4
3,PTH,DERMA + RHUMA,DOM,4
6,PTG,DERMA + RHUMA,HC,4
6,PTH,DERMA + RHUMA,HC,4
21,PTG,DERMA + RHUMA,HC,4
25,PTG,DERMA + RHUMA,DOM,4
29,PTH,DERMA + RHUMA,HC,4
31,PTG,DERMA + RHUMA,HC,4
34,PTH,DERMA + RHUMA,DOM,4
42,PTH,DERMA + RHUMA,DOM,4
51,PTG,DERMA + RHUMA,HC,4
64,PTH,DERMA + RHUMA,DOM,4
69,PTG,DERMA + RHUMA,DOM,4
74,PTG,DERMA + RHUMA,HC,4
74,PTH,DERMA + RHUMA,DOM,4
75,PTG,DERMA + RHUMA,DOM,4
75,PTG,DERMA + RHUMA,HC,4
75,PTH,DERMA + RHUMA,HC,4
77,PTG,DERMA + RHUMA,DOM,4
78,PTH,DERMA + RHUMA,HC,4
85,PTG,DERMA + RHUMA,DOM,4
92,PTG,DERMA + RHUMA,HC,4
92,PTH,DERMA + RHUMA,HC,4
93,PTH,DERMA + RHUMA,HC,4
94,PTG,DERMA + RHUMA,HC,4
94,PTH,DERMA + RHUMA,HC,4
95,PTG,DERMA + RHUMA,HC,4
95,PTH,DERMA + RHUMA,HC,4
17,PTG,DERMA + RHUMA,DOM,3
17,PTG,DERMA + RHUMA,HC,3
30,PTH,DERMA + RHUMA,DOM,3
35,PTG,DERMA + RHUMA,DOM,3
35,PTG,DERMA + RHUMA,HC,3
37,PTG,DERMA + RHUMA,DOM,3
38,PTH,DERMA + RHUMA,HC,3
40,PTH,DERMA + RHUMA,DOM,3
45,PTH,DERMA + RHUMA,DOM,3
50,PTG,DERMA + RHUMA,DOM,3
50,PTH,DERMA + RHUMA,DOM,3
60,PTH,DERMA + RHUMA,HC,3
69,PTG,DERMA + RHUMA,HC,3
69,PTH,DERMA + RHUMA,HC,3
71,PTG,DERMA + RHUMA,DOM,3
71,PTG,DERMA + RHUMA,HC,3
72,PTH,DERMA + RHUMA,DOM,3
78,PTG,DERMA + RHUMA,DOM,3
80,PTH,DERMA + RHUMA,DOM,3
83,PTG,DERMA + RHUMA,DOM,3
84,PTH,DERMA + RHUMA,DOM,3
87,PTG,DERMA + RHUMA,DOM,3
91,PTH,DERMA + RHUMA,DOM,3
92,PTG,DERMA + RHUMA,DOM,3
93,PTG,DERMA + RHUMA,DOM,3
2,PTG,DERMA + RHUMA,HC,2
2,PTH,DERMA + RHUMA,HC,2
3,PTH,DERMA + RHUMA,HC,2
4,PTH,DERMA + RHUMA,HC,2
6,PTG,DERMA + RHUMA,DOM,2
7,PTG,DERMA + RHUMA,HC,2
7,PTH,DERMA + RHUMA,DOM,2
10,PTG,DERMA + RHUMA,DOM,2
11,PTG,DERMA + RHUMA,DOM,2
13,PTG,DERMA + RHUMA,,2
14,PTG,DERMA + RHUMA,HDJ,2
16,PTG,DERMA + RHUMA,DOM,2
21,PTH,DERMA + RHUMA,DOM,2
22,PTG,DERMA + RHUMA,DOM,2
22,PTH,DERMA + RHUMA,HC,2
24,PTG,DERMA + RHUMA,DOM,2
25,PTG,DERMA + RHUMA,HC,2
25,PTH,DERMA + RHUMA,DOM,2
28,PTG,DERMA + RHUMA,HC,2
31,PTH,DERMA + RHUMA,HC,2
32,PTG,DERMA + RHUMA,DOM,2
32,PTH,DERMA + RHUMA,HC,2
34,PTG,DERMA + RHUMA,DOM,2
34,PTG,DERMA + RHUMA,HC,2
34,PTH,DERMA + RHUMA,,2
36,PTH,DERMA + RHUMA,DOM,2
37,PTH,DERMA + RHUMA,HC,2
38,PTG,DERMA + RHUMA,HC,2
39,PTG,DERMA + RHUMA,DOM,2
39,PTH,DERMA + RHUMA,DOM,2
40,PTG,DERMA + RHUMA,DOM,2
41,PTH,DERMA + RHUMA,DOM,2
43,PTH,DERMA + RHUMA,DOM,2
44,PTG,DERMA + RHUMA,DOM,2
47,PTH,DERMA + RHUMA,DOM,2
47,PTH,DERMA + RHUMA,HC,2
49,PTG,DERMA + RHUMA,DOM,2
49,PTH,DERMA + RHUMA,DOM,2
53,PTH,DERMA + RHUMA,DOM,2
54,PTH,DERMA + RHUMA,HC,2
57,PTG,DERMA + RHUMA,HDJ,2
57,PTH,DERMA + RHUMA,HC,2
60,PTG,DERMA + RHUMA,HC,2
62,PTH,DERMA + RHUMA,,2
63,PTG,DERMA + RHUMA,DOM,2
63,PTH,DERMA + RHUMA,HC,2
66,PTH,DERMA + RHUMA,DOM,2
67,PTH,DERMA + RHUMA,HC,2
68,PTG,DERMA + RHUMA,DOM,2
68,PTH,DERMA + RHUMA,HC,2
69,PTG,DERMA + RHUMA,HC_HDJ,2
73,PTG,DERMA + RHUMA,DOM,2
74,PTG,DERMA + RHUMA,DOM,2
75,PTG,DERMA + RHUMA,HDJ,2
76,PTG,DERMA + RHUMA,DOM,2
76,PTG,DERMA + RHUMA,HC,2
76,PTH,DERMA + RHUMA,HC,2
77,PTG,DERMA + RHUMA,HC,2
79,PTH,DERMA + RHUMA,DOM,2
81,PTH,DERMA + RHUMA,DOM,2
83,PTH,DERMA + RHUMA,,2
85,PTH,DERMA + RHUMA,DOM,2
85,PTH,DERMA + RHUMA,HC,2
87,PTH,DERMA + RHUMA,DOM,2
88,PTG,DERMA + RHUMA,HC,2
91,PTG,DERMA + RHUMA,HC,2
91,PTG,DERMA + RHUMA,HC_HDJ,2
95,PTH,DERMA + RHUMA,DOM,2
97,PTG,DERMA + RHUMA,HC,2
1,PTH,DERMA + RHUMA,DOM,1
2,PTG,DERMA + RHUMA,DOM,1
4,PTH,DERMA + RHUMA,,1
6,PTG,DERMA + RHUMA,,1
7,PTH,DERMA + RHUMA,HC,1
8,PTG,DERMA + RHUMA,HC,1
9,PTH,DERMA + RHUMA,DOM,1
11,PTH,DERMA + RHUMA,DOM,1
12,PTH,DERMA + RHUMA,DOM,1
12,PTH,DERMA + RHUMA,HC,1
13,PTG,DERMA + RHUMA,HC_HDJ,1
13,PTG,DERMA + RHUMA,HDJ,1
13,PTH,DERMA + RHUMA,HC_HDJ,1
14,PTG,DERMA + RHUMA,DOM,1
14,PTG,DERMA + RHUMA,HC,1
14,PTH,DERMA + RHUMA,,1
15,PTG,DERMA + RHUMA,DOM,1
15,PTG,DERMA + RHUMA,HC,1
15,PTH,DERMA + RHUMA,DOM,1
15,PTH,DERMA + RHUMA,HC,1
16,PTH,DERMA + RHUMA,DOM,1
18,PTH,DERMA + RHUMA,DOM,1
21,PTG,DERMA + RHUMA,DOM,1
22,PTG,DERMA + RHUMA,HC,1
23,PTG,DERMA + RHUMA,HC,1
23,PTG,DERMA + RHUMA,HDJ,1
23,PTH,DERMA + RHUMA,DOM,1
23,PTH,DERMA + RHUMA,HC,1
24,PTH,DERMA + RHUMA,DOM,1
24,PTH,DERMA + RHUMA,HC,1
25,PTH,DERMA + RHUMA,HC,1
26,PTG,DERMA + RHUMA,DOM,1
26,PTG,DERMA + RHUMA,HC,1
27,PTG,DERMA + RHUMA,HC,1
28,PTG,DERMA + RHUMA,DOM,1
28,PTH,DERMA + RHUMA,DOM,1
29,PTG,DERMA + RHUMA,,1
29,PTG,DERMA + RHUMA,DOM,1
29,PTG,DERMA + RHUMA,HC,1
29,PTG,DERMA + RHUMA,HC_HDJ,1
29,PTG,DERMA + RHUMA,HDJ,1
30,PTG,DERMA + RHUMA,DOM,1
30,PTG,DERMA + RHUMA,HDJ,1
31,PTG,DERMA + RHUMA,DOM,1
31,PTG,DERMA + RHUMA,HC_HDJ,1
31,PTH,DERMA + RHUMA,HC_HDJ,1
32,PTH,DERMA + RHUMA,DOM,1
33,PTH,DERMA + RHUMA,HC,1
35,PTG,DERMA + RHUMA,,1
35,PTH,DERMA + RHUMA,HC,1
37,PTG,DERMA + RHUMA,HC,1
37,PTH,DERMA + RHUMA,DOM,1
38,PTG,DERMA + RHUMA,HDJ,1
40,PTG,DERMA + RHUMA,HC,1
41,PTG,DERMA + RHUMA,DOM,1
42,PTG,DERMA + RHUMA,DOM,1
42,PTG,DERMA + RHUMA,HC,1
42,PTG,DERMA + RHUMA,HDJ,1
44,PTH,DERMA + RHUMA,HC,1
45,PTG,DERMA + RHUMA,,1
45,PTG,DERMA + RHUMA,DOM,1
45,PTH,DERMA + RHUMA,HC,1
46,PTH,DERMA + RHUMA,DOM,1
50,PTG,DERMA + RHUMA,HC,1
50,PTH,DERMA + RHUMA,HC,1
51,PTH,DERMA + RHUMA,,1
51,PTH,DERMA + RHUMA,HC,1
52,PTH,DERMA + RHUMA,HC,1
53,PTG,DERMA + RHUMA,DOM,1
54,PTG,DERMA + RHUMA,HC_HDJ,1
55,PTH,DERMA + RHUMA,,1
56,PTG,DERMA + RHUMA,DOM,1
56,PTG,DERMA + RHUMA,HC,1
56,PTG,DERMA + RHUMA,HDJ,1
56,PTH,DERMA + RHUMA,HC,1
60,PTG,DERMA + RHUMA,DOM,1
60,PTH,DERMA + RHUMA,DOM,1
62,PTG,DERMA + RHUMA,HC,1
63,PTG,DERMA + RHUMA,HC,1
63,PTH,DERMA + RHUMA,,1
64,PTG,DERMA + RHUMA,DOM,1
64,PTG,DERMA + RHUMA,HC,1
64,PTH,DERMA + RHUMA,HC,1
65,PTG,DERMA + RHUMA,DOM,1
65,PTG,DERMA + RHUMA,HC,1
65,PTH,DERMA + RHUMA,HC,1
66,PTG,DERMA + RHUMA,DOM,1
66,PTG,DERMA + RHUMA,HC,1
66,PTH,DERMA + RHUMA,HC,1
67,PTG,DERMA + RHUMA,HC,1
67,PTG,DERMA + RHUMA,HDJ,1
68,PTG,DERMA + RHUMA,,1
68,PTG,DERMA + RHUMA,HC,1
68,PTH,DERMA + RHUMA,HDJ,1
69,PTG,DERMA + RHUMA,,1
69,PTH,DERMA + RHUMA,,1
71,PTG,DERMA + RHUMA,HDJ,1
72,PTG,DERMA + RHUMA,DOM,1
73,PTH,DERMA + RHUMA,DOM,1
73,PTH,DERMA + RHUMA,HC,1
74,PTH,DERMA + RHUMA,HC,1
74,PTH,DERMA + RHUMA,HC_HDJ,1
75,PTG,DERMA + RHUMA,,1
77,PTG,DERMA + RHUMA,,1
78,PTG,DERMA + RHUMA,HC_HDJ,1
78,PTG,DERMA + RHUMA,HDJ,1
79,PTG,DERMA + RHUMA,DOM,1
79,PTG,DERMA + RHUMA,HC,1
80,PTG,DERMA + RHUMA,HC,1
80,PTH,DERMA + RHUMA,HC,1
81,PTG,DERMA + RHUMA,HC,1
81,PTH,DERMA + RHUMA,,1
83,PTG,DERMA + RHUMA,HC,1
83,PTG,DERMA + RHUMA,HDJ,1
84,PTH,DERMA + RHUMA,HC,1
86,PTG,DERMA + RHUMA,,1
86,PTG,DERMA + RHUMA,DOM,1
86,PTG,DERMA + RHUMA,HC,1
86,PTH,DERMA + RHUMA,DOM,1
88,PTG,DERMA + RHUMA,DOM,1
88,PTH,DERMA + RHUMA,HC,1
89,PTG,DERMA + RHUMA,,1
90,PTH,DERMA + RHUMA,HC,1
91,PTG,DERMA + RHUMA,,1
91,PTG,DERMA + RHUMA,DOM,1
91,PTH,DERMA + RHUMA,,1
91,PTH,DERMA + RHUMA,HC,1
92,PTG,DERMA + RHUMA,HC_HDJ,1
92,PTG,DERMA + RHUMA,HDJ,1
93,PTG,DERMA + RHUMA,HC,1
94,PTG,DERMA + RHUMA,DOM,1
95,PTG,DERMA + RHUMA,DOM,1
97,PTG,DERMA + RHUMA,DOM,1
999,PTG,DERMA + RHUMA,DOM,1
57,PTH,DERMA + RHUMA + URO,DOM,2
2,PTH,DERMA + RHUMA + URO,DOM,1
6,PTG,DERMA + RHUMA + URO,DOM,1
6,PTH,DERMA + RHUMA + URO,DOM,1
11,PTH,DERMA + RHUMA + URO,DOM,1
13,PTG,DERMA + RHUMA + URO,DOM,1
13,PTG,DERMA + RHUMA + URO,HC,1
14,PTH,DERMA + RHUMA + URO,HC,1
17,PTH,DERMA + RHUMA + URO,DOM,1
21,PTG,DERMA + RHUMA + URO,DOM,1
21,PTH,DERMA + RHUMA + URO,HC,1
22,PTG,DERMA + RHUMA + URO,HC,1
23,PTH,DERMA + RHUMA + URO,DOM,1
25,PTH,DERMA + RHUMA + URO,HC,1
29,PTH,DERMA + RHUMA + URO,DOM,1
30,PTG,DERMA + RHUMA + URO,HC,1
31,PTH,DERMA + RHUMA + URO,DOM,1
33,PTG,DERMA + RHUMA + URO,DOM,1
33,PTH,DERMA + RHUMA + URO,HC,1
34,PTH,DERMA + RHUMA + URO,DOM,1
38,PTG,DERMA + RHUMA + URO,DOM,1
53,PTH,DERMA + RHUMA + URO,HC,1
59,PTG,DERMA + RHUMA + URO,DOM,1
63,PTG,DERMA + RHUMA + URO,DOM,1
63,PTH,DERMA + RHUMA + URO,DOM,1
63,PTH,DERMA + RHUMA + URO,HDJ,1
64,PTG,DERMA + RHUMA + URO,HC,1
69,PTH,DERMA + RHUMA + URO,DOM,1
70,PTG,DERMA + RHUMA + URO,HC,1
75,PTG,DERMA + RHUMA + URO,HC,1
75,PTH,DERMA + RHUMA + URO,HC,1
76,PTH,DERMA + RHUMA + URO,DOM,1
78,PTG,DERMA + RHUMA + URO,HDJ,1
78,PTH,DERMA + RHUMA + URO,DOM,1
78,PTH,DERMA + RHUMA + URO,HC,1
82,PTH,DERMA + RHUMA + URO,DOM,1
83,PTG,DERMA + RHUMA + URO,DOM,1
83,PTG,DERMA + RHUMA + URO,HC,1
83,PTH,DERMA + RHUMA + URO,DOM,1
91,PTG,DERMA + RHUMA + URO,HC,1
95,PTG,DERMA + RHUMA + URO,HC,1
33,PTH,DERMA + URO,DOM,4
31,PTH,DERMA + URO,DOM,3
83,PTH,DERMA + URO,DOM,3
1,PTG,DERMA + URO,DOM,2
1,PTG,DERMA + URO,HC,2
1,PTH,DERMA + URO,DOM,2
3,PTG,DERMA + URO,DOM,2
24,PTG,DERMA + URO,DOM,2
27,PTH,DERMA + URO,DOM,2
34,PTG,DERMA + URO,DOM,2
38,PTH,DERMA + URO,HC,2
44,PTH,DERMA + URO,DOM,2
59,PTG,DERMA + URO,DOM,2
62,PTG,DERMA + URO,DOM,2
62,PTH,DERMA + URO,DOM,2
64,PTG,DERMA + URO,DOM,2
67,PTG,DERMA + URO,DOM,2
67,PTH,DERMA + URO,DOM,2
69,PTG,DERMA + URO,HC,2
71,PTH,DERMA + URO,DOM,2
76,PTG,DERMA + URO,DOM,2
76,PTH,DERMA + URO,DOM,2
80,PTH,DERMA + URO,DOM,2
83,PTH,DERMA + URO,HC,2
93,PTG,DERMA + URO,HC,2
3,PTH,DERMA + URO,HC,1
5,PTH,DERMA + URO,DOM,1
6,PTG,DERMA + URO,HC,1
6,PTH,DERMA + URO,HC,1
11,PTH,DERMA + URO,DOM,1
13,PTG,DERMA + URO,DOM,1
13,PTG,DERMA + URO,HC,1
16,PTH,DERMA + URO,DOM,1
20,PTH,DERMA + URO,HC,1
21,PTG,DERMA + URO,DOM,1
21,PTG,DERMA + URO,HC,1
22,PTG,DERMA + URO,HC,1
25,PTH,DERMA + URO,DOM,1
26,PTG,DERMA + URO,DOM,1
26,PTH,DERMA + URO,HC,1
27,PTG,DERMA + URO,DOM,1
28,PTG,DERMA + URO,DOM,1
30,PTG,DERMA + URO,DOM,1
30,PTH,DERMA + URO,DOM,1
31,PTG,DERMA + URO,DOM,1
31,PTH,DERMA + URO,HC,1
32,PTH,DERMA + URO,DOM,1
33,PTG,DERMA + URO,DOM,1
33,PTH,DERMA + URO,HC,1
34,PTG,DERMA + URO,,1
34,PTH,DERMA + URO,DOM,1
35,PTG,DERMA + URO,DOM,1
35,PTH,DERMA + URO,,1
35,PTH,DERMA + URO,DOM,1
35,PTH,DERMA + URO,HC,1
41,PTG,DERMA + URO,HC,1
42,PTG,DERMA + URO,DOM,1
42,PTH,DERMA + URO,DOM,1
43,PTG,DERMA + URO,HC,1
48,PTH,DERMA + URO,HC,1
49,PTH,DERMA + URO,HC,1
50,PTG,DERMA + URO,HC,1
54,PTH,DERMA + URO,DOM,1
56,PTG,DERMA + URO,DOM,1
56,PTH,DERMA + URO,DOM,1
57,PTG,DERMA + URO,DOM,1
57,PTG,DERMA + URO,HDJ,1
57,PTH,DERMA + URO,DOM,1
57,PTH,DERMA + URO,HC,1
59,PTG,DERMA + URO,HC,1
60,PTG,DERMA + URO,HC,1
60,PTH,DERMA + URO,DOM,1
62,PTG,DERMA + URO,HC,1
63,PTH,DERMA + URO,DOM,1
64,PTH,DERMA + URO,DOM,1
65,PTG,DERMA + URO,DOM,1
65,PTH,DERMA + URO,DOM,1
67,PTG,DERMA + URO,HC,1
68,PTH,DERMA + URO,HDJ,1
69,PTG,DERMA + URO,,1
69,PTG,DERMA + URO,DOM,1
69,PTH,DERMA + URO,,1
69,PTH,DERMA + URO,DOM,1
70,PTG,DERMA + URO,DOM,1
70,PTH,DERMA + URO,HC,1
71,PTH,DERMA + URO,HC,1
72,PTH,DERMA + URO,DOM,1
73,PTG,DERMA + URO,DOM,1
73,PTH,DERMA + URO,DOM,1
74,PTG,DERMA + URO,DOM,1
75,PTG,DERMA + URO,HC_HDJ,1
76,PTH,DERMA + URO,HC,1
77,PTH,DERMA + URO,,1
77,PTH,DERMA + URO,DOM,1
78,PTH,DERMA + URO,DOM,1
78,PTH,DERMA + URO,HC,1
79,PTG,DERMA + URO,HDJ,1
80,PTG,DERMA + URO,HC,1
81,PTG,DERMA + URO,DOM,1
81,PTG,DERMA + URO,HC_HDJ,1
81,PTH,DERMA + URO,DOM,1
83,PTG,DERMA + URO,DOM,1
83,PTG,DERMA + URO,HDJ,1
85,PTG,DERMA + URO,HC,1
85,PTH,DERMA + URO,,1
85,PTH,DERMA + URO,DOM,1
87,PTH,DERMA + URO,DOM,1
88,PTG,DERMA + URO,HC,1
89,PTG,DERMA + URO,,1
91,PTG,DERMA + URO,DOM,1
91,PTH,DERMA + URO,DOM,1
95,PTG,DERMA + URO,DOM,1
95,PTG,DERMA + URO,HC,1
95,PTH,DERMA + URO,DOM,1
59,PTH,ENDO,DOM,16
38,PTG,ENDO,DOM,14
33,PTG,ENDO,HC,13
62,PTG,ENDO,DOM,13
6,PTG,ENDO,HC,12
44,PTG,ENDO,DOM,12
30,PTG,ENDO,HC,11
67,PTG,ENDO,DOM,11
34,PTG,ENDO,HC,10
38,PTG,ENDO,HC,10
13,PTG,ENDO,HC,9
33,PTG,ENDO,DOM,9
34,PTH,ENDO,DOM,9
38,PTH,ENDO,DOM,9
59,PTG,ENDO,HC,9
62,PTG,ENDO,HC,9
67,PTH,ENDO,DOM,9
6,PTG,ENDO,DOM,8
6,PTH,ENDO,HC,8
33,PTH,ENDO,DOM,8
66,PTG,ENDO,DOM,8
69,PTH,ENDO,DOM,8
74,PTH,ENDO,DOM,8
13,PTH,ENDO,DOM,7
31,PTG,ENDO,DOM,7
57,PTG,ENDO,DOM,7
64,PTG,ENDO,HC,7
71,PTG,ENDO,HC,7
86,PTH,ENDO,DOM,7
1,PTG,ENDO,HC,6
6,PTH,ENDO,DOM,6
14,PTH,ENDO,DOM,6
40,PTH,ENDO,HC,6
45,PTG,ENDO,HC,6
54,PTH,ENDO,DOM,6
56,PTG,ENDO,DOM,6
59,PTG,ENDO,DOM,6
59,PTH,ENDO,HC,6
62,PTH,ENDO,DOM,6
66,PTG,ENDO,HC,6
74,PTG,ENDO,DOM,6
75,PTH,ENDO,DOM,6
76,PTG,ENDO,DOM,6
76,PTG,ENDO,HC,6
77,PTH,ENDO,DOM,6
78,PTG,ENDO,DOM,6
81,PTG,ENDO,DOM,6
84,PTG,ENDO,HC,6
97,PTG,ENDO,DOM,6
5,PTG,ENDO,HC,5
13,PTG,ENDO,HDJ,5
21,PTG,ENDO,DOM,5
21,PTH,ENDO,DOM,5
31,PTH,ENDO,DOM,5
35,PTG,ENDO,DOM,5
49,PTG,ENDO,DOM,5
51,PTG,ENDO,DOM,5
60,PTG,ENDO,DOM,5
64,PTH,ENDO,HC,5
69,PTG,ENDO,DOM,5
71,PTG,ENDO,DOM,5
75,PTG,ENDO,HC,5
76,PTH,ENDO,DOM,5
77,PTG,ENDO,DOM,5
80,PTH,ENDO,DOM,5
83,PTH,ENDO,DOM,5
83,PTH,ENDO,HC,5
95,PTG,ENDO,HC,5
1,PTG,ENDO,DOM,4
2,PTG,ENDO,HC,4
14,PTG,ENDO,HC,4
21,PTG,ENDO,HC,4
21,PTH,ENDO,HC,4
27,PTG,ENDO,DOM,4
29,PTH,ENDO,DOM,4
40,PTH,ENDO,DOM,4
44,PTH,ENDO,DOM,4
45,PTG,ENDO,DOM,4
45,PTH,ENDO,DOM,4
49,PTG,ENDO,HC,4
49,PTH,ENDO,DOM,4
51,PTG,ENDO,HC,4
51,PTH,ENDO,DOM,4
60,PTG,ENDO,HC,4
60,PTH,ENDO,DOM,4
66,PTH,ENDO,DOM,4
71,PTH,ENDO,HC,4
73,PTG,ENDO,DOM,4
74,PTH,ENDO,HC,4
78,PTG,ENDO,HC,4
83,PTG,ENDO,HDJ,4
91,PTG,ENDO,HC,4
91,PTH,ENDO,DOM,4
92,PTG,ENDO,DOM,4
92,PTG,ENDO,HC,4
93,PTG,ENDO,DOM,4
93,PTH,ENDO,HC,4
3,PTG,ENDO,DOM,3
8,PTG,ENDO,DOM,3
12,PTG,ENDO,HC,3
13,PTG,ENDO,DOM,3
17,PTG,ENDO,DOM,3
17,PTG,ENDO,HC,3
17,PTH,ENDO,DOM,3
18,PTG,ENDO,DOM,3
22,PTH,ENDO,DOM,3
25,PTG,ENDO,DOM,3
26,PTG,ENDO,DOM,3
26,PTH,ENDO,HC,3
30,PTG,ENDO,DOM,3
30,PTH,ENDO,DOM,3
30,PTH,ENDO,HC,3
31,PTG,ENDO,HC,3
35,PTH,ENDO,DOM,3
37,PTG,ENDO,DOM,3
37,PTH,ENDO,DOM,3
42,PTG,ENDO,HC,3
42,PTH,ENDO,HC,3
43,PTG,ENDO,DOM,3
43,PTG,ENDO,HC,3
44,PTG,ENDO,HC,3
50,PTG,ENDO,HC,3
54,PTG,ENDO,HC,3
55,PTH,ENDO,,3
56,PTH,ENDO,DOM,3
57,PTG,ENDO,HC,3
67,PTG,ENDO,HC,3
68,PTG,ENDO,HC,3
68,PTH,ENDO,DOM,3
71,PTH,ENDO,DOM,3
74,PTG,ENDO,HC,3
75,PTG,ENDO,DOM,3
78,PTG,ENDO,HDJ,3
78,PTH,ENDO,DOM,3
79,PTG,ENDO,DOM,3
79,PTG,ENDO,HC,3
80,PTG,ENDO,DOM,3
84,PTH,ENDO,HC,3
86,PTG,ENDO,DOM,3
87,PTG,ENDO,HC,3
88,PTG,ENDO,HC,3
94,PTG,ENDO,DOM,3
94,PTH,ENDO,DOM,3
97,PTG,ENDO,HC,3
1,PTH,ENDO,DOM,2
1,PTH,ENDO,HC,2
2,PTG,ENDO,,2
2,PTG,ENDO,DOM,2
6,PTH,ENDO,,2
7,PTG,ENDO,HC,2
11,PTH,ENDO,DOM,2
11,PTH,ENDO,HC,2
13,PTG,ENDO,HC_HDJ,2
16,PTG,ENDO,DOM,2
19,PTH,ENDO,DOM,2
20,PTG,ENDO,,2
20,PTG,ENDO,DOM,2
20,PTH,ENDO,DOM,2
24,PTG,ENDO,DOM,2
25,PTH,ENDO,DOM,2
26,PTH,ENDO,DOM,2
28,PTH,ENDO,DOM,2
29,PTG,ENDO,DOM,2
29,PTH,ENDO,HC,2
31,PTG,ENDO,HC_HDJ,2
31,PTG,ENDO,HDJ,2
32,PTH,ENDO,DOM,2
33,PTH,ENDO,HC,2
34,PTG,ENDO,DOM,2
34,PTH,ENDO,HC,2
35,PTG,ENDO,HC,2
35,PTH,ENDO,HC,2
36,PTH,ENDO,DOM,2
38,PTH,ENDO,HC,2
39,PTG,ENDO,DOM,2
39,PTG,ENDO,HC,2
40,PTG,ENDO,DOM,2
40,PTG,ENDO,HC,2
42,PTH,ENDO,DOM,2
45,PTH,ENDO,HC,2
46,PTG,ENDO,HC,2
46,PTH,ENDO,DOM,2
47,PTH,ENDO,DOM,2
50,PTG,ENDO,HDJ,2
50,PTH,ENDO,DOM,2
53,PTH,ENDO,DOM,2
54,PTG,ENDO,DOM,2
56,PTG,ENDO,HDJ,2
57,PTH,ENDO,DOM,2
58,PTG,ENDO,DOM,2
58,PTH,ENDO,DOM,2
59,PTG,ENDO,HC_HDJ,2
61,PTG,ENDO,DOM,2
63,PTG,ENDO,DOM,2
64,PTG,ENDO,DOM,2
64,PTH,ENDO,DOM,2
67,PTH,ENDO,HC,2
68,PTG,ENDO,DOM,2
68,PTH,ENDO,HC,2
69,PTG,ENDO,HC,2
69,PTH,ENDO,HC,2
70,PTG,ENDO,DOM,2
72,PTG,ENDO,DOM,2
72,PTH,ENDO,DOM,2
73,PTH,ENDO,DOM,2
75,PTG,ENDO,HDJ,2
75,PTH,ENDO,HC,2
77,PTG,ENDO,HC,2
77,PTH,ENDO,HC,2
78,PTG,ENDO,HC_HDJ,2
79,PTH,ENDO,DOM,2
80,PTG,ENDO,HC,2
81,PTG,ENDO,HC,2
81,PTH,ENDO,HC,2
82,PTG,ENDO,DOM,2
82,PTH,ENDO,DOM,2
82,PTH,ENDO,HC,2
83,PTG,ENDO,HC,2
83,PTH,ENDO,HDJ,2
84,PTG,ENDO,DOM,2
84,PTH,ENDO,DOM,2
85,PTG,ENDO,DOM,2
85,PTH,ENDO,DOM,2
86,PTG,ENDO,HC,2
87,PTG,ENDO,DOM,2
88,PTG,ENDO,DOM,2
89,PTG,ENDO,HC,2
91,PTG,ENDO,DOM,2
91,PTH,ENDO,HC,2
93,PTG,ENDO,HC,2
93,PTH,ENDO,DOM,2
95,PTH,ENDO,DOM,2
2,PTG,ENDO,HC_HDJ,1
2,PTH,ENDO,DOM,1
2,PTH,ENDO,HC,1
3,PTG,ENDO,HC,1
3,PTH,ENDO,,1
3,PTH,ENDO,DOM,1
3,PTH,ENDO,HC,1
4,PTG,ENDO,HC,1
4,PTH,ENDO,DOM,1
4,PTH,ENDO,HC,1
5,PTG,ENDO,DOM,1
6,PTG,ENDO,HDJ,1
7,PTG,ENDO,DOM,1
7,PTH,ENDO,DOM,1
8,PTH,ENDO,DOM,1
10,PTG,ENDO,DOM,1
10,PTG,ENDO,HDJ,1
11,PTG,ENDO,,1
11,PTG,ENDO,DOM,1
11,PTH,ENDO,,1
12,PTH,ENDO,HC,1
13,PTG,ENDO,,1
13,PTH,ENDO,HC,1
14,PTG,ENDO,DOM,1
14,PTG,ENDO,HDJ,1
15,PTG,ENDO,DOM,1
15,PTG,ENDO,HC,1
15,PTH,ENDO,HC,1
16,PTG,ENDO,HC,1
17,PTH,ENDO,,1
19,PTG,ENDO,DOM,1
19,PTG,ENDO,HC,1
20,PTG,ENDO,HC,1
22,PTG,ENDO,DOM,1
22,PTG,ENDO,HC,1
22,PTH,ENDO,HC,1
22,PTH,ENDO,HDJ,1
23,PTG,ENDO,DOM,1
23,PTG,ENDO,HC,1
23,PTG,ENDO,HDJ,1
24,PTH,ENDO,DOM,1
25,PTG,ENDO,HC,1
26,PTG,ENDO,HC,1
27,PTG,ENDO,HC,1
28,PTG,ENDO,DOM,1
28,PTG,ENDO,HDJ,1
28,PTH,ENDO,HC,1
29,PTG,ENDO,HC,1
30,PTG,ENDO,,1
30,PTH,ENDO,,1
31,PTH,ENDO,HC,1
32,PTG,ENDO,DOM,1
32,PTG,ENDO,HC,1
32,PTH,ENDO,HC,1
33,PTG,ENDO,HDJ,1
33,PTH,ENDO,,1
34,PTG,ENDO,HDJ,1
35,PTG,ENDO,HC_HDJ,1
36,PTG,ENDO,DOM,1
37,PTG,ENDO,HC,1
38,PTH,ENDO,,1
39,PTH,ENDO,DOM,1
41,PTG,ENDO,,1
41,PTG,ENDO,DOM,1
41,PTG,ENDO,HC,1
41,PTH,ENDO,DOM,1
42,PTG,ENDO,,1
42,PTG,ENDO,DOM,1
42,PTH,ENDO,HC_HDJ,1
43,PTH,ENDO,DOM,1
43,PTH,ENDO,HC,1
44,PTG,ENDO,HDJ,1
44,PTH,ENDO,HC,1
47,PTG,ENDO,DOM,1
47,PTG,ENDO,HC,1
47,PTH,ENDO,HC,1
48,PTG,ENDO,HC,1
48,PTH,ENDO,,1
48,PTH,ENDO,HC,1
49,PTH,ENDO,HC,1
50,PTG,ENDO,DOM,1
52,PTG,ENDO,DOM,1
52,PTH,ENDO,DOM,1
53,PTG,ENDO,DOM,1
54,PTG,ENDO,HDJ,1
55,PTG,ENDO,,1
55,PTG,ENDO,DOM,1
55,PTG,ENDO,HC,1
55,PTH,ENDO,DOM,1
56,PTG,ENDO,,1
56,PTG,ENDO,HC,1
56,PTH,ENDO,HC,1
57,PTH,ENDO,HC,1
58,PTG,ENDO,HC,1
59,PTG,ENDO,,1
59,PTH,ENDO,,1
60,PTG,ENDO,HC_HDJ,1
60,PTG,ENDO,HDJ,1
60,PTH,ENDO,HC,1
61,PTH,ENDO,DOM,1
61,PTH,ENDO,HC,1
62,PTG,ENDO,,1
62,PTH,ENDO,,1
63,PTH,ENDO,DOM,1
63,PTH,ENDO,HC,1
64,PTG,ENDO,HDJ,1
64,PTH,ENDO,,1
65,PTG,ENDO,HC,1
66,PTH,ENDO,HC,1
67,PTH,ENDO,HDJ,1
69,PTG,ENDO,,1
69,PTG,ENDO,HDJ,1
70,PTG,ENDO,HC,1
71,PTG,ENDO,HDJ,1
72,PTG,ENDO,HC,1
73,PTG,ENDO,HC,1
73,PTG,ENDO,HC_HDJ,1
73,PTH,ENDO,HDJ,1
75,PTG,ENDO,,1
76,PTG,ENDO,HDJ,1
76,PTH,ENDO,HC,1
77,PTH,ENDO,HDJ,1
78,PTH,ENDO,,1
78,PTH,ENDO,HC,1
80,PTG,ENDO,,1
81,PTG,ENDO,HDJ,1
81,PTH,ENDO,DOM,1
82,PTG,ENDO,HC,1
82,PTG,ENDO,HDJ,1
82,PTH,ENDO,,1
83,PTG,ENDO,DOM,1
83,PTH,ENDO,,1
84,PTG,ENDO,,1
85,PTH,ENDO,HC,1
88,PTH,ENDO,DOM,1
89,PTH,ENDO,DOM,1
89,PTH,ENDO,HC,1
90,PTG,ENDO,DOM,1
91,PTH,ENDO,HDJ,1
92,PTG,ENDO,HC_HDJ,1
92,PTG,ENDO,HDJ,1
92,PTH,ENDO,DOM,1
92,PTH,ENDO,HC,1
93,PTG,ENDO,HDJ,1
94,PTG,ENDO,,1
94,PTG,ENDO,HC,1
95,PTG,ENDO,DOM,1
95,PTH,ENDO,,1
95,PTH,ENDO,HC,1
97,PTG,ENDO,HDJ,1
97,PTH,ENDO,,1
97,PTH,ENDO,DOM,1
97,PTH,ENDO,HC,1
99,PTG,ENDO,DOM,1
971,PTG,ENDO,HC,1
6,PTG,ENDO + GASTRO,HC,2
13,PTH,ENDO + GASTRO,HC,2
37,PTH,ENDO + GASTRO,DOM,2
40,PTH,ENDO + GASTRO,DOM,2
62,PTG,ENDO + GASTRO,HC,2
1,PTH,ENDO + GASTRO,DOM,1
5,PTG,ENDO + GASTRO,HC,1
6,PTH,ENDO + GASTRO,DOM,1
9,PTG,ENDO + GASTRO,HC,1
13,PTG,ENDO + GASTRO,HC,1
14,PTG,ENDO + GASTRO,HC,1
14,PTH,ENDO + GASTRO,HC,1
17,PTG,ENDO + GASTRO,DOM,1
18,PTG,ENDO + GASTRO,HC,1
20,PTG,ENDO + GASTRO,DOM,1
21,PTG,ENDO + GASTRO,HC,1
21,PTH,ENDO + GASTRO,DOM,1
22,PTG,ENDO + GASTRO,HC,1
23,PTG,ENDO + GASTRO,DOM,1
24,PTH,ENDO + GASTRO,DOM,1
24,PTH,ENDO + GASTRO,HC,1
26,PTG,ENDO + GASTRO,HC,1
29,PTG,ENDO + GASTRO,DOM,1
29,PTG,ENDO + GASTRO,HDJ,1
30,PTH,ENDO + GASTRO,HC,1
31,PTH,ENDO + GASTRO,DOM,1
31,PTH,ENDO + GASTRO,HC,1
33,PTG,ENDO + GASTRO,HC,1
34,PTG,ENDO + GASTRO,HC,1
34,PTH,ENDO + GASTRO,DOM,1
34,PTH,ENDO + GASTRO,HC,1
38,PTG,ENDO + GASTRO,DOM,1
39,PTH,ENDO + GASTRO,HC,1
42,PTG,ENDO + GASTRO,HC,1
42,PTH,ENDO + GASTRO,HC,1
44,PTG,ENDO + GASTRO,DOM,1
44,PTG,ENDO + GASTRO,HDJ,1
50,PTG,ENDO + GASTRO,DOM,1
51,PTH,ENDO + GASTRO,DOM,1
54,PTG,ENDO + GASTRO,HDJ,1
54,PTH,ENDO + GASTRO,DOM,1
59,PTG,ENDO + GASTRO,DOM,1
59,PTH,ENDO + GASTRO,DOM,1
59,PTH,ENDO + GASTRO,HC,1
60,PTG,ENDO + GASTRO,DOM,1
66,PTG,ENDO + GASTRO,DOM,1
66,PTG,ENDO + GASTRO,HC,1
67,PTG,ENDO + GASTRO,HC,1
68,PTG,ENDO + GASTRO,HC,1
69,PTG,ENDO + GASTRO,HC,1
76,PTG,ENDO + GASTRO,,1
76,PTG,ENDO + GASTRO,DOM,1
77,PTH,ENDO + GASTRO,DOM,1
81,PTG,ENDO + GASTRO,DOM,1
81,PTG,ENDO + GASTRO,HC,1
83,PTG,ENDO + GASTRO,DOM,1
85,PTG,ENDO + GASTRO,HC,1
89,PTG,ENDO + GASTRO,HC,1
91,PTG,ENDO + GASTRO,HC,1
92,PTG,ENDO + GASTRO,DOM,1
92,PTG,ENDO + GASTRO,HC,1
92,PTG,ENDO + GASTRO,HC_HDJ,1
92,PTH,ENDO + GASTRO,DOM,1
93,PTG,ENDO + GASTRO,DOM,1
93,PTG,ENDO + GASTRO,HC,1
97,PTG,ENDO + GASTRO,DOM,1
97,PTG,ENDO + GASTRO,HC,1
13,PTG,ENDO + GASTRO + GYNECO,HC,1
22,PTG,ENDO + GASTRO + GYNECO,HC,1
33,PTH,ENDO + GASTRO + GYNECO,,1
33,PTH,ENDO + GASTRO + GYNECO,HC,1
38,PTH,ENDO + GASTRO + GYNECO,DOM,1
51,PTH,ENDO + GASTRO + GYNECO,DOM,1
67,PTG,ENDO + GASTRO + GYNECO,DOM,1
69,PTG,ENDO + GASTRO + GYNECO,DOM,1
75,PTG,ENDO + GASTRO + GYNECO,DOM,1
83,PTH,ENDO + GASTRO + GYNECO,DOM,1
90,PTG,ENDO + GASTRO + GYNECO,DOM,1
94,PTG,ENDO + GASTRO + GYNECO,HC,1
33,PTH,ENDO + GASTRO + GYNECO + OPH,HC,1
34,PTH,ENDO + GASTRO + GYNECO + OPH + RHUMA,DOM,1
38,PTG,ENDO + GASTRO + GYNECO + OPH + RHUMA,HC,1
57,PTH,ENDO + GASTRO + GYNECO + ORL,DOM,1
31,PTG,ENDO + GASTRO + GYNECO + RHUMA,DOM,1
67,PTG,ENDO + GASTRO + GYNECO + RHUMA,DOM,1
14,PTH,ENDO + GASTRO + OPH,HC,1
26,PTG,ENDO + GASTRO + OPH,DOM,1
28,PTG,ENDO + GASTRO + OPH,HC,1
38,PTG,ENDO + GASTRO + OPH,DOM,1
59,PTG,ENDO + GASTRO + OPH,DOM,1
61,PTG,ENDO + GASTRO + OPH,DOM,1
64,PTH,ENDO + GASTRO + OPH,DOM,1
67,PTG,ENDO + GASTRO + OPH,DOM,1
69,PTG,ENDO + GASTRO + OPH,DOM,1
75,PTG,ENDO + GASTRO + OPH,,1
85,PTH,ENDO + GASTRO + OPH,DOM,1
13,PTH,ENDO + GASTRO + OPH + ORL + RHUMA,HC,1
6,PTH,ENDO + GASTRO + OPH + RHUMA,HC,1
13,PTG,ENDO + GASTRO + OPH + RHUMA,HC,1
69,PTG,ENDO + GASTRO + OPH + RHUMA,HC,1
83,PTG,ENDO + GASTRO + OPH + RHUMA,HC,1
45,PTH,ENDO + GASTRO + ORL,HC,1
59,PTG,ENDO + GASTRO + ORL,DOM,1
67,PTG,ENDO + GASTRO + ORL + RHUMA,HC,1
13,PTH,ENDO + GASTRO + ORL + URO,DOM,1
6,PTH,ENDO + GASTRO + RHUMA,DOM,1
7,PTG,ENDO + GASTRO + RHUMA,HC,1
33,PTG,ENDO + GASTRO + RHUMA,HC,1
34,PTG,ENDO + GASTRO + RHUMA,HC,1
34,PTH,ENDO + GASTRO + RHUMA,DOM,1
38,PTG,ENDO + GASTRO + RHUMA,HC,1
38,PTH,ENDO + GASTRO + RHUMA,DOM,1
71,PTH,ENDO + GASTRO + RHUMA,DOM,1
75,PTG,ENDO + GASTRO + RHUMA,DOM,1
78,PTG,ENDO + GASTRO + RHUMA,HC_HDJ,1
81,PTH,ENDO + GASTRO + RHUMA,DOM,1
84,PTH,ENDO + GASTRO + RHUMA,DOM,1
93,PTG,ENDO + GASTRO + RHUMA,HC,1
95,PTH,ENDO + GASTRO + RHUMA,DOM,1
1,PTH,ENDO + GASTRO + RHUMA + URO,HC,1
57,PTG,ENDO + GASTRO + RHUMA + URO,HDJ,1
67,PTH,ENDO + GASTRO + RHUMA + URO,,1
51,PTH,ENDO + GASTRO + URO,DOM,1
59,PTH,ENDO + GASTRO + URO,HC,1
60,PTH,ENDO + GASTRO + URO,DOM,1
71,PTG,ENDO + GASTRO + URO,DOM,1
80,PTG,ENDO + GASTRO + URO,DOM,1
59,PTH,ENDO + GYNECO,DOM,4
6,PTH,ENDO + GYNECO,DOM,2
13,PTH,ENDO + GYNECO,DOM,2
33,PTG,ENDO + GYNECO,DOM,2
44,PTH,ENDO + GYNECO,DOM,2
62,PTG,ENDO + GYNECO,HC,2
62,PTH,ENDO + GYNECO,DOM,2
71,PTG,ENDO + GYNECO,HC,2
76,PTG,ENDO + GYNECO,DOM,2
84,PTH,ENDO + GYNECO,HC,2
3,PTG,ENDO + GYNECO,HC,1
3,PTH,ENDO + GYNECO,DOM,1
10,PTH,ENDO + GYNECO,DOM,1
14,PTG,ENDO + GYNECO,HC,1
20,PTG,ENDO + GYNECO,DOM,1
20,PTH,ENDO + GYNECO,DOM,1
21,PTH,ENDO + GYNECO,DOM,1
22,PTH,ENDO + GYNECO,DOM,1
28,PTH,ENDO + GYNECO,HC,1
30,PTG,ENDO + GYNECO,HDJ,1
31,PTH,ENDO + GYNECO,HC,1
32,PTH,ENDO + GYNECO,DOM,1
33,PTG,ENDO + GYNECO,HC,1
33,PTH,ENDO + GYNECO,DOM,1
34,PTH,ENDO + GYNECO,HC,1
37,PTG,ENDO + GYNECO,DOM,1
38,PTH,ENDO + GYNECO,DOM,1
39,PTG,ENDO + GYNECO,DOM,1
44,PTG,ENDO + GYNECO,HDJ,1
47,PTG,ENDO + GYNECO,HC,1
51,PTH,ENDO + GYNECO,DOM,1
53,PTG,ENDO + GYNECO,DOM,1
56,PTH,ENDO + GYNECO,DOM,1
57,PTG,ENDO + GYNECO,DOM,1
57,PTG,ENDO + GYNECO,HDJ,1
59,PTG,ENDO + GYNECO,HC,1
59,PTH,ENDO + GYNECO,HC,1
62,PTG,ENDO + GYNECO,DOM,1
62,PTH,ENDO + GYNECO,HC,1
65,PTG,ENDO + GYNECO,DOM,1
65,PTG,ENDO + GYNECO,HC,1
66,PTG,ENDO + GYNECO,DOM,1
67,PTG,ENDO + GYNECO,DOM,1
67,PTG,ENDO + GYNECO,HC,1
68,PTG,ENDO + GYNECO,,1
68,PTG,ENDO + GYNECO,DOM,1
69,PTG,ENDO + GYNECO,DOM,1
69,PTH,ENDO + GYNECO,HC,1
73,PTG,ENDO + GYNECO,HC,1
73,PTH,ENDO + GYNECO,DOM,1
74,PTG,ENDO + GYNECO,DOM,1
77,PTG,ENDO + GYNECO,HC_HDJ,1
78,PTG,ENDO + GYNECO,HC,1
79,PTG,ENDO + GYNECO,HDJ,1
81,PTG,ENDO + GYNECO,DOM,1
82,PTH,ENDO + GYNECO,HC,1
83,PTG,ENDO + GYNECO,DOM,1
83,PTG,ENDO + GYNECO,HDJ,1
86,PTG,ENDO + GYNECO,HC,1
91,PTG,ENDO + GYNECO,HDJ,1
91,PTH,ENDO + GYNECO,DOM,1
93,PTH,ENDO + GYNECO,DOM,1
94,PTG,ENDO + GYNECO,HC,1
95,PTG,ENDO + GYNECO,HC,1
97,PTG,ENDO + GYNECO,HC,1
6,PTG,ENDO + GYNECO + OPH,HC,2
54,PTH,ENDO + GYNECO + OPH,DOM,2
1,PTH,ENDO + GYNECO + OPH,DOM,1
4,PTG,ENDO + GYNECO + OPH,DOM,1
6,PTG,ENDO + GYNECO + OPH,DOM,1
7,PTG,ENDO + GYNECO + OPH,HC,1
9,PTG,ENDO + GYNECO + OPH,DOM,1
17,PTH,ENDO + GYNECO + OPH,DOM,1
20,PTG,ENDO + GYNECO + OPH,HC,1
33,PTG,ENDO + GYNECO + OPH,DOM,1
35,PTG,ENDO + GYNECO + OPH,HC,1
38,PTH,ENDO + GYNECO + OPH,DOM,1
54,PTG,ENDO + GYNECO + OPH,HC,1
58,PTG,ENDO + GYNECO + OPH,DOM,1
58,PTH,ENDO + GYNECO + OPH,HC,1
59,PTH,ENDO + GYNECO + OPH,DOM,1
64,PTH,ENDO + GYNECO + OPH,HC,1
67,PTH,ENDO + GYNECO + OPH,DOM,1
75,PTH,ENDO + GYNECO + OPH,DOM,1
78,PTG,ENDO + GYNECO + OPH,DOM,1
78,PTG,ENDO + GYNECO + OPH,HDJ,1
81,PTG,ENDO + GYNECO + OPH,HC,1
85,PTH,ENDO + GYNECO + OPH,DOM,1
94,PTH,ENDO + GYNECO + OPH + ORL,DOM,1
50,PTG,ENDO + GYNECO + OPH + ORL + RHUMA,DOM,1
78,PTG,ENDO + GYNECO + OPH + RHUMA,HC,2
13,PTH,ENDO + GYNECO + OPH + RHUMA,DOM,1
21,PTG,ENDO + GYNECO + OPH + RHUMA,DOM,1
32,PTH,ENDO + GYNECO + OPH + RHUMA,HC,1
38,PTG,ENDO + GYNECO + OPH + RHUMA,DOM,1
44,PTG,ENDO + GYNECO + OPH + RHUMA,HC,1
47,PTG,ENDO + GYNECO + OPH + RHUMA,DOM,1
56,PTH,ENDO + GYNECO + OPH + RHUMA,DOM,1
67,PTH,ENDO + GYNECO + OPH + RHUMA,DOM,1
54,PTG,ENDO + GYNECO + ORL,DOM,1
59,PTG,ENDO + GYNECO + ORL,DOM,1
59,PTG,ENDO + GYNECO + ORL,HC,1
62,PTG,ENDO + GYNECO + ORL,HC,1
74,PTG,ENDO + GYNECO + ORL,HC,1
75,PTH,ENDO + GYNECO + ORL,HC,1
31,PTG,ENDO + GYNECO + ORL + RHUMA,HC,1
75,PTH,ENDO + GYNECO + ORL + RHUMA,HC,1
95,PTH,ENDO + GYNECO + ORL + RHUMA,DOM,1
5,PTH,ENDO + GYNECO + RHUMA,HC,1
6,PTG,ENDO + GYNECO + RHUMA,DOM,1
6,PTH,ENDO + GYNECO + RHUMA,DOM,1
10,PTG,ENDO + GYNECO + RHUMA,HC,1
13,PTG,ENDO + GYNECO + RHUMA,HC_HDJ,1
25,PTH,ENDO + GYNECO + RHUMA,DOM,1
27,PTH,ENDO + GYNECO + RHUMA,HC,1
28,PTH,ENDO + GYNECO + RHUMA,HC,1
29,PTG,ENDO + GYNECO + RHUMA,DOM,1
31,PTG,ENDO + GYNECO + RHUMA,HC,1
31,PTH,ENDO + GYNECO + RHUMA,DOM,1
33,PTG,ENDO + GYNECO + RHUMA,HC,1
33,PTH,ENDO + GYNECO + RHUMA,DOM,1
38,PTG,ENDO + GYNECO + RHUMA,DOM,1
38,PTH,ENDO + GYNECO + RHUMA,DOM,1
38,PTH,ENDO + GYNECO + RHUMA,HC,1
42,PTG,ENDO + GYNECO + RHUMA,HC,1
44,PTH,ENDO + GYNECO + RHUMA,DOM,1
54,PTG,ENDO + GYNECO + RHUMA,HC,1
56,PTG,ENDO + GYNECO + RHUMA,DOM,1
59,PTH,ENDO + GYNECO + RHUMA,DOM,1
59,PTH,ENDO + GYNECO + RHUMA,HC,1
62,PTH,ENDO + GYNECO + RHUMA,DOM,1
66,PTH,ENDO + GYNECO + RHUMA,DOM,1
68,PTG,ENDO + GYNECO + RHUMA,HC,1
68,PTH,ENDO + GYNECO + RHUMA,DOM,1
75,PTH,ENDO + GYNECO + RHUMA,HC,1
77,PTG,ENDO + GYNECO + RHUMA,HC,1
78,PTH,ENDO + GYNECO + RHUMA,HC_HDJ,1
81,PTH,ENDO + GYNECO + RHUMA,HC,1
84,PTH,ENDO + GYNECO + RHUMA,DOM,1
86,PTG,ENDO + GYNECO + RHUMA,HC,1
87,PTH,ENDO + GYNECO + RHUMA,DOM,1
92,PTG,ENDO + GYNECO + RHUMA,,1
93,PTG,ENDO + GYNECO + RHUMA,HC,1
93,PTG,ENDO + GYNECO + RHUMA,HC_HDJ,1
94,PTG,ENDO + GYNECO + RHUMA,HDJ,1
95,PTH,ENDO + GYNECO + RHUMA,DOM,1
10,PTG,ENDO + GYNECO + RHUMA + URO,DOM,1
20,PTG,ENDO + GYNECO + URO,DOM,1
56,PTH,ENDO + GYNECO + URO,DOM,1
59,PTG,ENDO + OPH,HC,4
62,PTG,ENDO + OPH,DOM,4
66,PTG,ENDO + OPH,DOM,4
78,PTH,ENDO + OPH,DOM,4
2,PTG,ENDO + OPH,DOM,3
6,PTG,ENDO + OPH,HC,3
13,PTG,ENDO + OPH,DOM,3
33,PTH,ENDO + OPH,DOM,3
54,PTH,ENDO + OPH,DOM,3
59,PTG,ENDO + OPH,DOM,3
1,PTG,ENDO + OPH,HC,2
1,PTH,ENDO + OPH,HC,2
2,PTG,ENDO + OPH,HC,2
5,PTH,ENDO + OPH,DOM,2
6,PTH,ENDO + OPH,DOM,2
17,PTH,ENDO + OPH,DOM,2
24,PTG,ENDO + OPH,HC,2
26,PTG,ENDO + OPH,HC,2
30,PTH,ENDO + OPH,HC,2
31,PTG,ENDO + OPH,DOM,2
31,PTG,ENDO + OPH,HC,2
31,PTG,ENDO + OPH,HDJ,2
33,PTG,ENDO + OPH,DOM,2
45,PTG,ENDO + OPH,HC,2
55,PTH,ENDO + OPH,DOM,2
59,PTH,ENDO + OPH,DOM,2
60,PTG,ENDO + OPH,HC,2
64,PTG,ENDO + OPH,HC,2
64,PTH,ENDO + OPH,DOM,2
75,PTG,ENDO + OPH,HC,2
76,PTG,ENDO + OPH,DOM,2
76,PTG,ENDO + OPH,HC,2
81,PTH,ENDO + OPH,DOM,2
83,PTG,ENDO + OPH,HDJ,2
86,PTH,ENDO + OPH,DOM,2
94,PTH,ENDO + OPH,DOM,2
97,PTG,ENDO + OPH,DOM,2
1,PTG,ENDO + OPH,HDJ,1
1,PTH,ENDO + OPH,DOM,1
2,PTH,ENDO + OPH,HC,1
3,PTH,ENDO + OPH,DOM,1
4,PTG,ENDO + OPH,DOM,1
5,PTG,ENDO + OPH,HC,1
6,PTH,ENDO + OPH,HC,1
7,PTG,ENDO + OPH,DOM,1
11,PTG,ENDO + OPH,DOM,1
11,PTG,ENDO + OPH,HC,1
11,PTH,ENDO + OPH,DOM,1
12,PTG,ENDO + OPH,HC,1
13,PTG,ENDO + OPH,HC,1
13,PTG,ENDO + OPH,HDJ,1
17,PTG,ENDO + OPH,DOM,1
17,PTG,ENDO + OPH,HC,1
18,PTG,ENDO + OPH,DOM,1
20,PTG,ENDO + OPH,HC,1
20,PTH,ENDO + OPH,HC,1
23,PTH,ENDO + OPH,DOM,1
24,PTG,ENDO + OPH,DOM,1
25,PTH,ENDO + OPH,HC,1
28,PTG,ENDO + OPH,HC,1
28,PTH,ENDO + OPH,DOM,1
30,PTG,ENDO + OPH,DOM,1
31,PTH,ENDO + OPH,HC,1
32,PTG,ENDO + OPH,DOM,1
33,PTH,ENDO + OPH,HC,1
34,PTG,ENDO + OPH,DOM,1
34,PTH,ENDO + OPH,HC,1
35,PTG,ENDO + OPH,DOM,1
35,PTH,ENDO + OPH,DOM,1
36,PTH,ENDO + OPH,DOM,1
37,PTG,ENDO + OPH,HC,1
37,PTH,ENDO + OPH,DOM,1
37,PTH,ENDO + OPH,HC,1
38,PTG,ENDO + OPH,DOM,1
38,PTH,ENDO + OPH,DOM,1
40,PTH,ENDO + OPH,DOM,1
41,PTG,ENDO + OPH,DOM,1
42,PTG,ENDO + OPH,HC,1
44,PTG,ENDO + OPH,DOM,1
44,PTG,ENDO + OPH,HC,1
44,PTH,ENDO + OPH,DOM,1
45,PTH,ENDO + OPH,,1
47,PTG,ENDO + OPH,DOM,1
47,PTG,ENDO + OPH,HC,1
49,PTH,ENDO + OPH,DOM,1
50,PTG,ENDO + OPH,HC,1
51,PTG,ENDO + OPH,HC,1
51,PTH,ENDO + OPH,DOM,1
52,PTG,ENDO + OPH,DOM,1
54,PTG,ENDO + OPH,DOM,1
54,PTG,ENDO + OPH,HC,1
55,PTG,ENDO + OPH,DOM,1
56,PTG,ENDO + OPH,HC,1
58,PTG,ENDO + OPH,DOM,1
58,PTG,ENDO + OPH,HC,1
58,PTG,ENDO + OPH,HDJ,1
58,PTH,ENDO + OPH,HC,1
59,PTG,ENDO + OPH,HDJ,1
59,PTH,ENDO + OPH,HC,1
60,PTH,ENDO + OPH,DOM,1
61,PTH,ENDO + OPH,HC,1
64,PTG,ENDO + OPH,HDJ,1
65,PTG,ENDO + OPH,HC,1
66,PTH,ENDO + OPH,HC,1
68,PTG,ENDO + OPH,HC,1
69,PTH,ENDO + OPH,HC,1
72,PTG,ENDO + OPH,DOM,1
74,PTG,ENDO + OPH,DOM,1
74,PTG,ENDO + OPH,HC,1
74,PTH,ENDO + OPH,DOM,1
75,PTG,ENDO + OPH,DOM,1
76,PTH,ENDO + OPH,DOM,1
77,PTG,ENDO + OPH,DOM,1
77,PTG,ENDO + OPH,HC,1
77,PTG,ENDO + OPH,HC_HDJ,1
77,PTH,ENDO + OPH,DOM,1
78,PTG,ENDO + OPH,DOM,1
78,PTG,ENDO + OPH,HC,1
78,PTH,ENDO + OPH,,1
79,PTG,ENDO + OPH,DOM,1
81,PTG,ENDO + OPH,HDJ,1
83,PTH,ENDO + OPH,HDJ,1
84,PTG,ENDO + OPH,DOM,1
84,PTH,ENDO + OPH,HC,1
85,PTH,ENDO + OPH,DOM,1
86,PTG,ENDO + OPH,DOM,1
87,PTH,ENDO + OPH,DOM,1
88,PTG,ENDO + OPH,HC,1
88,PTH,ENDO + OPH,DOM,1
91,PTG,ENDO + OPH,DOM,1
91,PTH,ENDO + OPH,DOM,1
92,PTH,ENDO + OPH,DOM,1
93,PTG,ENDO + OPH,HC,1
93,PTH,ENDO + OPH,HC,1
94,PTG,ENDO + OPH,DOM,1
95,PTG,ENDO + OPH,HC,1
95,PTH,ENDO + OPH,HC,1
97,PTG,ENDO + OPH,HC,1
97,PTH,ENDO + OPH,HC,1
6,PTG,ENDO + OPH + ORL,HC,1
13,PTH,ENDO + OPH + ORL,HC,1
26,PTG,ENDO + OPH + ORL,DOM,1
31,PTG,ENDO + OPH + ORL,HC,1
38,PTG,ENDO + OPH + ORL,DOM,1
45,PTH,ENDO + OPH + ORL,DOM,1
64,PTG,ENDO + OPH + ORL,DOM,1
67,PTG,ENDO + OPH + ORL,HDJ,1
69,PTG,ENDO + OPH + ORL,HC,1
87,PTG,ENDO + OPH + ORL,HC,1
38,PTH,ENDO + OPH + ORL + RHUMA,HC,1
71,PTG,ENDO + OPH + ORL + RHUMA,DOM,1
67,PTH,ENDO + OPH + RHUMA,DOM,3
13,PTG,ENDO + OPH + RHUMA,HC,2
20,PTG,ENDO + OPH + RHUMA,,2
21,PTG,ENDO + OPH + RHUMA,DOM,2
31,PTG,ENDO + OPH + RHUMA,DOM,2
31,PTG,ENDO + OPH + RHUMA,HC_HDJ,2
66,PTH,ENDO + OPH + RHUMA,DOM,2
68,PTG,ENDO + OPH + RHUMA,DOM,2
75,PTG,ENDO + OPH + RHUMA,DOM,2
78,PTG,ENDO + OPH + RHUMA,DOM,2
6,PTG,ENDO + OPH + RHUMA,DOM,1
9,PTH,ENDO + OPH + RHUMA,HC,1
12,PTG,ENDO + OPH + RHUMA,DOM,1
13,PTG,ENDO + OPH + RHUMA,DOM,1
13,PTH,ENDO + OPH + RHUMA,HC,1
16,PTG,ENDO + OPH + RHUMA,HC,1
18,PTG,ENDO + OPH + RHUMA,HDJ,1
25,PTG,ENDO + OPH + RHUMA,HC,1
27,PTH,ENDO + OPH + RHUMA,HC,1
30,PTG,ENDO + OPH + RHUMA,HC,1
30,PTH,ENDO + OPH + RHUMA,DOM,1
30,PTH,ENDO + OPH + RHUMA,HDJ,1
31,PTG,ENDO + OPH + RHUMA,,1
31,PTH,ENDO + OPH + RHUMA,DOM,1
33,PTG,ENDO + OPH + RHUMA,DOM,1
33,PTH,ENDO + OPH + RHUMA,DOM,1
34,PTG,ENDO + OPH + RHUMA,HC,1
44,PTG,ENDO + OPH + RHUMA,HC,1
46,PTG,ENDO + OPH + RHUMA,HC,1
51,PTH,ENDO + OPH + RHUMA,DOM,1
54,PTH,ENDO + OPH + RHUMA,DOM,1
57,PTH,ENDO + OPH + RHUMA,HC,1
59,PTG,ENDO + OPH + RHUMA,DOM,1
59,PTH,ENDO + OPH + RHUMA,HC,1
61,PTG,ENDO + OPH + RHUMA,HC,1
63,PTG,ENDO + OPH + RHUMA,HC,1
64,PTG,ENDO + OPH + RHUMA,HDJ,1
66,PTG,ENDO + OPH + RHUMA,HC,1
67,PTH,ENDO + OPH + RHUMA,HC,1
68,PTG,ENDO + OPH + RHUMA,HDJ,1
68,PTH,ENDO + OPH + RHUMA,DOM,1
69,PTH,ENDO + OPH + RHUMA,DOM,1
69,PTH,ENDO + OPH + RHUMA,HDJ,1
70,PTH,ENDO + OPH + RHUMA,HC,1
72,PTH,ENDO + OPH + RHUMA,DOM,1
74,PTG,ENDO + OPH + RHUMA,DOM,1
75,PTG,ENDO + OPH + RHUMA,,1
75,PTG,ENDO + OPH + RHUMA,HC,1
75,PTH,ENDO + OPH + RHUMA,DOM,1
78,PTH,ENDO + OPH + RHUMA,DOM,1
84,PTG,ENDO + OPH + RHUMA,DOM,1
85,PTH,ENDO + OPH + RHUMA,HC,1
86,PTG,ENDO + OPH + RHUMA,HC,1
86,PTG,ENDO + OPH + RHUMA,HC_HDJ,1
92,PTG,ENDO + OPH + RHUMA,HDJ,1
93,PTG,ENDO + OPH + RHUMA,HC,1
93,PTH,ENDO + OPH + RHUMA,DOM,1
93,PTH,ENDO + OPH + RHUMA,HC,1
94,PTG,ENDO + OPH + RHUMA,HC,1
94,PTH,ENDO + OPH + RHUMA,DOM,1
209,PTG,ENDO + OPH + RHUMA,HC,1
31,PTG,ENDO + OPH + RHUMA + URO,HC,1
92,PTG,ENDO + OPH + RHUMA + URO,HC_HDJ,1
35,PTH,ENDO + OPH + URO,DOM,1
47,PTH,ENDO + OPH + URO,DOM,1
78,PTG,ENDO + OPH + URO,HC,1
92,PTG,ENDO + OPH + URO,HC,1
92,PTG,ENDO + OPH + URO,HDJ,1
95,PTG,ENDO + OPH + URO,HC,1
6,PTG,ENDO + ORL,HC,2
30,PTG,ENDO + ORL,DOM,2
78,PTH,ENDO + ORL,DOM,2
1,PTH,ENDO + ORL,HC,1
13,PTG,ENDO + ORL,DOM,1
17,PTH,ENDO + ORL,HC,1
32,PTH,ENDO + ORL,HC,1
33,PTG,ENDO + ORL,HC,1
33,PTH,ENDO + ORL,DOM,1
34,PTG,ENDO + ORL,DOM,1
38,PTG,ENDO + ORL,HC,1
40,PTG,ENDO + ORL,DOM,1
42,PTG,ENDO + ORL,DOM,1
45,PTH,ENDO + ORL,DOM,1
51,PTH,ENDO + ORL,DOM,1
54,PTG,ENDO + ORL,DOM,1
55,PTH,ENDO + ORL,DOM,1
56,PTH,ENDO + ORL,HC,1
57,PTG,ENDO + ORL,HDJ,1
57,PTH,ENDO + ORL,DOM,1
57,PTH,ENDO + ORL,HC,1
58,PTG,ENDO + ORL,HC,1
65,PTH,ENDO + ORL,HC,1
66,PTH,ENDO + ORL,DOM,1
69,PTG,ENDO + ORL,HDJ,1
69,PTH,ENDO + ORL,HC_HDJ,1
74,PTG,ENDO + ORL,DOM,1
74,PTG,ENDO + ORL,HC,1
75,PTG,ENDO + ORL,,1
75,PTH,ENDO + ORL,DOM,1
76,PTH,ENDO + ORL,DOM,1
76,PTH,ENDO + ORL,HC,1
78,PTG,ENDO + ORL,HC,1
78,PTH,ENDO + ORL,HC,1
82,PTG,ENDO + ORL,DOM,1
86,PTH,ENDO + ORL,DOM,1
88,PTG,ENDO + ORL,DOM,1
91,PTG,ENDO + ORL,DOM,1
92,PTG,ENDO + ORL,HC,1
92,PTH,ENDO + ORL,HC,1
17,PTH,ENDO + ORL + RHUMA,DOM,2
6,PTG,ENDO + ORL + RHUMA,,1
6,PTG,ENDO + ORL + RHUMA,HC,1
31,PTG,ENDO + ORL + RHUMA,HC,1
31,PTH,ENDO + ORL + RHUMA,HDJ,1
34,PTG,ENDO + ORL + RHUMA,HC,1
34,PTH,ENDO + ORL + RHUMA,DOM,1
35,PTH,ENDO + ORL + RHUMA,DOM,1
38,PTG,ENDO + ORL + RHUMA,DOM,1
39,PTG,ENDO + ORL + RHUMA,HC,1
67,PTG,ENDO + ORL + RHUMA,DOM,1
75,PTH,ENDO + ORL + RHUMA,DOM,1
75,PTH,ENDO + ORL + RHUMA,HC,1
78,PTH,ENDO + ORL + RHUMA,DOM,1
92,PTG,ENDO + ORL + RHUMA,HC,1
92,PTH,ENDO + ORL + RHUMA,DOM,1
93,PTH,ENDO + ORL + RHUMA,HC,1
97,PTH,ENDO + ORL + RHUMA,DOM,1
31,PTH,ENDO + ORL + RHUMA + URO,HC,1
1,PTH,ENDO + ORL + URO,DOM,1
60,PTH,ENDO + ORL + URO,DOM,1
66,PTG,ENDO + ORL + URO,HC,1
66,PTH,ENDO + ORL + URO,HC_HDJ,1
68,PTH,ENDO + ORL + URO,DOM,1
91,PTG,ENDO + ORL + URO,HDJ,1
92,PTG,ENDO + ORL + URO,DOM,1
59,PTG,ENDO + RHUMA,HC,8
33,PTG,ENDO + RHUMA,HC,6
67,PTG,ENDO + RHUMA,DOM,6
75,PTG,ENDO + RHUMA,DOM,6
75,PTH,ENDO + RHUMA,DOM,6
6,PTG,ENDO + RHUMA,HC,5
34,PTH,ENDO + RHUMA,DOM,5
13,PTG,ENDO + RHUMA,DOM,4
13,PTH,ENDO + RHUMA,HC,4
31,PTG,ENDO + RHUMA,HC,4
59,PTH,ENDO + RHUMA,HC,4
62,PTH,ENDO + RHUMA,DOM,4
69,PTH,ENDO + RHUMA,DOM,4
92,PTG,ENDO + RHUMA,HC,4
92,PTH,ENDO + RHUMA,DOM,4
94,PTH,ENDO + RHUMA,HC,4
1,PTG,ENDO + RHUMA,HC,3
2,PTG,ENDO + RHUMA,DOM,3
13,PTG,ENDO + RHUMA,HC,3
13,PTH,ENDO + RHUMA,DOM,3
33,PTG,ENDO + RHUMA,DOM,3
33,PTH,ENDO + RHUMA,DOM,3
34,PTG,ENDO + RHUMA,HC,3
42,PTH,ENDO + RHUMA,HC,3
43,PTG,ENDO + RHUMA,DOM,3
59,PTG,ENDO + RHUMA,DOM,3
60,PTH,ENDO + RHUMA,DOM,3
63,PTG,ENDO + RHUMA,DOM,3
64,PTG,ENDO + RHUMA,HC,3
76,PTH,ENDO + RHUMA,DOM,3
77,PTH,ENDO + RHUMA,DOM,3
78,PTH,ENDO + RHUMA,DOM,3
93,PTG,ENDO + RHUMA,HC,3
6,PTH,ENDO + RHUMA,DOM,2
10,PTH,ENDO + RHUMA,DOM,2
11,PTG,ENDO + RHUMA,HC,2
12,PTG,ENDO + RHUMA,HC,2
19,PTG,ENDO + RHUMA,DOM,2
20,PTH,ENDO + RHUMA,DOM,2
25,PTH,ENDO + RHUMA,DOM,2
28,PTG,ENDO + RHUMA,DOM,2
30,PTG,ENDO + RHUMA,HC,2
31,PTH,ENDO + RHUMA,HC,2
34,PTG,ENDO + RHUMA,DOM,2
38,PTG,ENDO + RHUMA,DOM,2
38,PTG,ENDO + RHUMA,HC,2
40,PTG,ENDO + RHUMA,HC,2
42,PTG,ENDO + RHUMA,DOM,2
42,PTG,ENDO + RHUMA,HC,2
45,PTG,ENDO + RHUMA,DOM,2
45,PTG,ENDO + RHUMA,HC,2
45,PTH,ENDO + RHUMA,DOM,2
51,PTG,ENDO + RHUMA,DOM,2
51,PTG,ENDO + RHUMA,HC,2
51,PTH,ENDO + RHUMA,DOM,2
54,PTH,ENDO + RHUMA,DOM,2
62,PTG,ENDO + RHUMA,DOM,2
63,PTH,ENDO + RHUMA,DOM,2
66,PTH,ENDO + RHUMA,HC,2
68,PTG,ENDO + RHUMA,HC,2
69,PTG,ENDO + RHUMA,HC,2
70,PTH,ENDO + RHUMA,DOM,2
71,PTG,ENDO + RHUMA,HC,2
74,PTG,ENDO + RHUMA,HC,2
74,PTH,ENDO + RHUMA,HC,2
75,PTG,ENDO + RHUMA,HC,2
78,PTG,ENDO + RHUMA,HC,2
78,PTH,ENDO + RHUMA,HC,2
83,PTG,ENDO + RHUMA,HC,2
83,PTH,ENDO + RHUMA,DOM,2
85,PTG,ENDO + RHUMA,HC,2
87,PTH,ENDO + RHUMA,DOM,2
91,PTH,ENDO + RHUMA,DOM,2
93,PTG,ENDO + RHUMA,DOM,2
95,PTG,ENDO + RHUMA,DOM,2
95,PTH,ENDO + RHUMA,DOM,2
1,PTG,ENDO + RHUMA,,1
1,PTG,ENDO + RHUMA,DOM,1
2,PTG,ENDO + RHUMA,HC,1
2,PTH,ENDO + RHUMA,DOM,1
5,PTG,ENDO + RHUMA,HC,1
5,PTH,ENDO + RHUMA,HC,1
6,PTG,ENDO + RHUMA,DOM,1
6,PTH,ENDO + RHUMA,HC,1
6,PTH,ENDO + RHUMA,HDJ,1
7,PTG,ENDO + RHUMA,HC,1
8,PTH,ENDO + RHUMA,HC,1
10,PTG,ENDO + RHUMA,HC,1
11,PTG,ENDO + RHUMA,HDJ,1
11,PTH,ENDO + RHUMA,HC,1
13,PTG,ENDO + RHUMA,HC_HDJ,1
13,PTH,ENDO + RHUMA,HDJ,1
14,PTG,ENDO + RHUMA,,1
14,PTH,ENDO + RHUMA,HC,1
15,PTH,ENDO + RHUMA,HC_HDJ,1
17,PTG,ENDO + RHUMA,HC,1
18,PTG,ENDO + RHUMA,HC,1
19,PTH,ENDO + RHUMA,DOM,1
20,PTG,ENDO + RHUMA,DOM,1
20,PTG,ENDO + RHUMA,HC,1
20,PTH,ENDO + RHUMA,HDJ,1
21,PTH,ENDO + RHUMA,DOM,1
22,PTG,ENDO + RHUMA,DOM,1
25,PTG,ENDO + RHUMA,DOM,1
26,PTG,ENDO + RHUMA,HC,1
26,PTH,ENDO + RHUMA,DOM,1
27,PTG,ENDO + RHUMA,DOM,1
27,PTG,ENDO + RHUMA,HC,1
28,PTH,ENDO + RHUMA,DOM,1
29,PTG,ENDO + RHUMA,DOM,1
29,PTH,ENDO + RHUMA,DOM,1
29,PTH,ENDO + RHUMA,HC,1
30,PTH,ENDO + RHUMA,HC,1
31,PTG,ENDO + RHUMA,HC_HDJ,1
31,PTG,ENDO + RHUMA,HDJ,1
31,PTH,ENDO + RHUMA,,1
31,PTH,ENDO + RHUMA,DOM,1
32,PTG,ENDO + RHUMA,DOM,1
32,PTG,ENDO + RHUMA,HC,1
33,PTH,ENDO + RHUMA,HC,1
35,PTG,ENDO + RHUMA,DOM,1
37,PTG,ENDO + RHUMA,DOM,1
38,PTH,ENDO + RHUMA,DOM,1
38,PTH,ENDO + RHUMA,HC,1
39,PTG,ENDO + RHUMA,DOM,1
39,PTH,ENDO + RHUMA,DOM,1
40,PTH,ENDO + RHUMA,DOM,1
42,PTH,ENDO + RHUMA,DOM,1
43,PTG,ENDO + RHUMA,HC,1
45,PTH,ENDO + RHUMA,HC,1
47,PTG,ENDO + RHUMA,DOM,1
47,PTH,ENDO + RHUMA,DOM,1
47,PTH,ENDO + RHUMA,HC,1
49,PTG,ENDO + RHUMA,HC,1
49,PTH,ENDO + RHUMA,HC,1
50,PTH,ENDO + RHUMA,DOM,1
50,PTH,ENDO + RHUMA,HC,1
51,PTH,ENDO + RHUMA,HC,1
56,PTG,ENDO + RHUMA,HDJ,1
56,PTH,ENDO + RHUMA,DOM,1
56,PTH,ENDO + RHUMA,HC,1
57,PTG,ENDO + RHUMA,HC_HDJ,1
59,PTH,ENDO + RHUMA,DOM,1
60,PTH,ENDO + RHUMA,HC,1
61,PTG,ENDO + RHUMA,DOM,1
61,PTH,ENDO + RHUMA,DOM,1
62,PTG,ENDO + RHUMA,HC,1
63,PTH,ENDO + RHUMA,HC,1
64,PTH,ENDO + RHUMA,DOM,1
65,PTG,ENDO + RHUMA,DOM,1
66,PTG,ENDO + RHUMA,DOM,1
66,PTH,ENDO + RHUMA,DOM,1
67,PTG,ENDO + RHUMA,HC,1
67,PTH,ENDO + RHUMA,HC,1
68,PTG,ENDO + RHUMA,DOM,1
68,PTH,ENDO + RHUMA,DOM,1
69,PTG,ENDO + RHUMA,DOM,1
69,PTH,ENDO + RHUMA,HC,1
69,PTH,ENDO + RHUMA,HC_HDJ,1
69,PTH,ENDO + RHUMA,HDJ,1
71,PTH,ENDO + RHUMA,DOM,1
72,PTG,ENDO + RHUMA,HC,1
73,PTG,ENDO + RHUMA,DOM,1
74,PTG,ENDO + RHUMA,DOM,1
74,PTH,ENDO + RHUMA,DOM,1
75,PTG,ENDO + RHUMA,HDJ,1
76,PTG,ENDO + RHUMA,DOM,1
76,PTG,ENDO + RHUMA,HC,1
76,PTG,ENDO + RHUMA,HDJ,1
76,PTH,ENDO + RHUMA,HC,1
77,PTG,ENDO + RHUMA,HC,1
78,PTG,ENDO + RHUMA,HC_HDJ,1
80,PTH,ENDO + RHUMA,DOM,1
81,PTG,ENDO + RHUMA,DOM,1
81,PTG,ENDO + RHUMA,HC,1
81,PTG,ENDO + RHUMA,HDJ,1
81,PTH,ENDO + RHUMA,HC,1
82,PTG,ENDO + RHUMA,DOM,1
83,PTG,ENDO + RHUMA,DOM,1
84,PTG,ENDO + RHUMA,DOM,1
84,PTG,ENDO + RHUMA,HC,1
84,PTH,ENDO + RHUMA,DOM,1
85,PTG,ENDO + RHUMA,HDJ,1
85,PTH,ENDO + RHUMA,,1
85,PTH,ENDO + RHUMA,DOM,1
85,PTH,ENDO + RHUMA,HC,1
86,PTG,ENDO + RHUMA,DOM,1
86,PTG,ENDO + RHUMA,HC,1
86,PTH,ENDO + RHUMA,DOM,1
86,PTH,ENDO + RHUMA,HC,1
87,PTG,ENDO + RHUMA,DOM,1
87,PTH,ENDO + RHUMA,HC,1
88,PTH,ENDO + RHUMA,DOM,1
91,PTG,ENDO + RHUMA,DOM,1
91,PTG,ENDO + RHUMA,HC,1
92,PTG,ENDO + RHUMA,HC_HDJ,1
92,PTG,ENDO + RHUMA,HDJ,1
92,PTH,ENDO + RHUMA,HC,1
93,PTG,ENDO + RHUMA,HC_HDJ,1
93,PTH,ENDO + RHUMA,HC,1
94,PTH,ENDO + RHUMA,,1
97,PTG,ENDO + RHUMA,DOM,1
97,PTH,ENDO + RHUMA,HC,1
67,PTG,ENDO + RHUMA + URO,DOM,2
6,PTG,ENDO + RHUMA + URO,HC,1
10,PTH,ENDO + RHUMA + URO,HC,1
12,PTH,ENDO + RHUMA + URO,HC,1
28,PTH,ENDO + RHUMA + URO,DOM,1
31,PTG,ENDO + RHUMA + URO,HC,1
34,PTH,ENDO + RHUMA + URO,DOM,1
38,PTG,ENDO + RHUMA + URO,HC,1
42,PTG,ENDO + RHUMA + URO,DOM,1
51,PTG,ENDO + RHUMA + URO,HC,1
59,PTG,ENDO + RHUMA + URO,DOM,1
63,PTH,ENDO + RHUMA + URO,DOM,1
69,PTG,ENDO + RHUMA + URO,DOM,1
69,PTG,ENDO + RHUMA + URO,HC,1
75,PTH,ENDO + RHUMA + URO,DOM,1
83,PTH,ENDO + RHUMA + URO,HDJ,1
87,PTG,ENDO + RHUMA + URO,DOM,1
94,PTG,ENDO + RHUMA + URO,HC,1
1,PTG,ENDO + URO,HC,2
62,PTG,ENDO + URO,DOM,2
74,PTG,ENDO + URO,HC,2
78,PTG,ENDO + URO,DOM,2
3,PTH,ENDO + URO,DOM,1
6,PTG,ENDO + URO,HC,1
11,PTG,ENDO + URO,HC,1
13,PTH,ENDO + URO,DOM,1
16,PTG,ENDO + URO,HC_HDJ,1
19,PTH,ENDO + URO,DOM,1
21,PTH,ENDO + URO,,1
26,PTG,ENDO + URO,HC,1
28,PTH,ENDO + URO,DOM,1
30,PTG,ENDO + URO,HC,1
31,PTG,ENDO + URO,DOM,1
31,PTG,ENDO + URO,HC,1
32,PTG,ENDO + URO,DOM,1
33,PTH,ENDO + URO,DOM,1
35,PTG,ENDO + URO,DOM,1
35,PTH,ENDO + URO,DOM,1
42,PTG,ENDO + URO,HC,1
45,PTH,ENDO + URO,DOM,1
52,PTH,ENDO + URO,DOM,1
54,PTG,ENDO + URO,HC,1
57,PTH,ENDO + URO,DOM,1
58,PTG,ENDO + URO,,1
59,PTG,ENDO + URO,HC,1
59,PTG,ENDO + URO,HC_HDJ,1
59,PTH,ENDO + URO,DOM,1
59,PTH,ENDO + URO,HC,1
67,PTG,ENDO + URO,DOM,1
69,PTH,ENDO + URO,DOM,1
72,PTG,ENDO + URO,,1
73,PTG,ENDO + URO,DOM,1
74,PTG,ENDO + URO,DOM,1
74,PTH,ENDO + URO,HC,1
75,PTG,ENDO + URO,DOM,1
75,PTH,ENDO + URO,DOM,1
80,PTG,ENDO + URO,HC,1
80,PTH,ENDO + URO,DOM,1
83,PTG,ENDO + URO,HC,1
91,PTG,ENDO + URO,HC,1
95,PTG,ENDO + URO,HC,1
59,PTG,GASTRO,HC,31
59,PTH,GASTRO,DOM,31
44,PTH,GASTRO,DOM,24
59,PTG,GASTRO,DOM,22
62,PTH,GASTRO,DOM,19
33,PTH,GASTRO,DOM,18
38,PTG,GASTRO,DOM,18
83,PTG,GASTRO,HC,17
33,PTG,GASTRO,HC,16
62,PTG,GASTRO,DOM,16
6,PTH,GASTRO,DOM,15
17,PTH,GASTRO,DOM,15
38,PTH,GASTRO,DOM,15
54,PTG,GASTRO,DOM,15
69,PTH,GASTRO,DOM,15
13,PTG,GASTRO,HC,14
13,PTH,GASTRO,DOM,14
35,PTH,GASTRO,DOM,14
57,PTG,GASTRO,DOM,14
62,PTG,GASTRO,HC,14
67,PTG,GASTRO,DOM,14
76,PTH,GASTRO,DOM,14
38,PTG,GASTRO,HC,13
44,PTG,GASTRO,DOM,13
57,PTH,GASTRO,DOM,13
59,PTH,GASTRO,HC,13
64,PTH,GASTRO,DOM,13
77,PTH,GASTRO,DOM,13
14,PTH,GASTRO,DOM,12
33,PTG,GASTRO,DOM,12
42,PTH,GASTRO,DOM,12
66,PTG,GASTRO,DOM,12
68,PTG,GASTRO,DOM,12
85,PTH,GASTRO,DOM,12
86,PTH,GASTRO,DOM,12
91,PTH,GASTRO,DOM,12
37,PTH,GASTRO,DOM,11
69,PTG,GASTRO,HC,11
85,PTG,GASTRO,DOM,11
95,PTH,GASTRO,DOM,11
6,PTG,GASTRO,HC,10
17,PTG,GASTRO,DOM,10
29,PTH,GASTRO,DOM,10
49,PTH,GASTRO,DOM,10
56,PTG,GASTRO,DOM,10
57,PTG,GASTRO,HC,10
60,PTG,GASTRO,DOM,10
67,PTH,GASTRO,DOM,10
69,PTG,GASTRO,DOM,10
78,PTH,GASTRO,DOM,10
79,PTG,GASTRO,DOM,10
80,PTH,GASTRO,DOM,10
84,PTG,GASTRO,DOM,10
11,PTH,GASTRO,DOM,9
21,PTH,GASTRO,DOM,9
22,PTH,GASTRO,DOM,9
24,PTG,GASTRO,HC,9
26,PTG,GASTRO,DOM,9
29,PTG,GASTRO,DOM,9
34,PTG,GASTRO,DOM,9
34,PTH,GASTRO,DOM,9
40,PTH,GASTRO,DOM,9
42,PTH,GASTRO,HC,9
61,PTG,GASTRO,HC,9
64,PTG,GASTRO,DOM,9
71,PTG,GASTRO,DOM,9
73,PTH,GASTRO,DOM,9
74,PTG,GASTRO,DOM,9
74,PTG,GASTRO,HC,9
3,PTH,GASTRO,DOM,8
13,PTG,GASTRO,DOM,8
27,PTH,GASTRO,DOM,8
35,PTG,GASTRO,DOM,8
41,PTH,GASTRO,DOM,8
42,PTG,GASTRO,HC,8
54,PTH,GASTRO,DOM,8
64,PTG,GASTRO,HC,8
74,PTH,GASTRO,DOM,8
1,PTH,GASTRO,DOM,7
13,PTH,GASTRO,HC,7
30,PTG,GASTRO,DOM,7
34,PTG,GASTRO,HC,7
47,PTG,GASTRO,HC,7
47,PTH,GASTRO,HC,7
49,PTG,GASTRO,DOM,7
51,PTH,GASTRO,DOM,7
60,PTH,GASTRO,DOM,7
67,PTG,GASTRO,HC,7
75,PTH,GASTRO,DOM,7
77,PTG,GASTRO,HC,7
80,PTG,GASTRO,HC,7
88,PTG,GASTRO,DOM,7
89,PTG,GASTRO,DOM,7
94,PTH,GASTRO,DOM,7
2,PTG,GASTRO,HC,6
7,PTH,GASTRO,DOM,6
8,PTH,GASTRO,DOM,6
17,PTG,GASTRO,HC,6
18,PTH,GASTRO,DOM,6
24,PTH,GASTRO,DOM,6
27,PTG,GASTRO,HC,6
27,PTH,GASTRO,HC,6
40,PTG,GASTRO,HC,6
44,PTG,GASTRO,HC,6
61,PTH,GASTRO,DOM,6
63,PTH,GASTRO,DOM,6
67,PTH,GASTRO,HC,6
68,PTH,GASTRO,DOM,6
79,PTH,GASTRO,DOM,6
82,PTG,GASTRO,DOM,6
83,PTG,GASTRO,DOM,6
92,PTH,GASTRO,DOM,6
1,PTG,GASTRO,DOM,5
1,PTG,GASTRO,HC,5
2,PTG,GASTRO,DOM,5
2,PTH,GASTRO,HC,5
4,PTG,GASTRO,HC,5
11,PTG,GASTRO,HC,5
12,PTG,GASTRO,HC,5
16,PTG,GASTRO,HC,5
16,PTH,GASTRO,DOM,5
18,PTG,GASTRO,DOM,5
21,PTG,GASTRO,HC,5
22,PTG,GASTRO,DOM,5
28,PTH,GASTRO,DOM,5
30,PTG,GASTRO,HC,5
30,PTH,GASTRO,DOM,5
31,PTG,GASTRO,HC,5
31,PTH,GASTRO,DOM,5
34,PTH,GASTRO,HC,5
35,PTG,GASTRO,HC,5
40,PTG,GASTRO,DOM,5
45,PTG,GASTRO,HC,5
45,PTH,GASTRO,DOM,5
47,PTH,GASTRO,DOM,5
51,PTG,GASTRO,DOM,5
51,PTG,GASTRO,HC,5
54,PTH,GASTRO,HC,5
63,PTH,GASTRO,HC,5
65,PTG,GASTRO,HC,5
66,PTG,GASTRO,HC,5
66,PTH,GASTRO,HC,5
70,PTG,GASTRO,DOM,5
76,PTG,GASTRO,DOM,5
78,PTG,GASTRO,HC,5
80,PTH,GASTRO,HC,5
81,PTG,GASTRO,HC,5
83,PTH,GASTRO,DOM,5
83,PTH,GASTRO,HC,5
84,PTG,GASTRO,HC,5
84,PTH,GASTRO,HC,5
88,PTH,GASTRO,DOM,5
94,PTG,GASTRO,DOM,5
94,PTG,GASTRO,HC,5
95,PTG,GASTRO,HC,5
97,PTG,GASTRO,DOM,5
1,PTH,GASTRO,HC,4
2,PTH,GASTRO,DOM,4
6,PTG,GASTRO,DOM,4
8,PTG,GASTRO,HC,4
9,PTH,GASTRO,DOM,4
10,PTH,GASTRO,DOM,4
11,PTG,GASTRO,DOM,4
11,PTH,GASTRO,HC,4
14,PTG,GASTRO,DOM,4
19,PTH,GASTRO,DOM,4
20,PTH,GASTRO,DOM,4
24,PTG,GASTRO,DOM,4
24,PTH,GASTRO,HC,4
26,PTH,GASTRO,DOM,4
31,PTG,GASTRO,DOM,4
35,PTH,GASTRO,HC,4
38,PTH,GASTRO,HC,4
39,PTG,GASTRO,DOM,4
50,PTG,GASTRO,DOM,4
53,PTG,GASTRO,DOM,4
56,PTH,GASTRO,DOM,4
58,PTG,GASTRO,DOM,4
60,PTG,GASTRO,HC,4
62,PTH,GASTRO,HC,4
63,PTG,GASTRO,HC,4
66,PTH,GASTRO,DOM,4
68,PTG,GASTRO,HC,4
69,PTG,GASTRO,HDJ,4
69,PTH,GASTRO,HC,4
70,PTH,GASTRO,DOM,4
71,PTG,GASTRO,HC,4
71,PTH,GASTRO,DOM,4
72,PTH,GASTRO,HC,4
74,PTH,GASTRO,HC,4
75,PTH,GASTRO,HC,4
76,PTG,GASTRO,HC,4
77,PTG,GASTRO,DOM,4
78,PTH,GASTRO,HC,4
84,PTH,GASTRO,DOM,4
91,PTH,GASTRO,HC,4
92,PTH,GASTRO,HC,4
93,PTG,GASTRO,DOM,4
93,PTG,GASTRO,HC,4
93,PTH,GASTRO,DOM,4
95,PTG,GASTRO,DOM,4
97,PTG,GASTRO,HC,4
97,PTH,GASTRO,DOM,4
1,PTG,GASTRO,,3
6,PTG,GASTRO,HC_HDJ,3
10,PTG,GASTRO,DOM,3
10,PTG,GASTRO,HC,3
13,PTG,GASTRO,HDJ,3
16,PTG,GASTRO,DOM,3
16,PTH,GASTRO,HC,3
21,PTH,GASTRO,HC,3
22,PTG,GASTRO,HC,3
25,PTG,GASTRO,DOM,3
25,PTG,GASTRO,HC,3
26,PTG,GASTRO,HC,3
28,PTH,GASTRO,HC,3
29,PTG,GASTRO,HC,3
30,PTH,GASTRO,HC,3
31,PTG,GASTRO,HC_HDJ,3
31,PTH,GASTRO,HC,3
32,PTG,GASTRO,HC,3
36,PTG,GASTRO,DOM,3
37,PTG,GASTRO,DOM,3
40,PTH,GASTRO,HC,3
41,PTG,GASTRO,DOM,3
41,PTH,GASTRO,HC,3
43,PTH,GASTRO,HC,3
46,PTH,GASTRO,DOM,3
47,PTG,GASTRO,DOM,3
49,PTH,GASTRO,HC,3
51,PTH,GASTRO,HC,3
52,PTG,GASTRO,DOM,3
54,PTG,GASTRO,HC,3
56,PTH,GASTRO,HC,3
57,PTG,GASTRO,,3
57,PTH,GASTRO,HC,3
58,PTH,GASTRO,DOM,3
59,PTG,GASTRO,HC_HDJ,3
60,PTH,GASTRO,HC,3
61,PTH,GASTRO,HC,3
68,PTH,GASTRO,HC,3
72,PTG,GASTRO,DOM,3
72,PTH,GASTRO,DOM,3
75,PTG,GASTRO,HC,3
76,PTH,GASTRO,HC,3
78,PTG,GASTRO,DOM,3
81,PTH,GASTRO,HC,3
82,PTH,GASTRO,DOM,3
85,PTG,GASTRO,HC,3
87,PTH,GASTRO,DOM,3
87,PTH,GASTRO,HC,3
88,PTG,GASTRO,HC,3
89,PTG,GASTRO,HC,3
89,PTH,GASTRO,DOM,3
92,PTG,GASTRO,HC,3
94,PTH,GASTRO,HC,3
3,PTG,GASTRO,DOM,2
3,PTG,GASTRO,HC,2
3,PTH,GASTRO,HC,2
4,PTG,GASTRO,DOM,2
4,PTH,GASTRO,DOM,2
5,PTG,GASTRO,HC,2
6,PTH,GASTRO,HC,2
7,PTG,GASTRO,DOM,2
7,PTG,GASTRO,HC,2
8,PTG,GASTRO,DOM,2
14,PTG,GASTRO,HC,2
14,PTH,GASTRO,HC,2
15,PTG,GASTRO,HC,2
15,PTH,GASTRO,DOM,2
18,PTH,GASTRO,HC,2
19,PTG,GASTRO,DOM,2
19,PTG,GASTRO,HC,2
19,PTH,GASTRO,HC,2
21,PTG,GASTRO,DOM,2
21,PTG,GASTRO,HDJ,2
22,PTH,GASTRO,HC,2
23,PTG,GASTRO,HC,2
23,PTH,GASTRO,DOM,2
25,PTH,GASTRO,HC,2
26,PTH,GASTRO,HC,2
27,PTG,GASTRO,DOM,2
27,PTG,GASTRO,HDJ,2
28,PTG,GASTRO,DOM,2
28,PTG,GASTRO,HC,2
32,PTG,GASTRO,DOM,2
32,PTH,GASTRO,DOM,2
32,PTH,GASTRO,HC,2
33,PTH,GASTRO,HC,2
35,PTG,GASTRO,,2
36,PTH,GASTRO,DOM,2
37,PTG,GASTRO,HC,2
39,PTG,GASTRO,HC,2
40,PTG,GASTRO,HDJ,2
41,PTG,GASTRO,HC,2
42,PTG,GASTRO,HC_HDJ,2
43,PTG,GASTRO,HC,2
43,PTH,GASTRO,DOM,2
44,PTH,GASTRO,HC,2
50,PTH,GASTRO,DOM,2
52,PTG,GASTRO,,2
52,PTH,GASTRO,DOM,2
53,PTH,GASTRO,DOM,2
56,PTG,GASTRO,HC,2
57,PTG,GASTRO,HDJ,2
62,PTG,GASTRO,,2
63,PTG,GASTRO,DOM,2
63,PTH,GASTRO,,2
64,PTG,GASTRO,HDJ,2
64,PTH,GASTRO,HC,2
65,PTG,GASTRO,DOM,2
65,PTH,GASTRO,HC,2
70,PTH,GASTRO,HC,2
71,PTH,GASTRO,HC,2
72,PTG,GASTRO,HC,2
73,PTG,GASTRO,DOM,2
73,PTG,GASTRO,HC,2
73,PTG,GASTRO,HDJ,2
74,PTG,GASTRO,HC_HDJ,2
75,PTG,GASTRO,HDJ,2
76,PTH,GASTRO,,2
79,PTG,GASTRO,HC,2
80,PTG,GASTRO,DOM,2
81,PTG,GASTRO,DOM,2
81,PTH,GASTRO,DOM,2
82,PTG,GASTRO,HC,2
82,PTH,GASTRO,HC,2
83,PTG,GASTRO,,2
83,PTG,GASTRO,HDJ,2
83,PTH,GASTRO,HDJ,2
85,PTG,GASTRO,HDJ,2
86,PTG,GASTRO,DOM,2
87,PTG,GASTRO,HC,2
91,PTG,GASTRO,DOM,2
91,PTG,GASTRO,HC,2
91,PTG,GASTRO,HDJ,2
99,PTG,GASTRO,DOM,2
99,PTH,GASTRO,DOM,2
4,PTG,GASTRO,,1
5,PTG,GASTRO,DOM,1
5,PTH,GASTRO,DOM,1
5,PTH,GASTRO,HC,1
6,PTH,GASTRO,,1
7,PTH,GASTRO,HC,1
8,PTH,GASTRO,HC,1
9,PTG,GASTRO,HC,1
9,PTH,GASTRO,HC,1
10,PTG,GASTRO,HC_HDJ,1
11,PTG,GASTRO,,1
12,PTG,GASTRO,,1
12,PTG,GASTRO,DOM,1
12,PTH,GASTRO,DOM,1
13,PTH,GASTRO,HC_HDJ,1
15,PTG,GASTRO,DOM,1
15,PTH,GASTRO,HC,1
17,PTG,GASTRO,,1
17,PTG,GASTRO,HC_HDJ,1
20,PTG,GASTRO,DOM,1
20,PTG,GASTRO,HDJ,1
20,PTH,GASTRO,HC,1
22,PTH,GASTRO,,1
23,PTH,GASTRO,HC,1
25,PTH,GASTRO,DOM,1
29,PTH,GASTRO,HC,1
30,PTG,GASTRO,,1
30,PTG,GASTRO,HDJ,1
31,PTG,GASTRO,HDJ,1
31,PTH,GASTRO,HDJ,1
33,PTG,GASTRO,,1
34,PTG,GASTRO,HDJ,1
34,PTH,GASTRO,,1
34,PTH,GASTRO,HC_HDJ,1
36,PTG,GASTRO,HC,1
37,PTH,GASTRO,HC,1
38,PTG,GASTRO,,1
39,PTH,GASTRO,DOM,1
42,PTG,GASTRO,DOM,1
43,PTG,GASTRO,DOM,1
44,PTG,GASTRO,,1
44,PTG,GASTRO,HC_HDJ,1
44,PTG,GASTRO,HDJ,1
45,PTG,GASTRO,DOM,1
45,PTH,GASTRO,,1
45,PTH,GASTRO,HC,1
46,PTG,GASTRO,HC,1
48,PTH,GASTRO,HC,1
49,PTG,GASTRO,HC,1
50,PTG,GASTRO,HC,1
50,PTG,GASTRO,HC_HDJ,1
50,PTG,GASTRO,HDJ,1
50,PTH,GASTRO,,1
50,PTH,GASTRO,HC,1
51,PTG,GASTRO,,1
52,PTG,GASTRO,HC,1
52,PTH,GASTRO,HC,1
53,PTG,GASTRO,,1
53,PTG,GASTRO,HC,1
53,PTG,GASTRO,HDJ,1
53,PTH,GASTRO,,1
53,PTH,GASTRO,HC,1
54,PTG,GASTRO,,1
54,PTH,GASTRO,HDJ,1
55,PTG,GASTRO,DOM,1
55,PTG,GASTRO,HC,1
55,PTH,GASTRO,DOM,1
55,PTH,GASTRO,HC,1
57,PTG,GASTRO,HC_HDJ,1
57,PTH,GASTRO,,1
58,PTG,GASTRO,,1
58,PTG,GASTRO,HC,1
58,PTH,GASTRO,HC,1
59,PTG,GASTRO,,1
60,PTG,GASTRO,,1
60,PTG,GASTRO,HDJ,1
61,PTG,GASTRO,DOM,1
61,PTH,GASTRO,,1
62,PTH,GASTRO,,1
64,PTG,GASTRO,,1
65,PTH,GASTRO,DOM,1
66,PTG,GASTRO,,1
66,PTG,GASTRO,HC_HDJ,1
67,PTG,GASTRO,HDJ,1
68,PTG,GASTRO,,1
68,PTH,GASTRO,,1
69,PTG,GASTRO,HC_HDJ,1
69,PTH,GASTRO,HDJ,1
71,PTG,GASTRO,,1
71,PTG,GASTRO,HC_HDJ,1
72,PTG,GASTRO,HDJ,1
74,PTG,GASTRO,HDJ,1
75,PTG,GASTRO,DOM,1
77,PTH,GASTRO,,1
78,PTG,GASTRO,,1
78,PTH,GASTRO,HC_HDJ,1
79,PTH,GASTRO,HC,1
80,PTH,GASTRO,,1
83,PTG,GASTRO,HC_HDJ,1
86,PTG,GASTRO,HC,1
87,PTG,GASTRO,DOM,1
87,PTG,GASTRO,HDJ,1
88,PTH,GASTRO,HC,1
89,PTH,GASTRO,HC,1
92,PTG,GASTRO,DOM,1
92,PTG,GASTRO,HDJ,1
92,PTH,GASTRO,,1
93,PTG,GASTRO,HDJ,1
93,PTH,GASTRO,HC,1
95,PTG,GASTRO,,1
95,PTH,GASTRO,HC,1
99,PTG,GASTRO,HC,1
209,PTH,GASTRO,HC,1
59,PTG,GASTRO + GYNECO,DOM,4
33,PTG,GASTRO + GYNECO,DOM,3
94,PTH,GASTRO + GYNECO,DOM,3
3,PTG,GASTRO + GYNECO,DOM,2
6,PTH,GASTRO + GYNECO,DOM,2
17,PTG,GASTRO + GYNECO,HC,2
29,PTH,GASTRO + GYNECO,DOM,2
31,PTH,GASTRO + GYNECO,DOM,2
38,PTH,GASTRO + GYNECO,DOM,2
42,PTH,GASTRO + GYNECO,HC,2
44,PTG,GASTRO + GYNECO,DOM,2
45,PTH,GASTRO + GYNECO,DOM,2
54,PTH,GASTRO + GYNECO,DOM,2
56,PTH,GASTRO + GYNECO,DOM,2
68,PTG,GASTRO + GYNECO,HDJ,2
68,PTH,GASTRO + GYNECO,HC,2
69,PTG,GASTRO + GYNECO,DOM,2
71,PTH,GASTRO + GYNECO,DOM,2
72,PTH,GASTRO + GYNECO,DOM,2
83,PTG,GASTRO + GYNECO,HC,2
85,PTG,GASTRO + GYNECO,HC,2
88,PTH,GASTRO + GYNECO,DOM,2
1,PTH,GASTRO + GYNECO,HC,1
4,PTH,GASTRO + GYNECO,HC,1
6,PTG,GASTRO + GYNECO,DOM,1
6,PTH,GASTRO + GYNECO,HC,1
7,PTG,GASTRO + GYNECO,HC,1
8,PTH,GASTRO + GYNECO,DOM,1
13,PTG,GASTRO + GYNECO,DOM,1
13,PTG,GASTRO + GYNECO,HC,1
14,PTG,GASTRO + GYNECO,DOM,1
16,PTG,GASTRO + GYNECO,HC,1
17,PTG,GASTRO + GYNECO,DOM,1
17,PTH,GASTRO + GYNECO,DOM,1
19,PTG,GASTRO + GYNECO,HC,1
20,PTG,GASTRO + GYNECO,HC,1
21,PTG,GASTRO + GYNECO,DOM,1
21,PTG,GASTRO + GYNECO,HC,1
21,PTH,GASTRO + GYNECO,DOM,1
22,PTH,GASTRO + GYNECO,DOM,1
23,PTH,GASTRO + GYNECO,DOM,1
24,PTG,GASTRO + GYNECO,HC,1
27,PTH,GASTRO + GYNECO,,1
28,PTG,GASTRO + GYNECO,DOM,1
28,PTG,GASTRO + GYNECO,HC,1
28,PTH,GASTRO + GYNECO,DOM,1
30,PTG,GASTRO + GYNECO,DOM,1
31,PTH,GASTRO + GYNECO,HC,1
33,PTH,GASTRO + GYNECO,DOM,1
33,PTH,GASTRO + GYNECO,HC,1
34,PTH,GASTRO + GYNECO,DOM,1
35,PTG,GASTRO + GYNECO,DOM,1
35,PTH,GASTRO + GYNECO,DOM,1
37,PTG,GASTRO + GYNECO,DOM,1
38,PTG,GASTRO + GYNECO,DOM,1
38,PTG,GASTRO + GYNECO,HC_HDJ,1
44,PTH,GASTRO + GYNECO,DOM,1
44,PTH,GASTRO + GYNECO,HC,1
46,PTG,GASTRO + GYNECO,HC,1
48,PTG,GASTRO + GYNECO,HC,1
49,PTH,GASTRO + GYNECO,DOM,1
50,PTG,GASTRO + GYNECO,HC,1
51,PTG,GASTRO + GYNECO,DOM,1
54,PTG,GASTRO + GYNECO,DOM,1
54,PTG,GASTRO + GYNECO,HC,1
56,PTH,GASTRO + GYNECO,HC,1
57,PTG,GASTRO + GYNECO,DOM,1
59,PTG,GASTRO + GYNECO,HC,1
59,PTH,GASTRO + GYNECO,DOM,1
60,PTH,GASTRO + GYNECO,DOM,1
61,PTH,GASTRO + GYNECO,DOM,1
62,PTH,GASTRO + GYNECO,DOM,1
63,PTH,GASTRO + GYNECO,DOM,1
66,PTH,GASTRO + GYNECO,DOM,1
67,PTG,GASTRO + GYNECO,DOM,1
67,PTH,GASTRO + GYNECO,DOM,1
68,PTH,GASTRO + GYNECO,DOM,1
71,PTG,GASTRO + GYNECO,HC,1
72,PTG,GASTRO + GYNECO,HC,1
74,PTG,GASTRO + GYNECO,HC_HDJ,1
74,PTH,GASTRO + GYNECO,HC,1
75,PTG,GASTRO + GYNECO,DOM,1
75,PTH,GASTRO + GYNECO,DOM,1
76,PTH,GASTRO + GYNECO,HC,1
77,PTG,GASTRO + GYNECO,HC,1
77,PTG,GASTRO + GYNECO,HDJ,1
77,PTH,GASTRO + GYNECO,HC,1
78,PTH,GASTRO + GYNECO,DOM,1
80,PTG,GASTRO + GYNECO,HC,1
81,PTG,GASTRO + GYNECO,DOM,1
83,PTH,GASTRO + GYNECO,,1
84,PTG,GASTRO + GYNECO,DOM,1
85,PTH,GASTRO + GYNECO,DOM,1
86,PTH,GASTRO + GYNECO,DOM,1
91,PTG,GASTRO + GYNECO,HC,1
92,PTH,GASTRO + GYNECO,DOM,1
93,PTG,GASTRO + GYNECO,HC,1
95,PTG,GASTRO + GYNECO,HC,1
97,PTG,GASTRO + GYNECO,DOM,1
29,PTH,GASTRO + GYNECO + OPH,DOM,2
6,PTG,GASTRO + GYNECO + OPH,HC,1
8,PTG,GASTRO + GYNECO + OPH,HC,1
12,PTG,GASTRO + GYNECO + OPH,DOM,1
14,PTH,GASTRO + GYNECO + OPH,HC,1
29,PTG,GASTRO + GYNECO + OPH,HC,1
41,PTG,GASTRO + GYNECO + OPH,DOM,1
50,PTH,GASTRO + GYNECO + OPH,DOM,1
59,PTG,GASTRO + GYNECO + OPH,DOM,1
59,PTG,GASTRO + GYNECO + OPH,HC,1
59,PTH,GASTRO + GYNECO + OPH,DOM,1
67,PTG,GASTRO + GYNECO + OPH,DOM,1
70,PTH,GASTRO + GYNECO + OPH,DOM,1
75,PTG,GASTRO + GYNECO + OPH,HDJ,1
76,PTH,GASTRO + GYNECO + OPH,HC,1
77,PTH,GASTRO + GYNECO + OPH,DOM,1
85,PTH,GASTRO + GYNECO + OPH,HC,1
97,PTG,GASTRO + GYNECO + OPH,HC,1
2,PTH,GASTRO + GYNECO + OPH + ORL,HC,1
94,PTH,GASTRO + GYNECO + OPH + ORL,,1
13,PTH,GASTRO + GYNECO + OPH + RHUMA,HDJ,1
21,PTG,GASTRO + GYNECO + OPH + RHUMA,HC,1
31,PTH,GASTRO + GYNECO + OPH + RHUMA,HDJ,1
57,PTG,GASTRO + GYNECO + OPH + RHUMA,DOM,1
64,PTH,GASTRO + GYNECO + OPH + RHUMA,HC,1
67,PTG,GASTRO + GYNECO + OPH + RHUMA,DOM,1
88,PTG,GASTRO + GYNECO + OPH + RHUMA,HC,1
91,PTH,GASTRO + GYNECO + OPH + RHUMA,HC,1
93,PTG,GASTRO + GYNECO + OPH + RHUMA,DOM,1
28,PTG,GASTRO + GYNECO + OPH + RHUMA + URO,DOM,1
46,PTH,GASTRO + GYNECO + OPH + RHUMA + URO,HC,1
93,PTH,GASTRO + GYNECO + OPH + RHUMA + URO,DOM,1
83,PTH,GASTRO + GYNECO + OPH + URO,DOM,1
6,PTH,GASTRO + GYNECO + ORL,DOM,1
10,PTH,GASTRO + GYNECO + ORL,DOM,1
17,PTG,GASTRO + GYNECO + ORL,HC,1
29,PTG,GASTRO + GYNECO + ORL,DOM,1
38,PTG,GASTRO + GYNECO + ORL,HC,1
50,PTH,GASTRO + GYNECO + ORL,HC,1
56,PTH,GASTRO + GYNECO + ORL,DOM,1
67,PTG,GASTRO + GYNECO + ORL,HC,1
80,PTG,GASTRO + GYNECO + ORL,HC,1
87,PTH,GASTRO + GYNECO + ORL,HC,1
88,PTG,GASTRO + GYNECO + ORL,HC,1
97,PTG,GASTRO + GYNECO + ORL,HC,1
19,PTG,GASTRO + GYNECO + ORL + RHUMA,DOM,1
62,PTH,GASTRO + GYNECO + ORL + RHUMA,DOM,1
77,PTH,GASTRO + GYNECO + ORL + RHUMA,HC,1
81,PTH,GASTRO + GYNECO + ORL + RHUMA,DOM,1
91,PTH,GASTRO + GYNECO + ORL + RHUMA,DOM,1
75,PTH,GASTRO + GYNECO + RHUMA,DOM,3
33,PTH,GASTRO + GYNECO + RHUMA,DOM,2
62,PTH,GASTRO + GYNECO + RHUMA,DOM,2
67,PTG,GASTRO + GYNECO + RHUMA,DOM,2
1,PTH,GASTRO + GYNECO + RHUMA,DOM,1
2,PTH,GASTRO + GYNECO + RHUMA,DOM,1
3,PTH,GASTRO + GYNECO + RHUMA,DOM,1
6,PTG,GASTRO + GYNECO + RHUMA,HC,1
6,PTH,GASTRO + GYNECO + RHUMA,DOM,1
13,PTG,GASTRO + GYNECO + RHUMA,DOM,1
13,PTH,GASTRO + GYNECO + RHUMA,,1
13,PTH,GASTRO + GYNECO + RHUMA,HC,1
21,PTH,GASTRO + GYNECO + RHUMA,HC,1
22,PTG,GASTRO + GYNECO + RHUMA,DOM,1
27,PTH,GASTRO + GYNECO + RHUMA,DOM,1
28,PTG,GASTRO + GYNECO + RHUMA,DOM,1
29,PTG,GASTRO + GYNECO + RHUMA,HC_HDJ,1
29,PTH,GASTRO + GYNECO + RHUMA,DOM,1
33,PTH,GASTRO + GYNECO + RHUMA,HC,1
34,PTG,GASTRO + GYNECO + RHUMA,HC,1
34,PTH,GASTRO + GYNECO + RHUMA,DOM,1
35,PTH,GASTRO + GYNECO + RHUMA,DOM,1
38,PTG,GASTRO + GYNECO + RHUMA,DOM,1
44,PTH,GASTRO + GYNECO + RHUMA,DOM,1
50,PTH,GASTRO + GYNECO + RHUMA,DOM,1
51,PTG,GASTRO + GYNECO + RHUMA,HC,1
54,PTH,GASTRO + GYNECO + RHUMA,DOM,1
54,PTH,GASTRO + GYNECO + RHUMA,HC,1
56,PTG,GASTRO + GYNECO + RHUMA,DOM,1
56,PTH,GASTRO + GYNECO + RHUMA,DOM,1
59,PTH,GASTRO + GYNECO + RHUMA,HC,1
61,PTG,GASTRO + GYNECO + RHUMA,DOM,1
62,PTG,GASTRO + GYNECO + RHUMA,DOM,1
64,PTH,GASTRO + GYNECO + RHUMA,DOM,1
65,PTH,GASTRO + GYNECO + RHUMA,DOM,1
67,PTG,GASTRO + GYNECO + RHUMA,HC,1
67,PTH,GASTRO + GYNECO + RHUMA,DOM,1
68,PTG,GASTRO + GYNECO + RHUMA,HC,1
69,PTG,GASTRO + GYNECO + RHUMA,DOM,1
69,PTG,GASTRO + GYNECO + RHUMA,HC,1
69,PTH,GASTRO + GYNECO + RHUMA,HC,1
72,PTG,GASTRO + GYNECO + RHUMA,HC,1
73,PTG,GASTRO + GYNECO + RHUMA,HC,1
77,PTG,GASTRO + GYNECO + RHUMA,DOM,1
77,PTH,GASTRO + GYNECO + RHUMA,DOM,1
79,PTH,GASTRO + GYNECO + RHUMA,DOM,1
80,PTG,GASTRO + GYNECO + RHUMA,DOM,1
80,PTH,GASTRO + GYNECO + RHUMA,DOM,1
83,PTG,GASTRO + GYNECO + RHUMA,HC_HDJ,1
83,PTH,GASTRO + GYNECO + RHUMA,HC,1
84,PTH,GASTRO + GYNECO + RHUMA,DOM,1
92,PTH,GASTRO + GYNECO + RHUMA,DOM,1
94,PTH,GASTRO + GYNECO + RHUMA,DOM,1
95,PTG,GASTRO + GYNECO + RHUMA,DOM,1
31,PTH,GASTRO + GYNECO + RHUMA + URO,HC,1
33,PTG,GASTRO + GYNECO + RHUMA + URO,HC_HDJ,1
73,PTG,GASTRO + GYNECO + RHUMA + URO,HC,1
56,PTH,GASTRO + GYNECO + URO,HC,1
59,PTG,GASTRO + GYNECO + URO,DOM,1
59,PTH,GASTRO + GYNECO + URO,HC,1
59,PTH,GASTRO + GYNECO + URO,HDJ,1
77,PTG,GASTRO + GYNECO + URO,HC,1
77,PTH,GASTRO + GYNECO + URO,HC,1
67,PTG,GASTRO + OPH,DOM,8
59,PTH,GASTRO + OPH,DOM,6
29,PTH,GASTRO + OPH,DOM,5
17,PTH,GASTRO + OPH,DOM,4
29,PTG,GASTRO + OPH,HC,4
38,PTG,GASTRO + OPH,HC,4
6,PTH,GASTRO + OPH,DOM,3
11,PTG,GASTRO + OPH,HC,3
13,PTG,GASTRO + OPH,DOM,3
22,PTG,GASTRO + OPH,DOM,3
29,PTG,GASTRO + OPH,DOM,3
31,PTG,GASTRO + OPH,DOM,3
33,PTG,GASTRO + OPH,DOM,3
34,PTG,GASTRO + OPH,HC,3
35,PTG,GASTRO + OPH,DOM,3
35,PTH,GASTRO + OPH,DOM,3
49,PTH,GASTRO + OPH,DOM,3
59,PTG,GASTRO + OPH,DOM,3
59,PTG,GASTRO + OPH,HC,3
60,PTH,GASTRO + OPH,DOM,3
62,PTH,GASTRO + OPH,DOM,3
64,PTH,GASTRO + OPH,HC,3
66,PTG,GASTRO + OPH,HC,3
76,PTG,GASTRO + OPH,HC,3
77,PTG,GASTRO + OPH,HC,3
88,PTG,GASTRO + OPH,DOM,3
2,PTG,GASTRO + OPH,DOM,2
3,PTH,GASTRO + OPH,DOM,2
6,PTH,GASTRO + OPH,HC,2
21,PTG,GASTRO + OPH,DOM,2
27,PTG,GASTRO + OPH,HC,2
30,PTG,GASTRO + OPH,HC,2
31,PTG,GASTRO + OPH,HC,2
31,PTH,GASTRO + OPH,HC,2
33,PTG,GASTRO + OPH,HC,2
33,PTH,GASTRO + OPH,DOM,2
40,PTH,GASTRO + OPH,DOM,2
42,PTH,GASTRO + OPH,DOM,2
44,PTG,GASTRO + OPH,HC,2
44,PTH,GASTRO + OPH,DOM,2
45,PTG,GASTRO + OPH,DOM,2
46,PTH,GASTRO + OPH,HC,2
51,PTH,GASTRO + OPH,DOM,2
54,PTG,GASTRO + OPH,HC,2
56,PTG,GASTRO + OPH,DOM,2
57,PTH,GASTRO + OPH,DOM,2
58,PTH,GASTRO + OPH,DOM,2
60,PTG,GASTRO + OPH,DOM,2
66,PTG,GASTRO + OPH,DOM,2
66,PTH,GASTRO + OPH,DOM,2
67,PTG,GASTRO + OPH,HC,2
71,PTG,GASTRO + OPH,DOM,2
75,PTG,GASTRO + OPH,,2
76,PTG,GASTRO + OPH,DOM,2
76,PTH,GASTRO + OPH,DOM,2
81,PTG,GASTRO + OPH,DOM,2
84,PTG,GASTRO + OPH,DOM,2
85,PTG,GASTRO + OPH,DOM,2
86,PTG,GASTRO + OPH,DOM,2
88,PTG,GASTRO + OPH,HC,2
91,PTH,GASTRO + OPH,DOM,2
92,PTH,GASTRO + OPH,DOM,2
97,PTG,GASTRO + OPH,DOM,2
1,PTG,GASTRO + OPH,DOM,1
6,PTG,GASTRO + OPH,DOM,1
6,PTG,GASTRO + OPH,HC,1
6,PTG,GASTRO + OPH,HDJ,1
9,PTG,GASTRO + OPH,DOM,1
11,PTG,GASTRO + OPH,,1
11,PTH,GASTRO + OPH,DOM,1
13,PTH,GASTRO + OPH,,1
13,PTH,GASTRO + OPH,DOM,1
13,PTH,GASTRO + OPH,HC,1
16,PTG,GASTRO + OPH,HC,1
16,PTH,GASTRO + OPH,DOM,1
17,PTG,GASTRO + OPH,DOM,1
17,PTG,GASTRO + OPH,HC,1
17,PTH,GASTRO + OPH,HC,1
18,PTG,GASTRO + OPH,HC,1
18,PTH,GASTRO + OPH,DOM,1
20,PTG,GASTRO + OPH,DOM,1
20,PTG,GASTRO + OPH,HC_HDJ,1
20,PTH,GASTRO + OPH,DOM,1
22,PTH,GASTRO + OPH,HC,1
24,PTG,GASTRO + OPH,DOM,1
24,PTG,GASTRO + OPH,HC,1
24,PTH,GASTRO + OPH,DOM,1
26,PTG,GASTRO + OPH,HC,1
26,PTH,GASTRO + OPH,DOM,1
27,PTG,GASTRO + OPH,DOM,1
27,PTH,GASTRO + OPH,DOM,1
27,PTH,GASTRO + OPH,HC,1
28,PTH,GASTRO + OPH,HC,1
29,PTH,GASTRO + OPH,HC,1
30,PTG,GASTRO + OPH,DOM,1
30,PTH,GASTRO + OPH,HC,1
31,PTG,GASTRO + OPH,HDJ,1
31,PTH,GASTRO + OPH,DOM,1
31,PTH,GASTRO + OPH,HDJ,1
32,PTH,GASTRO + OPH,HC,1
36,PTH,GASTRO + OPH,DOM,1
37,PTG,GASTRO + OPH,HDJ,1
37,PTH,GASTRO + OPH,,1
37,PTH,GASTRO + OPH,DOM,1
37,PTH,GASTRO + OPH,HC,1
40,PTG,GASTRO + OPH,DOM,1
41,PTG,GASTRO + OPH,DOM,1
41,PTG,GASTRO + OPH,HC,1
41,PTH,GASTRO + OPH,DOM,1
42,PTG,GASTRO + OPH,DOM,1
42,PTG,GASTRO + OPH,HC,1
42,PTH,GASTRO + OPH,HC,1
43,PTH,GASTRO + OPH,HC,1
44,PTG,GASTRO + OPH,DOM,1
44,PTH,GASTRO + OPH,,1
46,PTG,GASTRO + OPH,HC,1
47,PTH,GASTRO + OPH,HC,1
50,PTH,GASTRO + OPH,DOM,1
51,PTG,GASTRO + OPH,HC,1
52,PTG,GASTRO + OPH,HC,1
54,PTG,GASTRO + OPH,DOM,1
54,PTG,GASTRO + OPH,HC_HDJ,1
54,PTH,GASTRO + OPH,DOM,1
55,PTG,GASTRO + OPH,DOM,1
55,PTH,GASTRO + OPH,HC,1
57,PTG,GASTRO + OPH,HDJ,1
60,PTG,GASTRO + OPH,HC,1
60,PTG,GASTRO + OPH,HDJ,1
60,PTH,GASTRO + OPH,HC,1
62,PTG,GASTRO + OPH,DOM,1
63,PTG,GASTRO + OPH,HC,1
64,PTH,GASTRO + OPH,DOM,1
65,PTG,GASTRO + OPH,DOM,1
65,PTH,GASTRO + OPH,DOM,1
67,PTH,GASTRO + OPH,DOM,1
67,PTH,GASTRO + OPH,HC,1
68,PTG,GASTRO + OPH,HC,1
68,PTH,GASTRO + OPH,DOM,1
69,PTG,GASTRO + OPH,DOM,1
69,PTG,GASTRO + OPH,HC,1
69,PTH,GASTRO + OPH,DOM,1
72,PTG,GASTRO + OPH,DOM,1
72,PTG,GASTRO + OPH,HC,1
73,PTG,GASTRO + OPH,,1
73,PTH,GASTRO + OPH,DOM,1
74,PTG,GASTRO + OPH,HC,1
74,PTH,GASTRO + OPH,HC,1
75,PTG,GASTRO + OPH,HDJ,1
75,PTH,GASTRO + OPH,DOM,1
76,PTG,GASTRO + OPH,,1
76,PTH,GASTRO + OPH,HC,1
77,PTH,GASTRO + OPH,DOM,1
78,PTG,GASTRO + OPH,HDJ,1
79,PTH,GASTRO + OPH,DOM,1
82,PTH,GASTRO + OPH,HC,1
83,PTH,GASTRO + OPH,HC,1
84,PTH,GASTRO + OPH,HC,1
85,PTH,GASTRO + OPH,DOM,1
86,PTG,GASTRO + OPH,HC,1
86,PTG,GASTRO + OPH,HDJ,1
86,PTH,GASTRO + OPH,DOM,1
87,PTG,GASTRO + OPH,HDJ,1
87,PTH,GASTRO + OPH,DOM,1
88,PTH,GASTRO + OPH,DOM,1
91,PTG,GASTRO + OPH,HDJ,1
92,PTG,GASTRO + OPH,HC,1
92,PTH,GASTRO + OPH,HC,1
93,PTG,GASTRO + OPH,HC,1
93,PTH,GASTRO + OPH,HC,1
94,PTG,GASTRO + OPH,HC,1
95,PTG,GASTRO + OPH,DOM,1
42,PTG,GASTRO + OPH + ORL,DOM,1
52,PTH,GASTRO + OPH + ORL,DOM,1
60,PTH,GASTRO + OPH + ORL,HC,1
62,PTH,GASTRO + OPH + ORL,DOM,1
76,PTH,GASTRO + OPH + ORL,HC,1
92,PTG,GASTRO + OPH + ORL,HC,1
93,PTG,GASTRO + OPH + ORL,HC,1
95,PTG,GASTRO + OPH + ORL,DOM,1
13,PTH,GASTRO + OPH + ORL + RHUMA,HC,1
62,PTG,GASTRO + OPH + ORL + RHUMA,DOM,1
67,PTG,GASTRO + OPH + ORL + RHUMA,HC,1
72,PTG,GASTRO + OPH + ORL + RHUMA,DOM,1
93,PTG,GASTRO + OPH + ORL + RHUMA,HDJ,1
13,PTG,GASTRO + OPH + ORL + RHUMA + URO,DOM,1
7,PTH,GASTRO + OPH + ORL + URO,DOM,1
33,PTG,GASTRO + OPH + RHUMA,DOM,4
69,PTH,GASTRO + OPH + RHUMA,DOM,4
13,PTG,GASTRO + OPH + RHUMA,HC,2
42,PTG,GASTRO + OPH + RHUMA,HC,2
50,PTH,GASTRO + OPH + RHUMA,DOM,2
54,PTG,GASTRO + OPH + RHUMA,HC,2
59,PTG,GASTRO + OPH + RHUMA,DOM,2
59,PTH,GASTRO + OPH + RHUMA,DOM,2
62,PTH,GASTRO + OPH + RHUMA,DOM,2
63,PTG,GASTRO + OPH + RHUMA,DOM,2
75,PTG,GASTRO + OPH + RHUMA,HC,2
83,PTH,GASTRO + OPH + RHUMA,HC,2
84,PTG,GASTRO + OPH + RHUMA,HC,2
94,PTG,GASTRO + OPH + RHUMA,HC,2
1,PTH,GASTRO + OPH + RHUMA,HDJ,1
2,PTG,GASTRO + OPH + RHUMA,HC,1
2,PTH,GASTRO + OPH + RHUMA,HC,1
3,PTG,GASTRO + OPH + RHUMA,DOM,1
6,PTG,GASTRO + OPH + RHUMA,DOM,1
6,PTG,GASTRO + OPH + RHUMA,HC,1
16,PTH,GASTRO + OPH + RHUMA,HC,1
22,PTH,GASTRO + OPH + RHUMA,DOM,1
27,PTH,GASTRO + OPH + RHUMA,DOM,1
29,PTG,GASTRO + OPH + RHUMA,DOM,1
29,PTH,GASTRO + OPH + RHUMA,HC,1
30,PTH,GASTRO + OPH + RHUMA,HC,1
31,PTG,GASTRO + OPH + RHUMA,DOM,1
31,PTH,GASTRO + OPH + RHUMA,DOM,1
32,PTG,GASTRO + OPH + RHUMA,HC,1
34,PTH,GASTRO + OPH + RHUMA,DOM,1
35,PTH,GASTRO + OPH + RHUMA,HC,1
38,PTH,GASTRO + OPH + RHUMA,HC,1
41,PTG,GASTRO + OPH + RHUMA,HC,1
42,PTH,GASTRO + OPH + RHUMA,DOM,1
44,PTH,GASTRO + OPH + RHUMA,DOM,1
45,PTG,GASTRO + OPH + RHUMA,DOM,1
45,PTG,GASTRO + OPH + RHUMA,HC,1
49,PTH,GASTRO + OPH + RHUMA,HC,1
52,PTH,GASTRO + OPH + RHUMA,DOM,1
54,PTH,GASTRO + OPH + RHUMA,DOM,1
57,PTG,GASTRO + OPH + RHUMA,DOM,1
57,PTG,GASTRO + OPH + RHUMA,HC,1
59,PTG,GASTRO + OPH + RHUMA,HC,1
62,PTG,GASTRO + OPH + RHUMA,DOM,1
62,PTG,GASTRO + OPH + RHUMA,HC,1
63,PTH,GASTRO + OPH + RHUMA,HC,1
66,PTG,GASTRO + OPH + RHUMA,DOM,1
68,PTH,GASTRO + OPH + RHUMA,HC,1
74,PTH,GASTRO + OPH + RHUMA,DOM,1
74,PTH,GASTRO + OPH + RHUMA,HC,1
75,PTG,GASTRO + OPH + RHUMA,DOM,1
75,PTH,GASTRO + OPH + RHUMA,DOM,1
76,PTG,GASTRO + OPH + RHUMA,DOM,1
77,PTG,GASTRO + OPH + RHUMA,DOM,1
80,PTH,GASTRO + OPH + RHUMA,DOM,1
83,PTG,GASTRO + OPH + RHUMA,DOM,1
91,PTG,GASTRO + OPH + RHUMA,HDJ,1
92,PTG,GASTRO + OPH + RHUMA,HC,1
92,PTH,GASTRO + OPH + RHUMA,DOM,1
93,PTH,GASTRO + OPH + RHUMA,HC,1
94,PTG,GASTRO + OPH + RHUMA,,1
97,PTG,GASTRO + OPH + RHUMA,DOM,1
97,PTG,GASTRO + OPH + RHUMA,HC,1
25,PTH,GASTRO + OPH + RHUMA + URO,HC,1
54,PTH,GASTRO + OPH + RHUMA + URO,HC,1
67,PTH,GASTRO + OPH + RHUMA + URO,DOM,1
78,PTH,GASTRO + OPH + RHUMA + URO,HC,1
87,PTG,GASTRO + OPH + RHUMA + URO,DOM,1
91,PTG,GASTRO + OPH + RHUMA + URO,HC,1
64,PTH,GASTRO + OPH + URO,DOM,2
66,PTG,GASTRO + OPH + URO,HC,2
3,PTG,GASTRO + OPH + URO,HC,1
6,PTH,GASTRO + OPH + URO,DOM,1
10,PTH,GASTRO + OPH + URO,DOM,1
12,PTH,GASTRO + OPH + URO,DOM,1
22,PTH,GASTRO + OPH + URO,DOM,1
23,PTG,GASTRO + OPH + URO,DOM,1
27,PTG,GASTRO + OPH + URO,DOM,1
29,PTH,GASTRO + OPH + URO,HC,1
31,PTH,GASTRO + OPH + URO,DOM,1
31,PTH,GASTRO + OPH + URO,HC,1
39,PTH,GASTRO + OPH + URO,DOM,1
43,PTG,GASTRO + OPH + URO,DOM,1
44,PTG,GASTRO + OPH + URO,DOM,1
55,PTH,GASTRO + OPH + URO,DOM,1
57,PTG,GASTRO + OPH + URO,HDJ,1
57,PTH,GASTRO + OPH + URO,DOM,1
59,PTG,GASTRO + OPH + URO,HC,1
59,PTH,GASTRO + OPH + URO,DOM,1
66,PTG,GASTRO + OPH + URO,DOM,1
69,PTG,GASTRO + OPH + URO,HC,1
70,PTG,GASTRO + OPH + URO,DOM,1
83,PTH,GASTRO + OPH + URO,HC,1
2,PTH,GASTRO + ORL,DOM,2
3,PTH,GASTRO + ORL,DOM,2
13,PTG,GASTRO + ORL,HC,2
27,PTH,GASTRO + ORL,DOM,2
33,PTG,GASTRO + ORL,DOM,2
34,PTG,GASTRO + ORL,HC,2
67,PTH,GASTRO + ORL,HC,2
78,PTH,GASTRO + ORL,DOM,2
97,PTG,GASTRO + ORL,HC,2
1,PTG,GASTRO + ORL,DOM,1
1,PTH,GASTRO + ORL,DOM,1
2,PTG,GASTRO + ORL,DOM,1
2,PTG,GASTRO + ORL,HC,1
3,PTG,GASTRO + ORL,DOM,1
6,PTG,GASTRO + ORL,HC,1
8,PTG,GASTRO + ORL,DOM,1
8,PTH,GASTRO + ORL,DOM,1
13,PTH,GASTRO + ORL,HC,1
14,PTG,GASTRO + ORL,DOM,1
17,PTG,GASTRO + ORL,DOM,1
17,PTG,GASTRO + ORL,HC_HDJ,1
20,PTH,GASTRO + ORL,DOM,1
22,PTH,GASTRO + ORL,DOM,1
23,PTG,GASTRO + ORL,DOM,1
24,PTG,GASTRO + ORL,DOM,1
29,PTG,GASTRO + ORL,DOM,1
29,PTH,GASTRO + ORL,HC,1
30,PTG,GASTRO + ORL,DOM,1
33,PTG,GASTRO + ORL,HC,1
34,PTH,GASTRO + ORL,DOM,1
38,PTH,GASTRO + ORL,DOM,1
39,PTH,GASTRO + ORL,HC,1
40,PTH,GASTRO + ORL,DOM,1
44,PTH,GASTRO + ORL,DOM,1
46,PTH,GASTRO + ORL,DOM,1
47,PTG,GASTRO + ORL,DOM,1
50,PTG,GASTRO + ORL,HC,1
50,PTG,GASTRO + ORL,HDJ,1
50,PTH,GASTRO + ORL,HC,1
53,PTH,GASTRO + ORL,DOM,1
54,PTG,GASTRO + ORL,HC,1
56,PTG,GASTRO + ORL,DOM,1
56,PTG,GASTRO + ORL,HC,1
57,PTG,GASTRO + ORL,DOM,1
57,PTG,GASTRO + ORL,HC,1
57,PTH,GASTRO + ORL,DOM,1
58,PTG,GASTRO + ORL,HC,1
59,PTG,GASTRO + ORL,HC,1
60,PTG,GASTRO + ORL,DOM,1
61,PTG,GASTRO + ORL,HC,1
61,PTH,GASTRO + ORL,HC,1
62,PTH,GASTRO + ORL,DOM,1
67,PTH,GASTRO + ORL,DOM,1
68,PTH,GASTRO + ORL,DOM,1
69,PTH,GASTRO + ORL,DOM,1
69,PTH,GASTRO + ORL,HC,1
71,PTG,GASTRO + ORL,DOM,1
71,PTG,GASTRO + ORL,HC,1
71,PTH,GASTRO + ORL,DOM,1
72,PTH,GASTRO + ORL,DOM,1
73,PTH,GASTRO + ORL,DOM,1
73,PTH,GASTRO + ORL,HC,1
75,PTG,GASTRO + ORL,HDJ,1
76,PTG,GASTRO + ORL,HC,1
76,PTH,GASTRO + ORL,DOM,1
77,PTG,GASTRO + ORL,DOM,1
77,PTH,GASTRO + ORL,HC,1
81,PTG,GASTRO + ORL,HC,1
83,PTG,GASTRO + ORL,HC,1
83,PTH,GASTRO + ORL,DOM,1
84,PTH,GASTRO + ORL,DOM,1
85,PTG,GASTRO + ORL,DOM,1
86,PTG,GASTRO + ORL,DOM,1
86,PTG,GASTRO + ORL,HC,1
88,PTH,GASTRO + ORL,DOM,1
88,PTH,GASTRO + ORL,HC,1
91,PTG,GASTRO + ORL,HDJ,1
92,PTG,GASTRO + ORL,HC,1
33,PTH,GASTRO + ORL + RHUMA,DOM,2
2,PTG,GASTRO + ORL + RHUMA,DOM,1
3,PTH,GASTRO + ORL + RHUMA,HC,1
8,PTG,GASTRO + ORL + RHUMA,DOM,1
11,PTG,GASTRO + ORL + RHUMA,DOM,1
13,PTG,GASTRO + ORL + RHUMA,DOM,1
13,PTG,GASTRO + ORL + RHUMA,HC,1
13,PTH,GASTRO + ORL + RHUMA,DOM,1
17,PTH,GASTRO + ORL + RHUMA,DOM,1
20,PTH,GASTRO + ORL + RHUMA,HC,1
22,PTH,GASTRO + ORL + RHUMA,DOM,1
31,PTG,GASTRO + ORL + RHUMA,DOM,1
33,PTG,GASTRO + ORL + RHUMA,DOM,1
40,PTG,GASTRO + ORL + RHUMA,HC,1
42,PTG,GASTRO + ORL + RHUMA,DOM,1
56,PTG,GASTRO + ORL + RHUMA,HC,1
59,PTG,GASTRO + ORL + RHUMA,DOM,1
59,PTG,GASTRO + ORL + RHUMA,HDJ,1
61,PTH,GASTRO + ORL + RHUMA,HC,1
62,PTG,GASTRO + ORL + RHUMA,DOM,1
64,PTG,GASTRO + ORL + RHUMA,HC,1
76,PTG,GASTRO + ORL + RHUMA,DOM,1
83,PTH,GASTRO + ORL + RHUMA,DOM,1
88,PTG,GASTRO + ORL + RHUMA,DOM,1
88,PTH,GASTRO + ORL + RHUMA,DOM,1
92,PTG,GASTRO + ORL + RHUMA,HC,1
95,PTG,GASTRO + ORL + RHUMA,HC,1
7,PTG,GASTRO + ORL + RHUMA + URO,HC,1
93,PTG,GASTRO + ORL + RHUMA + URO,HC,1
94,PTH,GASTRO + ORL + RHUMA + URO,DOM,1
1,PTH,GASTRO + ORL + URO,DOM,1
57,PTG,GASTRO + ORL + URO,HC,1
60,PTH,GASTRO + ORL + URO,DOM,1
78,PTH,GASTRO + ORL + URO,HC,1
69,PTH,GASTRO + RHUMA,DOM,13
67,PTG,GASTRO + RHUMA,DOM,10
92,PTH,GASTRO + RHUMA,DOM,10
34,PTH,GASTRO + RHUMA,DOM,7
42,PTH,GASTRO + RHUMA,DOM,7
33,PTH,GASTRO + RHUMA,DOM,6
38,PTH,GASTRO + RHUMA,DOM,6
42,PTH,GASTRO + RHUMA,HC,6
54,PTG,GASTRO + RHUMA,DOM,6
91,PTH,GASTRO + RHUMA,DOM,6
6,PTG,GASTRO + RHUMA,HC,5
13,PTG,GASTRO + RHUMA,HC,5
13,PTH,GASTRO + RHUMA,DOM,5
22,PTH,GASTRO + RHUMA,DOM,5
34,PTG,GASTRO + RHUMA,HC,5
62,PTH,GASTRO + RHUMA,DOM,5
67,PTH,GASTRO + RHUMA,DOM,5
93,PTH,GASTRO + RHUMA,DOM,5
94,PTG,GASTRO + RHUMA,HC,5
1,PTH,GASTRO + RHUMA,DOM,4
13,PTG,GASTRO + RHUMA,DOM,4
34,PTH,GASTRO + RHUMA,HC,4
44,PTG,GASTRO + RHUMA,DOM,4
57,PTG,GASTRO + RHUMA,DOM,4
67,PTG,GASTRO + RHUMA,HC,4
69,PTG,GASTRO + RHUMA,HC,4
75,PTH,GASTRO + RHUMA,DOM,4
76,PTH,GASTRO + RHUMA,DOM,4
83,PTG,GASTRO + RHUMA,HC,4
83,PTH,GASTRO + RHUMA,DOM,4
94,PTH,GASTRO + RHUMA,DOM,4
6,PTH,GASTRO + RHUMA,DOM,3
6,PTH,GASTRO + RHUMA,HC,3
13,PTH,GASTRO + RHUMA,HC,3
14,PTH,GASTRO + RHUMA,DOM,3
24,PTG,GASTRO + RHUMA,DOM,3
29,PTG,GASTRO + RHUMA,DOM,3
29,PTH,GASTRO + RHUMA,DOM,3
31,PTG,GASTRO + RHUMA,HC,3
33,PTG,GASTRO + RHUMA,DOM,3
33,PTG,GASTRO + RHUMA,HC,3
38,PTG,GASTRO + RHUMA,DOM,3
38,PTG,GASTRO + RHUMA,HC,3
38,PTH,GASTRO + RHUMA,HC,3
51,PTH,GASTRO + RHUMA,DOM,3
54,PTH,GASTRO + RHUMA,DOM,3
59,PTG,GASTRO + RHUMA,DOM,3
62,PTG,GASTRO + RHUMA,DOM,3
66,PTH,GASTRO + RHUMA,DOM,3
69,PTG,GASTRO + RHUMA,DOM,3
69,PTG,GASTRO + RHUMA,HC_HDJ,3
71,PTG,GASTRO + RHUMA,DOM,3
73,PTH,GASTRO + RHUMA,HC,3
76,PTG,GASTRO + RHUMA,DOM,3
77,PTH,GASTRO + RHUMA,DOM,3
78,PTG,GASTRO + RHUMA,HC,3
84,PTG,GASTRO + RHUMA,HC,3
86,PTH,GASTRO + RHUMA,DOM,3
92,PTH,GASTRO + RHUMA,HC,3
94,PTG,GASTRO + RHUMA,DOM,3
94,PTH,GASTRO + RHUMA,HC,3
1,PTG,GASTRO + RHUMA,DOM,2
2,PTH,GASTRO + RHUMA,DOM,2
8,PTG,GASTRO + RHUMA,DOM,2
8,PTH,GASTRO + RHUMA,DOM,2
17,PTG,GASTRO + RHUMA,DOM,2
17,PTG,GASTRO + RHUMA,HC,2
21,PTG,GASTRO + RHUMA,DOM,2
22,PTG,GASTRO + RHUMA,DOM,2
25,PTG,GASTRO + RHUMA,DOM,2
25,PTH,GASTRO + RHUMA,DOM,2
27,PTG,GASTRO + RHUMA,DOM,2
27,PTH,GASTRO + RHUMA,DOM,2
27,PTH,GASTRO + RHUMA,HC,2
28,PTH,GASTRO + RHUMA,DOM,2
28,PTH,GASTRO + RHUMA,HC,2
30,PTG,GASTRO + RHUMA,DOM,2
31,PTH,GASTRO + RHUMA,DOM,2
35,PTH,GASTRO + RHUMA,HC,2
36,PTG,GASTRO + RHUMA,DOM,2
41,PTG,GASTRO + RHUMA,DOM,2
41,PTH,GASTRO + RHUMA,DOM,2
42,PTG,GASTRO + RHUMA,HC,2
44,PTH,GASTRO + RHUMA,DOM,2
45,PTH,GASTRO + RHUMA,DOM,2
51,PTG,GASTRO + RHUMA,DOM,2
56,PTG,GASTRO + RHUMA,DOM,2
56,PTG,GASTRO + RHUMA,HC,2
56,PTH,GASTRO + RHUMA,DOM,2
57,PTH,GASTRO + RHUMA,DOM,2
59,PTG,GASTRO + RHUMA,HC,2
59,PTH,GASTRO + RHUMA,DOM,2
64,PTG,GASTRO + RHUMA,HC,2
68,PTG,GASTRO + RHUMA,HC,2
68,PTH,GASTRO + RHUMA,DOM,2
73,PTG,GASTRO + RHUMA,DOM,2
73,PTH,GASTRO + RHUMA,DOM,2
74,PTG,GASTRO + RHUMA,DOM,2
75,PTG,GASTRO + RHUMA,HC,2
75,PTG,GASTRO + RHUMA,HC_HDJ,2
76,PTG,GASTRO + RHUMA,HC,2
76,PTH,GASTRO + RHUMA,HC,2
77,PTG,GASTRO + RHUMA,DOM,2
78,PTG,GASTRO + RHUMA,DOM,2
78,PTH,GASTRO + RHUMA,HC,2
79,PTH,GASTRO + RHUMA,DOM,2
83,PTG,GASTRO + RHUMA,DOM,2
84,PTH,GASTRO + RHUMA,DOM,2
88,PTG,GASTRO + RHUMA,DOM,2
91,PTH,GASTRO + RHUMA,HC,2
92,PTG,GASTRO + RHUMA,DOM,2
92,PTG,GASTRO + RHUMA,HC,2
95,PTG,GASTRO + RHUMA,,2
95,PTH,GASTRO + RHUMA,DOM,2
2,PTG,GASTRO + RHUMA,DOM,1
2,PTG,GASTRO + RHUMA,HC,1
2,PTG,GASTRO + RHUMA,HC_HDJ,1
3,PTH,GASTRO + RHUMA,,1
5,PTG,GASTRO + RHUMA,DOM,1
5,PTH,GASTRO + RHUMA,DOM,1
7,PTG,GASTRO + RHUMA,DOM,1
10,PTH,GASTRO + RHUMA,DOM,1
11,PTG,GASTRO + RHUMA,HDJ,1
12,PTG,GASTRO + RHUMA,,1
12,PTG,GASTRO + RHUMA,DOM,1
12,PTG,GASTRO + RHUMA,HC,1
12,PTH,GASTRO + RHUMA,DOM,1
13,PTG,GASTRO + RHUMA,,1
13,PTH,GASTRO + RHUMA,HC_HDJ,1
14,PTG,GASTRO + RHUMA,HC,1
16,PTG,GASTRO + RHUMA,HC,1
17,PTH,GASTRO + RHUMA,DOM,1
17,PTH,GASTRO + RHUMA,HC,1
18,PTG,GASTRO + RHUMA,HC,1
18,PTH,GASTRO + RHUMA,DOM,1
19,PTG,GASTRO + RHUMA,DOM,1
19,PTG,GASTRO + RHUMA,HC,1
20,PTH,GASTRO + RHUMA,HC,1
21,PTH,GASTRO + RHUMA,DOM,1
22,PTG,GASTRO + RHUMA,,1
22,PTH,GASTRO + RHUMA,HC_HDJ,1
23,PTH,GASTRO + RHUMA,HC,1
24,PTH,GASTRO + RHUMA,DOM,1
24,PTH,GASTRO + RHUMA,HC,1
25,PTH,GASTRO + RHUMA,HC,1
26,PTG,GASTRO + RHUMA,DOM,1
26,PTH,GASTRO + RHUMA,HC,1
27,PTG,GASTRO + RHUMA,HC,1
28,PTG,GASTRO + RHUMA,DOM,1
28,PTG,GASTRO + RHUMA,HDJ,1
29,PTG,GASTRO + RHUMA,HC,1
29,PTG,GASTRO + RHUMA,HC_HDJ,1
29,PTH,GASTRO + RHUMA,HC,1
30,PTH,GASTRO + RHUMA,DOM,1
30,PTH,GASTRO + RHUMA,HC,1
31,PTG,GASTRO + RHUMA,HDJ,1
32,PTG,GASTRO + RHUMA,DOM,1
33,PTG,GASTRO + RHUMA,,1
33,PTH,GASTRO + RHUMA,,1
33,PTH,GASTRO + RHUMA,HC,1
34,PTG,GASTRO + RHUMA,HDJ,1
34,PTH,GASTRO + RHUMA,HDJ,1
35,PTG,GASTRO + RHUMA,HC,1
35,PTH,GASTRO + RHUMA,DOM,1
36,PTG,GASTRO + RHUMA,HC,1
37,PTH,GASTRO + RHUMA,DOM,1
37,PTH,GASTRO + RHUMA,HC,1
39,PTG,GASTRO + RHUMA,DOM,1
39,PTH,GASTRO + RHUMA,HC,1
40,PTG,GASTRO + RHUMA,DOM,1
40,PTG,GASTRO + RHUMA,HC,1
42,PTG,GASTRO + RHUMA,DOM,1
45,PTH,GASTRO + RHUMA,,1
46,PTG,GASTRO + RHUMA,,1
46,PTG,GASTRO + RHUMA,HC,1
46,PTH,GASTRO + RHUMA,DOM,1
47,PTG,GASTRO + RHUMA,DOM,1
47,PTH,GASTRO + RHUMA,DOM,1
47,PTH,GASTRO + RHUMA,HC,1
49,PTH,GASTRO + RHUMA,DOM,1
50,PTG,GASTRO + RHUMA,,1
51,PTH,GASTRO + RHUMA,HC,1
53,PTG,GASTRO + RHUMA,DOM,1
54,PTH,GASTRO + RHUMA,HC,1
55,PTG,GASTRO + RHUMA,DOM,1
56,PTG,GASTRO + RHUMA,HC_HDJ,1
56,PTH,GASTRO + RHUMA,HC,1
58,PTG,GASTRO + RHUMA,DOM,1
59,PTH,GASTRO + RHUMA,HC,1
60,PTH,GASTRO + RHUMA,DOM,1
61,PTG,GASTRO + RHUMA,DOM,1
61,PTG,GASTRO + RHUMA,HDJ,1
62,PTG,GASTRO + RHUMA,HC_HDJ,1
63,PTG,GASTRO + RHUMA,DOM,1
63,PTG,GASTRO + RHUMA,HC,1
63,PTH,GASTRO + RHUMA,DOM,1
63,PTH,GASTRO + RHUMA,HC,1
64,PTG,GASTRO + RHUMA,DOM,1
64,PTG,GASTRO + RHUMA,HC_HDJ,1
64,PTH,GASTRO + RHUMA,DOM,1
67,PTG,GASTRO + RHUMA,HDJ,1
68,PTG,GASTRO + RHUMA,DOM,1
68,PTG,GASTRO + RHUMA,HDJ,1
69,PTG,GASTRO + RHUMA,HDJ,1
69,PTH,GASTRO + RHUMA,HC,1
71,PTH,GASTRO + RHUMA,DOM,1
72,PTH,GASTRO + RHUMA,DOM,1
72,PTH,GASTRO + RHUMA,HC,1
73,PTG,GASTRO + RHUMA,HC,1
75,PTG,GASTRO + RHUMA,HDJ,1
75,PTH,GASTRO + RHUMA,HC,1
77,PTG,GASTRO + RHUMA,HDJ,1
78,PTG,GASTRO + RHUMA,HC_HDJ,1
78,PTG,GASTRO + RHUMA,HDJ,1
78,PTH,GASTRO + RHUMA,DOM,1
79,PTG,GASTRO + RHUMA,DOM,1
80,PTG,GASTRO + RHUMA,DOM,1
80,PTG,GASTRO + RHUMA,HC,1
80,PTH,GASTRO + RHUMA,DOM,1
82,PTG,GASTRO + RHUMA,DOM,1
82,PTH,GASTRO + RHUMA,DOM,1
83,PTH,GASTRO + RHUMA,HC,1
84,PTG,GASTRO + RHUMA,DOM,1
84,PTH,GASTRO + RHUMA,HC,1
85,PTH,GASTRO + RHUMA,HC,1
88,PTH,GASTRO + RHUMA,DOM,1
88,PTH,GASTRO + RHUMA,HC,1
89,PTG,GASTRO + RHUMA,DOM,1
89,PTH,GASTRO + RHUMA,DOM,1
91,PTG,GASTRO + RHUMA,DOM,1
91,PTH,GASTRO + RHUMA,HDJ,1
93,PTG,GASTRO + RHUMA,DOM,1
93,PTG,GASTRO + RHUMA,HC,1
93,PTG,GASTRO + RHUMA,HDJ,1
95,PTG,GASTRO + RHUMA,HDJ,1
95,PTH,GASTRO + RHUMA,HC,1
97,PTH,GASTRO + RHUMA,DOM,1
99,PTH,GASTRO + RHUMA,DOM,1
10,PTH,GASTRO + RHUMA + URO,DOM,1
12,PTG,GASTRO + RHUMA + URO,HC,1
17,PTH,GASTRO + RHUMA + URO,DOM,1
26,PTH,GASTRO + RHUMA + URO,DOM,1
28,PTG,GASTRO + RHUMA + URO,DOM,1
29,PTH,GASTRO + RHUMA + URO,DOM,1
30,PTH,GASTRO + RHUMA + URO,DOM,1
31,PTH,GASTRO + RHUMA + URO,DOM,1
33,PTG,GASTRO + RHUMA + URO,DOM,1
33,PTH,GASTRO + RHUMA + URO,HC,1
34,PTG,GASTRO + RHUMA + URO,DOM,1
38,PTH,GASTRO + RHUMA + URO,DOM,1
40,PTG,GASTRO + RHUMA + URO,DOM,1
40,PTH,GASTRO + RHUMA + URO,DOM,1
42,PTH,GASTRO + RHUMA + URO,HC,1
45,PTG,GASTRO + RHUMA + URO,HC,1
47,PTH,GASTRO + RHUMA + URO,DOM,1
53,PTG,GASTRO + RHUMA + URO,DOM,1
56,PTG,GASTRO + RHUMA + URO,DOM,1
57,PTG,GASTRO + RHUMA + URO,DOM,1
57,PTH,GASTRO + RHUMA + URO,DOM,1
59,PTG,GASTRO + RHUMA + URO,DOM,1
59,PTH,GASTRO + RHUMA + URO,DOM,1
63,PTG,GASTRO + RHUMA + URO,DOM,1
64,PTH,GASTRO + RHUMA + URO,DOM,1
67,PTG,GASTRO + RHUMA + URO,DOM,1
68,PTG,GASTRO + RHUMA + URO,HC,1
75,PTG,GASTRO + RHUMA + URO,HDJ,1
75,PTH,GASTRO + RHUMA + URO,DOM,1
76,PTG,GASTRO + RHUMA + URO,HC,1
76,PTH,GASTRO + RHUMA + URO,DOM,1
77,PTH,GASTRO + RHUMA + URO,DOM,1
78,PTH,GASTRO + RHUMA + URO,DOM,1
80,PTG,GASTRO + RHUMA + URO,DOM,1
83,PTG,GASTRO + RHUMA + URO,HC,1
91,PTG,GASTRO + RHUMA + URO,HC,1
92,PTG,GASTRO + RHUMA + URO,HC,1
93,PTH,GASTRO + RHUMA + URO,DOM,1
94,PTH,GASTRO + RHUMA + URO,DOM,1
95,PTH,GASTRO + RHUMA + URO,DOM,1
45,PTH,GASTRO + URO,DOM,4
13,PTG,GASTRO + URO,HC,3
59,PTH,GASTRO + URO,DOM,3
72,PTH,GASTRO + URO,DOM,3
8,PTH,GASTRO + URO,DOM,2
14,PTG,GASTRO + URO,HC,2
17,PTH,GASTRO + URO,DOM,2
24,PTH,GASTRO + URO,DOM,2
27,PTH,GASTRO + URO,DOM,2
33,PTG,GASTRO + URO,HC,2
34,PTG,GASTRO + URO,DOM,2
45,PTG,GASTRO + URO,HC,2
49,PTG,GASTRO + URO,DOM,2
57,PTG,GASTRO + URO,HDJ,2
64,PTH,GASTRO + URO,DOM,2
68,PTG,GASTRO + URO,DOM,2
76,PTG,GASTRO + URO,DOM,2
76,PTH,GASTRO + URO,DOM,2
78,PTH,GASTRO + URO,DOM,2
3,PTH,GASTRO + URO,DOM,1
6,PTG,GASTRO + URO,DOM,1
6,PTH,GASTRO + URO,DOM,1
6,PTH,GASTRO + URO,HC,1
7,PTH,GASTRO + URO,DOM,1
10,PTG,GASTRO + URO,DOM,1
11,PTG,GASTRO + URO,HC,1
13,PTG,GASTRO + URO,,1
13,PTG,GASTRO + URO,DOM,1
13,PTG,GASTRO + URO,HDJ,1
16,PTG,GASTRO + URO,DOM,1
16,PTH,GASTRO + URO,DOM,1
17,PTG,GASTRO + URO,HC,1
18,PTH,GASTRO + URO,DOM,1
19,PTH,GASTRO + URO,DOM,1
20,PTH,GASTRO + URO,DOM,1
21,PTG,GASTRO + URO,DOM,1
22,PTG,GASTRO + URO,DOM,1
23,PTH,GASTRO + URO,DOM,1
28,PTH,GASTRO + URO,DOM,1
30,PTH,GASTRO + URO,,1
30,PTH,GASTRO + URO,HC,1
31,PTG,GASTRO + URO,HC,1
31,PTH,GASTRO + URO,HC,1
32,PTH,GASTRO + URO,HC,1
33,PTG,GASTRO + URO,DOM,1
33,PTH,GASTRO + URO,DOM,1
34,PTG,GASTRO + URO,HC,1
38,PTG,GASTRO + URO,HC,1
39,PTG,GASTRO + URO,HC,1
44,PTG,GASTRO + URO,DOM,1
47,PTH,GASTRO + URO,HC,1
51,PTH,GASTRO + URO,DOM,1
53,PTH,GASTRO + URO,,1
56,PTG,GASTRO + URO,DOM,1
56,PTH,GASTRO + URO,,1
57,PTG,GASTRO + URO,DOM,1
57,PTG,GASTRO + URO,HC,1
57,PTH,GASTRO + URO,DOM,1
61,PTG,GASTRO + URO,DOM,1
61,PTH,GASTRO + URO,DOM,1
62,PTG,GASTRO + URO,HC,1
62,PTH,GASTRO + URO,DOM,1
62,PTH,GASTRO + URO,HC,1
63,PTH,GASTRO + URO,DOM,1
66,PTG,GASTRO + URO,DOM,1
66,PTH,GASTRO + URO,DOM,1
67,PTG,GASTRO + URO,DOM,1
67,PTH,GASTRO + URO,DOM,1
68,PTH,GASTRO + URO,DOM,1
69,PTG,GASTRO + URO,DOM,1
69,PTH,GASTRO + URO,HC,1
71,PTH,GASTRO + URO,DOM,1
74,PTH,GASTRO + URO,DOM,1
76,PTG,GASTRO + URO,HC,1
76,PTH,GASTRO + URO,HC,1
79,PTG,GASTRO + URO,HC,1
79,PTH,GASTRO + URO,DOM,1
80,PTG,GASTRO + URO,DOM,1
80,PTG,GASTRO + URO,HC,1
80,PTH,GASTRO + URO,DOM,1
80,PTH,GASTRO + URO,HC,1
83,PTG,GASTRO + URO,HC,1
85,PTH,GASTRO + URO,HC,1
87,PTG,GASTRO + URO,HDJ,1
87,PTH,GASTRO + URO,DOM,1
91,PTG,GASTRO + URO,HC,1
93,PTG,GASTRO + URO,HC,1
97,PTG,GASTRO + URO,DOM,1
97,PTH,GASTRO + URO,DOM,1
59,PTG,GYNECO,DOM,44
59,PTH,GYNECO,DOM,31
33,PTH,GYNECO,DOM,30
62,PTH,GYNECO,DOM,25
67,PTG,GYNECO,DOM,23
68,PTH,GYNECO,DOM,23
57,PTG,GYNECO,DOM,22
33,PTG,GYNECO,DOM,21
59,PTG,GYNECO,HC,19
78,PTH,GYNECO,DOM,18
22,PTH,GYNECO,DOM,17
57,PTH,GYNECO,DOM,17
69,PTH,GYNECO,DOM,17
88,PTG,GYNECO,DOM,17
38,PTH,GYNECO,DOM,16
54,PTG,GYNECO,DOM,16
59,PTH,GYNECO,HC,16
64,PTH,GYNECO,DOM,16
75,PTH,GYNECO,DOM,16
77,PTH,GYNECO,DOM,16
45,PTH,GYNECO,DOM,15
56,PTH,GYNECO,DOM,15
67,PTG,GYNECO,HC,15
67,PTH,GYNECO,DOM,15
57,PTG,GYNECO,HC,14
6,PTG,GYNECO,HC,13
17,PTH,GYNECO,DOM,13
66,PTG,GYNECO,DOM,13
74,PTG,GYNECO,DOM,13
74,PTH,GYNECO,DOM,13
76,PTH,GYNECO,DOM,13
6,PTH,GYNECO,DOM,12
29,PTH,GYNECO,DOM,12
35,PTH,GYNECO,DOM,12
44,PTH,GYNECO,DOM,12
54,PTH,GYNECO,DOM,12
62,PTG,GYNECO,HC,12
68,PTG,GYNECO,DOM,12
76,PTG,GYNECO,DOM,12
80,PTH,GYNECO,DOM,12
85,PTH,GYNECO,DOM,12
92,PTH,GYNECO,DOM,12
13,PTH,GYNECO,DOM,11
17,PTG,GYNECO,DOM,11
22,PTG,GYNECO,DOM,11
42,PTH,GYNECO,DOM,11
56,PTG,GYNECO,DOM,11
62,PTG,GYNECO,DOM,11
64,PTG,GYNECO,HC,11
71,PTG,GYNECO,HC,11
86,PTH,GYNECO,DOM,11
1,PTH,GYNECO,DOM,10
21,PTH,GYNECO,DOM,10
31,PTH,GYNECO,DOM,10
38,PTG,GYNECO,DOM,10
51,PTG,GYNECO,DOM,10
54,PTG,GYNECO,HC,10
60,PTH,GYNECO,DOM,10
71,PTH,GYNECO,DOM,10
74,PTG,GYNECO,HC,10
84,PTH,GYNECO,DOM,10
88,PTH,GYNECO,DOM,10
91,PTG,GYNECO,DOM,10
91,PTH,GYNECO,DOM,10
95,PTH,GYNECO,DOM,10
26,PTH,GYNECO,DOM,9
27,PTH,GYNECO,DOM,9
29,PTH,GYNECO,HC,9
30,PTH,GYNECO,DOM,9
44,PTG,GYNECO,DOM,9
45,PTG,GYNECO,HC,9
60,PTG,GYNECO,DOM,9
69,PTG,GYNECO,DOM,9
76,PTG,GYNECO,HC,9
78,PTG,GYNECO,HC,9
94,PTG,GYNECO,HC,9
97,PTG,GYNECO,HC,9
6,PTG,GYNECO,DOM,8
13,PTH,GYNECO,HC,8
14,PTH,GYNECO,DOM,8
24,PTG,GYNECO,HC,8
31,PTG,GYNECO,HC,8
34,PTH,GYNECO,DOM,8
40,PTH,GYNECO,DOM,8
47,PTH,GYNECO,DOM,8
49,PTH,GYNECO,DOM,8
50,PTH,GYNECO,DOM,8
67,PTH,GYNECO,HC,8
73,PTH,GYNECO,DOM,8
77,PTG,GYNECO,HC,8
79,PTH,GYNECO,DOM,8
83,PTH,GYNECO,DOM,8
85,PTG,GYNECO,DOM,8
91,PTG,GYNECO,HC,8
94,PTH,GYNECO,DOM,8
95,PTG,GYNECO,HC,8
2,PTG,GYNECO,DOM,7
22,PTG,GYNECO,HC,7
24,PTH,GYNECO,DOM,7
28,PTH,GYNECO,DOM,7
29,PTG,GYNECO,HC,7
30,PTG,GYNECO,DOM,7
33,PTG,GYNECO,HC,7
34,PTG,GYNECO,HC,7
37,PTH,GYNECO,DOM,7
41,PTH,GYNECO,DOM,7
44,PTG,GYNECO,HC,7
51,PTH,GYNECO,DOM,7
63,PTH,GYNECO,DOM,7
66,PTG,GYNECO,HC,7
71,PTG,GYNECO,DOM,7
73,PTG,GYNECO,DOM,7
77,PTG,GYNECO,DOM,7
83,PTG,GYNECO,HC,7
85,PTG,GYNECO,HC,7
2,PTG,GYNECO,HC,6
2,PTH,GYNECO,DOM,6
10,PTG,GYNECO,DOM,6
16,PTH,GYNECO,DOM,6
21,PTG,GYNECO,HC,6
27,PTG,GYNECO,DOM,6
27,PTH,GYNECO,HC,6
39,PTH,GYNECO,DOM,6
41,PTG,GYNECO,DOM,6
42,PTG,GYNECO,HC,6
42,PTH,GYNECO,HC,6
52,PTH,GYNECO,DOM,6
62,PTH,GYNECO,HC,6
64,PTH,GYNECO,HC,6
68,PTG,GYNECO,HC,6
68,PTH,GYNECO,HC,6
69,PTG,GYNECO,HC,6
75,PTG,GYNECO,HC,6
77,PTH,GYNECO,HC,6
83,PTG,GYNECO,HDJ,6
86,PTG,GYNECO,HC,6
88,PTG,GYNECO,HC,6
93,PTH,GYNECO,DOM,6
94,PTG,GYNECO,DOM,6
97,PTG,GYNECO,DOM,6
1,PTG,GYNECO,DOM,5
1,PTG,GYNECO,HC,5
3,PTG,GYNECO,DOM,5
6,PTH,GYNECO,HC,5
13,PTG,GYNECO,HC,5
19,PTH,GYNECO,DOM,5
26,PTG,GYNECO,HC,5
30,PTG,GYNECO,HC,5
31,PTG,GYNECO,DOM,5
33,PTH,GYNECO,HC,5
34,PTG,GYNECO,DOM,5
34,PTH,GYNECO,HC,5
35,PTG,GYNECO,DOM,5
39,PTG,GYNECO,DOM,5
43,PTG,GYNECO,HC,5
47,PTG,GYNECO,DOM,5
54,PTH,GYNECO,HC,5
55,PTG,GYNECO,DOM,5
57,PTG,GYNECO,HDJ,5
73,PTG,GYNECO,HC,5
75,PTH,GYNECO,HC,5
83,PTG,GYNECO,DOM,5
84,PTG,GYNECO,HC,5
86,PTG,GYNECO,DOM,5
92,PTG,GYNECO,HC,5
3,PTH,GYNECO,DOM,4
4,PTH,GYNECO,DOM,4
7,PTH,GYNECO,HC,4
10,PTH,GYNECO,DOM,4
21,PTG,GYNECO,DOM,4
25,PTG,GYNECO,DOM,4
26,PTG,GYNECO,DOM,4
27,PTG,GYNECO,HC,4
28,PTG,GYNECO,DOM,4
28,PTG,GYNECO,HC,4
28,PTH,GYNECO,HC,4
29,PTG,GYNECO,DOM,4
40,PTG,GYNECO,HC,4
53,PTH,GYNECO,DOM,4
56,PTG,GYNECO,HC,4
61,PTH,GYNECO,DOM,4
63,PTG,GYNECO,HC,4
64,PTG,GYNECO,DOM,4
66,PTH,GYNECO,DOM,4
66,PTH,GYNECO,HC,4
68,PTG,GYNECO,HDJ,4
69,PTG,GYNECO,HDJ,4
71,PTG,GYNECO,HDJ,4
75,PTG,GYNECO,DOM,4
78,PTH,GYNECO,HC,4
80,PTG,GYNECO,HC,4
81,PTG,GYNECO,HC,4
88,PTH,GYNECO,HC,4
92,PTH,GYNECO,HC,4
7,PTG,GYNECO,DOM,3
7,PTG,GYNECO,HC,3
11,PTH,GYNECO,HC,3
12,PTH,GYNECO,HC,3
13,PTG,GYNECO,HDJ,3
14,PTH,GYNECO,HC,3
15,PTH,GYNECO,DOM,3
17,PTG,GYNECO,HC,3
18,PTG,GYNECO,HC,3
20,PTH,GYNECO,DOM,3
22,PTH,GYNECO,HC,3
24,PTH,GYNECO,HC,3
25,PTG,GYNECO,HC,3
31,PTH,GYNECO,HC,3
32,PTG,GYNECO,HC,3
36,PTH,GYNECO,DOM,3
37,PTG,GYNECO,DOM,3
38,PTG,GYNECO,HC,3
38,PTH,GYNECO,HC,3
41,PTG,GYNECO,HC,3
42,PTG,GYNECO,DOM,3
43,PTG,GYNECO,DOM,3
43,PTH,GYNECO,DOM,3
45,PTG,GYNECO,DOM,3
46,PTH,GYNECO,HC,3
49,PTG,GYNECO,HC,3
50,PTG,GYNECO,DOM,3
55,PTH,GYNECO,DOM,3
58,PTG,GYNECO,DOM,3
58,PTG,GYNECO,HC,3
59,PTG,GYNECO,HDJ,3
63,PTG,GYNECO,DOM,3
65,PTG,GYNECO,DOM,3
65,PTG,GYNECO,HC,3
65,PTH,GYNECO,DOM,3
70,PTH,GYNECO,DOM,3
72,PTH,GYNECO,DOM,3
78,PTG,GYNECO,HC_HDJ,3
79,PTG,GYNECO,DOM,3
81,PTG,GYNECO,DOM,3
85,PTH,GYNECO,HC,3
87,PTG,GYNECO,DOM,3
87,PTG,GYNECO,HC,3
89,PTG,GYNECO,DOM,3
89,PTG,GYNECO,HC,3
91,PTG,GYNECO,HDJ,3
92,PTG,GYNECO,DOM,3
93,PTG,GYNECO,DOM,3
95,PTG,GYNECO,DOM,3
1,PTH,GYNECO,HC,2
2,PTH,GYNECO,HC,2
3,PTG,GYNECO,HC,2
4,PTH,GYNECO,HC,2
7,PTH,GYNECO,DOM,2
8,PTG,GYNECO,DOM,2
8,PTG,GYNECO,HC,2
8,PTH,GYNECO,DOM,2
10,PTG,GYNECO,HC,2
11,PTG,GYNECO,HC,2
11,PTH,GYNECO,DOM,2
12,PTG,GYNECO,DOM,2
12,PTG,GYNECO,HC,2
13,PTG,GYNECO,DOM,2
13,PTG,GYNECO,HC_HDJ,2
14,PTG,GYNECO,DOM,2
14,PTH,GYNECO,,2
15,PTG,GYNECO,DOM,2
15,PTG,GYNECO,HC,2
17,PTH,GYNECO,HC,2
18,PTG,GYNECO,DOM,2
19,PTG,GYNECO,DOM,2
19,PTG,GYNECO,HC,2
20,PTG,GYNECO,DOM,2
21,PTG,GYNECO,HDJ,2
21,PTH,GYNECO,HC,2
23,PTH,GYNECO,DOM,2
24,PTG,GYNECO,,2
26,PTH,GYNECO,HC,2
30,PTH,GYNECO,HC,2
32,PTH,GYNECO,DOM,2
35,PTG,GYNECO,HC,2
35,PTH,GYNECO,HC,2
37,PTG,GYNECO,HC,2
40,PTG,GYNECO,HC_HDJ,2
41,PTH,GYNECO,HC,2
45,PTG,GYNECO,,2
45,PTH,GYNECO,HC,2
46,PTH,GYNECO,DOM,2
50,PTG,GYNECO,HC,2
50,PTG,GYNECO,HDJ,2
50,PTH,GYNECO,HC,2
51,PTG,GYNECO,HC,2
52,PTG,GYNECO,DOM,2
53,PTG,GYNECO,DOM,2
53,PTH,GYNECO,HC,2
56,PTH,GYNECO,HC,2
57,PTH,GYNECO,HC,2
58,PTH,GYNECO,DOM,2
60,PTG,GYNECO,HC,2
60,PTH,GYNECO,HC,2
62,PTG,GYNECO,HC_HDJ,2
65,PTH,GYNECO,HC,2
69,PTG,GYNECO,,2
69,PTG,GYNECO,HC_HDJ,2
70,PTG,GYNECO,HC,2
70,PTH,GYNECO,,2
73,PTH,GYNECO,HC,2
74,PTH,GYNECO,HC,2
76,PTG,GYNECO,HDJ,2
77,PTG,GYNECO,HDJ,2
78,PTG,GYNECO,DOM,2
78,PTG,GYNECO,HDJ,2
80,PTG,GYNECO,DOM,2
81,PTH,GYNECO,DOM,2
82,PTG,GYNECO,HC,2
83,PTH,GYNECO,HDJ,2
84,PTH,GYNECO,HC,2
87,PTG,GYNECO,HDJ,2
87,PTH,GYNECO,HC,2
89,PTH,GYNECO,DOM,2
90,PTG,GYNECO,DOM,2
93,PTG,GYNECO,HDJ,2
94,PTG,GYNECO,HC_HDJ,2
94,PTH,GYNECO,HC,2
95,PTH,GYNECO,HC,2
3,PTG,GYNECO,HDJ,1
5,PTH,GYNECO,DOM,1
6,PTG,GYNECO,,1
9,PTG,GYNECO,HC,1
9,PTH,GYNECO,DOM,1
9,PTH,GYNECO,HC,1
10,PTG,GYNECO,HC_HDJ,1
10,PTH,GYNECO,HC,1
11,PTG,GYNECO,DOM,1
11,PTG,GYNECO,HDJ,1
13,PTG,GYNECO,,1
13,PTH,GYNECO,HC_HDJ,1
14,PTG,GYNECO,HC,1
15,PTG,GYNECO,,1
15,PTH,GYNECO,HC,1
16,PTG,GYNECO,DOM,1
16,PTG,GYNECO,HC,1
16,PTH,GYNECO,,1
17,PTG,GYNECO,HC_HDJ,1
17,PTG,GYNECO,HDJ,1
18,PTH,GYNECO,DOM,1
19,PTG,GYNECO,HDJ,1
20,PTG,GYNECO,HC_HDJ,1
20,PTG,GYNECO,HDJ,1
20,PTH,GYNECO,HC,1
22,PTH,GYNECO,,1
23,PTG,GYNECO,DOM,1
23,PTG,GYNECO,HC,1
24,PTG,GYNECO,DOM,1
25,PTH,GYNECO,DOM,1
26,PTG,GYNECO,HDJ,1
27,PTG,GYNECO,HDJ,1
29,PTG,GYNECO,HDJ,1
29,PTH,GYNECO,,1
30,PTG,GYNECO,HDJ,1
30,PTH,GYNECO,,1
31,PTH,GYNECO,HC_HDJ,1
31,PTH,GYNECO,HDJ,1
32,PTG,GYNECO,DOM,1
35,PTH,GYNECO,,1
36,PTG,GYNECO,DOM,1
36,PTG,GYNECO,HC,1
37,PTG,GYNECO,,1
37,PTH,GYNECO,HC,1
38,PTG,GYNECO,,1
39,PTG,GYNECO,HC,1
40,PTG,GYNECO,DOM,1
40,PTG,GYNECO,HDJ,1
42,PTH,GYNECO,,1
44,PTG,GYNECO,HC_HDJ,1
44,PTH,GYNECO,HC,1
47,PTG,GYNECO,HC,1
47,PTH,GYNECO,HC,1
48,PTH,GYNECO,DOM,1
48,PTH,GYNECO,HC,1
48,PTH,GYNECO,HDJ,1
49,PTH,GYNECO,HC,1
50,PTG,GYNECO,HC_HDJ,1
52,PTG,GYNECO,,1
52,PTG,GYNECO,HC,1
52,PTH,GYNECO,,1
54,PTG,GYNECO,,1
54,PTG,GYNECO,HC_HDJ,1
55,PTG,GYNECO,,1
55,PTG,GYNECO,HC,1
55,PTH,GYNECO,HC,1
56,PTG,GYNECO,HC_HDJ,1
56,PTG,GYNECO,HDJ,1
56,PTH,GYNECO,HDJ,1
57,PTG,GYNECO,HC_HDJ,1
57,PTH,GYNECO,,1
58,PTH,GYNECO,HC,1
59,PTG,GYNECO,,1
59,PTG,GYNECO,HC_HDJ,1
60,PTG,GYNECO,HDJ,1
61,PTG,GYNECO,DOM,1
61,PTG,GYNECO,HC,1
61,PTH,GYNECO,HC,1
62,PTH,GYNECO,,1
65,PTG,GYNECO,HDJ,1
67,PTG,GYNECO,HDJ,1
68,PTG,GYNECO,,1
69,PTH,GYNECO,HC,1
69,PTH,GYNECO,HDJ,1
70,PTG,GYNECO,DOM,1
71,PTH,GYNECO,HC,1
72,PTG,GYNECO,HC,1
74,PTH,GYNECO,,1
75,PTG,GYNECO,HC_HDJ,1
75,PTH,GYNECO,,1
75,PTH,GYNECO,HDJ,1
76,PTH,GYNECO,HC,1
77,PTH,GYNECO,,1
78,PTH,GYNECO,,1
78,PTH,GYNECO,HDJ,1
79,PTH,GYNECO,HC,1
80,PTH,GYNECO,HC,1
81,PTH,GYNECO,HC,1
82,PTG,GYNECO,DOM,1
83,PTG,GYNECO,,1
83,PTG,GYNECO,HC_HDJ,1
83,PTH,GYNECO,HC,1
84,PTG,GYNECO,DOM,1
85,PTG,GYNECO,HDJ,1
86,PTH,GYNECO,HC,1
87,PTH,GYNECO,,1
87,PTH,GYNECO,DOM,1
90,PTH,GYNECO,DOM,1
91,PTG,GYNECO,HC_HDJ,1
91,PTH,GYNECO,HC,1
92,PTH,GYNECO,,1
93,PTG,GYNECO,,1
93,PTG,GYNECO,HC,1
93,PTG,GYNECO,HC_HDJ,1
94,PTG,GYNECO,HDJ,1
97,PTH,GYNECO,DOM,1
97,PTH,GYNECO,HC,1
99,PTG,GYNECO,HDJ,1
99,PTH,GYNECO,DOM,1
209,PTH,GYNECO,DOM,1
59,PTH,GYNECO + OPH,DOM,8
57,PTG,GYNECO + OPH,DOM,7
13,PTH,GYNECO + OPH,DOM,5
31,PTG,GYNECO + OPH,HC,5
57,PTH,GYNECO + OPH,DOM,5
59,PTG,GYNECO + OPH,DOM,5
77,PTG,GYNECO + OPH,DOM,5
78,PTH,GYNECO + OPH,DOM,5
33,PTH,GYNECO + OPH,DOM,4
44,PTH,GYNECO + OPH,DOM,4
45,PTG,GYNECO + OPH,DOM,4
49,PTG,GYNECO + OPH,DOM,4
68,PTG,GYNECO + OPH,HC,4
71,PTG,GYNECO + OPH,HC,4
76,PTH,GYNECO + OPH,DOM,4
85,PTH,GYNECO + OPH,DOM,4
86,PTH,GYNECO + OPH,DOM,4
6,PTG,GYNECO + OPH,HC,3
13,PTG,GYNECO + OPH,HC,3
16,PTG,GYNECO + OPH,HC,3
17,PTH,GYNECO + OPH,DOM,3
44,PTG,GYNECO + OPH,DOM,3
57,PTG,GYNECO + OPH,HDJ,3
59,PTG,GYNECO + OPH,HC,3
60,PTH,GYNECO + OPH,DOM,3
62,PTH,GYNECO + OPH,DOM,3
63,PTG,GYNECO + OPH,HC,3
63,PTH,GYNECO + OPH,DOM,3
64,PTH,GYNECO + OPH,DOM,3
66,PTG,GYNECO + OPH,DOM,3
78,PTG,GYNECO + OPH,DOM,3
83,PTG,GYNECO + OPH,DOM,3
85,PTG,GYNECO + OPH,DOM,3
88,PTG,GYNECO + OPH,DOM,3
92,PTG,GYNECO + OPH,HC,3
2,PTG,GYNECO + OPH,DOM,2
6,PTH,GYNECO + OPH,DOM,2
17,PTG,GYNECO + OPH,DOM,2
24,PTH,GYNECO + OPH,DOM,2
27,PTG,GYNECO + OPH,HC,2
27,PTH,GYNECO + OPH,DOM,2
29,PTH,GYNECO + OPH,DOM,2
31,PTG,GYNECO + OPH,DOM,2
31,PTH,GYNECO + OPH,DOM,2
31,PTH,GYNECO + OPH,HC,2
33,PTG,GYNECO + OPH,HC,2
35,PTG,GYNECO + OPH,DOM,2
40,PTH,GYNECO + OPH,DOM,2
41,PTG,GYNECO + OPH,DOM,2
42,PTG,GYNECO + OPH,HC,2
51,PTG,GYNECO + OPH,DOM,2
52,PTG,GYNECO + OPH,HC,2
54,PTH,GYNECO + OPH,HC,2
55,PTH,GYNECO + OPH,DOM,2
56,PTG,GYNECO + OPH,HC,2
56,PTH,GYNECO + OPH,DOM,2
57,PTG,GYNECO + OPH,HC,2
58,PTH,GYNECO + OPH,DOM,2
60,PTG,GYNECO + OPH,DOM,2
60,PTG,GYNECO + OPH,HC,2
62,PTG,GYNECO + OPH,HC,2
64,PTH,GYNECO + OPH,HC,2
66,PTG,GYNECO + OPH,HDJ,2
69,PTG,GYNECO + OPH,DOM,2
69,PTH,GYNECO + OPH,DOM,2
70,PTG,GYNECO + OPH,HC,2
73,PTH,GYNECO + OPH,DOM,2
75,PTG,GYNECO + OPH,HDJ,2
75,PTH,GYNECO + OPH,DOM,2
77,PTH,GYNECO + OPH,DOM,2
78,PTG,GYNECO + OPH,HC,2
79,PTH,GYNECO + OPH,DOM,2
80,PTH,GYNECO + OPH,DOM,2
80,PTH,GYNECO + OPH,HC,2
83,PTG,GYNECO + OPH,,2
86,PTH,GYNECO + OPH,HC,2
91,PTG,GYNECO + OPH,HDJ,2
94,PTG,GYNECO + OPH,HC,2
94,PTH,GYNECO + OPH,DOM,2
95,PTG,GYNECO + OPH,HC,2
95,PTH,GYNECO + OPH,HC,2
1,PTH,GYNECO + OPH,HC,1
2,PTH,GYNECO + OPH,DOM,1
3,PTG,GYNECO + OPH,DOM,1
3,PTH,GYNECO + OPH,DOM,1
4,PTH,GYNECO + OPH,DOM,1
5,PTG,GYNECO + OPH,HC,1
5,PTG,GYNECO + OPH,HDJ,1
6,PTH,GYNECO + OPH,HDJ,1
7,PTG,GYNECO + OPH,DOM,1
7,PTH,GYNECO + OPH,DOM,1
8,PTH,GYNECO + OPH,DOM,1
10,PTH,GYNECO + OPH,DOM,1
11,PTH,GYNECO + OPH,HC_HDJ,1
12,PTG,GYNECO + OPH,HC,1
12,PTH,GYNECO + OPH,DOM,1
13,PTG,GYNECO + OPH,HC_HDJ,1
13,PTH,GYNECO + OPH,HC,1
13,PTH,GYNECO + OPH,HDJ,1
14,PTH,GYNECO + OPH,DOM,1
16,PTH,GYNECO + OPH,DOM,1
16,PTH,GYNECO + OPH,HC,1
18,PTH,GYNECO + OPH,DOM,1
19,PTH,GYNECO + OPH,DOM,1
21,PTG,GYNECO + OPH,HC,1
24,PTG,GYNECO + OPH,DOM,1
24,PTH,GYNECO + OPH,HC,1
26,PTG,GYNECO + OPH,HDJ,1
26,PTH,GYNECO + OPH,,1
27,PTG,GYNECO + OPH,DOM,1
27,PTG,GYNECO + OPH,HDJ,1
28,PTG,GYNECO + OPH,DOM,1
28,PTH,GYNECO + OPH,DOM,1
28,PTH,GYNECO + OPH,HC,1
29,PTG,GYNECO + OPH,HC,1
30,PTG,GYNECO + OPH,DOM,1
30,PTG,GYNECO + OPH,HC,1
30,PTH,GYNECO + OPH,HC,1
31,PTH,GYNECO + OPH,HDJ,1
33,PTG,GYNECO + OPH,DOM,1
33,PTH,GYNECO + OPH,HC,1
34,PTG,GYNECO + OPH,HC,1
34,PTH,GYNECO + OPH,HC,1
35,PTG,GYNECO + OPH,HC,1
35,PTH,GYNECO + OPH,DOM,1
36,PTH,GYNECO + OPH,DOM,1
37,PTG,GYNECO + OPH,DOM,1
38,PTG,GYNECO + OPH,HC,1
38,PTH,GYNECO + OPH,DOM,1
39,PTG,GYNECO + OPH,DOM,1
39,PTG,GYNECO + OPH,HC,1
40,PTG,GYNECO + OPH,DOM,1
42,PTH,GYNECO + OPH,HDJ,1
44,PTG,GYNECO + OPH,HC,1
45,PTH,GYNECO + OPH,,1
45,PTH,GYNECO + OPH,DOM,1
46,PTG,GYNECO + OPH,DOM,1
46,PTH,GYNECO + OPH,DOM,1
47,PTG,GYNECO + OPH,DOM,1
47,PTH,GYNECO + OPH,DOM,1
51,PTG,GYNECO + OPH,HC,1
52,PTG,GYNECO + OPH,DOM,1
54,PTG,GYNECO + OPH,DOM,1
54,PTG,GYNECO + OPH,HDJ,1
54,PTH,GYNECO + OPH,DOM,1
55,PTG,GYNECO + OPH,DOM,1
55,PTG,GYNECO + OPH,HC,1
56,PTG,GYNECO + OPH,DOM,1
60,PTG,GYNECO + OPH,,1
61,PTG,GYNECO + OPH,HC,1
62,PTG,GYNECO + OPH,DOM,1
62,PTH,GYNECO + OPH,HC,1
64,PTG,GYNECO + OPH,DOM,1
65,PTG,GYNECO + OPH,HC,1
65,PTH,GYNECO + OPH,HC,1
67,PTG,GYNECO + OPH,DOM,1
67,PTG,GYNECO + OPH,HC,1
67,PTH,GYNECO + OPH,DOM,1
67,PTH,GYNECO + OPH,HC,1
68,PTG,GYNECO + OPH,DOM,1
68,PTH,GYNECO + OPH,DOM,1
68,PTH,GYNECO + OPH,HDJ,1
69,PTG,GYNECO + OPH,HC,1
69,PTH,GYNECO + OPH,HC,1
70,PTG,GYNECO + OPH,DOM,1
71,PTG,GYNECO + OPH,DOM,1
72,PTG,GYNECO + OPH,DOM,1
72,PTH,GYNECO + OPH,HC,1
73,PTG,GYNECO + OPH,DOM,1
74,PTG,GYNECO + OPH,HC,1
74,PTH,GYNECO + OPH,DOM,1
75,PTG,GYNECO + OPH,DOM,1
75,PTG,GYNECO + OPH,HC_HDJ,1
77,PTG,GYNECO + OPH,HDJ,1
78,PTG,GYNECO + OPH,HC_HDJ,1
80,PTG,GYNECO + OPH,HC,1
81,PTG,GYNECO + OPH,HC,1
81,PTH,GYNECO + OPH,DOM,1
81,PTH,GYNECO + OPH,HC,1
83,PTG,GYNECO + OPH,HC,1
83,PTH,GYNECO + OPH,HC,1
84,PTH,GYNECO + OPH,DOM,1
86,PTG,GYNECO + OPH,DOM,1
87,PTG,GYNECO + OPH,HC,1
88,PTG,GYNECO + OPH,HC,1
88,PTH,GYNECO + OPH,DOM,1
88,PTH,GYNECO + OPH,HC,1
90,PTH,GYNECO + OPH,DOM,1
91,PTG,GYNECO + OPH,HC,1
91,PTH,GYNECO + OPH,DOM,1
91,PTH,GYNECO + OPH,HC,1
91,PTH,GYNECO + OPH,HC_HDJ,1
91,PTH,GYNECO + OPH,HDJ,1
92,PTH,GYNECO + OPH,,1
93,PTH,GYNECO + OPH,DOM,1
94,PTG,GYNECO + OPH,DOM,1
97,PTG,GYNECO + OPH,,1
97,PTG,GYNECO + OPH,DOM,1
209,PTG,GYNECO + OPH,DOM,1
5,PTH,GYNECO + OPH + ORL,HC,1
12,PTG,GYNECO + OPH + ORL,DOM,1
13,PTH,GYNECO + OPH + ORL,HC,1
25,PTH,GYNECO + OPH + ORL,HC,1
29,PTG,GYNECO + OPH + ORL,DOM,1
29,PTH,GYNECO + OPH + ORL,DOM,1
33,PTH,GYNECO + OPH + ORL,DOM,1
33,PTH,GYNECO + OPH + ORL,HC,1
44,PTH,GYNECO + OPH + ORL,DOM,1
57,PTG,GYNECO + OPH + ORL,HDJ,1
59,PTH,GYNECO + OPH + ORL,DOM,1
59,PTH,GYNECO + OPH + ORL,HC,1
67,PTG,GYNECO + OPH + ORL,DOM,1
67,PTH,GYNECO + OPH + ORL,HDJ,1
76,PTG,GYNECO + OPH + ORL,HC,1
76,PTH,GYNECO + OPH + ORL,DOM,1
77,PTH,GYNECO + OPH + ORL,,1
77,PTH,GYNECO + OPH + ORL,DOM,1
82,PTG,GYNECO + OPH + ORL,HDJ,1
83,PTH,GYNECO + OPH + ORL,HC,1
88,PTH,GYNECO + OPH + ORL,DOM,1
95,PTG,GYNECO + OPH + ORL,DOM,1
21,PTG,GYNECO + OPH + ORL + RHUMA,HC,1
60,PTH,GYNECO + OPH + ORL + RHUMA,DOM,1
62,PTG,GYNECO + OPH + ORL + RHUMA,DOM,1
86,PTH,GYNECO + OPH + ORL + RHUMA,DOM,1
95,PTG,GYNECO + OPH + ORL + RHUMA,DOM,1
92,PTH,GYNECO + OPH + ORL + RHUMA + URO,HC,1
13,PTH,GYNECO + OPH + RHUMA,HC,3
2,PTH,GYNECO + OPH + RHUMA,DOM,2
29,PTG,GYNECO + OPH + RHUMA,DOM,2
33,PTH,GYNECO + OPH + RHUMA,DOM,2
44,PTG,GYNECO + OPH + RHUMA,DOM,2
54,PTG,GYNECO + OPH + RHUMA,DOM,2
67,PTG,GYNECO + OPH + RHUMA,DOM,2
68,PTG,GYNECO + OPH + RHUMA,HC,2
69,PTH,GYNECO + OPH + RHUMA,DOM,2
74,PTH,GYNECO + OPH + RHUMA,DOM,2
85,PTH,GYNECO + OPH + RHUMA,DOM,2
94,PTH,GYNECO + OPH + RHUMA,DOM,2
1,PTG,GYNECO + OPH + RHUMA,HC,1
5,PTG,GYNECO + OPH + RHUMA,HC,1
6,PTG,GYNECO + OPH + RHUMA,,1
6,PTG,GYNECO + OPH + RHUMA,DOM,1
8,PTH,GYNECO + OPH + RHUMA,HC,1
11,PTG,GYNECO + OPH + RHUMA,HC,1
17,PTH,GYNECO + OPH + RHUMA,DOM,1
18,PTH,GYNECO + OPH + RHUMA,HC,1
24,PTG,GYNECO + OPH + RHUMA,DOM,1
26,PTH,GYNECO + OPH + RHUMA,DOM,1
28,PTH,GYNECO + OPH + RHUMA,HC,1
29,PTH,GYNECO + OPH + RHUMA,DOM,1
31,PTG,GYNECO + OPH + RHUMA,DOM,1
31,PTG,GYNECO + OPH + RHUMA,HC,1
31,PTH,GYNECO + OPH + RHUMA,HC,1
33,PTG,GYNECO + OPH + RHUMA,HC,1
34,PTH,GYNECO + OPH + RHUMA,DOM,1
35,PTG,GYNECO + OPH + RHUMA,HC,1
38,PTH,GYNECO + OPH + RHUMA,DOM,1
40,PTG,GYNECO + OPH + RHUMA,HDJ,1
41,PTG,GYNECO + OPH + RHUMA,HC_HDJ,1
42,PTG,GYNECO + OPH + RHUMA,HC,1
44,PTH,GYNECO + OPH + RHUMA,DOM,1
45,PTG,GYNECO + OPH + RHUMA,HC,1
46,PTG,GYNECO + OPH + RHUMA,DOM,1
46,PTH,GYNECO + OPH + RHUMA,DOM,1
49,PTG,GYNECO + OPH + RHUMA,DOM,1
51,PTG,GYNECO + OPH + RHUMA,HC,1
54,PTG,GYNECO + OPH + RHUMA,HC,1
54,PTH,GYNECO + OPH + RHUMA,DOM,1
57,PTG,GYNECO + OPH + RHUMA,DOM,1
62,PTH,GYNECO + OPH + RHUMA,DOM,1
63,PTG,GYNECO + OPH + RHUMA,HC,1
63,PTH,GYNECO + OPH + RHUMA,DOM,1
63,PTH,GYNECO + OPH + RHUMA,HC,1
65,PTH,GYNECO + OPH + RHUMA,,1
66,PTG,GYNECO + OPH + RHUMA,DOM,1
66,PTG,GYNECO + OPH + RHUMA,HDJ,1
67,PTG,GYNECO + OPH + RHUMA,HDJ,1
67,PTH,GYNECO + OPH + RHUMA,DOM,1
67,PTH,GYNECO + OPH + RHUMA,HC,1
68,PTG,GYNECO + OPH + RHUMA,DOM,1
68,PTH,GYNECO + OPH + RHUMA,DOM,1
69,PTG,GYNECO + OPH + RHUMA,HC,1
71,PTH,GYNECO + OPH + RHUMA,HC,1
72,PTG,GYNECO + OPH + RHUMA,HC,1
74,PTH,GYNECO + OPH + RHUMA,HC,1
75,PTG,GYNECO + OPH + RHUMA,DOM,1
75,PTG,GYNECO + OPH + RHUMA,HC,1
75,PTH,GYNECO + OPH + RHUMA,DOM,1
75,PTH,GYNECO + OPH + RHUMA,HC,1
76,PTG,GYNECO + OPH + RHUMA,DOM,1
76,PTG,GYNECO + OPH + RHUMA,HC,1
76,PTH,GYNECO + OPH + RHUMA,DOM,1
78,PTG,GYNECO + OPH + RHUMA,DOM,1
78,PTH,GYNECO + OPH + RHUMA,DOM,1
79,PTH,GYNECO + OPH + RHUMA,DOM,1
80,PTG,GYNECO + OPH + RHUMA,DOM,1
83,PTG,GYNECO + OPH + RHUMA,HC,1
83,PTG,GYNECO + OPH + RHUMA,HDJ,1
84,PTG,GYNECO + OPH + RHUMA,DOM,1
84,PTG,GYNECO + OPH + RHUMA,HC,1
84,PTH,GYNECO + OPH + RHUMA,DOM,1
87,PTG,GYNECO + OPH + RHUMA,DOM,1
91,PTG,GYNECO + OPH + RHUMA,DOM,1
92,PTG,GYNECO + OPH + RHUMA,HC,1
92,PTG,GYNECO + OPH + RHUMA,HC_HDJ,1
92,PTH,GYNECO + OPH + RHUMA,DOM,1
93,PTG,GYNECO + OPH + RHUMA,DOM,1
94,PTG,GYNECO + OPH + RHUMA,DOM,1
94,PTG,GYNECO + OPH + RHUMA,HC,1
97,PTG,GYNECO + OPH + RHUMA,HC,1
13,PTH,GYNECO + OPH + RHUMA + URO,HDJ,1
45,PTH,GYNECO + OPH + RHUMA + URO,DOM,1
75,PTG,GYNECO + OPH + RHUMA + URO,DOM,1
13,PTG,GYNECO + OPH + URO,HDJ,1
16,PTG,GYNECO + OPH + URO,DOM,1
45,PTG,GYNECO + OPH + URO,DOM,1
46,PTG,GYNECO + OPH + URO,HC,1
59,PTG,GYNECO + OPH + URO,DOM,1
60,PTG,GYNECO + OPH + URO,DOM,1
72,PTH,GYNECO + OPH + URO,DOM,1
74,PTG,GYNECO + OPH + URO,DOM,1
17,PTH,GYNECO + ORL,DOM,2
44,PTH,GYNECO + ORL,DOM,2
60,PTH,GYNECO + ORL,DOM,2
64,PTG,GYNECO + ORL,HC,2
68,PTG,GYNECO + ORL,DOM,2
3,PTG,GYNECO + ORL,DOM,1
6,PTG,GYNECO + ORL,HDJ,1
7,PTH,GYNECO + ORL,DOM,1
11,PTG,GYNECO + ORL,HC,1
13,PTG,GYNECO + ORL,HC,1
14,PTG,GYNECO + ORL,DOM,1
15,PTH,GYNECO + ORL,HC,1
24,PTH,GYNECO + ORL,HC,1
27,PTG,GYNECO + ORL,DOM,1
27,PTG,GYNECO + ORL,HC,1
29,PTH,GYNECO + ORL,HC,1
33,PTH,GYNECO + ORL,DOM,1
34,PTG,GYNECO + ORL,HC,1
35,PTG,GYNECO + ORL,HC,1
35,PTH,GYNECO + ORL,DOM,1
37,PTG,GYNECO + ORL,DOM,1
38,PTH,GYNECO + ORL,DOM,1
41,PTG,GYNECO + ORL,HC,1
44,PTG,GYNECO + ORL,DOM,1
51,PTG,GYNECO + ORL,DOM,1
51,PTH,GYNECO + ORL,DOM,1
52,PTG,GYNECO + ORL,DOM,1
54,PTG,GYNECO + ORL,DOM,1
57,PTG,GYNECO + ORL,DOM,1
57,PTG,GYNECO + ORL,HC,1
59,PTH,GYNECO + ORL,HC,1
62,PTH,GYNECO + ORL,DOM,1
64,PTH,GYNECO + ORL,HC,1
67,PTH,GYNECO + ORL,HC,1
68,PTH,GYNECO + ORL,HC,1
69,PTG,GYNECO + ORL,DOM,1
70,PTG,GYNECO + ORL,DOM,1
71,PTG,GYNECO + ORL,DOM,1
71,PTG,GYNECO + ORL,HC,1
72,PTG,GYNECO + ORL,DOM,1
72,PTH,GYNECO + ORL,DOM,1
75,PTG,GYNECO + ORL,HC,1
76,PTG,GYNECO + ORL,DOM,1
77,PTG,GYNECO + ORL,HDJ,1
78,PTG,GYNECO + ORL,HC,1
78,PTG,GYNECO + ORL,HDJ,1
79,PTG,GYNECO + ORL,DOM,1
81,PTH,GYNECO + ORL,DOM,1
83,PTG,GYNECO + ORL,DOM,1
83,PTG,GYNECO + ORL,HC,1
84,PTH,GYNECO + ORL,DOM,1
91,PTG,GYNECO + ORL,HDJ,1
93,PTG,GYNECO + ORL,DOM,1
94,PTG,GYNECO + ORL,HC,1
94,PTH,GYNECO + ORL,DOM,1
95,PTG,GYNECO + ORL,DOM,1
95,PTG,GYNECO + ORL,HC,1
95,PTH,GYNECO + ORL,DOM,1
2,PTH,GYNECO + ORL + RHUMA,HC,1
6,PTH,GYNECO + ORL + RHUMA,DOM,1
17,PTG,GYNECO + ORL + RHUMA,DOM,1
29,PTG,GYNECO + ORL + RHUMA,HC,1
29,PTH,GYNECO + ORL + RHUMA,HC,1
31,PTH,GYNECO + ORL + RHUMA,HC,1
44,PTH,GYNECO + ORL + RHUMA,HC,1
49,PTH,GYNECO + ORL + RHUMA,DOM,1
52,PTH,GYNECO + ORL + RHUMA,DOM,1
54,PTG,GYNECO + ORL + RHUMA,HC_HDJ,1
54,PTH,GYNECO + ORL + RHUMA,DOM,1
62,PTH,GYNECO + ORL + RHUMA,HC,1
67,PTG,GYNECO + ORL + RHUMA,DOM,1
67,PTH,GYNECO + ORL + RHUMA,DOM,1
68,PTG,GYNECO + ORL + RHUMA,HC,1
68,PTG,GYNECO + ORL + RHUMA,HDJ,1
69,PTH,GYNECO + ORL + RHUMA,HC_HDJ,1
72,PTG,GYNECO + ORL + RHUMA,HC,1
74,PTH,GYNECO + ORL + RHUMA,DOM,1
75,PTH,GYNECO + ORL + RHUMA,DOM,1
76,PTG,GYNECO + ORL + RHUMA,DOM,1
76,PTG,GYNECO + ORL + RHUMA,HDJ,1
78,PTG,GYNECO + ORL + RHUMA,HC,1
89,PTG,GYNECO + ORL + RHUMA,DOM,1
91,PTG,GYNECO + ORL + RHUMA,DOM,1
91,PTG,GYNECO + ORL + RHUMA,HDJ,1
91,PTH,GYNECO + ORL + RHUMA,HC,1
93,PTG,GYNECO + ORL + RHUMA,DOM,1
94,PTG,GYNECO + ORL + RHUMA,HC,1
97,PTG,GYNECO + ORL + RHUMA,DOM,1
81,PTH,GYNECO + ORL + RHUMA + URO,HC,1
31,PTG,GYNECO + ORL + URO,HC,1
59,PTG,GYNECO + ORL + URO,DOM,1
62,PTG,GYNECO + ORL + URO,DOM,1
62,PTH,GYNECO + ORL + URO,HC,1
64,PTH,GYNECO + ORL + URO,HC,1
33,PTH,GYNECO + RHUMA,DOM,13
38,PTH,GYNECO + RHUMA,DOM,13
69,PTH,GYNECO + RHUMA,DOM,12
78,PTH,GYNECO + RHUMA,DOM,11
13,PTH,GYNECO + RHUMA,DOM,10
54,PTH,GYNECO + RHUMA,DOM,10
57,PTH,GYNECO + RHUMA,DOM,10
67,PTH,GYNECO + RHUMA,DOM,10
67,PTH,GYNECO + RHUMA,HC,10
33,PTG,GYNECO + RHUMA,DOM,9
59,PTG,GYNECO + RHUMA,DOM,8
59,PTH,GYNECO + RHUMA,DOM,8
33,PTG,GYNECO + RHUMA,HC,7
34,PTH,GYNECO + RHUMA,DOM,7
62,PTG,GYNECO + RHUMA,HC,7
67,PTG,GYNECO + RHUMA,DOM,7
77,PTH,GYNECO + RHUMA,DOM,7
38,PTG,GYNECO + RHUMA,DOM,6
59,PTG,GYNECO + RHUMA,HC,6
64,PTG,GYNECO + RHUMA,HC,6
68,PTH,GYNECO + RHUMA,DOM,6
83,PTH,GYNECO + RHUMA,DOM,6
91,PTH,GYNECO + RHUMA,DOM,6
94,PTH,GYNECO + RHUMA,DOM,6
33,PTH,GYNECO + RHUMA,HC,5
34,PTG,GYNECO + RHUMA,HC,5
44,PTG,GYNECO + RHUMA,DOM,5
56,PTH,GYNECO + RHUMA,DOM,5
59,PTH,GYNECO + RHUMA,HC,5
64,PTG,GYNECO + RHUMA,DOM,5
69,PTG,GYNECO + RHUMA,DOM,5
74,PTH,GYNECO + RHUMA,DOM,5
75,PTH,GYNECO + RHUMA,DOM,5
76,PTH,GYNECO + RHUMA,DOM,5
92,PTH,GYNECO + RHUMA,DOM,5
92,PTH,GYNECO + RHUMA,HC,5
1,PTH,GYNECO + RHUMA,HC,4
13,PTH,GYNECO + RHUMA,HC,4
17,PTG,GYNECO + RHUMA,DOM,4
29,PTH,GYNECO + RHUMA,DOM,4
38,PTG,GYNECO + RHUMA,HC,4
40,PTH,GYNECO + RHUMA,DOM,4
42,PTH,GYNECO + RHUMA,HC,4
54,PTG,GYNECO + RHUMA,DOM,4
60,PTH,GYNECO + RHUMA,DOM,4
62,PTH,GYNECO + RHUMA,DOM,4
63,PTG,GYNECO + RHUMA,DOM,4
69,PTG,GYNECO + RHUMA,HC,4
69,PTH,GYNECO + RHUMA,HC,4
71,PTH,GYNECO + RHUMA,DOM,4
74,PTG,GYNECO + RHUMA,DOM,4
84,PTH,GYNECO + RHUMA,DOM,4
92,PTG,GYNECO + RHUMA,HC,4
94,PTG,GYNECO + RHUMA,DOM,4
95,PTG,GYNECO + RHUMA,HC,4
95,PTH,GYNECO + RHUMA,DOM,4
2,PTG,GYNECO + RHUMA,DOM,3
2,PTH,GYNECO + RHUMA,HC,3
6,PTG,GYNECO + RHUMA,HC,3
13,PTG,GYNECO + RHUMA,DOM,3
13,PTG,GYNECO + RHUMA,HC,3
14,PTH,GYNECO + RHUMA,DOM,3
21,PTH,GYNECO + RHUMA,DOM,3
22,PTH,GYNECO + RHUMA,DOM,3
29,PTG,GYNECO + RHUMA,DOM,3
34,PTH,GYNECO + RHUMA,HC,3
42,PTG,GYNECO + RHUMA,HC,3
42,PTH,GYNECO + RHUMA,DOM,3
45,PTH,GYNECO + RHUMA,DOM,3
49,PTG,GYNECO + RHUMA,DOM,3
49,PTH,GYNECO + RHUMA,DOM,3
54,PTG,GYNECO + RHUMA,HC,3
57,PTG,GYNECO + RHUMA,DOM,3
57,PTG,GYNECO + RHUMA,HC,3
63,PTG,GYNECO + RHUMA,HC,3
66,PTG,GYNECO + RHUMA,DOM,3
68,PTG,GYNECO + RHUMA,DOM,3
71,PTG,GYNECO + RHUMA,HC,3
73,PTH,GYNECO + RHUMA,DOM,3
75,PTG,GYNECO + RHUMA,DOM,3
78,PTH,GYNECO + RHUMA,HC,3
83,PTG,GYNECO + RHUMA,DOM,3
84,PTH,GYNECO + RHUMA,HC,3
86,PTG,GYNECO + RHUMA,HC,3
88,PTG,GYNECO + RHUMA,DOM,3
95,PTG,GYNECO + RHUMA,DOM,3
1,PTG,GYNECO + RHUMA,DOM,2
1,PTG,GYNECO + RHUMA,HC,2
1,PTH,GYNECO + RHUMA,DOM,2
6,PTH,GYNECO + RHUMA,DOM,2
13,PTH,GYNECO + RHUMA,,2
14,PTG,GYNECO + RHUMA,HC,2
15,PTH,GYNECO + RHUMA,HC,2
16,PTH,GYNECO + RHUMA,HC,2
17,PTG,GYNECO + RHUMA,HC,2
21,PTG,GYNECO + RHUMA,HC,2
24,PTG,GYNECO + RHUMA,DOM,2
24,PTG,GYNECO + RHUMA,HC,2
25,PTG,GYNECO + RHUMA,DOM,2
26,PTG,GYNECO + RHUMA,DOM,2
26,PTG,GYNECO + RHUMA,HC,2
27,PTH,GYNECO + RHUMA,DOM,2
28,PTG,GYNECO + RHUMA,HC,2
28,PTH,GYNECO + RHUMA,HC,2
30,PTG,GYNECO + RHUMA,HC,2
30,PTG,GYNECO + RHUMA,HDJ,2
30,PTH,GYNECO + RHUMA,DOM,2
31,PTG,GYNECO + RHUMA,DOM,2
31,PTG,GYNECO + RHUMA,HC,2
31,PTH,GYNECO + RHUMA,HC,2
32,PTG,GYNECO + RHUMA,HC,2
34,PTG,GYNECO + RHUMA,DOM,2
36,PTG,GYNECO + RHUMA,HC,2
36,PTH,GYNECO + RHUMA,DOM,2
37,PTH,GYNECO + RHUMA,DOM,2
38,PTH,GYNECO + RHUMA,HC,2
43,PTH,GYNECO + RHUMA,DOM,2
51,PTG,GYNECO + RHUMA,HC,2
51,PTH,GYNECO + RHUMA,DOM,2
51,PTH,GYNECO + RHUMA,HC,2
55,PTG,GYNECO + RHUMA,HC,2
57,PTG,GYNECO + RHUMA,HDJ,2
57,PTH,GYNECO + RHUMA,HC,2
59,PTG,GYNECO + RHUMA,HDJ,2
60,PTG,GYNECO + RHUMA,DOM,2
63,PTH,GYNECO + RHUMA,DOM,2
64,PTH,GYNECO + RHUMA,HC,2
65,PTG,GYNECO + RHUMA,HC,2
66,PTH,GYNECO + RHUMA,DOM,2
67,PTG,GYNECO + RHUMA,HC,2
67,PTG,GYNECO + RHUMA,HDJ,2
71,PTH,GYNECO + RHUMA,HC,2
73,PTG,GYNECO + RHUMA,HC,2
74,PTG,GYNECO + RHUMA,HC,2
75,PTG,GYNECO + RHUMA,HDJ,2
75,PTH,GYNECO + RHUMA,,2
77,PTG,GYNECO + RHUMA,HC,2
77,PTH,GYNECO + RHUMA,HC,2
78,PTG,GYNECO + RHUMA,DOM,2
78,PTG,GYNECO + RHUMA,HC,2
79,PTG,GYNECO + RHUMA,DOM,2
79,PTH,GYNECO + RHUMA,HC,2
80,PTH,GYNECO + RHUMA,DOM,2
82,PTG,GYNECO + RHUMA,DOM,2
82,PTH,GYNECO + RHUMA,HC,2
83,PTG,GYNECO + RHUMA,HC,2
84,PTG,GYNECO + RHUMA,DOM,2
84,PTG,GYNECO + RHUMA,HDJ,2
85,PTG,GYNECO + RHUMA,DOM,2
92,PTG,GYNECO + RHUMA,HDJ,2
93,PTG,GYNECO + RHUMA,HC,2
93,PTH,GYNECO + RHUMA,DOM,2
3,PTG,GYNECO + RHUMA,DOM,1
3,PTH,GYNECO + RHUMA,DOM,1
4,PTH,GYNECO + RHUMA,DOM,1
4,PTH,GYNECO + RHUMA,HC,1
5,PTG,GYNECO + RHUMA,HC,1
6,PTH,GYNECO + RHUMA,HC,1
7,PTG,GYNECO + RHUMA,DOM,1
8,PTG,GYNECO + RHUMA,DOM,1
8,PTG,GYNECO + RHUMA,HC,1
8,PTH,GYNECO + RHUMA,DOM,1
9,PTG,GYNECO + RHUMA,HC,1
9,PTH,GYNECO + RHUMA,DOM,1
10,PTH,GYNECO + RHUMA,HC,1
11,PTG,GYNECO + RHUMA,HC,1
11,PTG,GYNECO + RHUMA,HDJ,1
11,PTH,GYNECO + RHUMA,,1
11,PTH,GYNECO + RHUMA,DOM,1
11,PTH,GYNECO + RHUMA,HC,1
12,PTG,GYNECO + RHUMA,HC,1
13,PTG,GYNECO + RHUMA,HDJ,1
15,PTH,GYNECO + RHUMA,DOM,1
16,PTG,GYNECO + RHUMA,DOM,1
16,PTG,GYNECO + RHUMA,HC,1
17,PTH,GYNECO + RHUMA,DOM,1
18,PTG,GYNECO + RHUMA,DOM,1
18,PTG,GYNECO + RHUMA,HC,1
19,PTG,GYNECO + RHUMA,DOM,1
21,PTH,GYNECO + RHUMA,HC,1
22,PTG,GYNECO + RHUMA,DOM,1
22,PTG,GYNECO + RHUMA,HC,1
23,PTG,GYNECO + RHUMA,DOM,1
26,PTH,GYNECO + RHUMA,DOM,1
27,PTG,GYNECO + RHUMA,DOM,1
27,PTG,GYNECO + RHUMA,HDJ,1
27,PTH,GYNECO + RHUMA,HC,1
28,PTG,GYNECO + RHUMA,DOM,1
28,PTH,GYNECO + RHUMA,DOM,1
29,PTG,GYNECO + RHUMA,HC,1
29,PTH,GYNECO + RHUMA,HC,1
30,PTH,GYNECO + RHUMA,HC,1
31,PTG,GYNECO + RHUMA,HC_HDJ,1
31,PTG,GYNECO + RHUMA,HDJ,1
31,PTH,GYNECO + RHUMA,DOM,1
32,PTG,GYNECO + RHUMA,DOM,1
34,PTH,GYNECO + RHUMA,,1
35,PTG,GYNECO + RHUMA,DOM,1
35,PTG,GYNECO + RHUMA,HC,1
35,PTH,GYNECO + RHUMA,DOM,1
35,PTH,GYNECO + RHUMA,HC,1
36,PTG,GYNECO + RHUMA,HDJ,1
37,PTG,GYNECO + RHUMA,DOM,1
38,PTG,GYNECO + RHUMA,HDJ,1
39,PTG,GYNECO + RHUMA,HC,1
39,PTH,GYNECO + RHUMA,HC,1
40,PTH,GYNECO + RHUMA,HC,1
41,PTG,GYNECO + RHUMA,DOM,1
41,PTH,GYNECO + RHUMA,DOM,1
42,PTG,GYNECO + RHUMA,HDJ,1
43,PTG,GYNECO + RHUMA,DOM,1
43,PTG,GYNECO + RHUMA,HC,1
43,PTH,GYNECO + RHUMA,HC,1
44,PTH,GYNECO + RHUMA,HC,1
45,PTG,GYNECO + RHUMA,DOM,1
46,PTG,GYNECO + RHUMA,DOM,1
46,PTG,GYNECO + RHUMA,HC,1
46,PTH,GYNECO + RHUMA,DOM,1
47,PTG,GYNECO + RHUMA,DOM,1
47,PTH,GYNECO + RHUMA,DOM,1
48,PTG,GYNECO + RHUMA,HC,1
49,PTG,GYNECO + RHUMA,HC,1
50,PTG,GYNECO + RHUMA,HC,1
52,PTH,GYNECO + RHUMA,DOM,1
52,PTH,GYNECO + RHUMA,HC,1
53,PTH,GYNECO + RHUMA,DOM,1
54,PTH,GYNECO + RHUMA,HC,1
55,PTH,GYNECO + RHUMA,HC,1
56,PTG,GYNECO + RHUMA,HC,1
56,PTH,GYNECO + RHUMA,HC,1
58,PTG,GYNECO + RHUMA,HC,1
58,PTH,GYNECO + RHUMA,DOM,1
61,PTH,GYNECO + RHUMA,DOM,1
62,PTG,GYNECO + RHUMA,DOM,1
62,PTH,GYNECO + RHUMA,,1
63,PTG,GYNECO + RHUMA,HDJ,1
64,PTG,GYNECO + RHUMA,HDJ,1
64,PTH,GYNECO + RHUMA,DOM,1
65,PTH,GYNECO + RHUMA,DOM,1
65,PTH,GYNECO + RHUMA,HC,1
66,PTG,GYNECO + RHUMA,HC,1
66,PTH,GYNECO + RHUMA,HC,1
67,PTH,GYNECO + RHUMA,HDJ,1
68,PTG,GYNECO + RHUMA,HC,1
68,PTG,GYNECO + RHUMA,HDJ,1
69,PTG,GYNECO + RHUMA,HC_HDJ,1
69,PTG,GYNECO + RHUMA,HDJ,1
69,PTH,GYNECO + RHUMA,HDJ,1
70,PTG,GYNECO + RHUMA,DOM,1
70,PTH,GYNECO + RHUMA,DOM,1
71,PTG,GYNECO + RHUMA,DOM,1
73,PTG,GYNECO + RHUMA,DOM,1
73,PTH,GYNECO + RHUMA,HC,1
74,PTG,GYNECO + RHUMA,HC_HDJ,1
74,PTG,GYNECO + RHUMA,HDJ,1
75,PTG,GYNECO + RHUMA,HC_HDJ,1
75,PTH,GYNECO + RHUMA,HC,1
76,PTG,GYNECO + RHUMA,DOM,1
76,PTG,GYNECO + RHUMA,HC,1
76,PTG,GYNECO + RHUMA,HDJ,1
76,PTH,GYNECO + RHUMA,HC,1
77,PTG,GYNECO + RHUMA,DOM,1
78,PTG,GYNECO + RHUMA,HDJ,1
79,PTH,GYNECO + RHUMA,DOM,1
81,PTG,GYNECO + RHUMA,HC,1
81,PTH,GYNECO + RHUMA,DOM,1
83,PTG,GYNECO + RHUMA,HDJ,1
83,PTH,GYNECO + RHUMA,HC_HDJ,1
84,PTG,GYNECO + RHUMA,HC,1
85,PTG,GYNECO + RHUMA,HC,1
85,PTH,GYNECO + RHUMA,DOM,1
86,PTH,GYNECO + RHUMA,HC,1
87,PTG,GYNECO + RHUMA,HC,1
87,PTG,GYNECO + RHUMA,HDJ,1
87,PTH,GYNECO + RHUMA,HC,1
88,PTG,GYNECO + RHUMA,HC_HDJ,1
88,PTH,GYNECO + RHUMA,DOM,1
89,PTG,GYNECO + RHUMA,HC,1
89,PTH,GYNECO + RHUMA,HC,1
90,PTH,GYNECO + RHUMA,DOM,1
91,PTG,GYNECO + RHUMA,DOM,1
91,PTG,GYNECO + RHUMA,HC,1
91,PTG,GYNECO + RHUMA,HC_HDJ,1
91,PTG,GYNECO + RHUMA,HDJ,1
91,PTH,GYNECO + RHUMA,HC,1
92,PTG,GYNECO + RHUMA,DOM,1
92,PTH,GYNECO + RHUMA,,1
93,PTH,GYNECO + RHUMA,HC,1
94,PTG,GYNECO + RHUMA,HC,1
94,PTH,GYNECO + RHUMA,,1
95,PTG,GYNECO + RHUMA,HC_HDJ,1
95,PTH,GYNECO + RHUMA,,1
95,PTH,GYNECO + RHUMA,HC,1
1,PTH,GYNECO + RHUMA + URO,DOM,1
5,PTH,GYNECO + RHUMA + URO,DOM,1
6,PTH,GYNECO + RHUMA + URO,DOM,1
20,PTH,GYNECO + RHUMA + URO,DOM,1
33,PTG,GYNECO + RHUMA + URO,HC,1
62,PTG,GYNECO + RHUMA + URO,HC,1
64,PTH,GYNECO + RHUMA + URO,DOM,1
74,PTG,GYNECO + RHUMA + URO,DOM,1
75,PTH,GYNECO + RHUMA + URO,DOM,1
88,PTH,GYNECO + RHUMA + URO,DOM,1
93,PTH,GYNECO + RHUMA + URO,HC,1
59,PTG,GYNECO + URO,DOM,3
1,PTG,GYNECO + URO,HC,1
2,PTG,GYNECO + URO,DOM,1
2,PTH,GYNECO + URO,DOM,1
2,PTH,GYNECO + URO,HC,1
5,PTG,GYNECO + URO,HC,1
18,PTG,GYNECO + URO,DOM,1
18,PTH,GYNECO + URO,DOM,1
22,PTG,GYNECO + URO,DOM,1
26,PTG,GYNECO + URO,DOM,1
26,PTH,GYNECO + URO,HC,1
29,PTH,GYNECO + URO,HC,1
30,PTG,GYNECO + URO,HC,1
30,PTH,GYNECO + URO,HC,1
34,PTH,GYNECO + URO,DOM,1
34,PTH,GYNECO + URO,HC,1
35,PTH,GYNECO + URO,DOM,1
39,PTH,GYNECO + URO,DOM,1
45,PTG,GYNECO + URO,HC,1
45,PTH,GYNECO + URO,HC,1
56,PTH,GYNECO + URO,DOM,1
57,PTG,GYNECO + URO,HC,1
57,PTH,GYNECO + URO,DOM,1
59,PTG,GYNECO + URO,HC,1
60,PTG,GYNECO + URO,DOM,1
61,PTG,GYNECO + URO,DOM,1
61,PTH,GYNECO + URO,HC,1
62,PTH,GYNECO + URO,DOM,1
64,PTG,GYNECO + URO,HC,1
67,PTH,GYNECO + URO,DOM,1
68,PTG,GYNECO + URO,HC,1
69,PTG,GYNECO + URO,DOM,1
69,PTG,GYNECO + URO,HC,1
72,PTG,GYNECO + URO,HC,1
74,PTG,GYNECO + URO,DOM,1
76,PTG,GYNECO + URO,HC,1
76,PTH,GYNECO + URO,DOM,1
78,PTG,GYNECO + URO,HDJ,1
78,PTH,GYNECO + URO,DOM,1
80,PTG,GYNECO + URO,DOM,1
85,PTH,GYNECO + URO,DOM,1
86,PTG,GYNECO + URO,DOM,1
89,PTH,GYNECO + URO,HC,1
94,PTH,GYNECO + URO,DOM,1
95,PTG,GYNECO + URO,HC,1
99,PTG,GYNECO + URO,,1
59,PTH,OPH,DOM,87
59,PTG,OPH,HC,71
76,PTH,OPH,DOM,71
59,PTG,OPH,DOM,62
35,PTH,OPH,DOM,60
33,PTH,OPH,DOM,56
33,PTG,OPH,DOM,55
44,PTH,OPH,DOM,52
29,PTH,OPH,DOM,49
67,PTG,OPH,DOM,48
77,PTH,OPH,DOM,48
88,PTG,OPH,DOM,44
35,PTG,OPH,DOM,42
62,PTH,OPH,DOM,41
31,PTG,OPH,HC,40
76,PTG,OPH,DOM,40
60,PTH,OPH,DOM,39
17,PTH,OPH,DOM,38
22,PTH,OPH,DOM,38
78,PTH,OPH,DOM,38
16,PTH,OPH,DOM,37
22,PTG,OPH,DOM,37
29,PTG,OPH,DOM,37
88,PTH,OPH,DOM,36
60,PTG,OPH,DOM,35
67,PTH,OPH,DOM,35
2,PTH,OPH,DOM,34
33,PTG,OPH,HC,34
56,PTH,OPH,DOM,34
97,PTG,OPH,DOM,34
13,PTG,OPH,HC,33
54,PTG,OPH,DOM,33
57,PTH,OPH,DOM,32
44,PTG,OPH,DOM,31
60,PTG,OPH,HC,31
62,PTG,OPH,HC,31
85,PTG,OPH,DOM,31
17,PTG,OPH,DOM,30
27,PTH,OPH,DOM,30
59,PTH,OPH,HC,30
97,PTG,OPH,HC,30
29,PTG,OPH,HC,29
30,PTH,OPH,DOM,29
40,PTG,OPH,DOM,29
54,PTH,OPH,DOM,29
57,PTG,OPH,DOM,29
76,PTG,OPH,HC,29
40,PTH,OPH,DOM,28
91,PTH,OPH,DOM,28
13,PTH,OPH,DOM,27
42,PTH,OPH,DOM,27
44,PTG,OPH,HC,27
77,PTG,OPH,DOM,27
78,PTG,OPH,HC,27
11,PTG,OPH,HC,26
13,PTH,OPH,HC,26
17,PTG,OPH,HC,26
31,PTH,OPH,DOM,26
51,PTH,OPH,DOM,26
69,PTH,OPH,DOM,26
72,PTH,OPH,DOM,26
75,PTH,OPH,DOM,26
91,PTG,OPH,HC,26
6,PTG,OPH,HC,25
30,PTH,OPH,HC,25
54,PTG,OPH,HC,25
1,PTG,OPH,HC,24
30,PTG,OPH,HC,24
31,PTH,OPH,HC,24
45,PTH,OPH,DOM,24
66,PTG,OPH,DOM,24
85,PTH,OPH,DOM,24
34,PTG,OPH,HC,23
41,PTH,OPH,DOM,23
58,PTG,OPH,DOM,23
62,PTG,OPH,DOM,23
63,PTH,OPH,DOM,23
64,PTG,OPH,HC,23
68,PTG,OPH,HC,23
78,PTG,OPH,DOM,23
86,PTH,OPH,DOM,23
88,PTG,OPH,HC,23
95,PTH,OPH,DOM,23
24,PTH,OPH,DOM,22
29,PTH,OPH,HC,22
64,PTH,OPH,DOM,22
83,PTG,OPH,HC,22
16,PTG,OPH,DOM,21
38,PTH,OPH,DOM,21
45,PTG,OPH,HC,21
68,PTG,OPH,DOM,21
71,PTH,OPH,DOM,21
77,PTG,OPH,HC,21
84,PTH,OPH,DOM,21
86,PTG,OPH,DOM,21
3,PTG,OPH,DOM,20
3,PTH,OPH,DOM,20
11,PTH,OPH,DOM,20
22,PTG,OPH,HC,20
27,PTG,OPH,HC,20
31,PTG,OPH,DOM,20
37,PTH,OPH,DOM,20
38,PTG,OPH,DOM,20
38,PTG,OPH,HC,20
49,PTG,OPH,DOM,20
49,PTH,OPH,DOM,20
51,PTG,OPH,DOM,20
63,PTG,OPH,DOM,20
68,PTH,OPH,DOM,20
83,PTG,OPH,DOM,20
2,PTG,OPH,DOM,19
6,PTH,OPH,DOM,19
13,PTG,OPH,DOM,19
14,PTH,OPH,DOM,19
42,PTG,OPH,HC,19
44,PTH,OPH,HC,19
66,PTG,OPH,HC,19
83,PTH,OPH,DOM,19
84,PTG,OPH,DOM,19
1,PTH,OPH,DOM,18
6,PTH,OPH,HC,18
17,PTH,OPH,HC,18
22,PTH,OPH,HC,18
26,PTH,OPH,DOM,18
35,PTG,OPH,HC,18
42,PTH,OPH,HC,18
47,PTG,OPH,DOM,18
57,PTG,OPH,HC,18
58,PTH,OPH,DOM,18
62,PTH,OPH,HC,18
63,PTG,OPH,HC,18
74,PTH,OPH,DOM,18
91,PTG,OPH,DOM,18
94,PTH,OPH,DOM,18
95,PTG,OPH,HC,18
33,PTH,OPH,HC,17
72,PTH,OPH,HC,17
74,PTG,OPH,DOM,17
76,PTH,OPH,HC,17
79,PTH,OPH,DOM,17
87,PTH,OPH,DOM,17
92,PTH,OPH,DOM,17
32,PTG,OPH,DOM,16
34,PTH,OPH,DOM,16
35,PTH,OPH,HC,16
40,PTG,OPH,HC,16
41,PTG,OPH,DOM,16
42,PTG,OPH,DOM,16
56,PTG,OPH,DOM,16
67,PTG,OPH,HC,16
69,PTG,OPH,HC,16
75,PTH,OPH,HC,16
81,PTH,OPH,DOM,16
83,PTH,OPH,HC,16
85,PTG,OPH,HC,16
24,PTG,OPH,DOM,15
27,PTG,OPH,DOM,15
27,PTH,OPH,HC,15
47,PTH,OPH,DOM,15
50,PTH,OPH,DOM,15
51,PTG,OPH,HC,15
55,PTG,OPH,DOM,15
73,PTH,OPH,DOM,15
86,PTG,OPH,HC,15
12,PTH,OPH,DOM,14
14,PTH,OPH,HC,14
21,PTH,OPH,DOM,14
25,PTH,OPH,DOM,14
26,PTH,OPH,HC,14
30,PTG,OPH,DOM,14
39,PTG,OPH,HC,14
57,PTG,OPH,HDJ,14
61,PTH,OPH,DOM,14
69,PTG,OPH,DOM,14
71,PTG,OPH,HC,14
71,PTH,OPH,HC,14
72,PTG,OPH,DOM,14
81,PTG,OPH,HC,14
84,PTG,OPH,HC,14
87,PTG,OPH,DOM,14
11,PTG,OPH,DOM,13
14,PTG,OPH,HC,13
16,PTG,OPH,HC,13
24,PTG,OPH,HC,13
39,PTH,OPH,DOM,13
49,PTG,OPH,HC,13
49,PTH,OPH,HC,13
50,PTG,OPH,HC,13
56,PTG,OPH,HC,13
67,PTH,OPH,HC,13
69,PTH,OPH,HC,13
71,PTG,OPH,DOM,13
73,PTG,OPH,DOM,13
75,PTG,OPH,DOM,13
75,PTG,OPH,HC,13
77,PTH,OPH,HC,13
79,PTG,OPH,DOM,13
81,PTG,OPH,DOM,13
6,PTG,OPH,DOM,12
16,PTH,OPH,HC,12
18,PTG,OPH,HC,12
18,PTH,OPH,DOM,12
21,PTG,OPH,DOM,12
21,PTG,OPH,HC,12
26,PTG,OPH,DOM,12
26,PTG,OPH,HC,12
41,PTH,OPH,HC,12
45,PTG,OPH,DOM,12
53,PTH,OPH,DOM,12
54,PTH,OPH,HC,12
56,PTH,OPH,HC,12
64,PTG,OPH,DOM,12
66,PTH,OPH,HC,12
74,PTG,OPH,HC,12
86,PTH,OPH,HC,12
94,PTG,OPH,HC,12
13,PTG,OPH,HDJ,11
21,PTH,OPH,HC,11
36,PTH,OPH,DOM,11
41,PTG,OPH,HC,11
47,PTG,OPH,HC,11
47,PTH,OPH,HC,11
64,PTH,OPH,HC,11
72,PTG,OPH,HC,11
85,PTH,OPH,HC,11
87,PTG,OPH,HDJ,11
92,PTG,OPH,DOM,11
95,PTG,OPH,DOM,11
1,PTH,OPH,HC,10
7,PTG,OPH,DOM,10
10,PTH,OPH,DOM,10
11,PTH,OPH,HC,10
25,PTG,OPH,DOM,10
28,PTG,OPH,HC,10
55,PTG,OPH,HC,10
55,PTH,OPH,DOM,10
60,PTH,OPH,HC,10
66,PTH,OPH,DOM,10
70,PTG,OPH,DOM,10
79,PTG,OPH,HC,10
80,PTH,OPH,HC,10
92,PTG,OPH,HC,10
93,PTG,OPH,HC,10
93,PTH,OPH,HC,10
94,PTG,OPH,DOM,10
2,PTG,OPH,HC,9
7,PTH,OPH,DOM,9
10,PTG,OPH,DOM,9
15,PTG,OPH,HC,9
15,PTH,OPH,DOM,9
32,PTH,OPH,DOM,9
37,PTG,OPH,HC,9
43,PTG,OPH,DOM,9
57,PTH,OPH,HC,9
61,PTG,OPH,HC,9
65,PTG,OPH,HC,9
84,PTH,OPH,HC,9
92,PTH,OPH,HC,9
93,PTH,OPH,DOM,9
1,PTG,OPH,DOM,8
3,PTG,OPH,HC,8
7,PTG,OPH,HC,8
8,PTH,OPH,DOM,8
10,PTG,OPH,HC,8
31,PTG,OPH,HDJ,8
34,PTG,OPH,DOM,8
37,PTH,OPH,HC,8
39,PTG,OPH,DOM,8
43,PTH,OPH,DOM,8
45,PTH,OPH,HC,8
50,PTH,OPH,HC,8
52,PTG,OPH,DOM,8
58,PTH,OPH,HC,8
65,PTH,OPH,DOM,8
65,PTH,OPH,HC,8
81,PTH,OPH,HC,8
82,PTG,OPH,DOM,8
91,PTH,OPH,HC,8
93,PTG,OPH,DOM,8
94,PTH,OPH,HC,8
3,PTH,OPH,HC,7
4,PTG,OPH,HC,7
5,PTH,OPH,DOM,7
9,PTH,OPH,HC,7
11,PTG,OPH,HDJ,7
12,PTG,OPH,HC,7
19,PTG,OPH,HC,7
23,PTH,OPH,DOM,7
25,PTG,OPH,HC,7
25,PTH,OPH,HC,7
32,PTG,OPH,HC,7
43,PTH,OPH,HC,7
51,PTH,OPH,HC,7
58,PTG,OPH,HC,7
61,PTG,OPH,DOM,7
65,PTG,OPH,DOM,7
66,PTG,OPH,HDJ,7
68,PTG,OPH,HDJ,7
68,PTH,OPH,HC,7
70,PTG,OPH,HC,7
73,PTH,OPH,HC,7
79,PTH,OPH,HC,7
82,PTH,OPH,DOM,7
95,PTH,OPH,HC,7
97,PTG,OPH,,7
97,PTH,OPH,DOM,7
97,PTH,OPH,HC,7
8,PTG,OPH,DOM,6
8,PTG,OPH,HC,6
9,PTG,OPH,HC,6
15,PTH,OPH,HC,6
18,PTG,OPH,DOM,6
20,PTH,OPH,DOM,6
23,PTG,OPH,DOM,6
28,PTG,OPH,DOM,6
28,PTH,OPH,DOM,6
37,PTG,OPH,DOM,6
38,PTH,OPH,HC,6
43,PTG,OPH,HC,6
46,PTG,OPH,DOM,6
46,PTG,OPH,HC,6
59,PTG,OPH,HDJ,6
63,PTH,OPH,HC,6
70,PTH,OPH,DOM,6
73,PTG,OPH,HC,6
77,PTG,OPH,HDJ,6
78,PTH,OPH,HC,6
83,PTH,OPH,HDJ,6
88,PTH,OPH,HC,6
89,PTH,OPH,DOM,6
95,PTG,OPH,HDJ,6
9,PTH,OPH,DOM,5
12,PTH,OPH,HC,5
13,PTH,OPH,HDJ,5
18,PTH,OPH,HC,5
19,PTH,OPH,DOM,5
23,PTG,OPH,HC,5
24,PTH,OPH,HC,5
28,PTH,OPH,HC,5
32,PTH,OPH,HC,5
34,PTH,OPH,HC,5
40,PTH,OPH,HC,5
53,PTH,OPH,HC,5
67,PTH,OPH,HDJ,5
69,PTG,OPH,HDJ,5
70,PTH,OPH,HC,5
80,PTH,OPH,DOM,5
82,PTG,OPH,HC,5
82,PTH,OPH,HC,5
83,PTG,OPH,HDJ,5
87,PTG,OPH,HC,5
89,PTG,OPH,DOM,5
93,PTG,OPH,HDJ,5
2,PTH,OPH,HC,4
4,PTH,OPH,DOM,4
5,PTH,OPH,HC,4
6,PTH,OPH,,4
7,PTH,OPH,HC,4
12,PTG,OPH,DOM,4
13,PTG,OPH,HC_HDJ,4
14,PTG,OPH,DOM,4
15,PTG,OPH,DOM,4
20,PTG,OPH,HC,4
36,PTH,OPH,HC,4
46,PTH,OPH,DOM,4
46,PTH,OPH,HC,4
53,PTG,OPH,DOM,4
55,PTH,OPH,HC,4
61,PTH,OPH,HC,4
69,PTG,OPH,,4
74,PTH,OPH,HC,4
89,PTG,OPH,HC,4
89,PTH,OPH,HC,4
91,PTG,OPH,HDJ,4
3,PTH,OPH,,3
13,PTH,OPH,,3
17,PTG,OPH,,3
23,PTH,OPH,HC,3
27,PTG,OPH,HDJ,3
29,PTG,OPH,HDJ,3
29,PTH,OPH,,3
33,PTH,OPH,,3
36,PTG,OPH,DOM,3
50,PTG,OPH,DOM,3
52,PTH,OPH,DOM,3
55,PTH,OPH,,3
57,PTG,OPH,,3
59,PTH,OPH,,3
63,PTG,OPH,HDJ,3
67,PTG,OPH,,3
74,PTG,OPH,HDJ,3
74,PTH,OPH,,3
75,PTG,OPH,,3
75,PTG,OPH,HDJ,3
78,PTG,OPH,HC_HDJ,3
78,PTG,OPH,HDJ,3
85,PTH,OPH,,3
91,PTH,OPH,,3
92,PTH,OPH,,3
97,PTG,OPH,HDJ,3
99,PTG,OPH,HC,3
99,PTH,OPH,DOM,3
3,PTG,OPH,HDJ,2
4,PTH,OPH,,2
4,PTH,OPH,HC,2
5,PTG,OPH,DOM,2
5,PTG,OPH,HC,2
6,PTG,OPH,HDJ,2
6,PTH,OPH,HDJ,2
7,PTG,OPH,,2
7,PTH,OPH,,2
9,PTG,OPH,DOM,2
11,PTG,OPH,HC_HDJ,2
11,PTH,OPH,,2
17,PTG,OPH,HC_HDJ,2
17,PTH,OPH,,2
19,PTG,OPH,DOM,2
20,PTG,OPH,DOM,2
22,PTG,OPH,,2
27,PTG,OPH,,2
29,PTG,OPH,,2
31,PTG,OPH,HC_HDJ,2
31,PTH,OPH,,2
32,PTG,OPH,,2
34,PTG,OPH,HDJ,2
36,PTG,OPH,HC,2
38,PTG,OPH,,2
39,PTH,OPH,HC,2
41,PTG,OPH,,2
42,PTG,OPH,HDJ,2
44,PTG,OPH,HC_HDJ,2
44,PTG,OPH,HDJ,2
46,PTH,OPH,,2
48,PTG,OPH,HC,2
48,PTH,OPH,HC,2
51,PTG,OPH,,2
52,PTG,OPH,HC,2
53,PTG,OPH,HC,2
55,PTG,OPH,,2
59,PTG,OPH,HC_HDJ,2
63,PTH,OPH,HDJ,2
64,PTH,OPH,,2
66,PTH,OPH,,2
69,PTG,OPH,HC_HDJ,2
72,PTG,OPH,HDJ,2
76,PTG,OPH,HDJ,2
78,PTG,OPH,,2
78,PTH,OPH,,2
80,PTG,OPH,HC,2
83,PTG,OPH,,2
83,PTH,OPH,HC_HDJ,2
84,PTG,OPH,,2
84,PTG,OPH,HDJ,2
84,PTH,OPH,,2
86,PTG,OPH,,2
90,PTG,OPH,HC,2
90,PTH,OPH,DOM,2
91,PTG,OPH,,2
91,PTH,OPH,HDJ,2
94,PTG,OPH,,2
99,PTG,OPH,DOM,2
1,PTG,OPH,HDJ,1
1,PTH,OPH,,1
1,PTH,OPH,HDJ,1
2,PTG,OPH,HC_HDJ,1
2,PTH,OPH,,1
4,PTG,OPH,,1
4,PTG,OPH,DOM,1
4,PTG,OPH,HC_HDJ,1
5,PTG,OPH,,1
6,PTG,OPH,,1
6,PTG,OPH,HC_HDJ,1
6,PTH,OPH,HC_HDJ,1
10,PTH,OPH,,1
10,PTH,OPH,HC,1
11,PTG,OPH,,1
11,PTH,OPH,HDJ,1
14,PTG,OPH,HDJ,1
14,PTH,OPH,,1
16,PTH,OPH,,1
17,PTG,OPH,HDJ,1
18,PTG,OPH,HDJ,1
18,PTH,OPH,,1
18,PTH,OPH,HDJ,1
19,PTG,OPH,HDJ,1
19,PTH,OPH,HC,1
20,PTG,OPH,HDJ,1
20,PTH,OPH,,1
21,PTG,OPH,HDJ,1
22,PTH,OPH,,1
23,PTG,OPH,HC_HDJ,1
26,PTG,OPH,,1
28,PTG,OPH,HC_HDJ,1
28,PTG,OPH,HDJ,1
28,PTH,OPH,,1
29,PTG,OPH,HC_HDJ,1
29,PTH,OPH,HC_HDJ,1
29,PTH,OPH,HDJ,1
30,PTG,OPH,HC_HDJ,1
30,PTG,OPH,HDJ,1
30,PTH,OPH,,1
30,PTH,OPH,HC_HDJ,1
31,PTG,OPH,,1
31,PTH,OPH,HC_HDJ,1
32,PTG,OPH,HDJ,1
33,PTG,OPH,HDJ,1
33,PTH,OPH,HC_HDJ,1
34,PTG,OPH,,1
34,PTH,OPH,,1
35,PTG,OPH,HC_HDJ,1
35,PTG,OPH,HDJ,1
35,PTH,OPH,,1
36,PTH,OPH,,1
36,PTH,OPH,HDJ,1
38,PTG,OPH,HDJ,1
39,PTG,OPH,,1
39,PTH,OPH,,1
40,PTG,OPH,HDJ,1
42,PTG,OPH,HC_HDJ,1
44,PTH,OPH,,1
44,PTH,OPH,HDJ,1
45,PTH,OPH,,1
48,PTH,OPH,DOM,1
49,PTH,OPH,,1
50,PTG,OPH,,1
50,PTG,OPH,HC_HDJ,1
50,PTH,OPH,,1
51,PTH,OPH,,1
52,PTH,OPH,HC,1
54,PTG,OPH,,1
54,PTG,OPH,HC_HDJ,1
54,PTG,OPH,HDJ,1
55,PTG,OPH,HC_HDJ,1
56,PTG,OPH,HC_HDJ,1
57,PTG,OPH,HC_HDJ,1
57,PTH,OPH,,1
58,PTG,OPH,,1
58,PTH,OPH,,1
59,PTG,OPH,,1
60,PTG,OPH,,1
60,PTG,OPH,HC_HDJ,1
63,PTG,OPH,,1
63,PTG,OPH,HC_HDJ,1
64,PTG,OPH,HDJ,1
64,PTH,OPH,HC_HDJ,1
65,PTG,OPH,HC_HDJ,1
65,PTH,OPH,,1
66,PTH,OPH,HDJ,1
67,PTG,OPH,HDJ,1
68,PTH,OPH,HC_HDJ,1
68,PTH,OPH,HDJ,1
69,PTH,OPH,HC_HDJ,1
69,PTH,OPH,HDJ,1
70,PTG,OPH,,1
71,PTH,OPH,,1
72,PTG,OPH,,1
73,PTH,OPH,,1
74,PTG,OPH,HC_HDJ,1
75,PTH,OPH,,1
75,PTH,OPH,HC_HDJ,1
75,PTH,OPH,HDJ,1
76,PTG,OPH,,1
76,PTH,OPH,,1
77,PTG,OPH,HC_HDJ,1
77,PTH,OPH,,1
77,PTH,OPH,HC_HDJ,1
78,PTH,OPH,HC_HDJ,1
80,PTG,OPH,DOM,1
81,PTG,OPH,HC_HDJ,1
81,PTH,OPH,HDJ,1
83,PTG,OPH,HC_HDJ,1
83,PTH,OPH,,1
85,PTG,OPH,HC_HDJ,1
86,PTG,OPH,HC_HDJ,1
87,PTG,OPH,,1
87,PTH,OPH,HC,1
88,PTG,OPH,,1
88,PTG,OPH,HDJ,1
88,PTH,OPH,,1
89,PTG,OPH,,1
89,PTG,OPH,HC_HDJ,1
91,PTG,OPH,HC_HDJ,1
92,PTG,OPH,,1
92,PTG,OPH,HC_HDJ,1
92,PTG,OPH,HDJ,1
93,PTG,OPH,HC_HDJ,1
93,PTH,OPH,HC_HDJ,1
94,PTG,OPH,HC_HDJ,1
95,PTH,OPH,,1
98,PTH,OPH,DOM,1
99,PTH,OPH,HC,1
209,PTG,OPH,HC,1
991,PTH,OPH,HC,1
67,PTG,OPH + ORL,DOM,5
83,PTH,OPH + ORL,DOM,5
95,PTH,OPH + ORL,DOM,4
13,PTG,OPH + ORL,DOM,3
16,PTH,OPH + ORL,DOM,3
51,PTG,OPH + ORL,HC,3
54,PTG,OPH + ORL,HC,3
56,PTH,OPH + ORL,DOM,3
69,PTG,OPH + ORL,DOM,3
77,PTH,OPH + ORL,DOM,3
78,PTG,OPH + ORL,HC,3
92,PTH,OPH + ORL,DOM,3
3,PTG,OPH + ORL,HC,2
6,PTG,OPH + ORL,HC,2
6,PTH,OPH + ORL,DOM,2
7,PTH,OPH + ORL,DOM,2
13,PTG,OPH + ORL,HC,2
13,PTH,OPH + ORL,DOM,2
16,PTG,OPH + ORL,HC,2
22,PTG,OPH + ORL,DOM,2
22,PTH,OPH + ORL,DOM,2
26,PTG,OPH + ORL,DOM,2
29,PTH,OPH + ORL,DOM,2
30,PTH,OPH + ORL,DOM,2
31,PTG,OPH + ORL,DOM,2
33,PTG,OPH + ORL,DOM,2
38,PTG,OPH + ORL,DOM,2
40,PTG,OPH + ORL,HC,2
45,PTH,OPH + ORL,DOM,2
57,PTG,OPH + ORL,HC,2
57,PTH,OPH + ORL,DOM,2
59,PTG,OPH + ORL,DOM,2
64,PTG,OPH + ORL,HC,2
69,PTH,OPH + ORL,DOM,2
76,PTH,OPH + ORL,DOM,2
77,PTG,OPH + ORL,DOM,2
83,PTG,OPH + ORL,HC,2
93,PTG,OPH + ORL,HC,2
95,PTG,OPH + ORL,HC,2
97,PTG,OPH + ORL,HC,2
2,PTH,OPH + ORL,DOM,1
2,PTH,OPH + ORL,HC,1
3,PTH,OPH + ORL,DOM,1
5,PTG,OPH + ORL,HC,1
6,PTH,OPH + ORL,HC,1
9,PTH,OPH + ORL,HC,1
10,PTG,OPH + ORL,DOM,1
10,PTG,OPH + ORL,HC,1
11,PTG,OPH + ORL,HC,1
11,PTH,OPH + ORL,DOM,1
13,PTG,OPH + ORL,HC_HDJ,1
13,PTH,OPH + ORL,HC_HDJ,1
14,PTG,OPH + ORL,DOM,1
14,PTG,OPH + ORL,HC,1
14,PTH,OPH + ORL,DOM,1
17,PTG,OPH + ORL,DOM,1
17,PTG,OPH + ORL,HC,1
17,PTH,OPH + ORL,DOM,1
24,PTH,OPH + ORL,DOM,1
25,PTG,OPH + ORL,HC,1
26,PTG,OPH + ORL,HC,1
26,PTH,OPH + ORL,DOM,1
27,PTG,OPH + ORL,DOM,1
27,PTG,OPH + ORL,HC,1
27,PTH,OPH + ORL,DOM,1
28,PTG,OPH + ORL,DOM,1
29,PTG,OPH + ORL,DOM,1
29,PTG,OPH + ORL,HC,1
29,PTG,OPH + ORL,HC_HDJ,1
29,PTH,OPH + ORL,,1
29,PTH,OPH + ORL,HC,1
29,PTH,OPH + ORL,HC_HDJ,1
30,PTG,OPH + ORL,HC,1
32,PTG,OPH + ORL,,1
32,PTG,OPH + ORL,DOM,1
32,PTH,OPH + ORL,HC,1
33,PTH,OPH + ORL,HC,1
34,PTH,OPH + ORL,DOM,1
34,PTH,OPH + ORL,HC,1
35,PTG,OPH + ORL,DOM,1
35,PTG,OPH + ORL,HC,1
35,PTH,OPH + ORL,DOM,1
35,PTH,OPH + ORL,HC,1
36,PTH,OPH + ORL,DOM,1
37,PTG,OPH + ORL,DOM,1
38,PTH,OPH + ORL,DOM,1
39,PTH,OPH + ORL,DOM,1
40,PTG,OPH + ORL,DOM,1
40,PTH,OPH + ORL,DOM,1
41,PTH,OPH + ORL,DOM,1
42,PTG,OPH + ORL,DOM,1
43,PTG,OPH + ORL,HC,1
43,PTH,OPH + ORL,HC,1
44,PTG,OPH + ORL,HC,1
44,PTH,OPH + ORL,DOM,1
45,PTH,OPH + ORL,HC,1
46,PTG,OPH + ORL,DOM,1
46,PTH,OPH + ORL,DOM,1
47,PTG,OPH + ORL,HC,1
48,PTH,OPH + ORL,DOM,1
49,PTH,OPH + ORL,DOM,1
51,PTG,OPH + ORL,HDJ,1
53,PTH,OPH + ORL,DOM,1
54,PTG,OPH + ORL,DOM,1
58,PTH,OPH + ORL,DOM,1
59,PTG,OPH + ORL,HC,1
59,PTH,OPH + ORL,,1
59,PTH,OPH + ORL,HC,1
60,PTG,OPH + ORL,,1
60,PTG,OPH + ORL,DOM,1
60,PTH,OPH + ORL,HC,1
62,PTG,OPH + ORL,DOM,1
63,PTG,OPH + ORL,DOM,1
64,PTG,OPH + ORL,DOM,1
64,PTG,OPH + ORL,HDJ,1
64,PTH,OPH + ORL,HC,1
67,PTG,OPH + ORL,HC,1
67,PTH,OPH + ORL,DOM,1
68,PTG,OPH + ORL,DOM,1
69,PTH,OPH + ORL,HC,1
71,PTG,OPH + ORL,DOM,1
71,PTG,OPH + ORL,HDJ,1
72,PTG,OPH + ORL,HC,1
73,PTH,OPH + ORL,DOM,1
74,PTG,OPH + ORL,DOM,1
74,PTG,OPH + ORL,HC,1
74,PTH,OPH + ORL,DOM,1
75,PTG,OPH + ORL,HDJ,1
75,PTH,OPH + ORL,DOM,1
75,PTH,OPH + ORL,HC,1
76,PTG,OPH + ORL,HDJ,1
77,PTH,OPH + ORL,HC,1
78,PTG,OPH + ORL,DOM,1
78,PTH,OPH + ORL,HC,1
79,PTG,OPH + ORL,HC,1
79,PTH,OPH + ORL,DOM,1
81,PTG,OPH + ORL,HC,1
82,PTG,OPH + ORL,HC,1
83,PTG,OPH + ORL,DOM,1
84,PTG,OPH + ORL,HC,1
84,PTH,OPH + ORL,DOM,1
84,PTH,OPH + ORL,HC,1
85,PTH,OPH + ORL,DOM,1
86,PTG,OPH + ORL,HC,1
86,PTH,OPH + ORL,HC,1
88,PTG,OPH + ORL,HC,1
88,PTH,OPH + ORL,DOM,1
90,PTG,OPH + ORL,DOM,1
90,PTH,OPH + ORL,DOM,1
91,PTH,OPH + ORL,DOM,1
93,PTH,OPH + ORL,DOM,1
94,PTG,OPH + ORL,HC,1
95,PTG,OPH + ORL,DOM,1
95,PTH,OPH + ORL,,1
97,PTG,OPH + ORL,DOM,1
97,PTH,OPH + ORL,DOM,1
97,PTH,OPH + ORL,HC,1
97,PTH,OPH + ORL,HDJ,1
75,PTH,OPH + ORL + RHUMA,HC,5
31,PTG,OPH + ORL + RHUMA,HC,2
45,PTH,OPH + ORL + RHUMA,DOM,2
59,PTH,OPH + ORL + RHUMA,DOM,2
78,PTH,OPH + ORL + RHUMA,HC,2
6,PTH,OPH + ORL + RHUMA,,1
6,PTH,OPH + ORL + RHUMA,HC,1
11,PTH,OPH + ORL + RHUMA,DOM,1
12,PTH,OPH + ORL + RHUMA,HC,1
13,PTH,OPH + ORL + RHUMA,HC,1
14,PTG,OPH + ORL + RHUMA,HC,1
14,PTH,OPH + ORL + RHUMA,HC,1
16,PTG,OPH + ORL + RHUMA,,1
22,PTH,OPH + ORL + RHUMA,DOM,1
22,PTH,OPH + ORL + RHUMA,HC,1
26,PTG,OPH + ORL + RHUMA,HC,1
29,PTG,OPH + ORL + RHUMA,DOM,1
29,PTH,OPH + ORL + RHUMA,HC,1
33,PTH,OPH + ORL + RHUMA,DOM,1
33,PTH,OPH + ORL + RHUMA,HC,1
34,PTG,OPH + ORL + RHUMA,,1
34,PTH,OPH + ORL + RHUMA,DOM,1
35,PTH,OPH + ORL + RHUMA,DOM,1
38,PTH,OPH + ORL + RHUMA,DOM,1
40,PTH,OPH + ORL + RHUMA,DOM,1
44,PTG,OPH + ORL + RHUMA,DOM,1
45,PTG,OPH + ORL + RHUMA,DOM,1
49,PTG,OPH + ORL + RHUMA,DOM,1
51,PTG,OPH + ORL + RHUMA,DOM,1
54,PTG,OPH + ORL + RHUMA,HC,1
54,PTH,OPH + ORL + RHUMA,DOM,1
54,PTH,OPH + ORL + RHUMA,HC,1
57,PTH,OPH + ORL + RHUMA,HC,1
59,PTG,OPH + ORL + RHUMA,DOM,1
59,PTG,OPH + ORL + RHUMA,HC,1
62,PTH,OPH + ORL + RHUMA,HC,1
63,PTG,OPH + ORL + RHUMA,DOM,1
63,PTH,OPH + ORL + RHUMA,DOM,1
63,PTH,OPH + ORL + RHUMA,HC,1
64,PTG,OPH + ORL + RHUMA,HC,1
64,PTH,OPH + ORL + RHUMA,DOM,1
66,PTG,OPH + ORL + RHUMA,HC,1
67,PTG,OPH + ORL + RHUMA,HC,1
67,PTH,OPH + ORL + RHUMA,DOM,1
67,PTH,OPH + ORL + RHUMA,HC,1
69,PTG,OPH + ORL + RHUMA,DOM,1
74,PTG,OPH + ORL + RHUMA,DOM,1
75,PTG,OPH + ORL + RHUMA,,1
75,PTG,OPH + ORL + RHUMA,DOM,1
76,PTH,OPH + ORL + RHUMA,DOM,1
77,PTG,OPH + ORL + RHUMA,HC,1
77,PTH,OPH + ORL + RHUMA,HC,1
78,PTG,OPH + ORL + RHUMA,HC_HDJ,1
78,PTH,OPH + ORL + RHUMA,DOM,1
83,PTG,OPH + ORL + RHUMA,HC,1
86,PTG,OPH + ORL + RHUMA,DOM,1
89,PTH,OPH + ORL + RHUMA,DOM,1
92,PTG,OPH + ORL + RHUMA,DOM,1
92,PTH,OPH + ORL + RHUMA,DOM,1
94,PTH,OPH + ORL + RHUMA,HC,1
95,PTG,OPH + ORL + RHUMA,HC,1
95,PTH,OPH + ORL + RHUMA,HC,1
97,PTH,OPH + ORL + RHUMA,HC,1
31,PTG,OPH + ORL + RHUMA + URO,DOM,1
13,PTH,OPH + ORL + URO,HC,1
14,PTG,OPH + ORL + URO,HC,1
27,PTH,OPH + ORL + URO,DOM,1
35,PTG,OPH + ORL + URO,DOM,1
37,PTG,OPH + ORL + URO,DOM,1
38,PTG,OPH + ORL + URO,DOM,1
39,PTH,OPH + ORL + URO,DOM,1
56,PTG,OPH + ORL + URO,HC,1
67,PTG,OPH + ORL + URO,DOM,1
68,PTG,OPH + ORL + URO,DOM,1
93,PTG,OPH + ORL + URO,HC_HDJ,1
94,PTG,OPH + ORL + URO,HC,1
59,PTH,OPH + RHUMA,DOM,24
75,PTH,OPH + RHUMA,DOM,19
92,PTH,OPH + RHUMA,DOM,18
13,PTG,OPH + RHUMA,HC,16
54,PTH,OPH + RHUMA,DOM,16
33,PTG,OPH + RHUMA,HC,15
62,PTH,OPH + RHUMA,DOM,15
76,PTH,OPH + RHUMA,DOM,15
78,PTG,OPH + RHUMA,HC,15
94,PTG,OPH + RHUMA,HC,15
75,PTH,OPH + RHUMA,HC,14
31,PTG,OPH + RHUMA,HC,13
30,PTG,OPH + RHUMA,HC,12
57,PTG,OPH + RHUMA,DOM,12
69,PTH,OPH + RHUMA,HC,12
77,PTH,OPH + RHUMA,DOM,12
78,PTH,OPH + RHUMA,DOM,12
6,PTG,OPH + RHUMA,HC,11
51,PTH,OPH + RHUMA,DOM,11
67,PTG,OPH + RHUMA,HC,11
67,PTH,OPH + RHUMA,DOM,11
69,PTH,OPH + RHUMA,DOM,11
92,PTG,OPH + RHUMA,HC,11
94,PTH,OPH + RHUMA,DOM,11
95,PTH,OPH + RHUMA,DOM,11
2,PTH,OPH + RHUMA,DOM,10
31,PTH,OPH + RHUMA,DOM,10
33,PTH,OPH + RHUMA,DOM,10
42,PTG,OPH + RHUMA,HC,10
56,PTH,OPH + RHUMA,DOM,10
29,PTH,OPH + RHUMA,DOM,9
31,PTG,OPH + RHUMA,DOM,9
33,PTH,OPH + RHUMA,HC,9
57,PTG,OPH + RHUMA,HC,9
63,PTH,OPH + RHUMA,DOM,9
76,PTG,OPH + RHUMA,DOM,9
93,PTG,OPH + RHUMA,HC,9
2,PTG,OPH + RHUMA,DOM,8
13,PTH,OPH + RHUMA,DOM,8
30,PTG,OPH + RHUMA,DOM,8
51,PTG,OPH + RHUMA,DOM,8
54,PTG,OPH + RHUMA,HC,8
57,PTH,OPH + RHUMA,DOM,8
59,PTG,OPH + RHUMA,DOM,8
59,PTG,OPH + RHUMA,HC,8
59,PTH,OPH + RHUMA,HC,8
69,PTG,OPH + RHUMA,HC,8
86,PTH,OPH + RHUMA,DOM,8
92,PTG,OPH + RHUMA,DOM,8
93,PTH,OPH + RHUMA,DOM,8
13,PTG,OPH + RHUMA,DOM,7
29,PTH,OPH + RHUMA,HC,7
33,PTG,OPH + RHUMA,DOM,7
34,PTG,OPH + RHUMA,HC,7
34,PTH,OPH + RHUMA,DOM,7
35,PTH,OPH + RHUMA,DOM,7
38,PTH,OPH + RHUMA,DOM,7
40,PTH,OPH + RHUMA,DOM,7
41,PTH,OPH + RHUMA,DOM,7
60,PTH,OPH + RHUMA,DOM,7
62,PTG,OPH + RHUMA,DOM,7
63,PTG,OPH + RHUMA,DOM,7
63,PTH,OPH + RHUMA,HC,7
64,PTG,OPH + RHUMA,HC,7
67,PTG,OPH + RHUMA,DOM,7
74,PTG,OPH + RHUMA,HC,7
85,PTG,OPH + RHUMA,DOM,7
92,PTH,OPH + RHUMA,HC,7
1,PTG,OPH + RHUMA,DOM,6
6,PTH,OPH + RHUMA,DOM,6
8,PTH,OPH + RHUMA,DOM,6
25,PTG,OPH + RHUMA,HC,6
28,PTH,OPH + RHUMA,DOM,6
29,PTG,OPH + RHUMA,DOM,6
31,PTH,OPH + RHUMA,HC,6
34,PTH,OPH + RHUMA,HC,6
41,PTG,OPH + RHUMA,DOM,6
44,PTH,OPH + RHUMA,DOM,6
49,PTG,OPH + RHUMA,DOM,6
62,PTG,OPH + RHUMA,HC,6
64,PTH,OPH + RHUMA,DOM,6
71,PTG,OPH + RHUMA,HC,6
74,PTH,OPH + RHUMA,DOM,6
75,PTG,OPH + RHUMA,HC,6
77,PTH,OPH + RHUMA,HC,6
85,PTH,OPH + RHUMA,DOM,6
87,PTH,OPH + RHUMA,DOM,6
1,PTH,OPH + RHUMA,DOM,5
17,PTH,OPH + RHUMA,DOM,5
21,PTH,OPH + RHUMA,DOM,5
26,PTG,OPH + RHUMA,DOM,5
30,PTH,OPH + RHUMA,DOM,5
35,PTG,OPH + RHUMA,DOM,5
41,PTG,OPH + RHUMA,HC,5
42,PTG,OPH + RHUMA,DOM,5
47,PTH,OPH + RHUMA,DOM,5
66,PTH,OPH + RHUMA,DOM,5
67,PTH,OPH + RHUMA,HC,5
68,PTG,OPH + RHUMA,DOM,5
71,PTG,OPH + RHUMA,DOM,5
77,PTG,OPH + RHUMA,DOM,5
78,PTH,OPH + RHUMA,HC,5
91,PTG,OPH + RHUMA,DOM,5
91,PTG,OPH + RHUMA,HC,5
91,PTH,OPH + RHUMA,DOM,5
94,PTG,OPH + RHUMA,DOM,5
94,PTH,OPH + RHUMA,HC,5
95,PTG,OPH + RHUMA,DOM,5
95,PTG,OPH + RHUMA,HC,5
97,PTG,OPH + RHUMA,HC,5
2,PTH,OPH + RHUMA,HC,4
3,PTH,OPH + RHUMA,HC,4
10,PTG,OPH + RHUMA,HC,4
11,PTG,OPH + RHUMA,HC,4
13,PTH,OPH + RHUMA,HC,4
21,PTG,OPH + RHUMA,HC,4
22,PTH,OPH + RHUMA,DOM,4
25,PTG,OPH + RHUMA,DOM,4
25,PTH,OPH + RHUMA,DOM,4
26,PTG,OPH + RHUMA,HC,4
27,PTH,OPH + RHUMA,DOM,4
30,PTH,OPH + RHUMA,HC,4
31,PTG,OPH + RHUMA,HDJ,4
35,PTG,OPH + RHUMA,HC,4
35,PTH,OPH + RHUMA,HC,4
38,PTG,OPH + RHUMA,DOM,4
38,PTG,OPH + RHUMA,HC,4
40,PTG,OPH + RHUMA,DOM,4
42,PTH,OPH + RHUMA,DOM,4
44,PTG,OPH + RHUMA,HC,4
49,PTH,OPH + RHUMA,DOM,4
56,PTG,OPH + RHUMA,DOM,4
58,PTH,OPH + RHUMA,DOM,4
58,PTH,OPH + RHUMA,HC,4
60,PTG,OPH + RHUMA,DOM,4
60,PTG,OPH + RHUMA,HC,4
63,PTG,OPH + RHUMA,HC,4
66,PTG,OPH + RHUMA,DOM,4
72,PTH,OPH + RHUMA,DOM,4
73,PTH,OPH + RHUMA,DOM,4
76,PTH,OPH + RHUMA,HC,4
77,PTG,OPH + RHUMA,HC,4
78,PTG,OPH + RHUMA,DOM,4
81,PTG,OPH + RHUMA,HC,4
83,PTG,OPH + RHUMA,DOM,4
87,PTG,OPH + RHUMA,DOM,4
88,PTG,OPH + RHUMA,HC,4
91,PTH,OPH + RHUMA,HC,4
93,PTG,OPH + RHUMA,DOM,4
1,PTH,OPH + RHUMA,HC,3
2,PTG,OPH + RHUMA,HC,3
3,PTH,OPH + RHUMA,DOM,3
7,PTH,OPH + RHUMA,DOM,3
9,PTH,OPH + RHUMA,DOM,3
10,PTG,OPH + RHUMA,DOM,3
11,PTH,OPH + RHUMA,DOM,3
12,PTG,OPH + RHUMA,HC,3
13,PTG,OPH + RHUMA,HDJ,3
14,PTH,OPH + RHUMA,DOM,3
14,PTH,OPH + RHUMA,HC,3
15,PTH,OPH + RHUMA,DOM,3
16,PTG,OPH + RHUMA,DOM,3
17,PTG,OPH + RHUMA,DOM,3
17,PTG,OPH + RHUMA,HC,3
22,PTG,OPH + RHUMA,HC,3
22,PTH,OPH + RHUMA,HC,3
26,PTH,OPH + RHUMA,HC,3
27,PTG,OPH + RHUMA,HC,3
27,PTH,OPH + RHUMA,HC,3
31,PTG,OPH + RHUMA,HC_HDJ,3
31,PTH,OPH + RHUMA,HDJ,3
32,PTG,OPH + RHUMA,HC,3
32,PTH,OPH + RHUMA,HC,3
37,PTH,OPH + RHUMA,DOM,3
38,PTH,OPH + RHUMA,HC,3
39,PTH,OPH + RHUMA,HC,3
40,PTH,OPH + RHUMA,HC,3
43,PTG,OPH + RHUMA,HC,3
44,PTG,OPH + RHUMA,DOM,3
45,PTG,OPH + RHUMA,HC,3
45,PTH,OPH + RHUMA,DOM,3
45,PTH,OPH + RHUMA,HC,3
47,PTG,OPH + RHUMA,DOM,3
50,PTG,OPH + RHUMA,HC,3
50,PTH,OPH + RHUMA,DOM,3
51,PTH,OPH + RHUMA,HC,3
52,PTH,OPH + RHUMA,DOM,3
54,PTG,OPH + RHUMA,DOM,3
55,PTG,OPH + RHUMA,DOM,3
56,PTG,OPH + RHUMA,HC,3
56,PTH,OPH + RHUMA,HC,3
60,PTH,OPH + RHUMA,HC,3
64,PTH,OPH + RHUMA,HC,3
68,PTH,OPH + RHUMA,DOM,3
68,PTH,OPH + RHUMA,HC,3
71,PTH,OPH + RHUMA,DOM,3
72,PTH,OPH + RHUMA,HC,3
73,PTG,OPH + RHUMA,DOM,3
74,PTH,OPH + RHUMA,HC,3
75,PTG,OPH + RHUMA,,3
75,PTG,OPH + RHUMA,DOM,3
76,PTG,OPH + RHUMA,HC,3
79,PTG,OPH + RHUMA,DOM,3
79,PTH,OPH + RHUMA,DOM,3
80,PTH,OPH + RHUMA,DOM,3
81,PTH,OPH + RHUMA,DOM,3
83,PTH,OPH + RHUMA,DOM,3
84,PTG,OPH + RHUMA,DOM,3
84,PTH,OPH + RHUMA,DOM,3
84,PTH,OPH + RHUMA,HC,3
95,PTH,OPH + RHUMA,HC,3
97,PTG,OPH + RHUMA,DOM,3
1,PTG,OPH + RHUMA,HC,2
3,PTG,OPH + RHUMA,DOM,2
3,PTG,OPH + RHUMA,HC,2
4,PTG,OPH + RHUMA,HC,2
4,PTH,OPH + RHUMA,HC,2
5,PTH,OPH + RHUMA,DOM,2
7,PTG,OPH + RHUMA,DOM,2
7,PTH,OPH + RHUMA,HC,2
8,PTG,OPH + RHUMA,DOM,2
8,PTG,OPH + RHUMA,HC,2
9,PTG,OPH + RHUMA,DOM,2
12,PTG,OPH + RHUMA,DOM,2
13,PTH,OPH + RHUMA,,2
14,PTG,OPH + RHUMA,HC,2
15,PTH,OPH + RHUMA,HC,2
16,PTH,OPH + RHUMA,HC,2
17,PTH,OPH + RHUMA,HC,2
18,PTG,OPH + RHUMA,HDJ,2
21,PTH,OPH + RHUMA,HC,2
22,PTG,OPH + RHUMA,DOM,2
24,PTG,OPH + RHUMA,HC,2
24,PTH,OPH + RHUMA,DOM,2
25,PTH,OPH + RHUMA,HC,2
26,PTH,OPH + RHUMA,DOM,2
29,PTG,OPH + RHUMA,HC,2
31,PTG,OPH + RHUMA,,2
32,PTG,OPH + RHUMA,DOM,2
32,PTH,OPH + RHUMA,DOM,2
34,PTG,OPH + RHUMA,DOM,2
37,PTG,OPH + RHUMA,DOM,2
37,PTG,OPH + RHUMA,HC,2
40,PTG,OPH + RHUMA,HDJ,2
41,PTH,OPH + RHUMA,HC,2
43,PTH,OPH + RHUMA,DOM,2
46,PTH,OPH + RHUMA,DOM,2
49,PTH,OPH + RHUMA,HC,2
50,PTG,OPH + RHUMA,DOM,2
51,PTG,OPH + RHUMA,HC,2
52,PTG,OPH + RHUMA,DOM,2
53,PTG,OPH + RHUMA,DOM,2
57,PTG,OPH + RHUMA,HDJ,2
59,PTG,OPH + RHUMA,,2
59,PTG,OPH + RHUMA,HDJ,2
61,PTG,OPH + RHUMA,HC,2
65,PTG,OPH + RHUMA,HC,2
67,PTG,OPH + RHUMA,HDJ,2
69,PTG,OPH + RHUMA,DOM,2
71,PTH,OPH + RHUMA,HC,2
72,PTG,OPH + RHUMA,DOM,2
73,PTG,OPH + RHUMA,HC,2
73,PTH,OPH + RHUMA,HC,2
74,PTG,OPH + RHUMA,DOM,2
77,PTG,OPH + RHUMA,HC_HDJ,2
78,PTG,OPH + RHUMA,HDJ,2
79,PTH,OPH + RHUMA,HC,2
80,PTG,OPH + RHUMA,DOM,2
81,PTG,OPH + RHUMA,DOM,2
82,PTG,OPH + RHUMA,HC,2
83,PTG,OPH + RHUMA,HC,2
86,PTG,OPH + RHUMA,DOM,2
86,PTH,OPH + RHUMA,HC,2
87,PTG,OPH + RHUMA,HC,2
87,PTG,OPH + RHUMA,HDJ,2
87,PTH,OPH + RHUMA,HC,2
91,PTG,OPH + RHUMA,HC_HDJ,2
92,PTG,OPH + RHUMA,HDJ,2
92,PTH,OPH + RHUMA,,2
93,PTG,OPH + RHUMA,HDJ,2
93,PTH,OPH + RHUMA,HC,2
2,PTH,OPH + RHUMA,,1
4,PTG,OPH + RHUMA,,1
4,PTH,OPH + RHUMA,DOM,1
5,PTG,OPH + RHUMA,HC,1
5,PTH,OPH + RHUMA,HC,1
6,PTH,OPH + RHUMA,HC,1
6,PTH,OPH + RHUMA,HDJ,1
7,PTG,OPH + RHUMA,HC,1
8,PTH,OPH + RHUMA,HC,1
9,PTG,OPH + RHUMA,HC,1
9,PTH,OPH + RHUMA,HDJ,1
10,PTG,OPH + RHUMA,HC_HDJ,1
10,PTH,OPH + RHUMA,DOM,1
11,PTG,OPH + RHUMA,DOM,1
11,PTH,OPH + RHUMA,HC,1
13,PTG,OPH + RHUMA,,1
13,PTG,OPH + RHUMA,HC_HDJ,1
13,PTH,OPH + RHUMA,HDJ,1
14,PTG,OPH + RHUMA,HDJ,1
14,PTH,OPH + RHUMA,,1
15,PTH,OPH + RHUMA,,1
16,PTH,OPH + RHUMA,,1
18,PTG,OPH + RHUMA,DOM,1
18,PTG,OPH + RHUMA,HC,1
19,PTH,OPH + RHUMA,DOM,1
20,PTG,OPH + RHUMA,DOM,1
20,PTG,OPH + RHUMA,HC,1
20,PTH,OPH + RHUMA,DOM,1
23,PTG,OPH + RHUMA,HC,1
23,PTH,OPH + RHUMA,DOM,1
24,PTG,OPH + RHUMA,DOM,1
24,PTH,OPH + RHUMA,HC,1
27,PTG,OPH + RHUMA,DOM,1
27,PTG,OPH + RHUMA,HDJ,1
28,PTG,OPH + RHUMA,DOM,1
28,PTG,OPH + RHUMA,HC_HDJ,1
28,PTH,OPH + RHUMA,HC,1
29,PTH,OPH + RHUMA,HDJ,1
30,PTG,OPH + RHUMA,,1
30,PTG,OPH + RHUMA,HC_HDJ,1
30,PTG,OPH + RHUMA,HDJ,1
31,PTH,OPH + RHUMA,,1
34,PTG,OPH + RHUMA,HC_HDJ,1
34,PTG,OPH + RHUMA,HDJ,1
34,PTH,OPH + RHUMA,,1
35,PTG,OPH + RHUMA,HDJ,1
35,PTH,OPH + RHUMA,,1
36,PTG,OPH + RHUMA,HC,1
36,PTH,OPH + RHUMA,DOM,1
36,PTH,OPH + RHUMA,HC,1
38,PTG,OPH + RHUMA,,1
38,PTG,OPH + RHUMA,HC_HDJ,1
39,PTG,OPH + RHUMA,DOM,1
39,PTH,OPH + RHUMA,DOM,1
42,PTH,OPH + RHUMA,HC,1
44,PTG,OPH + RHUMA,,1
45,PTG,OPH + RHUMA,DOM,1
46,PTG,OPH + RHUMA,HC,1
47,PTG,OPH + RHUMA,,1
47,PTG,OPH + RHUMA,HC,1
52,PTG,OPH + RHUMA,HC,1
53,PTH,OPH + RHUMA,DOM,1
54,PTG,OPH + RHUMA,,1
54,PTG,OPH + RHUMA,HC_HDJ,1
55,PTG,OPH + RHUMA,HC,1
55,PTH,OPH + RHUMA,DOM,1
56,PTH,OPH + RHUMA,,1
57,PTH,OPH + RHUMA,,1
57,PTH,OPH + RHUMA,HC,1
58,PTG,OPH + RHUMA,DOM,1
61,PTH,OPH + RHUMA,DOM,1
62,PTG,OPH + RHUMA,,1
62,PTG,OPH + RHUMA,HC_HDJ,1
62,PTH,OPH + RHUMA,HC,1
64,PTG,OPH + RHUMA,DOM,1
65,PTG,OPH + RHUMA,DOM,1
65,PTH,OPH + RHUMA,DOM,1
65,PTH,OPH + RHUMA,HC,1
66,PTG,OPH + RHUMA,HC,1
66,PTH,OPH + RHUMA,,1
67,PTG,OPH + RHUMA,,1
67,PTH,OPH + RHUMA,HDJ,1
68,PTG,OPH + RHUMA,HDJ,1
69,PTG,OPH + RHUMA,,1
69,PTH,OPH + RHUMA,,1
69,PTH,OPH + RHUMA,HC_HDJ,1
70,PTG,OPH + RHUMA,DOM,1
70,PTH,OPH + RHUMA,DOM,1
71,PTG,OPH + RHUMA,HDJ,1
72,PTG,OPH + RHUMA,HC,1
73,PTG,OPH + RHUMA,HC_HDJ,1
74,PTG,OPH + RHUMA,HDJ,1
74,PTH,OPH + RHUMA,,1
75,PTG,OPH + RHUMA,HC_HDJ,1
75,PTG,OPH + RHUMA,HDJ,1
75,PTH,OPH + RHUMA,HDJ,1
76,PTG,OPH + RHUMA,HDJ,1
77,PTG,OPH + RHUMA,,1
77,PTG,OPH + RHUMA,HDJ,1
77,PTH,OPH + RHUMA,HC_HDJ,1
78,PTG,OPH + RHUMA,,1
78,PTG,OPH + RHUMA,HC_HDJ,1
79,PTG,OPH + RHUMA,HC,1
80,PTG,OPH + RHUMA,HC,1
80,PTH,OPH + RHUMA,HC,1
81,PTH,OPH + RHUMA,HC,1
82,PTG,OPH + RHUMA,DOM,1
82,PTH,OPH + RHUMA,,1
83,PTG,OPH + RHUMA,,1
83,PTH,OPH + RHUMA,HC,1
84,PTG,OPH + RHUMA,HC,1
84,PTG,OPH + RHUMA,HDJ,1
85,PTG,OPH + RHUMA,HC,1
85,PTH,OPH + RHUMA,HC,1
86,PTG,OPH + RHUMA,,1
86,PTG,OPH + RHUMA,HC,1
88,PTG,OPH + RHUMA,DOM,1
88,PTH,OPH + RHUMA,DOM,1
88,PTH,OPH + RHUMA,HC,1
90,PTG,OPH + RHUMA,DOM,1
90,PTG,OPH + RHUMA,HC,1
91,PTH,OPH + RHUMA,,1
92,PTG,OPH + RHUMA,,1
92,PTG,OPH + RHUMA,HC_HDJ,1
92,PTH,OPH + RHUMA,HC_HDJ,1
93,PTG,OPH + RHUMA,,1
93,PTG,OPH + RHUMA,HC_HDJ,1
94,PTG,OPH + RHUMA,,1
94,PTH,OPH + RHUMA,HC_HDJ,1
95,PTH,OPH + RHUMA,,1
97,PTG,OPH + RHUMA,,1
971,PTG,OPH + RHUMA,HC,1
999,PTG,OPH + RHUMA,HC,1
26,PTH,OPH + RHUMA + URO,DOM,2
35,PTH,OPH + RHUMA + URO,DOM,2
62,PTG,OPH + RHUMA + URO,DOM,2
68,PTH,OPH + RHUMA + URO,DOM,2
77,PTH,OPH + RHUMA + URO,DOM,2
78,PTH,OPH + RHUMA + URO,DOM,2
2,PTG,OPH + RHUMA + URO,DOM,1
3,PTH,OPH + RHUMA + URO,DOM,1
6,PTG,OPH + RHUMA + URO,HC,1
7,PTH,OPH + RHUMA + URO,DOM,1
8,PTH,OPH + RHUMA + URO,DOM,1
13,PTG,OPH + RHUMA + URO,DOM,1
15,PTH,OPH + RHUMA + URO,DOM,1
26,PTG,OPH + RHUMA + URO,HC,1
28,PTH,OPH + RHUMA + URO,DOM,1
29,PTH,OPH + RHUMA + URO,HC_HDJ,1
30,PTG,OPH + RHUMA + URO,DOM,1
30,PTH,OPH + RHUMA + URO,DOM,1
33,PTG,OPH + RHUMA + URO,HC,1
37,PTG,OPH + RHUMA + URO,HC,1
41,PTG,OPH + RHUMA + URO,DOM,1
43,PTG,OPH + RHUMA + URO,HC,1
43,PTH,OPH + RHUMA + URO,DOM,1
56,PTH,OPH + RHUMA + URO,DOM,1
57,PTH,OPH + RHUMA + URO,DOM,1
59,PTH,OPH + RHUMA + URO,DOM,1
67,PTG,OPH + RHUMA + URO,DOM,1
67,PTG,OPH + RHUMA + URO,HC,1
69,PTH,OPH + RHUMA + URO,HC,1
73,PTH,OPH + RHUMA + URO,DOM,1
73,PTH,OPH + RHUMA + URO,HC,1
75,PTH,OPH + RHUMA + URO,DOM,1
75,PTH,OPH + RHUMA + URO,HC,1
76,PTG,OPH + RHUMA + URO,DOM,1
76,PTH,OPH + RHUMA + URO,DOM,1
78,PTG,OPH + RHUMA + URO,HC,1
79,PTH,OPH + RHUMA + URO,DOM,1
83,PTG,OPH + RHUMA + URO,DOM,1
83,PTH,OPH + RHUMA + URO,DOM,1
83,PTH,OPH + RHUMA + URO,HDJ,1
84,PTG,OPH + RHUMA + URO,HC,1
87,PTH,OPH + RHUMA + URO,HC,1
92,PTG,OPH + RHUMA + URO,HC,1
93,PTH,OPH + RHUMA + URO,DOM,1
94,PTH,OPH + RHUMA + URO,HC_HDJ,1
95,PTG,OPH + RHUMA + URO,DOM,1
95,PTH,OPH + RHUMA + URO,DOM,1
97,PTG,OPH + RHUMA + URO,HC,1
24,PTG,OPH + URO,HC,4
30,PTH,OPH + URO,DOM,4
80,PTH,OPH + URO,DOM,4
1,PTH,OPH + URO,DOM,3
6,PTG,OPH + URO,HC,3
17,PTH,OPH + URO,DOM,3
20,PTH,OPH + URO,DOM,3
22,PTH,OPH + URO,HC,3
23,PTH,OPH + URO,DOM,3
25,PTH,OPH + URO,DOM,3
27,PTH,OPH + URO,DOM,3
31,PTG,OPH + URO,HC,3
51,PTH,OPH + URO,DOM,3
58,PTG,OPH + URO,DOM,3
60,PTG,OPH + URO,DOM,3
76,PTH,OPH + URO,DOM,3
77,PTH,OPH + URO,DOM,3
92,PTH,OPH + URO,DOM,3
3,PTG,OPH + URO,DOM,2
7,PTH,OPH + URO,DOM,2
12,PTH,OPH + URO,DOM,2
13,PTG,OPH + URO,HC_HDJ,2
13,PTH,OPH + URO,DOM,2
17,PTG,OPH + URO,DOM,2
22,PTH,OPH + URO,DOM,2
29,PTH,OPH + URO,HC,2
30,PTG,OPH + URO,DOM,2
32,PTG,OPH + URO,,2
34,PTH,OPH + URO,DOM,2
35,PTG,OPH + URO,DOM,2
35,PTH,OPH + URO,DOM,2
39,PTG,OPH + URO,DOM,2
47,PTH,OPH + URO,DOM,2
57,PTG,OPH + URO,DOM,2
57,PTG,OPH + URO,HC,2
57,PTG,OPH + URO,HDJ,2
59,PTH,OPH + URO,,2
59,PTH,OPH + URO,DOM,2
59,PTH,OPH + URO,HC,2
60,PTH,OPH + URO,DOM,2
62,PTH,OPH + URO,DOM,2
67,PTG,OPH + URO,DOM,2
71,PTG,OPH + URO,HC,2
76,PTG,OPH + URO,HC,2
77,PTG,OPH + URO,DOM,2
78,PTH,OPH + URO,DOM,2
78,PTH,OPH + URO,HC,2
87,PTG,OPH + URO,HDJ,2
91,PTH,OPH + URO,DOM,2
92,PTG,OPH + URO,HC,2
93,PTG,OPH + URO,DOM,2
95,PTH,OPH + URO,DOM,2
1,PTG,OPH + URO,DOM,1
1,PTG,OPH + URO,HC,1
1,PTH,OPH + URO,HDJ,1
2,PTG,OPH + URO,DOM,1
2,PTG,OPH + URO,HC,1
3,PTH,OPH + URO,HC,1
5,PTG,OPH + URO,HC,1
6,PTG,OPH + URO,DOM,1
6,PTH,OPH + URO,DOM,1
7,PTH,OPH + URO,HC,1
8,PTG,OPH + URO,DOM,1
8,PTH,OPH + URO,HC,1
9,PTG,OPH + URO,HC,1
10,PTH,OPH + URO,DOM,1
11,PTG,OPH + URO,HC,1
11,PTH,OPH + URO,DOM,1
13,PTG,OPH + URO,DOM,1
13,PTG,OPH + URO,HC,1
13,PTG,OPH + URO,HDJ,1
13,PTH,OPH + URO,HC,1
14,PTH,OPH + URO,DOM,1
15,PTG,OPH + URO,DOM,1
16,PTH,OPH + URO,,1
16,PTH,OPH + URO,DOM,1
17,PTG,OPH + URO,HC,1
17,PTH,OPH + URO,HC,1
18,PTH,OPH + URO,DOM,1
21,PTG,OPH + URO,HC,1
21,PTH,OPH + URO,,1
21,PTH,OPH + URO,HC,1
22,PTG,OPH + URO,DOM,1
24,PTG,OPH + URO,DOM,1
25,PTG,OPH + URO,HC,1
26,PTG,OPH + URO,HC,1
26,PTH,OPH + URO,DOM,1
27,PTG,OPH + URO,HDJ,1
28,PTG,OPH + URO,DOM,1
29,PTG,OPH + URO,HDJ,1
30,PTG,OPH + URO,HC,1
31,PTH,OPH + URO,DOM,1
32,PTG,OPH + URO,DOM,1
32,PTH,OPH + URO,DOM,1
32,PTH,OPH + URO,HC,1
33,PTG,OPH + URO,DOM,1
33,PTH,OPH + URO,DOM,1
34,PTG,OPH + URO,DOM,1
34,PTG,OPH + URO,HC,1
34,PTH,OPH + URO,HC,1
35,PTH,OPH + URO,HC,1
36,PTG,OPH + URO,DOM,1
37,PTG,OPH + URO,DOM,1
37,PTG,OPH + URO,HC,1
37,PTH,OPH + URO,DOM,1
38,PTG,OPH + URO,HC,1
38,PTH,OPH + URO,DOM,1
39,PTH,OPH + URO,DOM,1
40,PTG,OPH + URO,HC,1
41,PTH,OPH + URO,DOM,1
41,PTH,OPH + URO,HC,1
42,PTG,OPH + URO,HDJ,1
42,PTH,OPH + URO,HC,1
44,PTG,OPH + URO,DOM,1
44,PTG,OPH + URO,HC,1
44,PTH,OPH + URO,,1
44,PTH,OPH + URO,DOM,1
45,PTG,OPH + URO,DOM,1
45,PTH,OPH + URO,HC_HDJ,1
46,PTG,OPH + URO,HC,1
47,PTG,OPH + URO,HC,1
47,PTH,OPH + URO,HC,1
50,PTG,OPH + URO,HC,1
51,PTG,OPH + URO,DOM,1
53,PTH,OPH + URO,DOM,1
54,PTG,OPH + URO,,1
54,PTH,OPH + URO,DOM,1
55,PTG,OPH + URO,DOM,1
55,PTH,OPH + URO,,1
56,PTG,OPH + URO,HC,1
56,PTH,OPH + URO,DOM,1
56,PTH,OPH + URO,HC,1
58,PTG,OPH + URO,HC,1
59,PTG,OPH + URO,DOM,1
59,PTG,OPH + URO,HC,1
59,PTG,OPH + URO,HC_HDJ,1
59,PTG,OPH + URO,HDJ,1
60,PTH,OPH + URO,HC,1
62,PTG,OPH + URO,HC,1
62,PTH,OPH + URO,,1
63,PTG,OPH + URO,DOM,1
63,PTH,OPH + URO,DOM,1
64,PTG,OPH + URO,DOM,1
64,PTH,OPH + URO,DOM,1
64,PTH,OPH + URO,HC,1
65,PTG,OPH + URO,DOM,1
66,PTG,OPH + URO,DOM,1
66,PTH,OPH + URO,DOM,1
67,PTG,OPH + URO,HC,1
67,PTG,OPH + URO,HDJ,1
67,PTH,OPH + URO,DOM,1
68,PTG,OPH + URO,DOM,1
68,PTH,OPH + URO,DOM,1
68,PTH,OPH + URO,HC,1
69,PTG,OPH + URO,DOM,1
69,PTG,OPH + URO,HC,1
69,PTH,OPH + URO,DOM,1
69,PTH,OPH + URO,HC,1
70,PTH,OPH + URO,DOM,1
71,PTG,OPH + URO,DOM,1
71,PTH,OPH + URO,DOM,1
72,PTG,OPH + URO,DOM,1
72,PTG,OPH + URO,HC,1
72,PTH,OPH + URO,DOM,1
73,PTG,OPH + URO,HC,1
73,PTH,OPH + URO,DOM,1
74,PTG,OPH + URO,HC,1
74,PTH,OPH + URO,HC,1
75,PTG,OPH + URO,DOM,1
75,PTG,OPH + URO,HC,1
76,PTG,OPH + URO,DOM,1
77,PTH,OPH + URO,HC,1
78,PTG,OPH + URO,HDJ,1
79,PTG,OPH + URO,HC,1
79,PTH,OPH + URO,DOM,1
80,PTG,OPH + URO,HC,1
81,PTH,OPH + URO,,1
82,PTG,OPH + URO,HC,1
83,PTG,OPH + URO,HC,1
83,PTH,OPH + URO,DOM,1
85,PTG,OPH + URO,DOM,1
85,PTG,OPH + URO,HC,1
85,PTH,OPH + URO,DOM,1
86,PTH,OPH + URO,DOM,1
87,PTH,OPH + URO,DOM,1
88,PTG,OPH + URO,DOM,1
88,PTH,OPH + URO,DOM,1
90,PTH,OPH + URO,DOM,1
91,PTG,OPH + URO,HC,1
93,PTH,OPH + URO,DOM,1
94,PTH,OPH + URO,DOM,1
97,PTG,OPH + URO,DOM,1
209,PTG,OPH + URO,HC,1
59,PTH,ORL,DOM,20
67,PTG,ORL,DOM,20
62,PTH,ORL,DOM,17
38,PTH,ORL,DOM,14
77,PTH,ORL,DOM,14
13,PTH,ORL,DOM,13
54,PTH,ORL,DOM,13
29,PTH,ORL,DOM,11
33,PTG,ORL,DOM,11
44,PTH,ORL,DOM,11
57,PTH,ORL,DOM,11
59,PTG,ORL,HC,11
62,PTG,ORL,DOM,11
44,PTG,ORL,DOM,10
57,PTG,ORL,DOM,10
59,PTG,ORL,DOM,10
60,PTH,ORL,DOM,10
67,PTG,ORL,HC,10
67,PTH,ORL,DOM,10
69,PTH,ORL,DOM,10
97,PTG,ORL,HC,10
13,PTG,ORL,HC,9
33,PTH,ORL,DOM,9
34,PTG,ORL,HC,9
54,PTG,ORL,DOM,9
64,PTH,ORL,DOM,9
78,PTG,ORL,DOM,9
83,PTG,ORL,HC,9
17,PTH,ORL,DOM,8
22,PTH,ORL,DOM,8
26,PTG,ORL,DOM,8
26,PTH,ORL,DOM,8
34,PTH,ORL,DOM,8
51,PTG,ORL,DOM,8
58,PTG,ORL,DOM,8
83,PTH,ORL,DOM,8
84,PTG,ORL,DOM,8
92,PTH,ORL,DOM,8
94,PTG,ORL,HC,8
95,PTH,ORL,DOM,8
16,PTH,ORL,DOM,7
29,PTG,ORL,DOM,7
33,PTH,ORL,HC,7
49,PTG,ORL,DOM,7
57,PTG,ORL,HC,7
71,PTG,ORL,DOM,7
71,PTH,ORL,DOM,7
72,PTH,ORL,DOM,7
75,PTG,ORL,HC,7
84,PTG,ORL,HC,7
94,PTH,ORL,DOM,7
2,PTG,ORL,DOM,6
2,PTH,ORL,DOM,6
24,PTH,ORL,DOM,6
27,PTH,ORL,DOM,6
38,PTG,ORL,HC,6
40,PTG,ORL,DOM,6
50,PTG,ORL,HC,6
50,PTH,ORL,DOM,6
59,PTH,ORL,HC,6
62,PTG,ORL,HC,6
64,PTG,ORL,DOM,6
72,PTG,ORL,DOM,6
73,PTH,ORL,DOM,6
76,PTH,ORL,DOM,6
77,PTG,ORL,DOM,6
78,PTG,ORL,HC,6
83,PTG,ORL,DOM,6
85,PTH,ORL,DOM,6
86,PTH,ORL,DOM,6
95,PTG,ORL,HC,6
6,PTG,ORL,HC,5
14,PTG,ORL,DOM,5
14,PTH,ORL,DOM,5
17,PTG,ORL,DOM,5
21,PTG,ORL,DOM,5
22,PTG,ORL,DOM,5
24,PTH,ORL,HC,5
27,PTG,ORL,HC,5
28,PTG,ORL,HC,5
30,PTH,ORL,DOM,5
33,PTG,ORL,HC,5
38,PTH,ORL,HC,5
45,PTH,ORL,DOM,5
51,PTH,ORL,DOM,5
60,PTG,ORL,HC,5
61,PTH,ORL,DOM,5
62,PTH,ORL,HC,5
64,PTG,ORL,HC,5
66,PTH,ORL,DOM,5
68,PTG,ORL,DOM,5
68,PTH,ORL,DOM,5
69,PTG,ORL,DOM,5
69,PTG,ORL,HC,5
78,PTH,ORL,DOM,5
79,PTH,ORL,DOM,5
82,PTG,ORL,DOM,5
83,PTG,ORL,HDJ,5
85,PTG,ORL,DOM,5
88,PTG,ORL,DOM,5
88,PTG,ORL,HC,5
92,PTG,ORL,HC,5
95,PTG,ORL,DOM,5
1,PTG,ORL,HC,4
3,PTH,ORL,DOM,4
11,PTH,ORL,DOM,4
13,PTH,ORL,HC,4
16,PTG,ORL,DOM,4
18,PTH,ORL,DOM,4
25,PTH,ORL,DOM,4
28,PTH,ORL,DOM,4
29,PTH,ORL,HC,4
30,PTG,ORL,DOM,4
31,PTG,ORL,DOM,4
31,PTH,ORL,DOM,4
32,PTG,ORL,DOM,4
34,PTH,ORL,HC,4
35,PTG,ORL,DOM,4
35,PTH,ORL,DOM,4
35,PTH,ORL,HC,4
38,PTG,ORL,DOM,4
39,PTG,ORL,DOM,4
39,PTH,ORL,DOM,4
41,PTH,ORL,DOM,4
49,PTH,ORL,DOM,4
50,PTH,ORL,HC,4
53,PTH,ORL,DOM,4
56,PTG,ORL,DOM,4
56,PTH,ORL,DOM,4
63,PTH,ORL,DOM,4
65,PTH,ORL,DOM,4
66,PTG,ORL,DOM,4
68,PTG,ORL,HC,4
74,PTG,ORL,DOM,4
75,PTH,ORL,DOM,4
76,PTG,ORL,DOM,4
77,PTG,ORL,HC,4
79,PTH,ORL,HC,4
80,PTH,ORL,DOM,4
84,PTH,ORL,DOM,4
85,PTG,ORL,HC,4
86,PTG,ORL,DOM,4
88,PTH,ORL,DOM,4
91,PTG,ORL,HC,4
92,PTH,ORL,HC,4
93,PTG,ORL,HC,4
95,PTH,ORL,HC,4
1,PTH,ORL,DOM,3
3,PTG,ORL,DOM,3
3,PTG,ORL,HC,3
4,PTH,ORL,HC,3
6,PTH,ORL,DOM,3
6,PTH,ORL,HC,3
7,PTG,ORL,HC,3
7,PTH,ORL,HC,3
8,PTG,ORL,DOM,3
10,PTG,ORL,HC,3
13,PTG,ORL,DOM,3
13,PTH,ORL,HDJ,3
14,PTG,ORL,HC,3
18,PTG,ORL,HC,3
18,PTH,ORL,HC,3
21,PTG,ORL,HC,3
21,PTH,ORL,DOM,3
21,PTH,ORL,HC,3
22,PTG,ORL,HC,3
24,PTG,ORL,HC,3
27,PTG,ORL,DOM,3
29,PTG,ORL,HC,3
30,PTG,ORL,HC,3
32,PTH,ORL,DOM,3
34,PTG,ORL,DOM,3
40,PTG,ORL,HC,3
40,PTH,ORL,DOM,3
40,PTH,ORL,HC,3
41,PTG,ORL,HC,3
42,PTG,ORL,HC,3
42,PTH,ORL,DOM,3
42,PTH,ORL,HC,3
44,PTG,ORL,HC,3
47,PTG,ORL,HC,3
56,PTG,ORL,HC,3
58,PTH,ORL,DOM,3
59,PTG,ORL,HDJ,3
61,PTG,ORL,DOM,3
61,PTG,ORL,HC,3
63,PTH,ORL,HC,3
65,PTG,ORL,HC,3
67,PTH,ORL,HC,3
68,PTH,ORL,HC,3
71,PTG,ORL,HC,3
73,PTH,ORL,HC,3
74,PTG,ORL,HC,3
74,PTH,ORL,DOM,3
75,PTG,ORL,DOM,3
75,PTH,ORL,HC,3
77,PTG,ORL,HC_HDJ,3
81,PTG,ORL,DOM,3
81,PTG,ORL,HC,3
81,PTH,ORL,DOM,3
82,PTH,ORL,HC,3
85,PTH,ORL,HC,3
89,PTG,ORL,DOM,3
89,PTH,ORL,DOM,3
91,PTH,ORL,DOM,3
93,PTH,ORL,DOM,3
94,PTG,ORL,DOM,3
2,PTG,ORL,HC,2
3,PTH,ORL,HC,2
4,PTG,ORL,,2
4,PTH,ORL,DOM,2
5,PTH,ORL,HC,2
7,PTH,ORL,DOM,2
8,PTH,ORL,DOM,2
9,PTH,ORL,HC,2
10,PTG,ORL,DOM,2
10,PTH,ORL,DOM,2
10,PTH,ORL,HC,2
13,PTG,ORL,HDJ,2
14,PTG,ORL,HDJ,2
15,PTG,ORL,HC,2
22,PTH,ORL,HC,2
23,PTG,ORL,DOM,2
25,PTG,ORL,DOM,2
26,PTG,ORL,HC,2
26,PTH,ORL,HC,2
27,PTH,ORL,HC,2
30,PTH,ORL,HC,2
31,PTG,ORL,HC,2
31,PTH,ORL,HC,2
33,PTH,ORL,,2
36,PTH,ORL,HC,2
37,PTG,ORL,HC,2
37,PTH,ORL,DOM,2
41,PTG,ORL,DOM,2
43,PTG,ORL,HC,2
44,PTH,ORL,HC,2
45,PTG,ORL,DOM,2
47,PTG,ORL,DOM,2
47,PTH,ORL,HC,2
52,PTG,ORL,DOM,2
53,PTG,ORL,DOM,2
54,PTG,ORL,HC,2
55,PTG,ORL,DOM,2
57,PTH,ORL,HC,2
58,PTG,ORL,HC,2
59,PTH,ORL,,2
60,PTG,ORL,DOM,2
63,PTG,ORL,DOM,2
65,PTH,ORL,,2
66,PTG,ORL,HC,2
66,PTH,ORL,,2
68,PTH,ORL,,2
69,PTG,ORL,,2
69,PTH,ORL,HC,2
70,PTH,ORL,DOM,2
70,PTH,ORL,HC,2
72,PTH,ORL,HC,2
74,PTH,ORL,HC,2
77,PTG,ORL,,2
77,PTH,ORL,HC,2
78,PTG,ORL,HDJ,2
78,PTH,ORL,HDJ,2
79,PTG,ORL,DOM,2
79,PTG,ORL,HC,2
80,PTG,ORL,DOM,2
80,PTH,ORL,HC,2
82,PTG,ORL,HC,2
82,PTH,ORL,DOM,2
83,PTH,ORL,HC,2
86,PTG,ORL,,2
87,PTG,ORL,HDJ,2
87,PTH,ORL,DOM,2
91,PTG,ORL,DOM,2
93,PTG,ORL,DOM,2
93,PTH,ORL,HC,2
97,PTG,ORL,DOM,2
209,PTG,ORL,DOM,2
1,PTG,ORL,DOM,1
1,PTH,ORL,HC,1
2,PTG,ORL,HDJ,1
2,PTH,ORL,HC,1
3,PTG,ORL,HC_HDJ,1
3,PTG,ORL,HDJ,1
3,PTH,ORL,,1
4,PTG,ORL,DOM,1
4,PTG,ORL,HC,1
5,PTG,ORL,HC_HDJ,1
5,PTH,ORL,DOM,1
6,PTG,ORL,,1
7,PTG,ORL,DOM,1
8,PTG,ORL,HC,1
9,PTG,ORL,DOM,1
9,PTG,ORL,HC,1
9,PTH,ORL,DOM,1
10,PTG,ORL,HC_HDJ,1
11,PTG,ORL,DOM,1
11,PTG,ORL,HC,1
11,PTG,ORL,HDJ,1
12,PTH,ORL,,1
12,PTH,ORL,DOM,1
12,PTH,ORL,HC,1
13,PTG,ORL,HC_HDJ,1
14,PTH,ORL,HC,1
15,PTG,ORL,,1
15,PTH,ORL,HC,1
16,PTG,ORL,HC,1
17,PTG,ORL,,1
17,PTH,ORL,HC,1
18,PTG,ORL,DOM,1
19,PTG,ORL,HC,1
19,PTH,ORL,DOM,1
19,PTH,ORL,HC,1
20,PTG,ORL,DOM,1
20,PTG,ORL,HDJ,1
20,PTH,ORL,DOM,1
23,PTG,ORL,HC,1
24,PTG,ORL,DOM,1
25,PTG,ORL,HC,1
26,PTH,ORL,HDJ,1
28,PTH,ORL,HC,1
29,PTG,ORL,HC_HDJ,1
31,PTH,ORL,HDJ,1
32,PTG,ORL,HC_HDJ,1
32,PTH,ORL,HC,1
34,PTG,ORL,HDJ,1
35,PTG,ORL,HC,1
36,PTG,ORL,HC,1
36,PTH,ORL,DOM,1
37,PTG,ORL,DOM,1
38,PTH,ORL,HDJ,1
39,PTG,ORL,HC,1
42,PTG,ORL,DOM,1
42,PTG,ORL,HC_HDJ,1
43,PTG,ORL,DOM,1
43,PTH,ORL,DOM,1
43,PTH,ORL,HC,1
44,PTG,ORL,,1
44,PTG,ORL,HDJ,1
45,PTG,ORL,HC,1
45,PTG,ORL,HC_HDJ,1
45,PTH,ORL,,1
45,PTH,ORL,HDJ,1
46,PTG,ORL,HC,1
46,PTH,ORL,DOM,1
46,PTH,ORL,HC,1
47,PTH,ORL,DOM,1
48,PTG,ORL,DOM,1
49,PTG,ORL,HC,1
49,PTH,ORL,HC,1
50,PTG,ORL,,1
50,PTG,ORL,DOM,1
51,PTG,ORL,HC,1
51,PTH,ORL,HC,1
52,PTH,ORL,DOM,1
53,PTH,ORL,,1
56,PTG,ORL,HDJ,1
56,PTH,ORL,HC,1
57,PTG,ORL,HC_HDJ,1
57,PTG,ORL,HDJ,1
58,PTH,ORL,HC,1
59,PTG,ORL,HC_HDJ,1
60,PTG,ORL,HDJ,1
61,PTG,ORL,,1
62,PTG,ORL,HC_HDJ,1
63,PTG,ORL,HC,1
64,PTH,ORL,HC,1
65,PTG,ORL,DOM,1
66,PTH,ORL,HC,1
67,PTG,ORL,HDJ,1
68,PTG,ORL,HDJ,1
68,PTH,ORL,HDJ,1
69,PTH,ORL,,1
69,PTH,ORL,HDJ,1
70,PTG,ORL,DOM,1
72,PTG,ORL,HC,1
73,PTG,ORL,DOM,1
73,PTG,ORL,HC,1
74,PTG,ORL,HDJ,1
75,PTG,ORL,HDJ,1
75,PTH,ORL,HDJ,1
76,PTG,ORL,HC,1
76,PTH,ORL,,1
78,PTG,ORL,HC_HDJ,1
78,PTH,ORL,HC,1
78,PTH,ORL,HC_HDJ,1
79,PTG,ORL,,1
80,PTG,ORL,HC,1
81,PTG,ORL,HC_HDJ,1
81,PTH,ORL,HC,1
82,PTG,ORL,HDJ,1
83,PTH,ORL,,1
83,PTH,ORL,HC_HDJ,1
84,PTG,ORL,,1
84,PTH,ORL,HC,1
85,PTG,ORL,HDJ,1
86,PTG,ORL,HC,1
86,PTH,ORL,HC,1
87,PTG,ORL,DOM,1
88,PTG,ORL,HC_HDJ,1
88,PTH,ORL,HC,1
89,PTG,ORL,,1
89,PTG,ORL,HC,1
89,PTH,ORL,,1
90,PTG,ORL,HC,1
91,PTG,ORL,,1
91,PTG,ORL,HDJ,1
92,PTG,ORL,,1
92,PTG,ORL,DOM,1
92,PTH,ORL,,1
93,PTG,ORL,HDJ,1
93,PTH,ORL,,1
94,PTG,ORL,,1
95,PTG,ORL,,1
95,PTG,ORL,HC_HDJ,1
97,PTH,ORL,DOM,1
97,PTH,ORL,HC,1
209,PTH,ORL,HC,1
75,PTH,ORL + RHUMA,DOM,9
57,PTH,ORL + RHUMA,DOM,6
56,PTH,ORL + RHUMA,DOM,5
67,PTH,ORL + RHUMA,DOM,5
78,PTH,ORL + RHUMA,DOM,5
13,PTH,ORL + RHUMA,DOM,4
34,PTG,ORL + RHUMA,DOM,4
38,PTH,ORL + RHUMA,HC,4
51,PTG,ORL + RHUMA,HC,4
57,PTG,ORL + RHUMA,DOM,4
67,PTG,ORL + RHUMA,DOM,4
83,PTH,ORL + RHUMA,HC,4
92,PTG,ORL + RHUMA,HC,4
92,PTH,ORL + RHUMA,DOM,4
95,PTG,ORL + RHUMA,DOM,4
21,PTH,ORL + RHUMA,DOM,3
27,PTH,ORL + RHUMA,DOM,3
31,PTH,ORL + RHUMA,HC,3
33,PTG,ORL + RHUMA,DOM,3
34,PTG,ORL + RHUMA,HC,3
34,PTH,ORL + RHUMA,HC,3
42,PTG,ORL + RHUMA,HC,3
62,PTG,ORL + RHUMA,HC,3
75,PTG,ORL + RHUMA,DOM,3
75,PTG,ORL + RHUMA,HC,3
77,PTH,ORL + RHUMA,DOM,3
78,PTG,ORL + RHUMA,HC,3
80,PTH,ORL + RHUMA,DOM,3
83,PTH,ORL + RHUMA,DOM,3
94,PTH,ORL + RHUMA,DOM,3
2,PTH,ORL + RHUMA,DOM,2
6,PTG,ORL + RHUMA,HC,2
6,PTH,ORL + RHUMA,DOM,2
11,PTH,ORL + RHUMA,DOM,2
13,PTG,ORL + RHUMA,HC,2
14,PTH,ORL + RHUMA,DOM,2
16,PTH,ORL + RHUMA,DOM,2
17,PTH,ORL + RHUMA,DOM,2
22,PTG,ORL + RHUMA,DOM,2
24,PTG,ORL + RHUMA,DOM,2
25,PTH,ORL + RHUMA,DOM,2
27,PTG,ORL + RHUMA,HC,2
28,PTG,ORL + RHUMA,DOM,2
29,PTH,ORL + RHUMA,HC,2
30,PTH,ORL + RHUMA,DOM,2
31,PTH,ORL + RHUMA,DOM,2
33,PTH,ORL + RHUMA,DOM,2
33,PTH,ORL + RHUMA,HC,2
34,PTH,ORL + RHUMA,DOM,2
37,PTG,ORL + RHUMA,DOM,2
37,PTH,ORL + RHUMA,DOM,2
38,PTG,ORL + RHUMA,DOM,2
40,PTH,ORL + RHUMA,HC,2
44,PTG,ORL + RHUMA,DOM,2
50,PTH,ORL + RHUMA,DOM,2
54,PTG,ORL + RHUMA,DOM,2
56,PTG,ORL + RHUMA,DOM,2
57,PTH,ORL + RHUMA,HC,2
59,PTH,ORL + RHUMA,DOM,2
63,PTH,ORL + RHUMA,DOM,2
64,PTG,ORL + RHUMA,HC,2
64,PTH,ORL + RHUMA,HC,2
67,PTG,ORL + RHUMA,HC,2
67,PTH,ORL + RHUMA,HC,2
68,PTG,ORL + RHUMA,DOM,2
69,PTG,ORL + RHUMA,HC,2
69,PTH,ORL + RHUMA,DOM,2
71,PTH,ORL + RHUMA,HC,2
73,PTH,ORL + RHUMA,DOM,2
75,PTG,ORL + RHUMA,HDJ,2
75,PTH,ORL + RHUMA,HC,2
76,PTH,ORL + RHUMA,DOM,2
77,PTH,ORL + RHUMA,HC,2
78,PTG,ORL + RHUMA,HDJ,2
81,PTG,ORL + RHUMA,DOM,2
83,PTG,ORL + RHUMA,HC,2
83,PTH,ORL + RHUMA,HDJ,2
91,PTG,ORL + RHUMA,HC,2
92,PTG,ORL + RHUMA,DOM,2
92,PTH,ORL + RHUMA,HC,2
93,PTG,ORL + RHUMA,HC,2
93,PTH,ORL + RHUMA,HC,2
1,PTG,ORL + RHUMA,DOM,1
4,PTG,ORL + RHUMA,HC_HDJ,1
5,PTG,ORL + RHUMA,HC,1
6,PTG,ORL + RHUMA,,1
6,PTG,ORL + RHUMA,DOM,1
6,PTH,ORL + RHUMA,,1
8,PTH,ORL + RHUMA,DOM,1
10,PTG,ORL + RHUMA,DOM,1
10,PTH,ORL + RHUMA,DOM,1
11,PTG,ORL + RHUMA,DOM,1
13,PTG,ORL + RHUMA,DOM,1
13,PTH,ORL + RHUMA,HC_HDJ,1
14,PTG,ORL + RHUMA,DOM,1
14,PTG,ORL + RHUMA,HDJ,1
14,PTH,ORL + RHUMA,HC,1
17,PTG,ORL + RHUMA,DOM,1
18,PTG,ORL + RHUMA,DOM,1
18,PTG,ORL + RHUMA,HC,1
19,PTG,ORL + RHUMA,HC,1
19,PTH,ORL + RHUMA,DOM,1
19,PTH,ORL + RHUMA,HC,1
21,PTG,ORL + RHUMA,DOM,1
22,PTG,ORL + RHUMA,HC,1
23,PTH,ORL + RHUMA,DOM,1
25,PTG,ORL + RHUMA,DOM,1
26,PTH,ORL + RHUMA,DOM,1
27,PTH,ORL + RHUMA,HC,1
28,PTG,ORL + RHUMA,HC,1
28,PTH,ORL + RHUMA,DOM,1
29,PTG,ORL + RHUMA,HC,1
29,PTH,ORL + RHUMA,DOM,1
30,PTG,ORL + RHUMA,DOM,1
30,PTG,ORL + RHUMA,HC,1
31,PTG,ORL + RHUMA,DOM,1
31,PTG,ORL + RHUMA,HC,1
31,PTG,ORL + RHUMA,HDJ,1
31,PTH,ORL + RHUMA,HC_HDJ,1
31,PTH,ORL + RHUMA,HDJ,1
33,PTG,ORL + RHUMA,HC,1
34,PTH,ORL + RHUMA,,1
35,PTG,ORL + RHUMA,HC,1
35,PTH,ORL + RHUMA,DOM,1
36,PTH,ORL + RHUMA,HC,1
37,PTG,ORL + RHUMA,HC,1
37,PTH,ORL + RHUMA,,1
38,PTH,ORL + RHUMA,DOM,1
40,PTG,ORL + RHUMA,DOM,1
40,PTG,ORL + RHUMA,HC,1
40,PTH,ORL + RHUMA,DOM,1
42,PTH,ORL + RHUMA,DOM,1
42,PTH,ORL + RHUMA,HC,1
45,PTG,ORL + RHUMA,HC,1
47,PTH,ORL + RHUMA,DOM,1
48,PTG,ORL + RHUMA,HC,1
49,PTG,ORL + RHUMA,HC,1
49,PTH,ORL + RHUMA,DOM,1
51,PTG,ORL + RHUMA,DOM,1
52,PTG,ORL + RHUMA,HC,1
53,PTH,ORL + RHUMA,HC,1
54,PTH,ORL + RHUMA,HC,1
55,PTH,ORL + RHUMA,DOM,1
57,PTG,ORL + RHUMA,HC,1
57,PTG,ORL + RHUMA,HDJ,1
59,PTG,ORL + RHUMA,,1
59,PTG,ORL + RHUMA,DOM,1
59,PTG,ORL + RHUMA,HC,1
60,PTG,ORL + RHUMA,HC,1
60,PTH,ORL + RHUMA,DOM,1
60,PTH,ORL + RHUMA,HC,1
62,PTH,ORL + RHUMA,DOM,1
68,PTG,ORL + RHUMA,HC,1
68,PTH,ORL + RHUMA,DOM,1
69,PTG,ORL + RHUMA,DOM,1
70,PTG,ORL + RHUMA,DOM,1
70,PTH,ORL + RHUMA,DOM,1
71,PTG,ORL + RHUMA,HC,1
72,PTG,ORL + RHUMA,,1
72,PTH,ORL + RHUMA,DOM,1
73,PTH,ORL + RHUMA,HC,1
74,PTG,ORL + RHUMA,DOM,1
74,PTH,ORL + RHUMA,DOM,1
76,PTH,ORL + RHUMA,HC,1
77,PTG,ORL + RHUMA,DOM,1
78,PTG,ORL + RHUMA,DOM,1
78,PTH,ORL + RHUMA,HC,1
79,PTG,ORL + RHUMA,HC,1
79,PTH,ORL + RHUMA,DOM,1
80,PTH,ORL + RHUMA,HC,1
82,PTH,ORL + RHUMA,HC,1
83,PTG,ORL + RHUMA,DOM,1
84,PTG,ORL + RHUMA,HC,1
84,PTH,ORL + RHUMA,DOM,1
85,PTG,ORL + RHUMA,DOM,1
85,PTG,ORL + RHUMA,HC,1
87,PTG,ORL + RHUMA,DOM,1
88,PTG,ORL + RHUMA,DOM,1
88,PTG,ORL + RHUMA,HC,1
89,PTH,ORL + RHUMA,HC,1
91,PTG,ORL + RHUMA,DOM,1
91,PTG,ORL + RHUMA,HC_HDJ,1
91,PTH,ORL + RHUMA,DOM,1
93,PTH,ORL + RHUMA,DOM,1
94,PTG,ORL + RHUMA,,1
94,PTG,ORL + RHUMA,DOM,1
94,PTG,ORL + RHUMA,HC,1
94,PTH,ORL + RHUMA,HC,1
95,PTH,ORL + RHUMA,DOM,1
23,PTG,ORL + RHUMA + URO,HC,1
33,PTH,ORL + RHUMA + URO,DOM,1
34,PTH,ORL + RHUMA + URO,DOM,1
45,PTH,ORL + RHUMA + URO,DOM,1
63,PTG,ORL + RHUMA + URO,HC,1
65,PTG,ORL + RHUMA + URO,DOM,1
71,PTH,ORL + RHUMA + URO,DOM,1
75,PTH,ORL + RHUMA + URO,DOM,1
83,PTH,ORL + RHUMA + URO,,1
83,PTH,ORL + RHUMA + URO,HC,1
1,PTG,ORL + URO,DOM,2
13,PTG,ORL + URO,HC,2
34,PTG,ORL + URO,DOM,2
62,PTH,ORL + URO,DOM,2
67,PTG,ORL + URO,DOM,2
78,PTG,ORL + URO,DOM,2
88,PTH,ORL + URO,DOM,2
97,PTG,ORL + URO,DOM,2
1,PTG,ORL + URO,,1
1,PTH,ORL + URO,DOM,1
6,PTH,ORL + URO,DOM,1
8,PTG,ORL + URO,DOM,1
13,PTG,ORL + URO,,1
17,PTG,ORL + URO,DOM,1
19,PTG,ORL + URO,DOM,1
24,PTG,ORL + URO,DOM,1
25,PTG,ORL + URO,HC,1
25,PTH,ORL + URO,HC,1
27,PTH,ORL + URO,DOM,1
29,PTG,ORL + URO,DOM,1
29,PTG,ORL + URO,HC,1
31,PTG,ORL + URO,DOM,1
33,PTH,ORL + URO,DOM,1
34,PTH,ORL + URO,DOM,1
35,PTG,ORL + URO,DOM,1
38,PTG,ORL + URO,HC,1
40,PTG,ORL + URO,HC,1
40,PTH,ORL + URO,DOM,1
42,PTG,ORL + URO,DOM,1
44,PTG,ORL + URO,DOM,1
45,PTH,ORL + URO,DOM,1
47,PTG,ORL + URO,HC,1
51,PTG,ORL + URO,DOM,1
53,PTG,ORL + URO,DOM,1
53,PTG,ORL + URO,HC,1
55,PTH,ORL + URO,HC,1
56,PTH,ORL + URO,HC,1
57,PTG,ORL + URO,DOM,1
59,PTG,ORL + URO,DOM,1
59,PTH,ORL + URO,DOM,1
60,PTH,ORL + URO,HC,1
63,PTG,ORL + URO,DOM,1
64,PTG,ORL + URO,HC,1
65,PTG,ORL + URO,DOM,1
67,PTG,ORL + URO,HC,1
69,PTG,ORL + URO,HDJ,1
72,PTG,ORL + URO,DOM,1
76,PTG,ORL + URO,,1
76,PTG,ORL + URO,HC,1
78,PTG,ORL + URO,HDJ,1
80,PTH,ORL + URO,HC,1
83,PTH,ORL + URO,DOM,1
84,PTG,ORL + URO,DOM,1
85,PTG,ORL + URO,DOM,1
92,PTG,ORL + URO,,1
38,PTH,RHUMA,DOM,133
67,PTG,RHUMA,DOM,131
59,PTH,RHUMA,DOM,130
34,PTH,RHUMA,DOM,106
69,PTH,RHUMA,DOM,106
33,PTH,RHUMA,DOM,104
33,PTG,RHUMA,DOM,100
67,PTH,RHUMA,DOM,99
75,PTH,RHUMA,DOM,98
57,PTH,RHUMA,DOM,97
76,PTH,RHUMA,DOM,93
59,PTG,RHUMA,DOM,91
94,PTH,RHUMA,DOM,87
38,PTG,RHUMA,DOM,86
62,PTH,RHUMA,DOM,76
59,PTG,RHUMA,HC,75
78,PTH,RHUMA,DOM,75
13,PTH,RHUMA,DOM,73
42,PTG,RHUMA,HC,71
95,PTH,RHUMA,DOM,69
31,PTH,RHUMA,DOM,68
35,PTH,RHUMA,DOM,68
34,PTG,RHUMA,HC,67
56,PTH,RHUMA,DOM,67
69,PTG,RHUMA,HC,66
13,PTG,RHUMA,HC,65
30,PTH,RHUMA,DOM,65
92,PTH,RHUMA,DOM,65
77,PTH,RHUMA,DOM,64
91,PTH,RHUMA,DOM,64
13,PTH,RHUMA,HC,63
42,PTH,RHUMA,DOM,63
29,PTH,RHUMA,DOM,62
44,PTH,RHUMA,DOM,61
51,PTH,RHUMA,DOM,61
57,PTG,RHUMA,DOM,59
17,PTH,RHUMA,DOM,58
83,PTH,RHUMA,DOM,57
33,PTG,RHUMA,HC,56
42,PTH,RHUMA,HC,56
92,PTG,RHUMA,HC,55
54,PTG,RHUMA,DOM,54
13,PTG,RHUMA,DOM,53
38,PTG,RHUMA,HC,53
62,PTG,RHUMA,DOM,53
63,PTH,RHUMA,DOM,53
74,PTG,RHUMA,DOM,52
2,PTH,RHUMA,DOM,51
6,PTH,RHUMA,DOM,51
44,PTG,RHUMA,DOM,51
54,PTH,RHUMA,DOM,51
69,PTH,RHUMA,HC,51
64,PTH,RHUMA,DOM,50
76,PTG,RHUMA,DOM,50
22,PTH,RHUMA,DOM,49
74,PTH,RHUMA,DOM,48
34,PTH,RHUMA,HC,47
59,PTH,RHUMA,HC,46
67,PTG,RHUMA,HC,46
6,PTG,RHUMA,HC,44
31,PTG,RHUMA,HC,44
34,PTG,RHUMA,DOM,44
49,PTG,RHUMA,DOM,44
1,PTH,RHUMA,DOM,43
8,PTH,RHUMA,DOM,43
30,PTG,RHUMA,HC,43
31,PTH,RHUMA,HC,42
57,PTG,RHUMA,HC,42
63,PTG,RHUMA,DOM,42
27,PTH,RHUMA,DOM,41
49,PTH,RHUMA,DOM,41
93,PTH,RHUMA,DOM,41
17,PTG,RHUMA,DOM,40
38,PTH,RHUMA,HC,40
56,PTG,RHUMA,DOM,40
94,PTG,RHUMA,HC,40
29,PTG,RHUMA,DOM,39
35,PTG,RHUMA,DOM,39
71,PTH,RHUMA,DOM,39
73,PTH,RHUMA,DOM,39
29,PTH,RHUMA,HC,38
42,PTG,RHUMA,DOM,38
74,PTG,RHUMA,HC,38
76,PTG,RHUMA,HC,38
45,PTH,RHUMA,DOM,37
60,PTH,RHUMA,DOM,37
62,PTG,RHUMA,HC,37
78,PTG,RHUMA,HC,37
3,PTH,RHUMA,DOM,36
92,PTH,RHUMA,HC,36
14,PTH,RHUMA,DOM,35
29,PTG,RHUMA,HC,35
44,PTH,RHUMA,HC,35
50,PTH,RHUMA,DOM,35
69,PTG,RHUMA,DOM,35
80,PTH,RHUMA,DOM,35
83,PTG,RHUMA,HC,35
85,PTH,RHUMA,DOM,35
97,PTG,RHUMA,HC,35
2,PTG,RHUMA,DOM,34
6,PTH,RHUMA,HC,34
33,PTH,RHUMA,HC,34
54,PTG,RHUMA,HC,34
75,PTG,RHUMA,HC,34
91,PTG,RHUMA,HC,34
95,PTG,RHUMA,HC,34
66,PTG,RHUMA,HC,33
75,PTH,RHUMA,HC,33
84,PTH,RHUMA,DOM,33
93,PTG,RHUMA,HC,32
30,PTH,RHUMA,HC,31
66,PTH,RHUMA,DOM,31
83,PTG,RHUMA,DOM,31
31,PTG,RHUMA,DOM,30
66,PTH,RHUMA,HC,30
75,PTG,RHUMA,DOM,30
28,PTH,RHUMA,DOM,29
45,PTG,RHUMA,HC,29
77,PTG,RHUMA,DOM,29
83,PTH,RHUMA,HC,29
87,PTH,RHUMA,DOM,29
37,PTH,RHUMA,DOM,28
51,PTG,RHUMA,DOM,28
64,PTG,RHUMA,DOM,28
1,PTG,RHUMA,DOM,27
26,PTH,RHUMA,DOM,27
30,PTG,RHUMA,DOM,27
44,PTG,RHUMA,HC,27
54,PTH,RHUMA,HC,27
57,PTH,RHUMA,HC,27
79,PTG,RHUMA,DOM,27
95,PTG,RHUMA,DOM,27
24,PTH,RHUMA,DOM,26
62,PTH,RHUMA,HC,26
64,PTG,RHUMA,HC,26
67,PTH,RHUMA,HC,26
68,PTG,RHUMA,DOM,26
79,PTH,RHUMA,DOM,26
21,PTH,RHUMA,DOM,25
43,PTG,RHUMA,HC,25
68,PTH,RHUMA,DOM,25
76,PTH,RHUMA,HC,25
91,PTG,RHUMA,DOM,25
91,PTH,RHUMA,HC,25
94,PTG,RHUMA,DOM,25
40,PTG,RHUMA,DOM,24
60,PTG,RHUMA,DOM,24
68,PTH,RHUMA,HC,24
73,PTG,RHUMA,DOM,24
80,PTG,RHUMA,DOM,24
84,PTH,RHUMA,HC,24
93,PTH,RHUMA,HC,24
3,PTG,RHUMA,DOM,23
22,PTG,RHUMA,DOM,23
25,PTG,RHUMA,HC,23
25,PTH,RHUMA,DOM,23
41,PTH,RHUMA,DOM,23
71,PTG,RHUMA,DOM,23
84,PTG,RHUMA,DOM,23
2,PTG,RHUMA,HC,22
17,PTG,RHUMA,HC,22
22,PTH,RHUMA,HC,22
25,PTG,RHUMA,DOM,22
56,PTG,RHUMA,HC,22
63,PTG,RHUMA,HC,22
77,PTH,RHUMA,HC,22
81,PTG,RHUMA,DOM,22
85,PTG,RHUMA,DOM,22
1,PTG,RHUMA,HC,21
21,PTG,RHUMA,HC,21
24,PTG,RHUMA,DOM,21
26,PTG,RHUMA,DOM,21
35,PTH,RHUMA,HC,21
36,PTH,RHUMA,DOM,21
71,PTG,RHUMA,HC,21
88,PTH,RHUMA,DOM,21
7,PTH,RHUMA,DOM,20
39,PTH,RHUMA,DOM,20
49,PTG,RHUMA,HC,20
50,PTG,RHUMA,HC,20
77,PTG,RHUMA,HC,20
88,PTG,RHUMA,DOM,20
11,PTH,RHUMA,DOM,19
40,PTG,RHUMA,HC,19
41,PTG,RHUMA,HC,19
50,PTG,RHUMA,DOM,19
52,PTH,RHUMA,DOM,19
60,PTG,RHUMA,HC,19
61,PTH,RHUMA,DOM,19
68,PTG,RHUMA,HC,19
73,PTG,RHUMA,HC,19
74,PTH,RHUMA,HC,19
78,PTH,RHUMA,HC,19
79,PTG,RHUMA,HC,19
80,PTG,RHUMA,HC,19
81,PTH,RHUMA,DOM,19
86,PTG,RHUMA,DOM,19
89,PTH,RHUMA,DOM,19
97,PTG,RHUMA,DOM,19
1,PTH,RHUMA,HC,18
6,PTG,RHUMA,DOM,18
7,PTG,RHUMA,HC,18
14,PTG,RHUMA,DOM,18
14,PTG,RHUMA,HC,18
35,PTG,RHUMA,HC,18
51,PTG,RHUMA,HC,18
51,PTH,RHUMA,HC,18
56,PTH,RHUMA,HC,18
78,PTG,RHUMA,DOM,18
8,PTG,RHUMA,DOM,17
11,PTG,RHUMA,HC,17
21,PTH,RHUMA,HC,17
32,PTG,RHUMA,HC,17
45,PTG,RHUMA,DOM,17
86,PTH,RHUMA,DOM,17
94,PTH,RHUMA,HC,17
14,PTH,RHUMA,HC,16
23,PTH,RHUMA,DOM,16
26,PTG,RHUMA,HC,16
27,PTG,RHUMA,HC,16
36,PTG,RHUMA,HC,16
43,PTH,RHUMA,DOM,16
46,PTH,RHUMA,DOM,16
66,PTG,RHUMA,DOM,16
73,PTH,RHUMA,HC,16
86,PTG,RHUMA,HC,16
92,PTG,RHUMA,DOM,16
17,PTH,RHUMA,HC,15
19,PTH,RHUMA,DOM,15
21,PTG,RHUMA,DOM,15
32,PTG,RHUMA,DOM,15
41,PTG,RHUMA,DOM,15
63,PTH,RHUMA,HC,15
89,PTG,RHUMA,HC,15
95,PTH,RHUMA,HC,15
10,PTH,RHUMA,DOM,14
15,PTH,RHUMA,DOM,14
19,PTG,RHUMA,HC,14
40,PTH,RHUMA,DOM,14
49,PTH,RHUMA,HC,14
53,PTG,RHUMA,DOM,14
61,PTG,RHUMA,HC,14
64,PTH,RHUMA,HC,14
72,PTH,RHUMA,DOM,14
84,PTG,RHUMA,HC,14
85,PTG,RHUMA,HC,14
3,PTG,RHUMA,HC,13
12,PTH,RHUMA,DOM,13
13,PTG,RHUMA,HDJ,13
13,PTH,RHUMA,HDJ,13
16,PTH,RHUMA,DOM,13
18,PTH,RHUMA,DOM,13
22,PTG,RHUMA,HC,13
32,PTH,RHUMA,DOM,13
37,PTG,RHUMA,DOM,13
37,PTG,RHUMA,HC,13
39,PTG,RHUMA,DOM,13
43,PTG,RHUMA,DOM,13
65,PTH,RHUMA,DOM,13
69,PTG,RHUMA,HDJ,13
87,PTG,RHUMA,HC,13
87,PTG,RHUMA,HDJ,13
12,PTG,RHUMA,HC,12
26,PTH,RHUMA,HC,12
27,PTG,RHUMA,DOM,12
27,PTH,RHUMA,HC,12
36,PTG,RHUMA,DOM,12
41,PTH,RHUMA,HC,12
47,PTG,RHUMA,DOM,12
50,PTH,RHUMA,HC,12
53,PTH,RHUMA,DOM,12
55,PTH,RHUMA,DOM,12
91,PTG,RHUMA,HDJ,12
8,PTH,RHUMA,HC,11
16,PTG,RHUMA,DOM,11
19,PTG,RHUMA,DOM,11
28,PTG,RHUMA,HC,11
28,PTH,RHUMA,HC,11
52,PTG,RHUMA,DOM,11
71,PTH,RHUMA,HC,11
85,PTH,RHUMA,HC,11
92,PTG,RHUMA,HDJ,11
93,PTG,RHUMA,HDJ,11
97,PTH,RHUMA,DOM,11
3,PTH,RHUMA,HC,10
5,PTG,RHUMA,HC,10
9,PTH,RHUMA,DOM,10
39,PTG,RHUMA,HC,10
46,PTG,RHUMA,DOM,10
47,PTH,RHUMA,DOM,10
58,PTH,RHUMA,DOM,10
67,PTG,RHUMA,HDJ,10
69,PTG,RHUMA,HC_HDJ,10
75,PTG,RHUMA,HDJ,10
82,PTH,RHUMA,DOM,10
8,PTG,RHUMA,HC,9
11,PTG,RHUMA,DOM,9
15,PTH,RHUMA,HC,9
23,PTG,RHUMA,HC,9
24,PTH,RHUMA,HC,9
31,PTG,RHUMA,HDJ,9
37,PTH,RHUMA,HC,9
39,PTH,RHUMA,HC,9
43,PTH,RHUMA,HC,9
45,PTH,RHUMA,HC,9
46,PTG,RHUMA,HC,9
47,PTG,RHUMA,HC,9
60,PTH,RHUMA,HC,9
61,PTG,RHUMA,DOM,9
68,PTG,RHUMA,HDJ,9
69,PTH,RHUMA,,9
76,PTG,RHUMA,HDJ,9
78,PTG,RHUMA,HC_HDJ,9
80,PTH,RHUMA,HC,9
81,PTG,RHUMA,HC,9
82,PTG,RHUMA,DOM,9
88,PTH,RHUMA,HC,9
97,PTH,RHUMA,HC,9
6,PTG,RHUMA,HDJ,8
7,PTG,RHUMA,DOM,8
7,PTH,RHUMA,HC,8
9,PTG,RHUMA,HC,8
12,PTG,RHUMA,DOM,8
13,PTH,RHUMA,,8
16,PTG,RHUMA,HC,8
18,PTG,RHUMA,HC,8
25,PTH,RHUMA,HC,8
32,PTH,RHUMA,HC,8
40,PTH,RHUMA,HC,8
47,PTH,RHUMA,HC,8
57,PTH,RHUMA,,8
70,PTG,RHUMA,DOM,8
70,PTH,RHUMA,DOM,8
72,PTG,RHUMA,DOM,8
75,PTG,RHUMA,HC_HDJ,8
75,PTH,RHUMA,,8
78,PTG,RHUMA,HDJ,8
83,PTG,RHUMA,HDJ,8
87,PTG,RHUMA,DOM,8
89,PTG,RHUMA,DOM,8
4,PTG,RHUMA,HC,7
4,PTH,RHUMA,DOM,7
13,PTG,RHUMA,,7
23,PTH,RHUMA,HC,7
24,PTG,RHUMA,HC,7
28,PTG,RHUMA,DOM,7
42,PTG,RHUMA,HDJ,7
52,PTH,RHUMA,HC,7
57,PTG,RHUMA,,7
57,PTG,RHUMA,HDJ,7
59,PTG,RHUMA,HDJ,7
61,PTH,RHUMA,HC,7
65,PTG,RHUMA,HC,7
81,PTH,RHUMA,HC,7
83,PTH,RHUMA,HDJ,7
86,PTH,RHUMA,HC,7
88,PTG,RHUMA,HC,7
92,PTG,RHUMA,,7
93,PTG,RHUMA,DOM,7
5,PTH,RHUMA,DOM,6
6,PTG,RHUMA,,6
6,PTH,RHUMA,,6
9,PTH,RHUMA,HC,6
10,PTG,RHUMA,DOM,6
18,PTH,RHUMA,HC,6
20,PTH,RHUMA,DOM,6
23,PTG,RHUMA,DOM,6
31,PTH,RHUMA,,6
36,PTH,RHUMA,HC,6
45,PTG,RHUMA,HC_HDJ,6
48,PTH,RHUMA,DOM,6
53,PTG,RHUMA,HC,6
55,PTG,RHUMA,DOM,6
72,PTG,RHUMA,HC,6
72,PTH,RHUMA,HC,6
89,PTH,RHUMA,HC,6
90,PTG,RHUMA,DOM,6
91,PTG,RHUMA,HC_HDJ,6
92,PTH,RHUMA,,6
4,PTH,RHUMA,HC,5
10,PTH,RHUMA,HC,5
12,PTH,RHUMA,HC,5
16,PTH,RHUMA,HC,5
18,PTG,RHUMA,DOM,5
19,PTH,RHUMA,HC,5
30,PTG,RHUMA,HDJ,5
31,PTG,RHUMA,HC_HDJ,5
34,PTG,RHUMA,HC_HDJ,5
45,PTH,RHUMA,,5
48,PTH,RHUMA,HC,5
58,PTH,RHUMA,HC,5
65,PTG,RHUMA,DOM,5
69,PTH,RHUMA,HDJ,5
70,PTG,RHUMA,HC,5
78,PTH,RHUMA,,5
79,PTH,RHUMA,HC,5
82,PTG,RHUMA,HC,5
95,PTH,RHUMA,,5
99,PTG,RHUMA,HC,5
1,PTH,RHUMA,,4
2,PTH,RHUMA,HC,4
5,PTH,RHUMA,HC,4
10,PTG,RHUMA,HC,4
11,PTH,RHUMA,HC,4
14,PTG,RHUMA,HDJ,4
30,PTG,RHUMA,,4
31,PTG,RHUMA,,4
34,PTH,RHUMA,,4
53,PTH,RHUMA,HC,4
54,PTG,RHUMA,HDJ,4
54,PTH,RHUMA,,4
58,PTG,RHUMA,DOM,4
58,PTG,RHUMA,HC,4
59,PTH,RHUMA,,4
60,PTH,RHUMA,,4
65,PTH,RHUMA,HC,4
66,PTG,RHUMA,HDJ,4
74,PTG,RHUMA,HDJ,4
75,PTH,RHUMA,HC_HDJ,4
76,PTG,RHUMA,,4
78,PTH,RHUMA,HC_HDJ,4
81,PTG,RHUMA,HDJ,4
83,PTG,RHUMA,,4
88,PTH,RHUMA,HC_HDJ,4
93,PTG,RHUMA,HC_HDJ,4
1,PTG,RHUMA,,3
2,PTH,RHUMA,,3
9,PTG,RHUMA,DOM,3
13,PTH,RHUMA,HC_HDJ,3
15,PTG,RHUMA,DOM,3
15,PTG,RHUMA,HC,3
20,PTG,RHUMA,,3
20,PTG,RHUMA,HC,3
20,PTH,RHUMA,HC_HDJ,3
27,PTG,RHUMA,HDJ,3
28,PTG,RHUMA,,3
30,PTG,RHUMA,HC_HDJ,3
30,PTH,RHUMA,,3
31,PTH,RHUMA,HC_HDJ,3
31,PTH,RHUMA,HDJ,3
34,PTG,RHUMA,,3
35,PTG,RHUMA,HC_HDJ,3
37,PTG,RHUMA,HDJ,3
38,PTG,RHUMA,,3
38,PTG,RHUMA,HDJ,3
44,PTG,RHUMA,HDJ,3
46,PTH,RHUMA,HC,3
52,PTG,RHUMA,HC,3
55,PTG,RHUMA,HC,3
59,PTG,RHUMA,HC_HDJ,3
62,PTH,RHUMA,,3
69,PTG,RHUMA,,3
69,PTH,RHUMA,HC_HDJ,3
71,PTG,RHUMA,,3
77,PTG,RHUMA,HDJ,3
78,PTG,RHUMA,,3
82,PTH,RHUMA,HC,3
83,PTH,RHUMA,,3
84,PTG,RHUMA,HC_HDJ,3
87,PTH,RHUMA,HC,3
91,PTG,RHUMA,,3
92,PTG,RHUMA,HC_HDJ,3
93,PTG,RHUMA,,3
93,PTH,RHUMA,,3
94,PTG,RHUMA,HC_HDJ,3
99,PTH,RHUMA,DOM,3
2,PTG,RHUMA,,2
3,PTG,RHUMA,HC_HDJ,2
4,PTG,RHUMA,,2
5,PTH,RHUMA,,2
11,PTG,RHUMA,HDJ,2
12,PTG,RHUMA,,2
12,PTH,RHUMA,,2
17,PTG,RHUMA,HDJ,2
18,PTG,RHUMA,HDJ,2
20,PTH,RHUMA,HC,2
21,PTG,RHUMA,HDJ,2
24,PTG,RHUMA,HDJ,2
26,PTG,RHUMA,HDJ,2
32,PTH,RHUMA,,2
33,PTH,RHUMA,,2
34,PTH,RHUMA,HC_HDJ,2
37,PTH,RHUMA,,2
38,PTG,RHUMA,HC_HDJ,2
40,PTG,RHUMA,HDJ,2
42,PTG,RHUMA,,2
42,PTG,RHUMA,HC_HDJ,2
42,PTH,RHUMA,HC_HDJ,2
42,PTH,RHUMA,HDJ,2
43,PTH,RHUMA,,2
45,PTG,RHUMA,,2
46,PTG,RHUMA,,2
46,PTH,RHUMA,,2
46,PTH,RHUMA,HDJ,2
48,PTG,RHUMA,DOM,2
50,PTG,RHUMA,HC_HDJ,2
54,PTG,RHUMA,HC_HDJ,2
59,PTG,RHUMA,,2
61,PTH,RHUMA,,2
62,PTH,RHUMA,HDJ,2
63,PTH,RHUMA,,2
63,PTH,RHUMA,HDJ,2
64,PTG,RHUMA,,2
64,PTG,RHUMA,HDJ,2
66,PTG,RHUMA,,2
67,PTH,RHUMA,,2
67,PTH,RHUMA,HDJ,2
68,PTG,RHUMA,,2
70,PTH,RHUMA,HC,2
73,PTG,RHUMA,,2
75,PTG,RHUMA,,2
77,PTG,RHUMA,,2
80,PTG,RHUMA,,2
87,PTH,RHUMA,,2
91,PTH,RHUMA,,2
91,PTH,RHUMA,HDJ,2
92,PTH,RHUMA,HDJ,2
94,PTG,RHUMA,,2
94,PTG,RHUMA,HDJ,2
97,PTG,RHUMA,,2
99,PTG,RHUMA,DOM,2
2,PTG,RHUMA,HDJ,1
2,PTH,RHUMA,HDJ,1
3,PTH,RHUMA,,1
3,PTH,RHUMA,HDJ,1
4,PTG,RHUMA,DOM,1
4,PTH,RHUMA,HDJ,1
5,PTG,RHUMA,,1
5,PTG,RHUMA,DOM,1
5,PTG,RHUMA,HC_HDJ,1
6,PTH,RHUMA,HDJ,1
7,PTG,RHUMA,,1
7,PTH,RHUMA,,1
9,PTG,RHUMA,HC_HDJ,1
10,PTG,RHUMA,HDJ,1
11,PTH,RHUMA,,1
11,PTH,RHUMA,HC_HDJ,1
11,PTH,RHUMA,HDJ,1
13,PTG,RHUMA,HC_HDJ,1
14,PTG,RHUMA,,1
14,PTG,RHUMA,HC_HDJ,1
14,PTH,RHUMA,,1
15,PTG,RHUMA,HC_HDJ,1
16,PTG,RHUMA,HDJ,1
17,PTG,RHUMA,,1
17,PTH,RHUMA,,1
17,PTH,RHUMA,HC_HDJ,1
20,PTG,RHUMA,DOM,1
20,PTG,RHUMA,HC_HDJ,1
20,PTH,RHUMA,,1
21,PTG,RHUMA,,1
21,PTG,RHUMA,HC_HDJ,1
25,PTG,RHUMA,,1
25,PTH,RHUMA,HDJ,1
26,PTH,RHUMA,,1
26,PTH,RHUMA,HDJ,1
27,PTH,RHUMA,,1
27,PTH,RHUMA,HC_HDJ,1
28,PTG,RHUMA,HDJ,1
28,PTH,RHUMA,,1
29,PTG,RHUMA,HDJ,1
29,PTH,RHUMA,,1
29,PTH,RHUMA,HDJ,1
30,PTH,RHUMA,HDJ,1
32,PTG,RHUMA,,1
32,PTG,RHUMA,HDJ,1
32,PTH,RHUMA,HC_HDJ,1
33,PTG,RHUMA,HC_HDJ,1
34,PTG,RHUMA,HDJ,1
35,PTG,RHUMA,,1
35,PTH,RHUMA,,1
37,PTG,RHUMA,,1
38,PTH,RHUMA,,1
39,PTH,RHUMA,,1
40,PTG,RHUMA,HC_HDJ,1
40,PTH,RHUMA,,1
41,PTG,RHUMA,,1
41,PTG,RHUMA,HC_HDJ,1
42,PTH,RHUMA,,1
43,PTG,RHUMA,,1
43,PTG,RHUMA,HDJ,1
44,PTH,RHUMA,,1
45,PTG,RHUMA,HDJ,1
47,PTG,RHUMA,,1
50,PTG,RHUMA,HDJ,1
50,PTH,RHUMA,,1
50,PTH,RHUMA,HDJ,1
51,PTG,RHUMA,,1
51,PTH,RHUMA,,1
52,PTG,RHUMA,,1
52,PTH,RHUMA,HC_HDJ,1
54,PTG,RHUMA,,1
54,PTH,RHUMA,HC_HDJ,1
55,PTG,RHUMA,,1
56,PTG,RHUMA,HDJ,1
57,PTG,RHUMA,HC_HDJ,1
57,PTH,RHUMA,HC_HDJ,1
57,PTH,RHUMA,HDJ,1
58,PTG,RHUMA,,1
60,PTG,RHUMA,,1
60,PTG,RHUMA,HDJ,1
61,PTG,RHUMA,HC_HDJ,1
61,PTG,RHUMA,HDJ,1
62,PTG,RHUMA,,1
62,PTG,RHUMA,HC_HDJ,1
63,PTG,RHUMA,,1
63,PTG,RHUMA,HC_HDJ,1
63,PTG,RHUMA,HDJ,1
64,PTG,RHUMA,HC_HDJ,1
66,PTH,RHUMA,,1
66,PTH,RHUMA,HC_HDJ,1
67,PTG,RHUMA,,1
67,PTG,RHUMA,HC_HDJ,1
68,PTH,RHUMA,HDJ,1
71,PTG,RHUMA,HDJ,1
71,PTH,RHUMA,,1
73,PTG,RHUMA,HDJ,1
74,PTH,RHUMA,HDJ,1
75,PTH,RHUMA,HDJ,1
76,PTG,RHUMA,HC_HDJ,1
77,PTG,RHUMA,HC_HDJ,1
77,PTH,RHUMA,,1
80,PTG,RHUMA,HDJ,1
81,PTH,RHUMA,HDJ,1
83,PTH,RHUMA,HC_HDJ,1
84,PTG,RHUMA,,1
84,PTG,RHUMA,HDJ,1
84,PTH,RHUMA,,1
84,PTH,RHUMA,HC_HDJ,1
84,PTH,RHUMA,HDJ,1
85,PTG,RHUMA,,1
85,PTH,RHUMA,,1
86,PTG,RHUMA,HC_HDJ,1
86,PTG,RHUMA,HDJ,1
86,PTH,RHUMA,,1
87,PTG,RHUMA,,1
88,PTH,RHUMA,,1
89,PTG,RHUMA,,1
90,PTG,RHUMA,HC,1
90,PTH,RHUMA,DOM,1
91,PTH,RHUMA,HC_HDJ,1
92,PTH,RHUMA,HC_HDJ,1
93,PTH,RHUMA,HC_HDJ,1
94,PTH,RHUMA,,1
94,PTH,RHUMA,HDJ,1
95,PTG,RHUMA,,1
95,PTG,RHUMA,HDJ,1
97,PTG,RHUMA,HC_HDJ,1
97,PTG,RHUMA,HDJ,1
97,PTH,RHUMA,,1
99,PTH,RHUMA,HC,1
209,PTG,RHUMA,DOM,1
209,PTG,RHUMA,HC,1
209,PTG,RHUMA,HDJ,1
209,PTH,RHUMA,,1
34,PTG,RHUMA + URO,HC,10
59,PTH,RHUMA + URO,DOM,8
78,PTH,RHUMA + URO,DOM,7
83,PTG,RHUMA + URO,DOM,6
33,PTG,RHUMA + URO,DOM,5
38,PTG,RHUMA + URO,DOM,5
38,PTH,RHUMA + URO,DOM,5
57,PTG,RHUMA + URO,DOM,5
57,PTH,RHUMA + URO,DOM,5
67,PTG,RHUMA + URO,DOM,5
71,PTH,RHUMA + URO,DOM,5
76,PTH,RHUMA + URO,DOM,5
13,PTH,RHUMA + URO,HC,4
31,PTG,RHUMA + URO,DOM,4
33,PTH,RHUMA + URO,DOM,4
35,PTG,RHUMA + URO,DOM,4
42,PTG,RHUMA + URO,HC,4
56,PTH,RHUMA + URO,DOM,4
62,PTG,RHUMA + URO,DOM,4
62,PTH,RHUMA + URO,DOM,4
83,PTH,RHUMA + URO,HC,4
92,PTH,RHUMA + URO,DOM,4
1,PTG,RHUMA + URO,HC,3
3,PTH,RHUMA + URO,DOM,3
22,PTH,RHUMA + URO,DOM,3
25,PTH,RHUMA + URO,DOM,3
31,PTG,RHUMA + URO,HC,3
31,PTH,RHUMA + URO,DOM,3
34,PTG,RHUMA + URO,DOM,3
40,PTG,RHUMA + URO,DOM,3
44,PTG,RHUMA + URO,DOM,3
49,PTH,RHUMA + URO,DOM,3
54,PTH,RHUMA + URO,DOM,3
56,PTG,RHUMA + URO,DOM,3
64,PTH,RHUMA + URO,DOM,3
65,PTG,RHUMA + URO,DOM,3
66,PTG,RHUMA + URO,DOM,3
68,PTH,RHUMA + URO,DOM,3
68,PTH,RHUMA + URO,HC,3
69,PTH,RHUMA + URO,DOM,3
74,PTG,RHUMA + URO,DOM,3
75,PTG,RHUMA + URO,HC,3
75,PTH,RHUMA + URO,DOM,3
77,PTG,RHUMA + URO,DOM,3
92,PTG,RHUMA + URO,DOM,3
94,PTH,RHUMA + URO,DOM,3
95,PTH,RHUMA + URO,HC,3
1,PTH,RHUMA + URO,HC,2
2,PTG,RHUMA + URO,HC,2
8,PTH,RHUMA + URO,DOM,2
13,PTG,RHUMA + URO,DOM,2
13,PTG,RHUMA + URO,HC,2
13,PTG,RHUMA + URO,HDJ,2
13,PTH,RHUMA + URO,DOM,2
17,PTG,RHUMA + URO,DOM,2
19,PTH,RHUMA + URO,DOM,2
21,PTH,RHUMA + URO,DOM,2
24,PTH,RHUMA + URO,DOM,2
25,PTG,RHUMA + URO,DOM,2
29,PTG,RHUMA + URO,DOM,2
29,PTH,RHUMA + URO,HC,2
30,PTH,RHUMA + URO,HC,2
34,PTH,RHUMA + URO,DOM,2
34,PTH,RHUMA + URO,HC,2
35,PTH,RHUMA + URO,DOM,2
35,PTH,RHUMA + URO,HC,2
38,PTG,RHUMA + URO,HC,2
42,PTH,RHUMA + URO,DOM,2
42,PTH,RHUMA + URO,HC,2
43,PTH,RHUMA + URO,DOM,2
44,PTH,RHUMA + URO,DOM,2
45,PTH,RHUMA + URO,DOM,2
49,PTG,RHUMA + URO,DOM,2
52,PTH,RHUMA + URO,DOM,2
56,PTG,RHUMA + URO,HC,2
57,PTG,RHUMA + URO,HC,2
59,PTG,RHUMA + URO,DOM,2
59,PTG,RHUMA + URO,HC,2
60,PTH,RHUMA + URO,,2
60,PTH,RHUMA + URO,DOM,2
61,PTG,RHUMA + URO,HC,2
62,PTG,RHUMA + URO,HC,2
69,PTG,RHUMA + URO,DOM,2
69,PTG,RHUMA + URO,HC,2
72,PTH,RHUMA + URO,DOM,2
74,PTH,RHUMA + URO,DOM,2
77,PTG,RHUMA + URO,HDJ,2
77,PTH,RHUMA + URO,DOM,2
78,PTG,RHUMA + URO,HC,2
78,PTH,RHUMA + URO,HC,2
79,PTG,RHUMA + URO,DOM,2
82,PTH,RHUMA + URO,DOM,2
84,PTH,RHUMA + URO,DOM,2
85,PTH,RHUMA + URO,DOM,2
92,PTG,RHUMA + URO,HDJ,2
94,PTG,RHUMA + URO,DOM,2
94,PTG,RHUMA + URO,HC,2
95,PTH,RHUMA + URO,DOM,2
97,PTG,RHUMA + URO,HC,2
1,PTG,RHUMA + URO,DOM,1
1,PTH,RHUMA + URO,,1
1,PTH,RHUMA + URO,DOM,1
2,PTG,RHUMA + URO,DOM,1
2,PTH,RHUMA + URO,DOM,1
3,PTG,RHUMA + URO,DOM,1
4,PTG,RHUMA + URO,DOM,1
4,PTH,RHUMA + URO,DOM,1
5,PTH,RHUMA + URO,DOM,1
6,PTG,RHUMA + URO,HC,1
6,PTG,RHUMA + URO,HDJ,1
6,PTH,RHUMA + URO,DOM,1
6,PTH,RHUMA + URO,HDJ,1
7,PTG,RHUMA + URO,DOM,1
7,PTH,RHUMA + URO,DOM,1
8,PTG,RHUMA + URO,HC,1
9,PTG,RHUMA + URO,DOM,1
10,PTG,RHUMA + URO,HC,1
11,PTG,RHUMA + URO,HC,1
11,PTH,RHUMA + URO,DOM,1
11,PTH,RHUMA + URO,HC,1
14,PTH,RHUMA + URO,DOM,1
15,PTG,RHUMA + URO,DOM,1
16,PTG,RHUMA + URO,DOM,1
16,PTG,RHUMA + URO,HDJ,1
17,PTG,RHUMA + URO,HC,1
18,PTH,RHUMA + URO,DOM,1
18,PTH,RHUMA + URO,HC,1
20,PTG,RHUMA + URO,HDJ,1
21,PTG,RHUMA + URO,HDJ,1
22,PTG,RHUMA + URO,HC,1
23,PTH,RHUMA + URO,DOM,1
24,PTH,RHUMA + URO,HC,1
25,PTG,RHUMA + URO,HC,1
26,PTG,RHUMA + URO,DOM,1
26,PTG,RHUMA + URO,HC,1
27,PTG,RHUMA + URO,DOM,1
28,PTG,RHUMA + URO,DOM,1
28,PTH,RHUMA + URO,HC,1
29,PTH,RHUMA + URO,DOM,1
30,PTG,RHUMA + URO,HC,1
30,PTH,RHUMA + URO,DOM,1
31,PTG,RHUMA + URO,HC_HDJ,1
31,PTH,RHUMA + URO,HDJ,1
33,PTG,RHUMA + URO,HDJ,1
33,PTH,RHUMA + URO,HC,1
34,PTG,RHUMA + URO,HC_HDJ,1
34,PTG,RHUMA + URO,HDJ,1
37,PTG,RHUMA + URO,DOM,1
37,PTG,RHUMA + URO,HC,1
37,PTH,RHUMA + URO,HC,1
39,PTG,RHUMA + URO,DOM,1
39,PTH,RHUMA + URO,DOM,1
40,PTH,RHUMA + URO,DOM,1
41,PTG,RHUMA + URO,DOM,1
44,PTG,RHUMA + URO,HDJ,1
44,PTH,RHUMA + URO,HC,1
45,PTG,RHUMA + URO,HC,1
47,PTG,RHUMA + URO,HC,1
47,PTH,RHUMA + URO,HC,1
50,PTG,RHUMA + URO,DOM,1
50,PTH,RHUMA + URO,DOM,1
51,PTG,RHUMA + URO,HC,1
52,PTG,RHUMA + URO,DOM,1
53,PTG,RHUMA + URO,DOM,1
53,PTG,RHUMA + URO,HC,1
54,PTG,RHUMA + URO,DOM,1
55,PTH,RHUMA + URO,DOM,1
57,PTG,RHUMA + URO,HC_HDJ,1
59,PTH,RHUMA + URO,HC,1
60,PTG,RHUMA + URO,DOM,1
60,PTH,RHUMA + URO,HC,1
61,PTG,RHUMA + URO,,1
61,PTH,RHUMA + URO,DOM,1
63,PTG,RHUMA + URO,DOM,1
63,PTH,RHUMA + URO,HC,1
64,PTG,RHUMA + URO,HC,1
65,PTH,RHUMA + URO,DOM,1
66,PTH,RHUMA + URO,DOM,1
67,PTH,RHUMA + URO,DOM,1
67,PTH,RHUMA + URO,HC,1
67,PTH,RHUMA + URO,HDJ,1
68,PTG,RHUMA + URO,DOM,1
68,PTG,RHUMA + URO,HC,1
68,PTG,RHUMA + URO,HDJ,1
69,PTG,RHUMA + URO,HC_HDJ,1
69,PTG,RHUMA + URO,HDJ,1
69,PTH,RHUMA + URO,HC,1
71,PTG,RHUMA + URO,DOM,1
71,PTH,RHUMA + URO,HC,1
72,PTG,RHUMA + URO,HC,1
73,PTG,RHUMA + URO,HC,1
73,PTH,RHUMA + URO,HC,1
75,PTG,RHUMA + URO,,1
75,PTG,RHUMA + URO,DOM,1
75,PTH,RHUMA + URO,,1
76,PTG,RHUMA + URO,DOM,1
76,PTG,RHUMA + URO,HC,1
79,PTH,RHUMA + URO,HC,1
80,PTG,RHUMA + URO,DOM,1
81,PTG,RHUMA + URO,DOM,1
81,PTH,RHUMA + URO,DOM,1
83,PTG,RHUMA + URO,HC,1
83,PTH,RHUMA + URO,HDJ,1
84,PTH,RHUMA + URO,HC,1
85,PTG,RHUMA + URO,DOM,1
86,PTG,RHUMA + URO,,1
86,PTH,RHUMA + URO,DOM,1
87,PTH,RHUMA + URO,DOM,1
89,PTG,RHUMA + URO,DOM,1
89,PTG,RHUMA + URO,HC,1
89,PTH,RHUMA + URO,DOM,1
91,PTG,RHUMA + URO,DOM,1
91,PTG,RHUMA + URO,HC,1
91,PTG,RHUMA + URO,HDJ,1
92,PTG,RHUMA + URO,HC,1
92,PTH,RHUMA + URO,HC,1
93,PTG,RHUMA + URO,DOM,1
93,PTH,RHUMA + URO,DOM,1
95,PTG,RHUMA + URO,HC,1
209,PTG,RHUMA + URO,HC,1
59,PTH,standard,DOM,761
59,PTG,standard,DOM,618
62,PTH,standard,DOM,521
44,PTH,standard,DOM,500
33,PTH,standard,DOM,492
59,PTG,standard,HC,462
62,PTG,standard,DOM,451
76,PTH,standard,DOM,430
29,PTH,standard,DOM,417
33,PTG,standard,DOM,416
35,PTH,standard,DOM,405
38,PTH,standard,DOM,399
56,PTH,standard,DOM,398
17,PTH,standard,DOM,366
69,PTH,standard,DOM,362
67,PTG,standard,DOM,361
44,PTG,standard,DOM,359
38,PTG,standard,DOM,340
85,PTH,standard,DOM,340
57,PTG,standard,DOM,325
67,PTH,standard,DOM,320
22,PTH,standard,DOM,319
57,PTH,standard,DOM,319
77,PTH,standard,DOM,318
60,PTH,standard,DOM,315
71,PTH,standard,DOM,306
34,PTH,standard,DOM,290
13,PTG,standard,HC,280
17,PTG,standard,DOM,280
76,PTG,standard,DOM,276
13,PTH,standard,DOM,275
54,PTG,standard,DOM,273
49,PTH,standard,DOM,272
56,PTG,standard,DOM,272
83,PTH,standard,DOM,265
54,PTH,standard,DOM,261
78,PTH,standard,DOM,259
88,PTG,standard,DOM,256
74,PTH,standard,DOM,255
35,PTG,standard,DOM,253
22,PTG,standard,DOM,247
45,PTH,standard,DOM,246
14,PTH,standard,DOM,245
38,PTG,standard,HC,244
64,PTH,standard,DOM,244
29,PTG,standard,DOM,242
2,PTH,standard,DOM,241
59,PTH,standard,HC,237
34,PTG,standard,HC,236
37,PTH,standard,DOM,236
42,PTH,standard,DOM,236
40,PTH,standard,DOM,232
42,PTG,standard,HC,230
33,PTG,standard,HC,225
68,PTH,standard,DOM,225
24,PTH,standard,DOM,223
95,PTH,standard,DOM,221
85,PTG,standard,DOM,215
86,PTH,standard,DOM,215
91,PTH,standard,DOM,214
62,PTG,standard,HC,213
1,PTH,standard,DOM,212
77,PTG,standard,DOM,212
88,PTH,standard,DOM,211
27,PTH,standard,DOM,210
49,PTG,standard,DOM,206
3,PTH,standard,DOM,205
74,PTG,standard,DOM,205
60,PTG,standard,DOM,204
31,PTH,standard,DOM,202
80,PTH,standard,DOM,202
63,PTH,standard,DOM,200
69,PTG,standard,HC,198
50,PTH,standard,DOM,195
71,PTG,standard,DOM,195
6,PTH,standard,DOM,193
13,PTG,standard,DOM,189
79,PTH,standard,DOM,185
21,PTH,standard,DOM,184
68,PTG,standard,DOM,184
2,PTG,standard,DOM,183
30,PTH,standard,DOM,182
71,PTG,standard,HC,181
72,PTH,standard,DOM,181
97,PTG,standard,HC,180
64,PTG,standard,HC,179
69,PTG,standard,DOM,178
83,PTG,standard,HC,178
17,PTG,standard,HC,176
24,PTG,standard,DOM,174
75,PTH,standard,DOM,172
13,PTH,standard,HC,171
74,PTG,standard,HC,171
31,PTG,standard,HC,170
66,PTH,standard,DOM,170
62,PTH,standard,HC,169
76,PTG,standard,HC,169
42,PTH,standard,HC,166
57,PTG,standard,HC,166
41,PTH,standard,DOM,165
1,PTG,standard,HC,164
3,PTG,standard,DOM,163
77,PTG,standard,HC,161
6,PTG,standard,HC,160
64,PTG,standard,DOM,160
30,PTG,standard,HC,159
42,PTG,standard,DOM,158
51,PTH,standard,DOM,158
92,PTH,standard,DOM,158
73,PTH,standard,DOM,157
31,PTG,standard,DOM,156
68,PTG,standard,HC,156
34,PTG,standard,DOM,155
66,PTG,standard,DOM,155
84,PTH,standard,DOM,154
26,PTH,standard,DOM,153
44,PTG,standard,HC,152
45,PTG,standard,HC,152
85,PTG,standard,HC,152
95,PTG,standard,DOM,152
91,PTG,standard,HC,150
16,PTH,standard,DOM,149
88,PTG,standard,HC,149
24,PTG,standard,HC,148
45,PTG,standard,DOM,148
79,PTG,standard,DOM,148
1,PTG,standard,DOM,147
40,PTG,standard,DOM,146
83,PTG,standard,DOM,146
27,PTG,standard,DOM,144
28,PTH,standard,DOM,144
29,PTH,standard,HC,144
44,PTH,standard,HC,143
26,PTG,standard,DOM,142
53,PTH,standard,DOM,142
78,PTG,standard,HC,140
94,PTH,standard,DOM,140
29,PTG,standard,HC,139
67,PTG,standard,HC,139
33,PTH,standard,HC,138
83,PTH,standard,HC,138
6,PTH,standard,HC,137
31,PTH,standard,HC,136
63,PTG,standard,DOM,135
8,PTH,standard,DOM,134
40,PTG,standard,HC,134
41,PTG,standard,DOM,134
69,PTH,standard,HC,133
39,PTH,standard,DOM,132
21,PTG,standard,HC,131
97,PTG,standard,DOM,131
73,PTG,standard,DOM,130
86,PTG,standard,DOM,129
86,PTG,standard,HC,129
54,PTG,standard,HC,128
61,PTH,standard,DOM,128
84,PTG,standard,DOM,128
34,PTH,standard,HC,126
71,PTH,standard,HC,126
22,PTH,standard,HC,123
1,PTH,standard,HC,122
60,PTG,standard,HC,122
81,PTH,standard,DOM,122
93,PTH,standard,DOM,122
11,PTG,standard,HC,121
89,PTH,standard,DOM,121
51,PTG,standard,DOM,120
66,PTG,standard,HC,120
11,PTH,standard,DOM,118
21,PTG,standard,DOM,118
38,PTH,standard,HC,118
72,PTG,standard,DOM,118
22,PTG,standard,HC,116
47,PTH,standard,DOM,115
25,PTH,standard,DOM,114
89,PTG,standard,DOM,114
68,PTH,standard,HC,113
6,PTG,standard,DOM,112
16,PTG,standard,DOM,111
39,PTG,standard,DOM,111
87,PTH,standard,DOM,111
2,PTG,standard,HC,109
37,PTG,standard,HC,109
50,PTH,standard,HC,109
56,PTG,standard,HC,109
85,PTH,standard,HC,109
14,PTH,standard,HC,108
27,PTG,standard,HC,108
81,PTG,standard,HC,108
76,PTH,standard,HC,107
78,PTH,standard,HC,107
30,PTG,standard,DOM,106
75,PTG,standard,HC,106
16,PTG,standard,HC,105
26,PTG,standard,HC,105
37,PTG,standard,DOM,105
80,PTG,standard,DOM,105
81,PTG,standard,DOM,105
7,PTH,standard,DOM,104
18,PTH,standard,DOM,104
36,PTH,standard,DOM,104
10,PTH,standard,DOM,102
80,PTG,standard,HC,102
17,PTH,standard,HC,101
89,PTG,standard,HC,101
25,PTG,standard,DOM,100
50,PTG,standard,HC,100
64,PTH,standard,HC,100
21,PTH,standard,HC,99
52,PTH,standard,DOM,99
56,PTH,standard,HC,98
67,PTH,standard,HC,98
95,PTG,standard,HC,97
53,PTG,standard,DOM,96
58,PTH,standard,DOM,96
91,PTG,standard,DOM,96
19,PTH,standard,DOM,95
77,PTH,standard,HC,95
91,PTH,standard,HC,95
30,PTH,standard,HC,94
58,PTG,standard,DOM,94
52,PTG,standard,DOM,93
7,PTG,standard,DOM,92
47,PTG,standard,DOM,91
35,PTH,standard,HC,90
84,PTG,standard,HC,90
19,PTG,standard,DOM,88
55,PTH,standard,DOM,88
14,PTG,standard,DOM,87
28,PTG,standard,HC,87
45,PTH,standard,HC,87
55,PTG,standard,DOM,87
74,PTH,standard,HC,87
14,PTG,standard,HC,85
92,PTG,standard,HC,85
93,PTG,standard,HC,85
8,PTG,standard,DOM,84
41,PTG,standard,HC,84
70,PTG,standard,DOM,84
43,PTH,standard,DOM,83
47,PTG,standard,HC,83
94,PTG,standard,HC,82
39,PTG,standard,HC,81
19,PTG,standard,HC,80
37,PTH,standard,HC,80
51,PTG,standard,HC,80
78,PTG,standard,DOM,80
94,PTG,standard,DOM,80
12,PTG,standard,HC,79
43,PTG,standard,HC,79
97,PTH,standard,DOM,79
23,PTH,standard,DOM,78
61,PTG,standard,HC,78
28,PTG,standard,DOM,77
73,PTG,standard,HC,77
32,PTG,standard,HC,76
63,PTG,standard,HC,76
88,PTH,standard,HC,76
12,PTH,standard,DOM,75
75,PTH,standard,HC,75
24,PTH,standard,HC,74
75,PTG,standard,DOM,73
10,PTG,standard,DOM,72
49,PTH,standard,HC,72
70,PTH,standard,DOM,72
79,PTH,standard,HC,71
57,PTG,standard,HDJ,70
54,PTH,standard,HC,69
79,PTG,standard,HC,69
4,PTG,standard,HC,68
18,PTG,standard,DOM,68
26,PTH,standard,HC,68
40,PTH,standard,HC,68
50,PTG,standard,DOM,68
66,PTH,standard,HC,68
7,PTG,standard,HC,67
11,PTG,standard,DOM,67
41,PTH,standard,HC,67
81,PTH,standard,HC,67
27,PTH,standard,HC,66
72,PTG,standard,HC,66
95,PTH,standard,HC,66
65,PTH,standard,DOM,65
57,PTH,standard,HC,64
3,PTG,standard,HC,63
43,PTG,standard,DOM,63
46,PTH,standard,DOM,63
83,PTG,standard,HDJ,63
11,PTH,standard,HC,62
25,PTG,standard,HC,62
32,PTG,standard,DOM,62
82,PTH,standard,DOM,62
36,PTG,standard,DOM,61
63,PTH,standard,HC,61
65,PTG,standard,HC,61
35,PTG,standard,HC,60
61,PTH,standard,HC,60
73,PTH,standard,HC,60
70,PTG,standard,HC,59
12,PTG,standard,DOM,58
97,PTH,standard,HC,58
60,PTH,standard,HC,57
80,PTH,standard,HC,57
93,PTG,standard,DOM,57
18,PTG,standard,HC,56
49,PTG,standard,HC,56
58,PTG,standard,HC,56
59,PTG,standard,HDJ,56
82,PTG,standard,DOM,56
52,PTH,standard,HC,55
4,PTH,standard,DOM,54
12,PTH,standard,HC,54
16,PTH,standard,HC,54
36,PTG,standard,HC,54
39,PTH,standard,HC,54
82,PTG,standard,HC,54
92,PTH,standard,HC,54
10,PTG,standard,HC,53
15,PTH,standard,DOM,53
8,PTG,standard,HC,51
52,PTG,standard,HC,51
13,PTG,standard,HDJ,50
20,PTH,standard,DOM,50
69,PTG,standard,HDJ,50
72,PTH,standard,HC,50
2,PTH,standard,HC,49
28,PTH,standard,HC,49
92,PTG,standard,DOM,49
94,PTH,standard,HC,49
5,PTH,standard,HC,48
43,PTH,standard,HC,48
78,PTG,standard,HDJ,48
23,PTG,standard,DOM,47
32,PTH,standard,DOM,47
93,PTH,standard,HC,47
23,PTG,standard,HC,46
89,PTH,standard,HC,46
20,PTG,standard,HC,45
46,PTG,standard,HC,45
15,PTG,standard,HC,44
18,PTH,standard,HC,44
87,PTG,standard,DOM,44
4,PTH,standard,HC,43
84,PTH,standard,HC,43
61,PTG,standard,DOM,42
65,PTG,standard,DOM,42
5,PTH,standard,DOM,41
47,PTH,standard,HC,41
5,PTG,standard,HC,40
9,PTG,standard,HC,40
15,PTG,standard,DOM,40
31,PTG,standard,HDJ,40
91,PTG,standard,HDJ,40
3,PTH,standard,HC,39
9,PTH,standard,DOM,39
58,PTH,standard,HC,39
65,PTH,standard,HC,39
87,PTG,standard,HDJ,39
36,PTH,standard,HC,38
46,PTG,standard,DOM,38
51,PTH,standard,HC,38
7,PTH,standard,HC,37
32,PTH,standard,HC,37
59,PTH,standard,,37
86,PTH,standard,HC,37
25,PTH,standard,HC,36
4,PTG,standard,DOM,35
20,PTG,standard,DOM,35
15,PTH,standard,HC,34
19,PTH,standard,HC,34
53,PTG,standard,HC,34
55,PTG,standard,HC,34
76,PTG,standard,HDJ,33
11,PTG,standard,HDJ,32
23,PTH,standard,HC,32
59,PTG,standard,,32
87,PTH,standard,HC,32
9,PTH,standard,HC,31
13,PTH,standard,,31
70,PTH,standard,HC,31
99,PTH,standard,DOM,31
55,PTH,standard,HC,30
77,PTG,standard,HDJ,30
82,PTH,standard,HC,30
13,PTG,standard,,29
53,PTH,standard,HC,29
57,PTG,standard,,29
6,PTH,standard,,28
83,PTG,standard,,28
99,PTG,standard,DOM,28
10,PTH,standard,HC,27
13,PTG,standard,HC_HDJ,27
14,PTG,standard,HDJ,27
69,PTG,standard,,27
93,PTG,standard,HDJ,27
13,PTH,standard,HDJ,26
68,PTG,standard,HDJ,26
6,PTG,standard,,25
48,PTG,standard,HC,25
83,PTH,standard,HDJ,25
71,PTG,standard,HDJ,24
87,PTG,standard,HC,23
99,PTG,standard,HC,23
8,PTH,standard,HC,22
20,PTH,standard,HC,22
46,PTH,standard,HC,22
57,PTH,standard,,22
64,PTG,standard,HDJ,22
75,PTG,standard,HDJ,22
59,PTG,standard,HC_HDJ,21
83,PTH,standard,,21
34,PTG,standard,HC_HDJ,20
44,PTG,standard,HDJ,20
78,PTG,standard,HC_HDJ,20
9,PTG,standard,DOM,19
77,PTG,standard,HC_HDJ,19
5,PTG,standard,DOM,18
34,PTG,standard,,18
54,PTH,standard,,18
66,PTG,standard,HDJ,18
34,PTG,standard,HDJ,17
50,PTH,standard,,17
62,PTG,standard,,17
78,PTH,standard,,17
85,PTG,standard,HDJ,17
6,PTG,standard,HDJ,16
21,PTG,standard,HDJ,16
48,PTH,standard,DOM,16
48,PTH,standard,HC,16
69,PTG,standard,HC_HDJ,16
74,PTG,standard,HDJ,16
97,PTG,standard,,16
42,PTG,standard,HDJ,15
44,PTG,standard,,15
78,PTG,standard,,15
1,PTG,standard,,14
6,PTH,standard,HDJ,14
30,PTG,standard,,14
31,PTG,standard,HC_HDJ,14
31,PTH,standard,HDJ,14
38,PTG,standard,,14
54,PTG,standard,,14
62,PTG,standard,HC_HDJ,14
83,PTG,standard,HC_HDJ,14
91,PTG,standard,,14
209,PTH,standard,DOM,14
17,PTG,standard,,13
30,PTG,standard,HDJ,13
42,PTH,standard,,13
66,PTG,standard,,13
67,PTG,standard,HDJ,13
67,PTH,standard,,13
75,PTG,standard,,13
86,PTG,standard,,13
90,PTH,standard,DOM,13
14,PTH,standard,,12
18,PTG,standard,HDJ,12
21,PTH,standard,,12
33,PTG,standard,,12
33,PTH,standard,,12
40,PTG,standard,HDJ,12
44,PTH,standard,,12
60,PTH,standard,,12
62,PTH,standard,,12
64,PTH,standard,,12
66,PTH,standard,,12
73,PTG,standard,,12
85,PTH,standard,,12
90,PTG,standard,DOM,12
93,PTG,standard,HC_HDJ,12
95,PTG,standard,,12
2,PTG,standard,,11
10,PTG,standard,,11
11,PTH,standard,,11
30,PTG,standard,HC_HDJ,11
48,PTG,standard,DOM,11
67,PTG,standard,,11
72,PTH,standard,,11
75,PTH,standard,,11
76,PTG,standard,,11
91,PTG,standard,HC_HDJ,11
93,PTH,standard,,11
94,PTG,standard,,11
1,PTG,standard,HDJ,10
14,PTG,standard,,10
21,PTG,standard,,10
29,PTH,standard,,10
34,PTH,standard,,10
38,PTG,standard,HDJ,10
42,PTG,standard,HC_HDJ,10
50,PTG,standard,HC_HDJ,10
54,PTG,standard,HDJ,10
60,PTG,standard,,10
68,PTG,standard,,10
68,PTH,standard,,10
77,PTH,standard,,10
92,PTG,standard,,10
94,PTG,standard,HC_HDJ,10
97,PTG,standard,HDJ,10
99,PTH,standard,HC,10
1,PTH,standard,,9
10,PTG,standard,HC_HDJ,9
17,PTH,standard,,9
20,PTG,standard,HDJ,9
26,PTG,standard,,9
38,PTH,standard,,9
45,PTG,standard,HC_HDJ,9
50,PTG,standard,,9
56,PTG,standard,,9
67,PTH,standard,HDJ,9
69,PTH,standard,,9
69,PTH,standard,HC_HDJ,9
69,PTH,standard,HDJ,9
71,PTG,standard,,9
71,PTH,standard,,9
80,PTG,standard,,9
94,PTG,standard,HDJ,9
95,PTG,standard,HDJ,9
2,PTG,standard,HDJ,8
11,PTG,standard,,8
17,PTG,standard,HDJ,8
26,PTG,standard,HDJ,8
30,PTH,standard,,8
31,PTG,standard,,8
31,PTH,standard,,8
40,PTH,standard,,8
42,PTG,standard,,8
45,PTG,standard,,8
51,PTG,standard,,8
56,PTH,standard,,8
57,PTG,standard,HC_HDJ,8
57,PTH,standard,HDJ,8
58,PTH,standard,,8
70,PTG,standard,,8
73,PTG,standard,HC_HDJ,8
75,PTG,standard,HC_HDJ,8
76,PTH,standard,,8
86,PTH,standard,,8
90,PTG,standard,HC,8
91,PTH,standard,,8
92,PTG,standard,HC_HDJ,8
95,PTH,standard,,8
5,PTG,standard,HC_HDJ,7
7,PTG,standard,,7
13,PTH,standard,HC_HDJ,7
20,PTH,standard,,7
22,PTH,standard,,7
24,PTG,standard,,7
26,PTG,standard,HC_HDJ,7
27,PTH,standard,,7
29,PTH,standard,HC_HDJ,7
38,PTG,standard,HC_HDJ,7
44,PTG,standard,HC_HDJ,7
63,PTH,standard,,7
64,PTG,standard,,7
73,PTH,standard,,7
77,PTG,standard,,7
78,PTH,standard,HDJ,7
80,PTH,standard,,7
82,PTG,standard,HDJ,7
85,PTG,standard,HC_HDJ,7
88,PTG,standard,,7
88,PTH,standard,,7
89,PTG,standard,,7
91,PTH,standard,HDJ,7
92,PTG,standard,HDJ,7
209,PTG,standard,DOM,7
3,PTG,standard,,6
3,PTG,standard,HDJ,6
15,PTG,standard,HDJ,6
17,PTG,standard,HC_HDJ,6
19,PTG,standard,,6
20,PTG,standard,HC_HDJ,6
26,PTH,standard,,6
27,PTG,standard,HDJ,6
29,PTG,standard,HC_HDJ,6
31,PTH,standard,HC_HDJ,6
32,PTG,standard,HDJ,6
43,PTG,standard,HC_HDJ,6
46,PTG,standard,,6
52,PTH,standard,,6
55,PTG,standard,,6
55,PTH,standard,,6
61,PTH,standard,,6
68,PTH,standard,HDJ,6
73,PTG,standard,HDJ,6
84,PTG,standard,,6
84,PTG,standard,HC_HDJ,6
84,PTG,standard,HDJ,6
85,PTG,standard,,6
86,PTG,standard,HDJ,6
89,PTH,standard,,6
92,PTH,standard,,6
93,PTG,standard,,6
94,PTH,standard,,6
209,PTG,standard,HC,6
4,PTG,standard,,5
5,PTG,standard,HDJ,5
6,PTG,standard,HC_HDJ,5
12,PTG,standard,,5
12,PTH,standard,,5
23,PTG,standard,HDJ,5
29,PTG,standard,HDJ,5
33,PTG,standard,HC_HDJ,5
35,PTG,standard,,5
35,PTH,standard,,5
39,PTG,standard,,5
40,PTG,standard,,5
42,PTH,standard,HC_HDJ,5
42,PTH,standard,HDJ,5
43,PTG,standard,,5
45,PTH,standard,,5
47,PTH,standard,,5
58,PTG,standard,,5
60,PTG,standard,HDJ,5
61,PTG,standard,,5
62,PTG,standard,HDJ,5
63,PTG,standard,HDJ,5
65,PTG,standard,HDJ,5
66,PTG,standard,HC_HDJ,5
72,PTG,standard,HDJ,5
73,PTH,standard,HDJ,5
74,PTH,standard,,5
81,PTG,standard,,5
81,PTG,standard,HC_HDJ,5
83,PTH,standard,HC_HDJ,5
95,PTG,standard,HC_HDJ,5
97,PTH,standard,,5
2,PTG,standard,HC_HDJ,4
2,PTH,standard,,4
3,PTH,standard,,4
4,PTG,standard,HC_HDJ,4
4,PTH,standard,,4
5,PTH,standard,,4
7,PTH,standard,,4
8,PTG,standard,,4
8,PTH,standard,,4
10,PTG,standard,HDJ,4
11,PTG,standard,HC_HDJ,4
15,PTH,standard,HC_HDJ,4
22,PTG,standard,,4
27,PTG,standard,,4
32,PTH,standard,,4
33,PTG,standard,HDJ,4
34,PTH,standard,HC_HDJ,4
36,PTH,standard,,4
37,PTG,standard,HDJ,4
37,PTH,standard,,4
39,PTH,standard,,4
46,PTH,standard,,4
48,PTG,standard,HDJ,4
49,PTH,standard,,4
52,PTG,standard,,4
52,PTG,standard,HC_HDJ,4
56,PTG,standard,HDJ,4
57,PTH,standard,HC_HDJ,4
59,PTH,standard,HDJ,4
63,PTG,standard,,4
65,PTG,standard,HC_HDJ,4
66,PTH,standard,HDJ,4
74,PTG,standard,,4
75,PTH,standard,HC_HDJ,4
76,PTG,standard,HC_HDJ,4
77,PTH,standard,HC_HDJ,4
78,PTH,standard,HC_HDJ,4
80,PTG,standard,HC_HDJ,4
82,PTH,standard,,4
91,PTH,standard,HC_HDJ,4
92,PTH,standard,HC_HDJ,4
97,PTG,standard,HC_HDJ,4
209,PTH,standard,HC,4
1,PTG,standard,HC_HDJ,3
5,PTG,standard,,3
11,PTH,standard,HC_HDJ,3
11,PTH,standard,HDJ,3
15,PTG,standard,,3
20,PTG,standard,,3
26,PTH,standard,HC_HDJ,3
28,PTG,standard,,3
29,PTG,standard,,3
29,PTH,standard,HDJ,3
41,PTG,standard,,3
41,PTG,standard,HC_HDJ,3
41,PTH,standard,,3
43,PTH,standard,,3
48,PTH,standard,,3
48,PTH,standard,HDJ,3
54,PTG,standard,HC_HDJ,3
55,PTG,standard,HC_HDJ,3
60,PTG,standard,HC_HDJ,3
64,PTG,standard,HC_HDJ,3
70,PTH,standard,,3
81,PTG,standard,HDJ,3
81,PTH,standard,,3
84,PTH,standard,HDJ,3
88,PTG,standard,HC_HDJ,3
88,PTH,standard,HC_HDJ,3
97,PTH,standard,HDJ,3
1,PTH,standard,HDJ,2
4,PTH,standard,HDJ,2
5,PTH,standard,HDJ,2
6,PTH,standard,HC_HDJ,2
7,PTG,standard,HDJ,2
9,PTG,standard,,2
9,PTG,standard,HC_HDJ,2
10,PTH,standard,,2
10,PTH,standard,HDJ,2
16,PTG,standard,,2
16,PTH,standard,,2
18,PTG,standard,,2
19,PTG,standard,HDJ,2
19,PTH,standard,,2
21,PTG,standard,HC_HDJ,2
22,PTG,standard,HC_HDJ,2
23,PTG,standard,,2
24,PTG,standard,HDJ,2
24,PTH,standard,,2
25,PTG,standard,,2
28,PTH,standard,,2
30,PTH,standard,HC_HDJ,2
30,PTH,standard,HDJ,2
32,PTG,standard,HC_HDJ,2
35,PTG,standard,HDJ,2
36,PTG,standard,,2
36,PTH,standard,HDJ,2
38,PTH,standard,HC_HDJ,2
38,PTH,standard,HDJ,2
40,PTG,standard,HC_HDJ,2
44,PTH,standard,HC_HDJ,2
46,PTH,standard,HDJ,2
47,PTG,standard,HDJ,2
48,PTH,standard,HC_HDJ,2
50,PTG,standard,HDJ,2
50,PTH,standard,HDJ,2
52,PTG,standard,HDJ,2
53,PTG,standard,,2
53,PTG,standard,HC_HDJ,2
54,PTH,standard,HC_HDJ,2
56,PTG,standard,HC_HDJ,2
58,PTG,standard,HC_HDJ,2
59,PTH,standard,HC_HDJ,2
60,PTH,standard,HDJ,2
63,PTG,standard,HC_HDJ,2
65,PTH,standard,,2
65,PTH,standard,HDJ,2
68,PTH,standard,HC_HDJ,2
71,PTG,standard,HC_HDJ,2
72,PTG,standard,,2
77,PTH,standard,HDJ,2
79,PTG,standard,,2
79,PTG,standard,HC_HDJ,2
79,PTG,standard,HDJ,2
79,PTH,standard,,2
80,PTG,standard,HDJ,2
81,PTH,standard,HDJ,2
84,PTH,standard,,2
84,PTH,standard,HC_HDJ,2
86,PTG,standard,HC_HDJ,2
87,PTG,standard,,2
88,PTG,standard,HDJ,2
89,PTG,standard,HC_HDJ,2
93,PTH,standard,HC_HDJ,2
971,PTG,standard,HC,2
999,PTG,standard,DOM,2
999,PTH,standard,DOM,2
3,PTH,standard,HDJ,1
7,PTG,standard,HC_HDJ,1
7,PTH,standard,HC_HDJ,1
8,PTG,standard,HDJ,1
8,PTH,standard,HC_HDJ,1
10,PTH,standard,HC_HDJ,1
12,PTG,standard,HDJ,1
12,PTH,standard,HC_HDJ,1
14,PTG,standard,HC_HDJ,1
14,PTH,standard,HDJ,1
15,PTG,standard,HC_HDJ,1
15,PTH,standard,,1
15,PTH,standard,HDJ,1
17,PTH,standard,HDJ,1
18,PTH,standard,,1
20,PTH,standard,HC_HDJ,1
20,PTH,standard,HDJ,1
21,PTH,standard,HDJ,1
22,PTG,standard,HDJ,1
23,PTH,standard,,1
25,PTH,standard,,1
27,PTG,standard,HC_HDJ,1
27,PTH,standard,HDJ,1
32,PTG,standard,,1
33,PTH,standard,HC_HDJ,1
35,PTG,standard,HC_HDJ,1
37,PTG,standard,,1
40,PTH,standard,HDJ,1
41,PTG,standard,HDJ,1
43,PTG,standard,HDJ,1
43,PTH,standard,HC_HDJ,1
43,PTH,standard,HDJ,1
45,PTH,standard,HC_HDJ,1
46,PTG,standard,HC_HDJ,1
46,PTG,standard,HDJ,1
47,PTG,standard,,1
48,PTG,standard,,1
48,PTG,standard,HC_HDJ,1
49,PTG,standard,,1
51,PTG,standard,HC_HDJ,1
51,PTG,standard,HDJ,1
52,PTH,standard,HDJ,1
53,PTG,standard,HDJ,1
54,PTH,standard,HDJ,1
56,PTH,standard,HC_HDJ,1
63,PTH,standard,HDJ,1
64,PTH,standard,HC_HDJ,1
65,PTG,standard,,1
67,PTG,standard,HC_HDJ,1
67,PTH,standard,HC_HDJ,1
71,PTH,standard,HDJ,1
74,PTG,standard,HC_HDJ,1
74,PTH,standard,HDJ,1
80,PTH,standard,HC_HDJ,1
80,PTH,standard,HDJ,1
81,PTH,standard,HC_HDJ,1
82,PTG,standard,,1
85,PTH,standard,HC_HDJ,1
87,PTG,standard,HC_HDJ,1
87,PTH,standard,,1
88,PTH,standard,HDJ,1
89,PTG,standard,HDJ,1
90,PTH,standard,,1
90,PTH,standard,HC,1
93,PTH,standard,HDJ,1
94,PTH,standard,HC_HDJ,1
94,PTH,standard,HDJ,1
95,PTH,standard,HC_HDJ,1
95,PTH,standard,HDJ,1
99,PTG,standard,,1
99,PTG,standard,HDJ,1
99,PTH,standard,,1
209,PTG,standard,,1
209,PTH,standard,,1
977,PTH,standard,DOM,1
999,PTG,standard,HDJ,1
999,PTH,standard,HC,1
59,PTH,URO,DOM,30
38,PTG,URO,DOM,19
59,PTG,URO,HC,19
56,PTH,URO,DOM,18
57,PTH,URO,DOM,18
59,PTG,URO,DOM,18
62,PTH,URO,DOM,18
17,PTH,URO,DOM,17
77,PTH,URO,DOM,17
22,PTH,URO,DOM,15
38,PTH,URO,DOM,15
76,PTG,URO,DOM,15
76,PTH,URO,DOM,15
33,PTH,URO,DOM,14
13,PTG,URO,HC,13
13,PTH,URO,DOM,13
24,PTH,URO,DOM,13
44,PTH,URO,DOM,13
67,PTG,URO,DOM,13
78,PTH,URO,DOM,13
1,PTH,URO,DOM,12
29,PTG,URO,DOM,12
34,PTH,URO,DOM,12
62,PTG,URO,DOM,12
71,PTH,URO,DOM,12
2,PTG,URO,DOM,11
34,PTG,URO,HC,11
44,PTG,URO,DOM,11
45,PTH,URO,DOM,11
56,PTG,URO,DOM,11
68,PTG,URO,DOM,11
85,PTH,URO,DOM,11
3,PTH,URO,DOM,10
16,PTH,URO,DOM,10
28,PTH,URO,DOM,10
29,PTH,URO,DOM,10
35,PTG,URO,DOM,10
42,PTG,URO,HC,10
57,PTG,URO,DOM,10
69,PTG,URO,DOM,10
73,PTH,URO,DOM,10
83,PTH,URO,DOM,10
91,PTH,URO,DOM,10
2,PTH,URO,DOM,9
13,PTG,URO,DOM,9
19,PTH,URO,DOM,9
33,PTG,URO,DOM,9
40,PTH,URO,DOM,9
64,PTH,URO,DOM,9
69,PTG,URO,HC,9
69,PTH,URO,DOM,9
74,PTG,URO,DOM,9
74,PTH,URO,DOM,9
95,PTG,URO,DOM,9
6,PTG,URO,HC,8
14,PTH,URO,DOM,8
30,PTG,URO,HC,8
31,PTG,URO,DOM,8
35,PTH,URO,DOM,8
37,PTH,URO,DOM,8
47,PTH,URO,DOM,8
53,PTH,URO,DOM,8
57,PTG,URO,HDJ,8
59,PTH,URO,HC,8
60,PTG,URO,DOM,8
62,PTH,URO,HC,8
63,PTH,URO,DOM,8
66,PTH,URO,DOM,8
77,PTG,URO,DOM,8
79,PTG,URO,DOM,8
13,PTG,URO,HDJ,7
22,PTG,URO,DOM,7
25,PTG,URO,DOM,7
27,PTH,URO,DOM,7
49,PTG,URO,DOM,7
50,PTH,URO,HC,7
60,PTH,URO,DOM,7
70,PTH,URO,DOM,7
73,PTG,URO,DOM,7
74,PTG,URO,HC,7
85,PTG,URO,HC,7
86,PTH,URO,DOM,7
89,PTH,URO,DOM,7
93,PTH,URO,DOM,7
1,PTG,URO,DOM,6
1,PTH,URO,HC,6
12,PTH,URO,DOM,6
15,PTG,URO,DOM,6
17,PTG,URO,DOM,6
22,PTG,URO,HC,6
26,PTG,URO,DOM,6
31,PTH,URO,DOM,6
39,PTG,URO,HC,6
39,PTH,URO,DOM,6
49,PTG,URO,HC,6
49,PTH,URO,DOM,6
51,PTG,URO,HC,6
54,PTG,URO,DOM,6
54,PTG,URO,HC,6
54,PTH,URO,DOM,6
61,PTG,URO,HC,6
63,PTH,URO,HC,6
66,PTH,URO,HC,6
67,PTG,URO,HC,6
68,PTH,URO,DOM,6
69,PTH,URO,HC,6
70,PTG,URO,DOM,6
71,PTG,URO,HC,6
71,PTH,URO,HC,6
72,PTH,URO,DOM,6
83,PTG,URO,HC,6
85,PTG,URO,DOM,6
86,PTG,URO,HC,6
88,PTG,URO,HC,6
88,PTH,URO,DOM,6
92,PTH,URO,DOM,6
94,PTH,URO,DOM,6
95,PTH,URO,DOM,6
1,PTG,URO,HC,5
4,PTH,URO,DOM,5
6,PTH,URO,DOM,5
10,PTG,URO,DOM,5
10,PTH,URO,DOM,5
11,PTG,URO,HC,5
14,PTH,URO,HC,5
17,PTG,URO,HC,5
17,PTH,URO,HC,5
24,PTG,URO,DOM,5
26,PTH,URO,DOM,5
28,PTG,URO,DOM,5
30,PTG,URO,DOM,5
30,PTH,URO,DOM,5
32,PTH,URO,DOM,5
39,PTG,URO,DOM,5
50,PTG,URO,HC,5
51,PTG,URO,DOM,5
51,PTH,URO,DOM,5
56,PTG,URO,HC,5
60,PTG,URO,HC,5
63,PTG,URO,DOM,5
64,PTH,URO,HC,5
66,PTG,URO,HC,5
70,PTG,URO,HC,5
71,PTG,URO,DOM,5
72,PTG,URO,DOM,5
75,PTH,URO,DOM,5
83,PTG,URO,DOM,5
87,PTG,URO,HDJ,5
89,PTG,URO,DOM,5
91,PTG,URO,DOM,5
3,PTG,URO,DOM,4
8,PTG,URO,DOM,4
10,PTG,URO,HC,4
14,PTG,URO,DOM,4
21,PTH,URO,DOM,4
22,PTH,URO,HC,4
23,PTG,URO,DOM,4
25,PTH,URO,DOM,4
26,PTG,URO,HC,4
28,PTH,URO,HC,4
31,PTG,URO,HC,4
37,PTH,URO,HC,4
42,PTH,URO,DOM,4
44,PTH,URO,HC,4
45,PTG,URO,DOM,4
45,PTG,URO,HC,4
47,PTG,URO,HC,4
49,PTH,URO,HC,4
57,PTG,URO,HC,4
61,PTH,URO,DOM,4
62,PTG,URO,HC,4
68,PTG,URO,HC,4
74,PTH,URO,HC,4
77,PTH,URO,HC,4
78,PTG,URO,DOM,4
79,PTH,URO,DOM,4
80,PTG,URO,DOM,4
80,PTH,URO,DOM,4
81,PTH,URO,DOM,4
87,PTH,URO,DOM,4
87,PTH,URO,HC,4
88,PTG,URO,DOM,4
88,PTH,URO,HC,4
92,PTG,URO,HC,4
93,PTG,URO,HC,4
95,PTG,URO,HC,4
95,PTH,URO,HC,4
2,PTG,URO,HC,3
2,PTH,URO,HC,3
3,PTH,URO,HC,3
5,PTH,URO,HC,3
6,PTG,URO,DOM,3
8,PTH,URO,DOM,3
9,PTG,URO,HC,3
9,PTH,URO,DOM,3
11,PTH,URO,DOM,3
16,PTG,URO,DOM,3
18,PTG,URO,DOM,3
19,PTG,URO,DOM,3
19,PTH,URO,HC,3
20,PTG,URO,DOM,3
20,PTH,URO,DOM,3
21,PTG,URO,HC,3
23,PTH,URO,DOM,3
24,PTG,URO,HC,3
24,PTH,URO,HC,3
27,PTG,URO,HC,3
29,PTG,URO,HC,3
30,PTH,URO,HC,3
31,PTH,URO,HC,3
32,PTG,URO,DOM,3
33,PTH,URO,HC,3
37,PTG,URO,HC,3
38,PTH,URO,HC,3
40,PTG,URO,HC,3
42,PTH,URO,HC,3
43,PTG,URO,HC,3
43,PTH,URO,DOM,3
43,PTH,URO,HC,3
47,PTG,URO,DOM,3
48,PTG,URO,HC,3
53,PTG,URO,DOM,3
55,PTH,URO,DOM,3
59,PTG,URO,,3
59,PTG,URO,HDJ,3
63,PTG,URO,HC,3
64,PTG,URO,DOM,3
64,PTG,URO,HC,3
65,PTH,URO,DOM,3
66,PTG,URO,DOM,3
67,PTH,URO,DOM,3
68,PTH,URO,HC,3
69,PTG,URO,HDJ,3
77,PTG,URO,HC,3
79,PTG,URO,HC,3
80,PTG,URO,HC,3
81,PTG,URO,DOM,3
81,PTG,URO,HC,3
82,PTG,URO,DOM,3
82,PTH,URO,DOM,3
84,PTG,URO,DOM,3
86,PTG,URO,DOM,3
89,PTG,URO,HC,3
5,PTG,URO,HC,2
6,PTG,URO,HDJ,2
7,PTH,URO,DOM,2
8,PTH,URO,HC,2
11,PTG,URO,DOM,2
11,PTG,URO,HDJ,2
12,PTG,URO,DOM,2
12,PTG,URO,HC,2
14,PTG,URO,HC,2
14,PTG,URO,HDJ,2
16,PTH,URO,HC,2
18,PTH,URO,DOM,2
21,PTH,URO,HC,2
27,PTH,URO,HC,2
29,PTH,URO,HC,2
32,PTG,URO,HC,2
33,PTG,URO,HC,2
34,PTG,URO,DOM,2
34,PTH,URO,HC,2
35,PTG,URO,HC,2
35,PTH,URO,HC,2
36,PTG,URO,,2
36,PTG,URO,DOM,2
36,PTG,URO,HC,2
37,PTG,URO,DOM,2
38,PTG,URO,HC,2
40,PTG,URO,DOM,2
40,PTH,URO,HC,2
43,PTG,URO,DOM,2
44,PTG,URO,HC,2
44,PTG,URO,HDJ,2
45,PTH,URO,HC,2
46,PTG,URO,DOM,2
46,PTH,URO,DOM,2
50,PTH,URO,DOM,2
51,PTH,URO,HC,2
58,PTG,URO,HC,2
60,PTH,URO,HC,2
61,PTG,URO,DOM,2
65,PTG,URO,HC,2
65,PTH,URO,HC,2
69,PTH,URO,,2
72,PTG,URO,HC,2
72,PTH,URO,HC,2
75,PTG,URO,HC,2
75,PTG,URO,HDJ,2
76,PTG,URO,HC,2
76,PTG,URO,HDJ,2
78,PTG,URO,HC,2
81,PTG,URO,HC_HDJ,2
83,PTG,URO,HC_HDJ,2
83,PTG,URO,HDJ,2
83,PTH,URO,HC,2
84,PTG,URO,HC,2
84,PTH,URO,HC,2
85,PTH,URO,HC,2
87,PTG,URO,DOM,2
91,PTH,URO,HC,2
92,PTH,URO,HC,2
93,PTH,URO,HC,2
94,PTG,URO,HC,2
97,PTG,URO,DOM,2
97,PTG,URO,HC,2
97,PTH,URO,DOM,2
1,PTH,URO,,1
2,PTG,URO,,1
3,PTG,URO,HC,1
5,PTG,URO,HC_HDJ,1
5,PTG,URO,HDJ,1
5,PTH,URO,HC_HDJ,1
6,PTH,URO,,1
6,PTH,URO,HC,1
6,PTH,URO,HDJ,1
7,PTG,URO,DOM,1
7,PTH,URO,HC,1
8,PTG,URO,HC,1
9,PTG,URO,DOM,1
9,PTH,URO,HC,1
10,PTG,URO,HC_HDJ,1
10,PTH,URO,HC,1
11,PTH,URO,HC,1
12,PTH,URO,HC,1
13,PTG,URO,,1
13,PTH,URO,,1
13,PTH,URO,HC,1
15,PTH,URO,DOM,1
16,PTG,URO,,1
17,PTG,URO,,1
17,PTG,URO,HC_HDJ,1
18,PTG,URO,HC,1
18,PTH,URO,HC,1
19,PTG,URO,HC,1
20,PTG,URO,HC,1
20,PTG,URO,HC_HDJ,1
20,PTG,URO,HDJ,1
20,PTH,URO,HDJ,1
22,PTG,URO,HC_HDJ,1
22,PTH,URO,,1
23,PTG,URO,HC,1
23,PTH,URO,HC,1
25,PTG,URO,HC,1
26,PTH,URO,HC,1
27,PTG,URO,DOM,1
28,PTG,URO,HC,1
29,PTG,URO,HC_HDJ,1
29,PTG,URO,HDJ,1
31,PTH,URO,,1
32,PTG,URO,HDJ,1
34,PTG,URO,,1
34,PTG,URO,HC_HDJ,1
34,PTG,URO,HDJ,1
34,PTH,URO,,1
36,PTH,URO,DOM,1
36,PTH,URO,HC,1
38,PTG,URO,HDJ,1
38,PTH,URO,,1
39,PTH,URO,HC,1
40,PTG,URO,HDJ,1
41,PTG,URO,HC,1
41,PTG,URO,HC_HDJ,1
41,PTH,URO,DOM,1
42,PTG,URO,DOM,1
42,PTG,URO,HDJ,1
43,PTH,URO,,1
45,PTH,URO,,1
46,PTG,URO,HC,1
46,PTH,URO,HC,1
47,PTH,URO,HC,1
48,PTG,URO,DOM,1
50,PTG,URO,,1
50,PTG,URO,DOM,1
51,PTH,URO,,1
54,PTG,URO,HDJ,1
54,PTH,URO,HC,1
55,PTG,URO,DOM,1
55,PTG,URO,HC,1
57,PTG,URO,,1
57,PTH,URO,HC,1
58,PTG,URO,DOM,1
58,PTH,URO,DOM,1
59,PTH,URO,,1
60,PTG,URO,HDJ,1
61,PTG,URO,HC_HDJ,1
61,PTH,URO,,1
61,PTH,URO,HC,1
62,PTH,URO,,1
63,PTG,URO,,1
64,PTG,URO,HDJ,1
65,PTG,URO,DOM,1
66,PTG,URO,,1
66,PTG,URO,HC_HDJ,1
66,PTH,URO,HC_HDJ,1
67,PTH,URO,,1
67,PTH,URO,HC,1
69,PTG,URO,,1
70,PTG,URO,,1
70,PTG,URO,HC_HDJ,1
71,PTG,URO,HDJ,1
72,PTH,URO,,1
73,PTG,URO,HC,1
73,PTH,URO,HC,1
74,PTH,URO,,1
75,PTH,URO,HC,1
76,PTG,URO,HC_HDJ,1
76,PTH,URO,HC,1
77,PTG,URO,HDJ,1
78,PTH,URO,HC,1
79,PTG,URO,HDJ,1
80,PTG,URO,,1
80,PTG,URO,HC_HDJ,1
80,PTH,URO,,1
80,PTH,URO,HC,1
81,PTG,URO,HDJ,1
82,PTG,URO,HC,1
83,PTG,URO,,1
83,PTH,URO,,1
83,PTH,URO,HC_HDJ,1
83,PTH,URO,HDJ,1
84,PTG,URO,,1
84,PTH,URO,,1
84,PTH,URO,DOM,1
86,PTG,URO,,1
86,PTH,URO,HC,1
87,PTH,URO,,1
88,PTH,URO,HDJ,1
89,PTG,URO,,1
91,PTG,URO,HC,1
91,PTG,URO,HC_HDJ,1
92,PTG,URO,,1
92,PTG,URO,DOM,1
93,PTG,URO,DOM,1
93,PTG,URO,HDJ,1
93,PTH,URO,HDJ,1
94,PTG,URO,HC_HDJ,1
95,PTH,URO,,1
97,PTH,URO,HC,1
209,PTG,URO,DOM,1
209,PTG,URO,HC,1
209,PTH,URO,DOM,1
