codgeo;libgeo;an;pop65p
01001;L'Abergement-Clémenciat;2022;172
01002;L'Abergement-de-Varey;2022;50
01004;Ambérieu-en-Bugey;2022;2809
01005;Ambérieux-en-Dombes;2022;326
01006;Ambléon;2022;32
01007;Ambronay;2022;479
01008;Ambutrix;2022;128
01009;Andert-et-Condon;2022;87
01010;Anglefort;2022;189
01011;Apremont;2022;80
01012;Aranc;2022;80
01013;Arandas;2022;38
01014;Arbent;2022;784
01015;Arboys en Bugey;2022;180
01016;Arbigny;2022;101
01017;Argis;2022;106
01019;Armix;2022;8
01021;Ars-sur-Formans;2022;280
01022;Artemare;2022;337
01023;Asnières-sur-Saône;2022;14
01024;Attignat;2022;648
01025;Bâgé-Dommartin;2022;684
01026;Bâgé-le-Châtel;2022;252
01027;Balan;2022;290
01028;Baneins;2022;110
01029;Beaupont;2022;127
01030;Beauregard;2022;136
01031;Bellignat;2022;741
01032;Béligneux;2022;533
01033;Valserhône;2022;2764
01034;Belley;2022;2438
01035;Belleydoux;2022;59
01036;Valromey-sur-Séran;2022;382
01037;Bénonces;2022;65
01038;Bény;2022;169
01040;Béréziat;2022;76
01041;Bettant;2022;148
01042;Bey;2022;53
01043;Beynost;2022;922
01044;Billiat;2022;121
01045;Birieux;2022;38
01046;Biziat;2022;137
01047;Blyes;2022;126
01049;La Boisse;2022;538
01050;Boissey;2022;49
01051;Bolozon;2022;26
01052;Bouligneux;2022;84
01053;Bourg-en-Bresse;2022;9610
01054;Bourg-Saint-Christophe;2022;212
01056;Boyeux-Saint-Jérôme;2022;88
01057;Boz;2022;84
01058;Brégnier-Cordon;2022;177
01060;Brénod;2022;146
01061;Brens;2022;244
01062;Bressolles;2022;169
01063;Brion;2022;152
01064;Briord;2022;124
01065;Buellas;2022;392
01066;La Burbanche;2022;16
01067;Ceignes;2022;24
01068;Cerdon;2022;182
01069;Certines;2022;288
01071;Cessy;2022;579
01072;Ceyzériat;2022;756
01073;Ceyzérieu;2022;296
01074;Chalamont;2022;499
01075;Chaleins;2022;195
01076;Chaley;2022;40
01077;Challes-la-Montagne;2022;56
01078;Challex;2022;286
01079;Champagne-en-Valromey;2022;262
01080;Champdor-Corcelles;2022;144
01081;Champfromier;2022;152
01082;Chanay;2022;93
01083;Chaneins;2022;148
01084;Chanoz-Châtenay;2022;146
01085;La Chapelle-du-Châtelard;2022;70
01087;Charix;2022;59
01088;Charnoz-sur-Ain;2022;132
01089;Château-Gaillard;2022;306
01090;Châtenay;2022;81
01092;Châtillon-la-Palud;2022;291
01093;Châtillon-sur-Chalaronne;2022;1501
01094;Chavannes-sur-Reyssouze;2022;143
01095;Nivigne et Suran;2022;180
01096;Chaveyriat;2022;179
01098;Chazey-Bons;2022;249
01099;Chazey-sur-Ain;2022;273
01100;Cheignieu-la-Balme;2022;48
01101;Chevillard;2022;26
01102;Chevroux;2022;163
01103;Chevry;2022;190
01104;Chézery-Forens;2022;85
01105;Civrieux;2022;246
01106;Cize;2022;39
01107;Cleyzieu;2022;32
01108;Coligny;2022;388
01109;Collonges;2022;220
01110;Colomieu;2022;35
01111;Conand;2022;29
01112;Condamine;2022;49
01113;Condeissiat;2022;134
01114;Confort;2022;183
01115;Confrançon;2022;183
01116;Contrevoz;2022;125
01117;Conzieu;2022;24
01118;Corbonod;2022;274
01121;Corlier;2022;19
01123;Cormoranche-sur-Saône;2022;245
01124;Cormoz;2022;146
01125;Corveissiat;2022;109
01127;Courmangoux;2022;131
01128;Courtes;2022;65
01129;Crans;2022;68
01130;Bresse Vallons;2022;383
01133;Cressin-Rochefort;2022;86
01134;Crottet;2022;389
01135;Crozet;2022;265
01136;Cruzilles-lès-Mépillat;2022;152
01138;Culoz-Béon;2022;715
01139;Curciat-Dongalon;2022;125
01140;Curtafond;2022;170
01141;Cuzieu;2022;107
01142;Dagneux;2022;739
01143;Divonne-les-Bains;2022;1781
01145;Dompierre-sur-Veyle;2022;249
01146;Dompierre-sur-Chalaronne;2022;75
01147;Domsure;2022;109
01148;Dortan;2022;408
01149;Douvres;2022;197
01150;Drom;2022;28
01151;Druillat;2022;272
01152;Échallon;2022;142
01153;Échenevex;2022;254
01155;Évosges;2022;31
01156;Faramans;2022;151
01157;Fareins;2022;517
01158;Farges;2022;129
01159;Feillens;2022;699
01160;Ferney-Voltaire;2022;1432
01162;Flaxieu;2022;14
01163;Foissiat;2022;470
01165;Francheleins;2022;236
01166;Frans;2022;410
01167;Garnerans;2022;147
01169;Genouilleux;2022;101
01170;Béard-Géovreissiat;2022;116
01171;Géovreisset;2022;176
01173;Gex;2022;1357
01174;Giron;2022;30
01175;Gorrevod;2022;170
01177;Grand-Corent;2022;52
01179;Grièges;2022;452
01180;Grilly;2022;159
01181;Groissiat;2022;277
01183;Guéreins;2022;286
01184;Hautecourt-Romanèche;2022;162
01185;Plateau d'Hauteville;2022;1382
01187;Haut Valromey;2022;210
01188;Illiat;2022;94
01189;Injoux-Génissiat;2022;151
01190;Innimond;2022;25
01191;Izenave;2022;39
01192;Izernore;2022;341
01193;Izieu;2022;61
01194;Jassans-Riottier;2022;1413
01195;Jasseron;2022;452
01196;Jayat;2022;201
01197;Journans;2022;95
01198;Joyeux;2022;47
01199;Jujurieux;2022;414
01200;Labalme;2022;38
01202;Lagnieu;2022;1640
01203;Laiz;2022;275
01204;Le Poizat-Lalleyriat;2022;120
01206;Lantenay;2022;55
01207;Lapeyrouse;2022;42
01208;Lavours;2022;42
01209;Léaz;2022;99
01210;Lélex;2022;39
01211;Lent;2022;280
01212;Lescheroux;2022;139
01213;Leyment;2022;187
01214;Leyssard;2022;32
01215;Surjoux-Lhopital;2022;26
01216;Lhuis;2022;297
01219;Lompnas;2022;35
01224;Loyettes;2022;508
01225;Lurcy;2022;85
01227;Magnieu;2022;132
01228;Maillat;2022;117
01229;Malafretaz;2022;273
01230;Mantenay-Montlin;2022;69
01231;Manziat;2022;500
01232;Marboz;2022;580
01233;Marchamp;2022;29
01234;Marignieu;2022;36
01235;Marlieux;2022;194
01236;Marsonnas;2022;192
01237;Martignat;2022;282
01238;Massieux;2022;489
01239;Massignieu-de-Rives;2022;161
01240;Matafelon-Granges;2022;119
01241;Meillonnas;2022;300
01242;Mérignat;2022;19
01243;Messimy-sur-Saône;2022;246
01244;Meximieux;2022;1435
01245;Bohas-Meyriat-Rignat;2022;202
01246;Mézériat;2022;489
01247;Mijoux;2022;46
01248;Mionnay;2022;336
01249;Miribel;2022;1708
01250;Misérieux;2022;318
01252;Mogneneins;2022;140
01254;Montagnat;2022;434
01255;Montagnieu;2022;119
01257;Montanges;2022;58
01258;Montceaux;2022;214
01259;Montcet;2022;93
01260;Le Montellier;2022;39
01261;Monthieux;2022;121
01262;Montluel;2022;1303
01263;Montmerle-sur-Saône;2022;864
01264;Montracol;2022;178
01265;Montréal-la-Cluse;2022;664
01266;Montrevel-en-Bresse;2022;834
01267;Nurieux-Volognat;2022;219
01268;Murs-et-Gélignieux;2022;62
01269;Nantua;2022;769
01272;Neuville-les-Dames;2022;387
01273;Neuville-sur-Ain;2022;330
01274;Les Neyrolles;2022;101
01275;Neyron;2022;505
01276;Niévroz;2022;239
01277;Nivollet-Montgriffon;2022;25
01279;Oncieu;2022;20
01280;Ordonnaz;2022;40
01281;Ornex;2022;588
01282;Outriaz;2022;57
01283;Oyonnax;2022;4204
01284;Ozan;2022;107
01285;Parcieux;2022;202
01286;Parves et Nattages;2022;230
01288;Péron;2022;290
01289;Péronnas;2022;1766
01290;Pérouges;2022;311
01291;Perrex;2022;190
01293;Peyriat;2022;35
01294;Peyrieu;2022;165
01295;Peyzieux-sur-Saône;2022;65
01296;Pirajoux;2022;68
01297;Pizay;2022;119
01298;Plagne;2022;39
01299;Le Plantay;2022;85
01301;Polliat;2022;635
01302;Pollieu;2022;46
01303;Poncin;2022;374
01304;Pont-d'Ain;2022;580
01305;Pont-de-Vaux;2022;692
01306;Pont-de-Veyle;2022;465
01307;Port;2022;187
01308;Pougny;2022;141
01309;Pouillat;2022;23
01310;Prémeyzel;2022;28
01311;Prémillieu;2022;13
01313;Prévessin-Moëns;2022;906
01314;Priay;2022;292
01317;Ramasse;2022;48
01318;Rancé;2022;98
01319;Relevant;2022;83
01320;Replonges;2022;794
01321;Revonnas;2022;158
01322;Reyrieux;2022;1010
01323;Reyssouze;2022;242
01325;Rignieux-le-Franc;2022;209
01328;Romans;2022;155
01329;Rossillon;2022;36
01331;Saint-Alban;2022;30
01332;Saint-André-de-Bâgé;2022;154
01333;Saint-André-de-Corcy;2022;816
01334;Saint-André-d'Huiriat;2022;101
01335;Saint-André-le-Bouchoux;2022;51
01336;Saint-André-sur-Vieux-Jonc;2022;231
01337;Saint-Bénigne;2022;293
01338;Groslée-Saint-Benoit;2022;279
01339;Saint-Bernard;2022;430
01342;Sainte-Croix;2022;71
01343;Saint-Cyr-sur-Menthon;2022;333
01344;Saint-Denis-lès-Bourg;2022;1489
01345;Saint-Denis-en-Bugey;2022;466
01346;Saint-Didier-d'Aussiat;2022;156
01347;Saint-Didier-de-Formans;2022;392
01348;Saint-Didier-sur-Chalaronne;2022;632
01349;Saint-Éloi;2022;115
01350;Saint-Étienne-du-Bois;2022;596
01351;Saint-Étienne-sur-Chalaronne;2022;254
01352;Saint-Étienne-sur-Reyssouze;2022;119
01353;Sainte-Euphémie;2022;255
01354;Saint-Genis-Pouilly;2022;1330
01355;Saint-Genis-sur-Menthon;2022;102
01356;Saint-Georges-sur-Renon;2022;40
01357;Saint-Germain-de-Joux;2022;80
01358;Saint-Germain-les-Paroisses;2022;113
01359;Saint-Germain-sur-Renon;2022;49
01360;Saint-Jean-de-Gonville;2022;243
01361;Saint-Jean-de-Niost;2022;293
01362;Saint-Jean-de-Thurigneux;2022;128
01363;Saint-Jean-le-Vieux;2022;332
01364;Saint-Jean-sur-Reyssouze;2022;194
01365;Saint-Jean-sur-Veyle;2022;254
01366;Sainte-Julie;2022;130
01367;Saint-Julien-sur-Reyssouze;2022;164
01368;Saint-Julien-sur-Veyle;2022;162
01369;Saint-Just;2022;243
01370;Saint-Laurent-sur-Saône;2022;399
01371;Saint-Marcel;2022;155
01372;Saint-Martin-de-Bavel;2022;86
01373;Saint-Martin-du-Frêne;2022;199
01374;Saint-Martin-du-Mont;2022;379
01375;Saint-Martin-le-Châtel;2022;142
01376;Saint-Maurice-de-Beynost;2022;750
01378;Saint-Maurice-de-Gourdans;2022;457
01379;Saint-Maurice-de-Rémens;2022;119
01380;Saint-Nizier-le-Bouchoux;2022;160
01381;Saint-Nizier-le-Désert;2022;145
01382;Sainte-Olive;2022;54
01383;Saint-Paul-de-Varax;2022;274
01384;Saint-Rambert-en-Bugey;2022;462
01385;Saint-Rémy;2022;226
01386;Saint-Sorlin-en-Bugey;2022;216
01387;Saint-Sulpice;2022;30
01388;Saint-Trivier-de-Courtes;2022;363
01389;Saint-Trivier-sur-Moignans;2022;405
01390;Saint-Vulbas;2022;199
01391;Salavre;2022;97
01392;Samognat;2022;107
01393;Sandrans;2022;88
01396;Sault-Brénaz;2022;204
01397;Sauverny;2022;188
01398;Savigneux;2022;200
01399;Ségny;2022;293
01400;Seillonnaz;2022;29
01401;Sergy;2022;324
01402;Sermoyer;2022;151
01403;Serrières-de-Briord;2022;283
01404;Serrières-sur-Ain;2022;43
01405;Servas;2022;181
01406;Servignat;2022;43
01407;Seyssel;2022;188
01408;Simandre-sur-Suran;2022;138
01410;Sonthonnax-la-Montagne;2022;52
01411;Souclin;2022;56
01412;Sulignat;2022;92
01415;Talissieu;2022;172
01416;Tenay;2022;254
01418;Thil;2022;183
01419;Thoiry;2022;825
01420;Thoissey;2022;488
01421;Torcieu;2022;138
01422;Tossiat;2022;302
01423;Toussieux;2022;126
01424;Tramoyes;2022;287
01425;La Tranclière;2022;65
01426;Val-Revermont;2022;491
01427;Trévoux;2022;1076
01428;Valeins;2022;20
01429;Vandeins;2022;131
01430;Varambon;2022;107
01431;Vaux-en-Bugey;2022;239
01432;Verjon;2022;64
01433;Vernoux;2022;35
01434;Versailleux;2022;66
01435;Versonnex;2022;284
01436;Vesancy;2022;85
01437;Vescours;2022;44
01439;Vésines;2022;25
01441;Vieu-d'Izenave;2022;134
01443;Villars-les-Dombes;2022;1213
01444;Villebois;2022;225
01445;Villemotier;2022;110
01446;Villeneuve;2022;236
01447;Villereversure;2022;381
01448;Villes;2022;65
01449;Villette-sur-Ain;2022;131
01450;Villieu-Loyes-Mollon;2022;647
01451;Viriat;2022;1406
01452;Virieu-le-Grand;2022;203
01453;Arvière-en-Valromey;2022;178
01454;Virignin;2022;157
01456;Vongnes;2022;27
01457;Vonnas;2022;787
02001;Abbécourt;2022;78
02002;Achery;2022;108
02003;Acy;2022;213
02004;Agnicourt-et-Séchelles;2022;41
02005;Aguilcourt;2022;71
02006;Aisonville-et-Bernoville;2022;57
02007;Aizelles;2022;19
02008;Aizy-Jouy;2022;43
02009;Alaincourt;2022;100
02010;Allemant;2022;26
02011;Ambleny;2022;250
02012;Ambrief;2022;8
02013;Amifontaine;2022;63
02014;Amigny-Rouy;2022;137
02015;Ancienville;2022;15
02016;Andelain;2022;32
02017;Anguilcourt-le-Sart;2022;45
02018;Anizy-le-Grand;2022;597
02019;Annois;2022;86
02020;Any-Martin-Rieux;2022;109
02021;Archon;2022;19
02022;Arcy-Sainte-Restitue;2022;69
02023;Armentières-sur-Ourcq;2022;22
02024;Arrancy;2022;14
02025;Artemps;2022;68
02027;Assis-sur-Serre;2022;44
02028;Athies-sous-Laon;2022;522
02029;Attilly;2022;70
02030;Aubencheul-aux-Bois;2022;62
02031;Aubenton;2022;149
02032;Aubigny-aux-Kaisnes;2022;35
02033;Aubigny-en-Laonnois;2022;27
02034;Audignicourt;2022;21
02035;Audigny;2022;40
02036;Augy;2022;12
02037;Aulnois-sous-Laon;2022;267
02038;Les Autels;2022;22
02039;Autremencourt;2022;27
02040;Autreppes;2022;31
02041;Autreville;2022;210
02042;Azy-sur-Marne;2022;91
02043;Bagneux;2022;11
02044;Bancigny;2022;5
02046;Barenton-Bugny;2022;123
02047;Barenton-Cel;2022;27
02048;Barenton-sur-Serre;2022;17
02049;Barisis-aux-Bois;2022;174
02050;Barzy-en-Thiérache;2022;64
02051;Barzy-sur-Marne;2022;97
02052;Bassoles-Aulers;2022;26
02053;Vallées en Champagne;2022;128
02054;Bazoches-et-Saint-Thibaut;2022;94
02055;Beaumé;2022;28
02056;Beaumont-en-Beine;2022;26
02057;Beaurevoir;2022;318
02058;Beaurieux;2022;132
02059;Beautor;2022;590
02060;Beauvois-en-Vermandois;2022;57
02061;Becquigny;2022;34
02062;Belleau;2022;29
02063;Bellenglise;2022;67
02064;Belleu;2022;1135
02065;Bellicourt;2022;109
02066;Benay;2022;34
02067;Bergues-sur-Sambre;2022;45
02068;Berlancourt;2022;18
02069;Berlise;2022;25
02070;Bernot;2022;86
02071;Berny-Rivière;2022;129
02072;Berrieux;2022;28
02073;Berry-au-Bac;2022;110
02074;Bertaucourt-Epourdon;2022;100
02075;Berthenicourt;2022;43
02076;Bertricourt;2022;14
02078;Besmé;2022;36
02079;Besmont;2022;40
02080;Besny-et-Loizy;2022;68
02081;Béthancourt-en-Vaux;2022;62
02082;Beugneux;2022;14
02083;Beuvardes;2022;142
02084;Bézu-le-Guéry;2022;35
02085;Bézu-Saint-Germain;2022;120
02086;Bichancourt;2022;211
02087;Bieuxy;2022;7
02088;Bièvres;2022;17
02089;Billy-sur-Aisne;2022;309
02090;Billy-sur-Ourcq;2022;26
02091;Blanzy-lès-Fismes;2022;22
02093;Blérancourt;2022;292
02094;Blesmes;2022;100
02095;Bohain-en-Vermandois;2022;1173
02096;Bois-lès-Pargny;2022;35
02097;Boncourt;2022;51
02098;Bonneil;2022;75
02099;Bonnesvalyn;2022;20
02100;Bony;2022;15
02101;Bosmont-sur-Serre;2022;42
02102;Bouconville-Vauclair;2022;41
02103;Boué;2022;303
02104;Bouffignereux;2022;21
02105;Bouresches;2022;37
02106;Bourg-et-Comin;2022;202
02107;Bourguignon-sous-Coucy;2022;24
02108;Bourguignon-sous-Montbavin;2022;31
02109;La Bouteille;2022;104
02110;Braine;2022;562
02111;Brancourt-en-Laonnois;2022;147
02112;Brancourt-le-Grand;2022;111
02114;Brasles;2022;492
02115;Braye-en-Laonnois;2022;38
02116;Braye-en-Thiérache;2022;43
02117;Bray-Saint-Christophe;2022;11
02118;Braye;2022;26
02119;Brécy;2022;55
02120;Brenelle;2022;45
02121;Breny;2022;48
02122;Brie;2022;18
02123;Brissay-Choigny;2022;67
02124;Brissy-Hamégicourt;2022;166
02125;Brumetz;2022;21
02126;Brunehamel;2022;125
02127;Bruyères-sur-Fère;2022;36
02128;Bruyères-et-Montbérault;2022;376
02129;Bruys;2022;4
02130;Bucilly;2022;55
02131;Bucy-le-Long;2022;429
02132;Bucy-lès-Cerny;2022;38
02133;Bucy-lès-Pierrepont;2022;73
02134;Buire;2022;199
02135;Buironfosse;2022;263
02136;Burelles;2022;22
02137;Bussiares;2022;14
02138;Buzancy;2022;48
02139;Caillouël-Crépigny;2022;113
02140;Camelin;2022;78
02141;La Capelle;2022;478
02142;Castres;2022;41
02143;Le Catelet;2022;44
02144;Caulaincourt;2022;16
02145;Caumont;2022;93
02146;Celles-lès-Condé;2022;24
02148;Celles-sur-Aisne;2022;47
02149;Cerizy;2022;11
02150;Cerny-en-Laonnois;2022;13
02151;Cerny-lès-Bucy;2022;20
02152;Cerseuil;2022;23
02153;Cessières-Suzy;2022;155
02154;Chacrise;2022;59
02155;Chaillevois;2022;46
02156;Chalandry;2022;44
02157;Chambry;2022;218
02158;Chamouille;2022;37
02159;Champs;2022;59
02160;Chaourse;2022;120
02162;La Chapelle-sur-Chézy;2022;33
02163;Charly-sur-Marne;2022;557
02164;Le Charmel;2022;72
02165;Charmes;2022;397
02166;Chartèves;2022;63
02167;Chassemy;2022;136
02168;Château-Thierry;2022;3269
02169;Châtillon-lès-Sons;2022;15
02170;Châtillon-sur-Oise;2022;30
02171;Chaudardes;2022;14
02172;Chaudun;2022;40
02173;Chauny;2022;2564
02174;Chavignon;2022;136
02175;Chavigny;2022;31
02176;Chavonne;2022;20
02177;Chérêt;2022;34
02178;Chermizy-Ailles;2022;17
02179;Chéry-Chartreuve;2022;69
02180;Chéry-lès-Pouilly;2022;134
02181;Chéry-lès-Rozoy;2022;23
02182;Chevennes;2022;24
02183;Chevregny;2022;39
02184;Chevresis-Monceau;2022;101
02185;Chézy-en-Orxois;2022;71
02186;Chézy-sur-Marne;2022;429
02187;Chierry;2022;301
02188;Chigny;2022;46
02189;Chivres-en-Laonnois;2022;56
02190;Chivres-Val;2022;128
02191;Chivy-lès-Étouvelles;2022;111
02192;Chouy;2022;41
02193;Cierges;2022;17
02194;Cilly;2022;56
02195;Ciry-Salsogne;2022;156
02196;Clacy-et-Thierret;2022;82
02197;Clairfontaine;2022;100
02198;Clamecy;2022;65
02199;Clastres;2022;107
02200;Clermont-les-Fermes;2022;15
02201;Cœuvres-et-Valsery;2022;136
02203;Coincy;2022;241
02204;Coingt;2022;25
02205;Colligis-Crandelain;2022;32
02206;Colonfay;2022;21
02207;Commenchon;2022;31
02208;Concevreux;2022;39
02209;Condé-en-Brie;2022;140
02210;Condé-sur-Aisne;2022;67
02211;Condé-sur-Suippe;2022;48
02212;Condren;2022;179
02213;Connigis;2022;66
02214;Contescourt;2022;5
02215;Corbeny;2022;182
02216;Corcy;2022;60
02217;Coucy-le-Château-Auffrique;2022;262
02218;Coucy-lès-Eppes;2022;127
02219;Coucy-la-Ville;2022;39
02220;Coulonges-Cohan;2022;69
02221;Coupru;2022;12
02222;Courbes;2022;10
02223;Courboin;2022;45
02224;Courcelles-sur-Vesle;2022;68
02225;Courchamps;2022;16
02226;Courmelles;2022;459
02227;Courmont;2022;34
02228;Courtemont-Varennes;2022;71
02229;Courtrizy-et-Fussigny;2022;16
02230;Couvrelles;2022;30
02231;Couvron-et-Aumencourt;2022;138
02232;Coyolles;2022;46
02233;Cramaille;2022;23
02234;Craonne;2022;18
02235;Craonnelle;2022;25
02236;Crécy-au-Mont;2022;66
02237;Crécy-sur-Serre;2022;344
02238;Crépy;2022;368
02239;Crézancy;2022;190
02240;Croix-Fonsomme;2022;41
02241;La Croix-sur-Ourcq;2022;13
02242;Crouttes-sur-Marne;2022;101
02243;Crouy;2022;720
02244;Crupilly;2022;8
02245;Cuffies;2022;342
02246;Cugny;2022;139
02248;Cuirieux;2022;28
02249;Cuiry-Housse;2022;22
02250;Cuiry-lès-Chaudardes;2022;6
02251;Cuiry-lès-Iviers;2022;10
02252;Cuissy-et-Geny;2022;10
02253;Cuisy-en-Almont;2022;72
02254;Cutry;2022;12
02255;Cys-la-Commune;2022;20
02256;Dagny-Lambercy;2022;34
02257;Dallon;2022;101
02258;Dammard;2022;69
02259;Dampleux;2022;77
02260;Danizy;2022;121
02261;Dercy;2022;74
02262;Deuillet;2022;39
02263;Dhuizel;2022;16
02264;Dizy-le-Gros;2022;151
02265;Dohis;2022;34
02266;Dolignon;2022;13
02267;Dommiers;2022;30
02268;Domptin;2022;90
02269;Dorengt;2022;18
02270;Douchy;2022;26
02271;Dravegny;2022;24
02272;Droizy;2022;5
02273;Dury;2022;40
02274;Ébouleau;2022;34
02275;Effry;2022;58
02276;Englancourt;2022;23
02277;Épagny;2022;53
02278;Éparcy;2022;13
02279;Épaux-Bézu;2022;94
02280;Épieds;2022;63
02281;L'Épine-aux-Bois;2022;42
02282;Eppes;2022;77
02283;Erlon;2022;47
02284;Erloy;2022;21
02286;Esquéhéries;2022;180
02287;Essigny-le-Grand;2022;298
02288;Essigny-le-Petit;2022;64
02289;Essises;2022;78
02290;Essômes-sur-Marne;2022;538
02291;Estrées;2022;89
02292;Étampes-sur-Marne;2022;290
02293;Étaves-et-Bocquiaux;2022;116
02294;Étouvelles;2022;60
02295;Étréaupont;2022;201
02296;Étreillers;2022;345
02297;Étrépilly;2022;17
02298;Étreux;2022;300
02299;Évergnicourt;2022;88
02302;Faverolles;2022;42
02303;Fayet;2022;179
02304;La Fère;2022;540
02305;Fère-en-Tardenois;2022;809
02306;La Ferté-Chevresis;2022;99
02307;La Ferté-Milon;2022;479
02308;Fesmy-le-Sart;2022;98
02309;Festieux;2022;93
02310;Fieulaine;2022;60
02312;La Flamengrie;2022;184
02313;Flavigny-le-Grand-et-Beaurain;2022;94
02315;Flavy-le-Martel;2022;385
02316;Fleury;2022;36
02317;Fluquières;2022;42
02318;Folembray;2022;256
02319;Fonsomme;2022;86
02320;Fontaine-lès-Clercs;2022;60
02321;Fontaine-lès-Vervins;2022;167
02322;Fontaine-Notre-Dame;2022;83
02323;Fontaine-Uterte;2022;19
02324;Fontenelle;2022;48
02326;Fontenoy;2022;125
02327;Foreste;2022;37
02328;Fossoy;2022;125
02329;Fourdrain;2022;79
02330;Francilly-Selency;2022;103
02331;Franqueville;2022;26
02332;Fresnes-en-Tardenois;2022;46
02333;Fresnes-sous-Coucy;2022;25
02334;Fresnoy-le-Grand;2022;620
02335;Fressancourt;2022;28
02336;Frières-Faillouël;2022;141
02337;Froidestrées;2022;42
02338;Froidmont-Cohartille;2022;44
02339;Gandelu;2022;100
02340;Gauchy;2022;1258
02341;Gercy;2022;83
02342;Gergny;2022;21
02343;Germaine;2022;9
02345;Gibercourt;2022;4
02346;Gizy;2022;173
02347;Gland;2022;116
02349;Goudelancourt-lès-Berrieux;2022;20
02350;Goudelancourt-lès-Pierrepont;2022;30
02351;Goussancourt;2022;14
02352;Gouy;2022;103
02353;Grandlup-et-Fay;2022;61
02354;Grandrieux;2022;23
02355;Gricourt;2022;141
02356;Grisolles;2022;28
02357;Gronard;2022;9
02358;Grougis;2022;61
02359;Grugies;2022;209
02360;Villeneuve-sur-Aisne;2022;578
02361;Guise;2022;1222
02362;Guivry;2022;46
02363;Guny;2022;87
02364;Guyencourt;2022;32
02366;Hannapes;2022;51
02367;Happencourt;2022;32
02368;Haramont;2022;121
02369;Harcigny;2022;50
02370;Hargicourt;2022;108
02371;Harly;2022;446
02372;Hartennes-et-Taux;2022;77
02373;Hary;2022;41
02374;Lehaucourt;2022;170
02375;Hautevesnes;2022;18
02376;Hauteville;2022;31
02377;Haution;2022;28
02378;La Hérie;2022;34
02379;Le Hérie-la-Viéville;2022;47
02380;Hinacourt;2022;10
02381;Hirson;2022;2029
02382;Holnon;2022;346
02383;Homblières;2022;314
02384;Houry;2022;11
02385;Housset;2022;35
02386;Iron;2022;55
02387;Itancourt;2022;225
02388;Iviers;2022;59
02389;Jaulgonne;2022;156
02390;Jeancourt;2022;38
02391;Jeantes;2022;46
02392;Joncourt;2022;60
02393;Jouaignes;2022;24
02395;Jumencourt;2022;31
02396;Jumigny;2022;7
02397;Jussy;2022;233
02398;Juvigny;2022;46
02399;Juvincourt-et-Damary;2022;98
02400;Laffaux;2022;28
02401;Laigny;2022;40
02402;Lanchy;2022;10
02403;Landifay-et-Bertaignemont;2022;54
02404;Landouzy-la-Cour;2022;28
02405;Landouzy-la-Ville;2022;122
02406;Landricourt;2022;31
02407;Laniscourt;2022;26
02408;Laon;2022;4899
02409;Lappion;2022;58
02410;Largny-sur-Automne;2022;35
02411;Latilly;2022;20
02412;Launoy;2022;17
02413;Laval-en-Laonnois;2022;39
02414;Lavaqueresse;2022;44
02415;Laversine;2022;17
02416;Lemé;2022;105
02417;Lempire;2022;28
02418;Lerzy;2022;42
02419;Leschelle;2022;74
02420;Lesdins;2022;236
02421;Lesges;2022;20
02422;Lesquielles-Saint-Germain;2022;146
02423;Leuilly-sous-Coucy;2022;83
02424;Leury;2022;33
02425;Leuze;2022;39
02426;Levergies;2022;97
02427;Lhuys;2022;15
02428;Licy-Clignon;2022;13
02429;Lierval;2022;33
02430;Liesse-Notre-Dame;2022;323
02431;Liez;2022;108
02432;Limé;2022;38
02433;Lislet;2022;59
02435;Logny-lès-Aubenton;2022;19
02438;Longpont;2022;59
02439;Les Septvallons;2022;166
02440;Lor;2022;36
02441;Louâtre;2022;46
02442;Loupeigne;2022;24
02443;Lucy-le-Bocage;2022;38
02444;Lugny;2022;34
02445;Luzoir;2022;73
02446;Ly-Fontaine;2022;15
02447;Maast-et-Violaine;2022;19
02448;Mâchecourt;2022;27
02449;Macogny;2022;11
02450;Macquigny;2022;57
02451;Magny-la-Fosse;2022;29
02452;Maissemy;2022;43
02453;Maizy;2022;68
02454;La Malmaison;2022;58
02455;Malzy;2022;39
02456;Manicamp;2022;87
02457;Marchais;2022;74
02458;Dhuys et Morin-en-Brie;2022;155
02459;Marcy;2022;50
02460;Marcy-sous-Marle;2022;48
02461;Marest-Dampcourt;2022;59
02462;Mareuil-en-Dôle;2022;33
02463;Marfontaine;2022;14
02464;Margival;2022;76
02465;Marigny-en-Orxois;2022;82
02466;Marizy-Sainte-Geneviève;2022;22
02467;Marizy-Saint-Mard;2022;8
02468;Marle;2022;546
02469;Marly-Gomont;2022;109
02470;Martigny;2022;91
02471;Martigny-Courpierre;2022;18
02472;Mauregny-en-Haye;2022;79
02473;Mayot;2022;25
02474;Mennessis;2022;66
02476;Mennevret;2022;128
02477;Mercin-et-Vaux;2022;256
02478;Merlieux-et-Fouquerolles;2022;43
02480;Mesbrecourt-Richecourt;2022;52
02481;Mesnil-Saint-Laurent;2022;124
02482;Meurival;2022;9
02483;Mézières-sur-Oise;2022;117
02484;Mézy-Moulins;2022;106
02485;Missy-aux-Bois;2022;21
02486;Missy-lès-Pierrepont;2022;21
02487;Missy-sur-Aisne;2022;156
02488;Molain;2022;38
02489;Molinchart;2022;46
02490;Monampteuil;2022;28
02491;Monceau-le-Neuf-et-Faucouzy;2022;55
02492;Monceau-lès-Leups;2022;83
02493;Monceau-le-Waast;2022;47
02494;Monceau-sur-Oise;2022;31
02495;Mondrepuis;2022;186
02496;Monnes;2022;12
02497;Mons-en-Laonnois;2022;251
02498;Montaigu;2022;154
02499;Montbavin;2022;8
02500;Montbrehain;2022;172
02501;Montchâlons;2022;19
02502;Montcornet;2022;315
02503;Mont-d'Origny;2022;189
02504;Montescourt-Lizerolles;2022;262
02505;Montfaucon;2022;40
02506;Montgobert;2022;45
02507;Montgru-Saint-Hilaire;2022;10
02508;Monthenault;2022;35
02509;Monthiers;2022;23
02510;Monthurel;2022;31
02511;Montigny-en-Arrouaise;2022;42
02512;Montigny-l'Allier;2022;47
02513;Montigny-le-Franc;2022;40
02514;Montigny-Lengrain;2022;108
02515;Montigny-lès-Condé;2022;13
02516;Montigny-sous-Marle;2022;21
02517;Montigny-sur-Crécy;2022;53
02518;Montlevon;2022;62
02519;Montloué;2022;34
02520;Mont-Notre-Dame;2022;146
02521;Montreuil-aux-Lions;2022;205
02522;Mont-Saint-Jean;2022;17
02523;Mont-Saint-Martin;2022;11
02524;Mont-Saint-Père;2022;140
02525;Morcourt;2022;146
02526;Morgny-en-Thiérache;2022;29
02527;Morsain;2022;78
02528;Mortefontaine;2022;52
02529;Mortiers;2022;39
02530;Moulins;2022;18
02531;Moussy-Verneuil;2022;26
02532;Moÿ-de-l'Aisne;2022;219
02533;Muret-et-Crouttes;2022;19
02534;Muscourt;2022;18
02535;Nampcelles-la-Cour;2022;33
02536;Nampteuil-sous-Muret;2022;30
02537;Nanteuil-la-Fosse;2022;28
02538;Nanteuil-Notre-Dame;2022;14
02539;Nauroy;2022;126
02540;Nesles-la-Montagne;2022;237
02541;Neufchâtel-sur-Aisne;2022;73
02542;Neuflieux;2022;15
02543;Neuilly-Saint-Front;2022;416
02544;Neuve-Maison;2022;117
02545;La Neuville-Bosmont;2022;37
02546;La Neuville-en-Beine;2022;25
02547;La Neuville-Housset;2022;8
02548;La Neuville-lès-Dorengt;2022;83
02549;Neuville-Saint-Amand;2022;212
02550;Neuville-sur-Ailette;2022;23
02551;Neuville-sur-Margival;2022;15
02552;Neuvillette;2022;34
02553;Nizy-le-Comte;2022;47
02554;Nogentel;2022;254
02555;Nogent-l'Artaud;2022;461
02556;Noircourt;2022;17
02557;Noroy-sur-Ourcq;2022;31
02558;Le Nouvion-en-Thiérache;2022;647
02559;Nouvion-et-Catillon;2022;95
02560;Nouvion-le-Comte;2022;55
02561;Nouvion-le-Vineux;2022;39
02562;Nouvron-Vingré;2022;23
02563;Noyales;2022;40
02564;Bernoy-le-Château;2022;204
02565;Œuilly;2022;54
02566;Ognes;2022;299
02567;Ohis;2022;61
02568;Oigny-en-Valois;2022;37
02569;Oisy;2022;73
02570;Ollezy;2022;21
02571;Omissy;2022;155
02572;Orainville;2022;94
02573;Orgeval;2022;19
02574;Origny-en-Thiérache;2022;357
02575;Origny-Sainte-Benoite;2022;336
02576;Osly-Courtil;2022;60
02577;Ostel;2022;19
02578;Oulches-la-Vallée-Foulon;2022;15
02579;Oulchy-la-Ville;2022;24
02580;Oulchy-le-Château;2022;191
02581;Paars;2022;44
02582;Paissy;2022;16
02583;Pancy-Courtecon;2022;15
02584;Papleux;2022;18
02585;Parcy-et-Tigny;2022;41
02586;Parfondeval;2022;47
02587;Parfondru;2022;81
02588;Pargnan;2022;20
02589;Pargny-et-Filain;2022;53
02590;Pargny-la-Dhuys;2022;32
02591;Pargny-les-Bois;2022;29
02592;Parpeville;2022;43
02593;Pasly;2022;293
02594;Passy-en-Valois;2022;10
02595;Passy-sur-Marne;2022;20
02596;Pavant;2022;129
02598;Pernant;2022;150
02599;Pierremande;2022;67
02600;Pierrepont;2022;92
02601;Pignicourt;2022;25
02602;Pinon;2022;367
02604;Pithon;2022;27
02605;Pleine-Selve;2022;32
02606;Le Plessier-Huleu;2022;14
02607;Ploisy;2022;15
02608;Plomion;2022;123
02609;Ployart-et-Vaurseine;2022;5
02610;Pommiers;2022;171
02612;Pont-Arcy;2022;22
02613;Pontavert;2022;96
02614;Pontru;2022;53
02615;Pontruet;2022;72
02616;Pont-Saint-Mard;2022;43
02617;Pouilly-sur-Serre;2022;102
02618;Prémont;2022;121
02619;Prémontré;2022;117
02620;Presles-et-Boves;2022;83
02621;Presles-et-Thierny;2022;98
02622;Priez;2022;8
02623;Prisces;2022;27
02624;Proisy;2022;71
02625;Proix;2022;32
02626;Prouvais;2022;70
02627;Proviseux-et-Plesnoy;2022;19
02628;Puiseux-en-Retz;2022;37
02629;Puisieux-et-Clanlieu;2022;53
02631;Quierzy;2022;78
02632;Quincy-Basse;2022;14
02633;Quincy-sous-le-Mont;2022;9
02634;Raillimont;2022;26
02635;Ramicourt;2022;21
02636;Regny;2022;60
02637;Remaucourt;2022;91
02638;Remies;2022;41
02639;Remigny;2022;64
02640;Renansart;2022;31
02641;Renneval;2022;22
02642;Résigny;2022;43
02643;Ressons-le-Long;2022;165
02644;Retheuil;2022;62
02645;Reuilly-Sauvigny;2022;39
02647;Ribeauville;2022;14
02648;Ribemont;2022;436
02649;Rocourt-Saint-Martin;2022;52
02650;Rocquigny;2022;90
02651;Rogécourt;2022;26
02652;Rogny;2022;19
02653;Romeny-sur-Marne;2022;103
02654;Romery;2022;33
02655;Ronchères;2022;36
02656;Roucy;2022;56
02657;Rougeries;2022;34
02658;Roupy;2022;60
02659;Rouvroy;2022;144
02660;Rouvroy-sur-Serre;2022;15
02661;Royaucourt-et-Chailvet;2022;49
02662;Rozet-Saint-Albin;2022;52
02663;Rozières-sur-Crise;2022;49
02664;Rozoy-Bellevalle;2022;16
02665;Grand-Rozoy;2022;49
02666;Rozoy-sur-Serre;2022;258
02667;Saconin-et-Breuil;2022;45
02668;Sains-Richaumont;2022;223
02670;Saint-Algis;2022;43
02671;Saint-Aubin;2022;58
02672;Saint-Bandry;2022;36
02673;Saint-Christophe-à-Berry;2022;68
02674;Saint-Clément;2022;10
02675;Sainte-Croix;2022;22
02676;Saint-Erme-Outre-et-Ramecourt;2022;329
02677;Saint-Eugène;2022;53
02678;Sainte-Geneviève;2022;14
02679;Saint-Gengoulph;2022;16
02680;Saint-Gobain;2022;656
02681;Saint-Gobert;2022;62
02682;Saint-Mard;2022;26
02683;Saint-Martin-Rivière;2022;18
02684;Saint-Michel;2022;675
02685;Saint-Nicolas-aux-Bois;2022;25
02686;Saint-Paul-aux-Bois;2022;92
02687;Saint-Pierre-Aigle;2022;67
02688;Saint-Pierre-lès-Franqueville;2022;5
02689;Saint-Pierremont;2022;12
02690;Sainte-Preuve;2022;25
02691;Saint-Quentin;2022;11937
02693;Saint-Rémy-Blanzy;2022;37
02694;Saint-Simon;2022;108
02696;Saint-Thomas;2022;12
02697;Samoussy;2022;81
02698;Sancy-les-Cheminots;2022;14
02699;Saponay;2022;44
02701;Saulchery;2022;142
02702;Savy;2022;146
02703;Seboncourt;2022;259
02704;Selens;2022;48
02705;La Selve;2022;41
02706;Septmonts;2022;109
02707;Septvaux;2022;30
02708;Sequehart;2022;27
02709;Serain;2022;73
02710;Seraucourt-le-Grand;2022;149
02711;Serches;2022;40
02712;Sergy;2022;23
02713;Seringes-et-Nesles;2022;50
02714;Sermoise;2022;69
02715;Serval;2022;10
02716;Servais;2022;56
02717;Séry-lès-Mézières;2022;118
02718;Silly-la-Poterie;2022;28
02719;Sinceny;2022;456
02720;Sissonne;2022;383
02721;Sissy;2022;100
02722;Soissons;2022;6531
02723;Soize;2022;20
02724;Sommelans;2022;9
02725;Sommeron;2022;21
02726;Sommette-Eaucourt;2022;31
02727;Sons-et-Ronchères;2022;50
02728;Sorbais;2022;70
02729;Soucy;2022;15
02730;Soupir;2022;50
02731;Le Sourd;2022;43
02732;Surfontaine;2022;19
02734;Taillefontaine;2022;72
02735;Tannières;2022;8
02736;Tartiers;2022;30
02737;Tavaux-et-Pontséricourt;2022;142
02738;Tergnier;2022;2719
02739;Terny-Sorny;2022;48
02740;Thenailles;2022;53
02741;Thenelles;2022;116
02742;Thiernu;2022;24
02743;Le Thuel;2022;35
02744;Torcy-en-Valois;2022;15
02745;Toulis-et-Attencourt;2022;22
02746;Travecy;2022;124
02747;Trefcon;2022;19
02748;Trélou-sur-Marne;2022;215
02749;Troësnes;2022;29
02750;Trosly-Loire;2022;108
02751;Trucy;2022;28
02752;Tugny-et-Pont;2022;58
02753;Tupigny;2022;85
02754;Ugny-le-Gay;2022;43
02755;Urcel;2022;109
02756;Urvillers;2022;143
02757;Vadencourt;2022;120
02758;Vailly-sur-Aisne;2022;542
02759;La Vallée-au-Blé;2022;100
02760;La Vallée-Mulâtre;2022;30
02761;Variscourt;2022;14
02762;Vassens;2022;30
02763;Vasseny;2022;33
02764;Vassogne;2022;15
02765;Vaucelles-et-Beffecourt;2022;49
02766;Vaudesson;2022;31
02767;Vauxrezis;2022;89
02768;Vauxaillon;2022;82
02769;Vaux-Andigny;2022;227
02770;Vauxbuin;2022;252
02772;Vaux-en-Vermandois;2022;23
02773;Vauxtin;2022;12
02774;Vendelles;2022;19
02775;Vendeuil;2022;284
02776;Vendhuile;2022;100
02777;Vendières;2022;30
02778;Vendresse-Beaulne;2022;18
02779;Vénérolles;2022;60
02780;Venizel;2022;253
02781;Verdilly;2022;70
02782;Le Verguier;2022;55
02783;Grand-Verly;2022;19
02784;Petit-Verly;2022;21
02785;Vermand;2022;248
02786;Verneuil-sous-Coucy;2022;37
02787;Verneuil-sur-Serre;2022;49
02788;Versigny;2022;105
02789;Vervins;2022;592
02790;Vesles-et-Caumont;2022;42
02791;Veslud;2022;39
02792;Veuilly-la-Poterie;2022;33
02793;Vézaponin;2022;21
02794;Vézilly;2022;38
02795;Vic-sur-Aisne;2022;367
02796;Vichel-Nanteuil;2022;15
02797;Viel-Arcy;2022;25
02798;Viels-Maisons;2022;165
02799;Vierzy;2022;59
02800;Viffort;2022;51
02801;Vigneux-Hocquet;2022;71
02802;La Ville-aux-Bois-lès-Dizy;2022;35
02803;La Ville-aux-Bois-lès-Pontavert;2022;25
02804;Villemontoire;2022;43
02805;Villeneuve-Saint-Germain;2022;543
02806;Villeneuve-sur-Fère;2022;63
02807;Villequier-Aumont;2022;134
02808;Villeret;2022;40
02809;Villers-Agron-Aiguizy;2022;21
02810;Villers-Cotterêts;2022;2058
02812;Villers-Hélon;2022;37
02813;Villers-le-Sec;2022;34
02814;Villers-lès-Guise;2022;38
02815;Villers-Saint-Christophe;2022;112
02816;Villers-sur-Fère;2022;99
02817;Ville-Savoye;2022;14
02818;Villiers-Saint-Denis;2022;336
02819;Vincy-Reuil-et-Magny;2022;30
02820;Viry-Noureuil;2022;381
02821;Vivaise;2022;157
02822;Vivières;2022;63
02823;Voharies;2022;16
02824;Vorges;2022;111
02826;Voulpaix;2022;91
02827;Voyenne;2022;53
02828;Vregny;2022;28
02829;Vuillery;2022;4
02830;Wassigny;2022;175
02831;Watigny;2022;75
02832;Wiège-Faty;2022;32
02833;Wimy;2022;100
02834;Wissignicourt;2022;35
03001;Abrest;2022;688
03002;Agonges;2022;72
03003;Ainay-le-Château;2022;394
03004;Andelaroche;2022;74
03005;Archignat;2022;62
03006;Arfeuilles;2022;204
03007;Arpheuilles-Saint-Priest;2022;81
03008;Arronnes;2022;83
03009;Aubigny;2022;19
03010;Audes;2022;105
03011;Aurouër;2022;63
03012;Autry-Issards;2022;74
03013;Avermes;2022;1077
03014;Avrilly;2022;53
03015;Bagneux;2022;49
03016;Barberier;2022;37
03017;Barrais-Bussolles;2022;41
03018;Bayet;2022;125
03019;Beaulon;2022;451
03020;Beaune-d'Allier;2022;72
03021;Bègues;2022;58
03022;Bellenaves;2022;332
03023;Bellerive-sur-Allier;2022;3054
03024;Bert;2022;76
03025;Bessay-sur-Allier;2022;289
03026;Besson;2022;191
03027;Bézenet;2022;242
03028;Billezois;2022;66
03029;Billy;2022;240
03030;Biozat;2022;173
03031;Bizeneuille;2022;74
03032;Blomard;2022;57
03033;Bost;2022;24
03034;Boucé;2022;94
03035;Le Bouchaud;2022;56
03036;Bourbon-l'Archambault;2022;928
03037;Braize;2022;68
03038;Bransat;2022;109
03039;Bresnay;2022;83
03040;Bressolles;2022;299
03041;Le Brethon;2022;107
03042;Le Breuil;2022;143
03043;Broût-Vernet;2022;309
03044;Brugheas;2022;377
03045;Busset;2022;183
03046;Buxières-les-Mines;2022;334
03047;La Celle;2022;127
03048;Cérilly;2022;501
03049;Cesset;2022;93
03050;La Chabanne;2022;57
03051;Chambérat;2022;76
03052;Chamblet;2022;234
03053;Chantelle;2022;374
03054;Chapeau;2022;55
03055;La Chapelaude;2022;232
03056;La Chapelle;2022;87
03057;La Chapelle-aux-Chasses;2022;52
03058;Chappes;2022;57
03059;Chareil-Cintrat;2022;93
03060;Charmeil;2022;279
03061;Charmes;2022;81
03062;Charroux;2022;109
03063;Chassenard;2022;222
03064;Château-sur-Allier;2022;56
03065;Châtel-de-Neuvre;2022;134
03066;Châtel-Montagne;2022;115
03067;Châtelperron;2022;31
03068;Châtelus;2022;41
03069;Châtillon;2022;69
03070;Chavenon;2022;32
03071;Chavroches;2022;76
03072;Chazemais;2022;100
03073;Chemilly;2022;179
03074;Chevagnes;2022;193
03075;Chezelle;2022;38
03076;Chézy;2022;30
03077;Chirat-l'Église;2022;26
03078;Chouvigny;2022;96
03079;Cindré;2022;81
03080;Cognat-Lyonne;2022;150
03081;Colombier;2022;102
03082;Commentry;2022;2000
03083;Contigny;2022;144
03084;Cosne-d'Allier;2022;767
03085;Coulandon;2022;134
03086;Coulanges;2022;70
03087;Couleuvre;2022;179
03088;Courçais;2022;71
03089;Coutansouze;2022;58
03090;Couzon;2022;64
03091;Créchy;2022;82
03092;Cressanges;2022;149
03093;Creuzier-le-Neuf;2022;232
03094;Creuzier-le-Vieux;2022;867
03095;Cusset;2022;3647
03096;Deneuille-lès-Chantelle;2022;34
03097;Deneuille-les-Mines;2022;88
03098;Désertines;2022;1364
03099;Deux-Chaises;2022;112
03100;Diou;2022;418
03101;Domérat;2022;2809
03102;Dompierre-sur-Besbre;2022;1003
03103;Le Donjon;2022;427
03104;Doyet;2022;292
03105;Droiturier;2022;103
03106;Durdat-Larequille;2022;286
03107;Ébreuil;2022;411
03108;Échassières;2022;154
03109;Escurolles;2022;158
03110;Espinasse-Vozelle;2022;206
03111;Estivareilles;2022;302
03112;Étroussat;2022;152
03113;Ferrières-sur-Sichon;2022;173
03114;La Ferté-Hauterive;2022;59
03115;Fleuriel;2022;85
03116;Fourilles;2022;54
03117;Franchesse;2022;128
03118;Gannat;2022;1563
03119;Gannay-sur-Loire;2022;118
03120;Garnat-sur-Engièvre;2022;169
03121;Gennetines;2022;142
03122;Gipcy;2022;51
03124;Gouise;2022;38
03125;La Guillermie;2022;36
03126;Hauterive;2022;315
03127;Hérisson;2022;262
03128;Huriel;2022;678
03129;Hyds;2022;103
03130;Isle-et-Bardais;2022;86
03131;Isserpent;2022;138
03132;Jaligny-sur-Besbre;2022;195
03133;Jenzat;2022;132
03134;Laféline;2022;42
03135;Lalizolle;2022;93
03136;Lamaids;2022;42
03137;Langy;2022;58
03138;Lapalisse;2022;1111
03139;Laprugne;2022;114
03140;Lavault-Sainte-Anne;2022;383
03141;Lavoine;2022;49
03142;Lenax;2022;79
03143;Lételon;2022;18
03144;Liernolles;2022;73
03145;Lignerolles;2022;162
03146;Limoise;2022;44
03147;Loddes;2022;53
03148;Loriges;2022;56
03149;Louchy-Montfand;2022;106
03150;Louroux-Bourbonnais;2022;58
03151;Louroux-de-Beaune;2022;52
03152;Louroux-de-Bouble;2022;79
03154;Luneau;2022;76
03155;Lurcy-Lévis;2022;605
03156;Lusigny;2022;385
03157;Magnet;2022;162
03158;Haut-Bocage;2022;179
03159;Malicorne;2022;176
03160;Marcenat;2022;76
03161;Marcillat-en-Combraille;2022;256
03162;Marigny;2022;58
03163;Mariol;2022;184
03164;Le Mayet-d'École;2022;92
03165;Le Mayet-de-Montagne;2022;476
03166;Mazerier;2022;86
03167;Mazirat;2022;74
03168;Meaulne-Vitray;2022;267
03169;Meillard;2022;74
03170;Meillers;2022;36
03171;Mercy;2022;58
03172;Mesples;2022;46
03173;Molinet;2022;316
03174;Molles;2022;179
03175;Monestier;2022;64
03176;Monétay-sur-Allier;2022;132
03177;Monétay-sur-Loire;2022;78
03178;Montaiguët-en-Forez;2022;101
03179;Montaigu-le-Blin;2022;93
03180;Montbeugny;2022;113
03181;Montcombroux-les-Mines;2022;114
03182;Monteignet-sur-l'Andelot;2022;73
03183;Le Montet;2022;207
03184;Montilly;2022;121
03185;Montluçon;2022;9470
03186;Montmarault;2022;512
03187;Montoldre;2022;265
03188;Montord;2022;51
03189;Montvicq;2022;179
03190;Moulins;2022;4908
03191;Murat;2022;64
03192;Nades;2022;45
03193;Nassigny;2022;30
03194;Naves;2022;36
03195;Néris-les-Bains;2022;942
03196;Neuilly-en-Donjon;2022;78
03197;Neuilly-le-Réal;2022;354
03198;Neure;2022;53
03200;Neuvy;2022;494
03201;Nizerolles;2022;75
03202;Noyant-d'Allier;2022;245
03203;Paray-le-Frésil;2022;133
03204;Paray-sous-Briailles;2022;127
03205;Périgny;2022;105
03206;La Petite-Marche;2022;48
03207;Pierrefitte-sur-Loire;2022;143
03208;Le Pin;2022;91
03209;Poëzat;2022;32
03210;Pouzy-Mésangy;2022;118
03211;Prémilhat;2022;782
03212;Quinssaines;2022;327
03213;Reugny;2022;85
03214;Rocles;2022;105
03215;Rongères;2022;128
03216;Ronnet;2022;55
03217;Saint-Angel;2022;169
03218;Saint-Aubin-le-Monial;2022;64
03219;Saint-Bonnet-de-Four;2022;59
03220;Saint-Bonnet-de-Rochefort;2022;157
03221;Saint-Bonnet-Tronçais;2022;301
03222;Saint-Caprais;2022;25
03223;Saint-Christophe-en-Bourbonnais;2022;98
03224;Saint-Clément;2022;84
03225;Saint-Désiré;2022;115
03226;Saint-Didier-en-Donjon;2022;53
03227;Saint-Didier-la-Forêt;2022;59
03228;Saint-Éloy-d'Allier;2022;29
03229;Saint-Ennemond;2022;147
03230;Saint-Étienne-de-Vicq;2022;100
03231;Saint-Fargeol;2022;56
03232;Saint-Félix;2022;62
03233;Saint-Genest;2022;66
03234;Saint-Gérand-de-Vaux;2022;95
03235;Saint-Gérand-le-Puy;2022;299
03236;Saint-Germain-des-Fossés;2022;895
03237;Saint-Germain-de-Salles;2022;113
03238;Saint-Hilaire;2022;140
03239;Saint-Léger-sur-Vouzance;2022;80
03240;Saint-Léon;2022;179
03241;Saint-Léopardin-d'Augy;2022;95
03242;Saint-Loup;2022;164
03243;Saint-Marcel-en-Murat;2022;43
03244;Saint-Marcel-en-Marcillat;2022;36
03245;Saint-Martin-des-Lais;2022;25
03246;Saint-Martinien;2022;135
03247;Saint-Menoux;2022;245
03248;Saint-Nicolas-des-Biefs;2022;60
03249;Saint-Palais;2022;60
03250;Saint-Pierre-Laval;2022;126
03251;Saint-Plaisir;2022;135
03252;Saint-Pont;2022;104
03253;Saint-Pourçain-sur-Besbre;2022;79
03254;Saint-Pourçain-sur-Sioule;2022;1514
03255;Saint-Priest-d'Andelot;2022;24
03256;Saint-Priest-en-Murat;2022;52
03257;Saint-Prix;2022;195
03258;Saint-Rémy-en-Rollat;2022;389
03259;Saint-Sauvier;2022;107
03260;Saint-Sornin;2022;56
03261;Sainte-Thérence;2022;35
03262;Saint-Victor;2022;587
03263;Saint-Voir;2022;47
03264;Saint-Yorre;2022;702
03265;Saligny-sur-Roudon;2022;183
03266;Sanssat;2022;56
03267;Saulcet;2022;163
03268;Saulzet;2022;104
03269;Sauvagny;2022;19
03270;Sazeret;2022;20
03271;Serbannes;2022;215
03272;Servilly;2022;70
03273;Seuillet;2022;102
03274;Sorbier;2022;80
03275;Souvigny;2022;473
03276;Sussat;2022;29
03277;Target;2022;55
03278;Taxat-Senat;2022;60
03279;Teillet-Argenty;2022;95
03280;Terjat;2022;54
03281;Le Theil;2022;110
03282;Theneuille;2022;109
03283;Thiel-sur-Acolin;2022;251
03284;Thionne;2022;90
03285;Tortezais;2022;40
03286;Toulon-sur-Allier;2022;346
03287;Treban;2022;91
03288;Treignat;2022;124
03289;Treteau;2022;148
03290;Trévol;2022;376
03291;Trézelles;2022;104
03292;Tronget;2022;284
03293;Urçay;2022;93
03294;Ussel-d'Allier;2022;54
03295;Valignat;2022;15
03296;Valigny;2022;133
03297;Vallon-en-Sully;2022;554
03298;Varennes-sur-Allier;2022;1050
03299;Varennes-sur-Tèche;2022;59
03300;Vaumas;2022;131
03301;Vaux;2022;206
03302;Veauce;2022;12
03303;Venas;2022;56
03304;Vendat;2022;619
03305;Verneix;2022;117
03306;Le Vernet;2022;511
03307;Verneuil-en-Bourbonnais;2022;78
03308;Vernusse;2022;36
03309;Le Veurdre;2022;153
03310;Vichy;2022;9122
03311;Vicq;2022;82
03312;Vieure;2022;69
03313;Le Vilhain;2022;76
03314;Villebret;2022;280
03315;Villefranche-d'Allier;2022;318
03316;Villeneuve-sur-Allier;2022;195
03317;Viplaix;2022;100
03319;Voussac;2022;117
03320;Ygrande;2022;219
03321;Yzeure;2022;3539
04001;Aiglun;2022;473
04004;Allemagne-en-Provence;2022;140
04005;Allons;2022;40
04006;Allos;2022;203
04007;Angles;2022;23
04008;Annot;2022;312
04009;Archail;2022;5
04012;Aubenas-les-Alpes;2022;22
04013;Aubignosc;2022;136
04016;Authon;2022;14
04017;Auzet;2022;27
04018;Banon;2022;356
04019;Barcelonnette;2022;702
04020;Barles;2022;24
04021;Barras;2022;36
04022;Barrême;2022;121
04023;Bayons;2022;65
04024;Beaujeu;2022;22
04025;Beauvezer;2022;103
04026;Bellaffaire;2022;55
04027;Bevons;2022;41
04028;Beynes;2022;46
04030;Blieux;2022;19
04031;Bras-d'Asse;2022;159
04032;Braux;2022;65
04033;Ubaye-Serre-Ponçon;2022;194
04034;La Brillanne;2022;194
04035;Brunet;2022;75
04036;Le Brusquet;2022;225
04037;Le Caire;2022;24
04039;Castellane;2022;449
04040;Le Castellard-Mélan;2022;17
04041;Le Castellet;2022;64
04042;Castellet-lès-Sausses;2022;53
04043;Val-de-Chalvagne;2022;30
04045;Céreste-en-Luberon;2022;377
04046;Le Chaffaut-Saint-Jurson;2022;136
04047;Champtercier;2022;241
04049;Château-Arnoux-Saint-Auban;2022;1423
04050;Châteaufort;2022;8
04051;Châteauneuf-Miravail;2022;28
04053;Châteauneuf-Val-Saint-Donat;2022;141
04054;Châteauredon;2022;18
04055;Chaudon-Norante;2022;55
04057;Clamensane;2022;46
04058;Claret;2022;55
04059;Clumanc;2022;77
04061;Colmars;2022;190
04062;La Condamine-Châtelard;2022;35
04063;Corbières-en-Provence;2022;238
04065;Cruis;2022;252
04066;Curbans;2022;87
04067;Curel;2022;16
04068;Dauphin;2022;222
04069;Demandolx;2022;36
04070;Digne-les-Bains;2022;4781
04072;Draix;2022;20
04073;Enchastrayes;2022;146
04074;Entrages;2022;29
04075;Entrepierres;2022;107
04076;Entrevaux;2022;294
04077;Entrevennes;2022;46
04079;L'Escale;2022;389
04081;Esparron-de-Verdon;2022;157
04084;Estoublon;2022;154
04085;Faucon-du-Caire;2022;23
04086;Faucon-de-Barcelonnette;2022;71
04087;Fontienne;2022;41
04088;Forcalquier;2022;1503
04090;Le Fugeret;2022;62
04091;Ganagobie;2022;23
04092;La Garde;2022;33
04093;Gigors;2022;16
04094;Gréoux-les-Bains;2022;897
04095;L'Hospitalet;2022;36
04096;Jausiers;2022;299
04097;La Javie;2022;98
04099;Lambruisse;2022;42
04101;Lardiers;2022;65
04102;Le Lauzet-Ubaye;2022;55
04104;Limans;2022;60
04106;Lurs;2022;123
04107;Majastres;2022;2
04108;Malijai;2022;489
04109;Mallefougasse-Augès;2022;112
04110;Mallemoisson;2022;242
04111;Mane;2022;413
04112;Manosque;2022;5787
04113;Marcoux;2022;130
04115;Méailles;2022;42
04116;Les Mées;2022;945
04118;Melve;2022;43
04120;Val d'Oronaye;2022;32
04121;Mézel;2022;143
04122;Mirabeau;2022;103
04123;Mison;2022;302
04124;Montagnac-Montpezat;2022;138
04126;Montclar;2022;109
04127;Montfort;2022;102
04128;Montfuron;2022;57
04129;Montjustin;2022;20
04130;Montlaux;2022;56
04132;Montsalier;2022;64
04133;Moriez;2022;76
04134;La Motte-du-Caire;2022;185
04135;Moustiers-Sainte-Marie;2022;164
04136;La Mure-Argens;2022;99
04137;Nibles;2022;18
04138;Niozelles;2022;52
04139;Noyers-sur-Jabron;2022;124
04140;Les Omergues;2022;34
04141;Ongles;2022;113
04142;Oppedette;2022;14
04143;Oraison;2022;1782
04144;La Palud-sur-Verdon;2022;87
04145;Peipin;2022;444
04148;Peyroules;2022;78
04149;Peyruis;2022;622
04150;Piégut;2022;30
04151;Pierrerue;2022;129
04152;Pierrevert;2022;1081
04154;Pontis;2022;34
04155;Prads-Haute-Bléone;2022;68
04156;Puimichel;2022;66
04157;Puimoisson;2022;260
04158;Quinson;2022;159
04159;Redortiers;2022;28
04160;Reillanne;2022;480
04161;Méolans-Revel;2022;87
04162;Revest-des-Brousses;2022;74
04163;Revest-du-Bion;2022;154
04164;Revest-Saint-Martin;2022;31
04166;Riez;2022;600
04167;La Robine-sur-Galabre;2022;97
04169;La Rochegiron;2022;50
04170;La Rochette;2022;26
04171;Rougon;2022;37
04172;Roumoules;2022;225
04173;Saint-André-les-Alpes;2022;382
04174;Saint-Benoît;2022;51
04175;Sainte-Croix-à-Lauze;2022;27
04176;Sainte-Croix-du-Verdon;2022;35
04177;Hautes-Duyes;2022;13
04178;Saint-Étienne-les-Orgues;2022;503
04179;Saint-Geniez;2022;32
04180;Saint-Jacques;2022;24
04181;Saint-Jeannet;2022;20
04182;Saint-Julien-d'Asse;2022;100
04183;Saint-Julien-du-Verdon;2022;48
04184;Saint-Jurs;2022;57
04186;Saint-Laurent-du-Verdon;2022;32
04187;Saint-Lions;2022;19
04188;Saint-Maime;2022;177
04189;Saint-Martin-de-Brômes;2022;171
04190;Saint-Martin-les-Eaux;2022;27
04191;Saint-Martin-lès-Seyne;2022;4
04192;Saint-Michel-l'Observatoire;2022;350
04193;Saint-Paul-sur-Ubaye;2022;67
04194;Saint-Pierre;2022;34
04195;Saint-Pons;2022;149
04197;Sainte-Tulle;2022;811
04199;Saint-Vincent-sur-Jabron;2022;48
04200;Salignac;2022;137
04201;Saumane;2022;50
04202;Sausses;2022;48
04203;Selonnet;2022;146
04204;Senez;2022;60
04205;Seyne;2022;466
04206;Sigonce;2022;102
04207;Sigoyer;2022;28
04208;Simiane-la-Rotonde;2022;186
04209;Sisteron;2022;2060
04210;Soleilhas;2022;35
04211;Sourribes;2022;36
04214;Tartonne;2022;39
04216;Thèze;2022;55
04217;Thoard;2022;218
04218;Thorame-Basse;2022;62
04219;Thorame-Haute;2022;69
04220;Les Thuiles;2022;74
04222;Turriers;2022;118
04224;Ubraye;2022;52
04226;Uvernet-Fours;2022;129
04227;Vachères;2022;126
04228;Valavoire;2022;22
04229;Valbelle;2022;63
04230;Valensole;2022;853
04231;Valernes;2022;65
04233;Vaumeilh;2022;49
04234;Venterol;2022;46
04235;Verdaches;2022;30
04236;Vergons;2022;49
04237;Le Vernet;2022;34
04240;Villars-Colmars;2022;68
04241;Villemus;2022;40
04242;Villeneuve;2022;816
04244;Volonne;2022;448
04245;Volx;2022;820
05001;Abriès-Ristolas;2022;106
05003;Aiguilles;2022;116
05004;Ancelle;2022;258
05006;L'Argentière-la-Bessée;2022;541
05007;Arvieux;2022;108
05008;Aspremont;2022;115
05009;Aspres-lès-Corps;2022;41
05010;Aspres-sur-Buëch;2022;267
05011;Avançon;2022;84
05012;Baratier;2022;159
05013;Barcillonnette;2022;40
05014;Barret-sur-Méouge;2022;68
05016;La Bâtie-Montsaléon;2022;80
05017;La Bâtie-Neuve;2022;484
05018;La Bâtie-Vieille;2022;67
05019;La Beaume;2022;59
05021;Le Bersac;2022;53
05022;Bréziers;2022;56
05023;Briançon;2022;2307
05024;Valdoule;2022;86
05025;Buissard;2022;43
05026;Ceillac;2022;97
05027;Cervières;2022;25
05028;Chabestan;2022;43
05029;Chabottes;2022;214
05031;Champcella;2022;53
05032;Champoléon;2022;42
05033;Chanousse;2022;18
05035;Châteauneuf-d'Oze;2022;7
05036;Châteauroux-les-Alpes;2022;262
05037;Châteauvieux;2022;133
05038;Château-Ville-Vieille;2022;71
05039;Aubessagne;2022;204
05040;Chorges;2022;784
05044;Crévoux;2022;37
05045;Crots;2022;248
05046;Embrun;2022;2069
05047;Éourres;2022;22
05048;L'Épine;2022;63
05049;Esparron;2022;18
05050;Espinasses;2022;233
05051;Étoile-Saint-Cyrice;2022;14
05052;Eygliers;2022;178
05053;Garde-Colombe;2022;164
05054;La Fare-en-Champsaur;2022;180
05055;La Faurie;2022;91
05056;Forest-Saint-Julien;2022;67
05057;Fouillouse;2022;45
05058;Freissinières;2022;41
05059;La Freissinouse;2022;141
05060;Furmeyer;2022;60
05061;Gap;2022;10655
05062;Le Glaizil;2022;72
05063;La Grave;2022;85
05064;La Chapelle-en-Valgaudémar;2022;57
05065;Guillestre;2022;645
05066;La Haute-Beaume;2022;4
05068;Jarjayes;2022;80
05070;Laragne-Montéglin;2022;1165
05071;Lardier-et-Valença;2022;70
05072;Laye;2022;64
05073;Lazer;2022;80
05074;Lettret;2022;37
05075;Manteyer;2022;103
05076;Méreuil;2022;30
05077;Molines-en-Queyras;2022;102
05078;Monêtier-Allemont;2022;53
05079;Le Monêtier-les-Bains;2022;271
05080;Montbrand;2022;24
05081;Montclus;2022;11
05082;Mont-Dauphin;2022;20
05084;Montgardin;2022;132
05085;Montgenèvre;2022;78
05086;Montjay;2022;42
05087;Montmaur;2022;144
05089;Montrond;2022;13
05090;La Motte-en-Champsaur;2022;57
05091;Moydans;2022;13
05092;Neffes;2022;203
05093;Névache;2022;86
05094;Nossage-et-Bénévent;2022;2
05095;Le Noyer;2022;104
05096;Orcières;2022;148
05097;Orpierre;2022;132
05098;Les Orres;2022;164
05099;Oze;2022;25
05100;Pelleautier;2022;162
05101;Vallouise-Pelvoux;2022;348
05102;La Piarre;2022;20
05103;Le Poët;2022;220
05104;Poligny;2022;77
05106;Prunières;2022;102
05107;Puy-Saint-André;2022;115
05108;Puy-Saint-Eusèbe;2022;45
05109;Puy-Saint-Pierre;2022;119
05110;Puy-Saint-Vincent;2022;74
05111;Puy-Sanières;2022;85
05112;Rabou;2022;24
05113;Rambaud;2022;101
05114;Réallon;2022;58
05115;Remollon;2022;100
05116;Réotier;2022;50
05117;Ribeyret;2022;33
05118;Val Buëch-Méouge;2022;437
05119;Risoul;2022;139
05121;Rochebrune;2022;43
05122;La Roche-de-Rame;2022;193
05123;La Roche-des-Arnauds;2022;332
05124;La Rochette;2022;105
05126;Rosans;2022;156
05127;Rousset-Serre-Ponçon;2022;58
05128;Saint-André-d'Embrun;2022;171
05129;Saint-André-de-Rosans;2022;60
05130;Saint-Apollinaire;2022;52
05131;Saint-Auban-d'Oze;2022;24
05132;Saint-Bonnet-en-Champsaur;2022;519
05133;Saint-Chaffrey;2022;444
05134;Saint-Clément-sur-Durance;2022;70
05135;Sainte-Colombe;2022;28
05136;Saint-Crépin;2022;139
05139;Dévoluy;2022;198
05140;Saint-Étienne-le-Laus;2022;68
05142;Saint-Firmin;2022;145
05144;Saint-Jacques-en-Valgodemard;2022;58
05145;Saint-Jean-Saint-Nicolas;2022;327
05146;Saint-Julien-en-Beauchêne;2022;47
05147;Saint-Julien-en-Champsaur;2022;106
05148;Saint-Laurent-du-Cros;2022;99
05149;Saint-Léger-les-Mélèzes;2022;114
05151;Saint-Martin-de-Queyrières;2022;170
05152;Saint-Maurice-en-Valgodemard;2022;58
05153;Saint-Michel-de-Chaillol;2022;119
05154;Saint-Pierre-d'Argençon;2022;60
05155;Saint-Pierre-Avez;2022;7
05156;Saint-Sauveur;2022;123
05157;Saint-Véran;2022;53
05158;Le Saix;2022;37
05159;Saléon;2022;17
05160;Salérans;2022;37
05161;La Salle-les-Alpes;2022;239
05162;La Saulce;2022;394
05163;Le Sauze-du-Lac;2022;43
05164;Savines-le-Lac;2022;314
05165;Savournon;2022;50
05166;Serres;2022;465
05167;Sigottier;2022;25
05168;Sigoyer;2022;153
05169;Sorbiers;2022;19
05170;Tallard;2022;592
05171;Théus;2022;43
05172;Trescléoux;2022;110
05173;Upaix;2022;149
05174;Val-des-Prés;2022;90
05176;Valserres;2022;58
05177;Vars;2022;119
05178;Ventavon;2022;116
05179;Veynes;2022;1072
05180;Les Vigneaux;2022;112
05181;Villar-d'Arêne;2022;60
05182;Villar-Loubière;2022;11
05183;Villar-Saint-Pancrace;2022;363
05184;Vitrolles;2022;49
06001;Aiglun;2022;27
06002;Amirat;2022;16
06003;Andon;2022;147
06004;Antibes;2022;21233
06005;Ascros;2022;47
06006;Aspremont;2022;508
06007;Auribeau-sur-Siagne;2022;675
06008;Auvare;2022;12
06009;Bairols;2022;27
06010;Le Bar-sur-Loup;2022;686
06011;Beaulieu-sur-Mer;2022;1087
06012;Beausoleil;2022;2266
06013;Belvédère;2022;185
06014;Bendejun;2022;256
06015;Berre-les-Alpes;2022;270
06016;Beuil;2022;172
06017;Bézaudun-les-Alpes;2022;54
06018;Biot;2022;1910
06019;Blausasc;2022;399
06020;La Bollène-Vésubie;2022;138
06021;Bonson;2022;159
06022;Bouyon;2022;86
06023;Breil-sur-Roya;2022;669
06024;Briançonnet;2022;67
06025;Le Broc;2022;262
06026;Cabris;2022;429
06027;Cagnes-sur-Mer;2022;14816
06028;Caille;2022;120
06029;Cannes;2022;22546
06030;Le Cannet;2022;11114
06031;Cantaron;2022;383
06032;Cap-d'Ail;2022;964
06033;Carros;2022;2375
06034;Castagniers;2022;344
06035;Castellar;2022;247
06036;Castillon;2022;59
06037;Caussols;2022;58
06038;Châteauneuf-Grasse;2022;950
06039;Châteauneuf-Villevieille;2022;176
06040;Châteauneuf-d'Entraunes;2022;25
06041;Cipières;2022;72
06042;Clans;2022;163
06043;Coaraze;2022;188
06044;La Colle-sur-Loup;2022;1902
06045;Collongues;2022;32
06046;Colomars;2022;871
06047;Conségudes;2022;28
06048;Contes;2022;1956
06049;Courmes;2022;29
06050;Coursegoules;2022;109
06051;La Croix-sur-Roudoule;2022;31
06052;Cuébris;2022;48
06053;Daluis;2022;55
06054;Drap;2022;1075
06055;Duranus;2022;34
06056;Entraunes;2022;46
06057;L'Escarène;2022;594
06058;Escragnolles;2022;134
06059;Èze;2022;565
06060;Falicon;2022;597
06061;Les Ferres;2022;19
06062;Fontan;2022;115
06063;Gars;2022;23
06064;Gattières;2022;1049
06065;La Gaude;2022;1785
06066;Gilette;2022;298
06067;Gorbio;2022;413
06068;Gourdon;2022;82
06069;Grasse;2022;10001
06070;Gréolières;2022;154
06071;Guillaumes;2022;190
06072;Ilonse;2022;45
06073;Isola;2022;142
06074;Lantosque;2022;294
06075;Levens;2022;1087
06076;Lieuche;2022;5
06077;Lucéram;2022;321
06078;Malaussène;2022;63
06079;Mandelieu-la-Napoule;2022;7140
06080;Marie;2022;40
06081;Le Mas;2022;32
06082;Massoins;2022;40
06083;Menton;2022;7758
06084;Mouans-Sartoux;2022;2691
06085;Mougins;2022;4761
06086;Moulinet;2022;95
06087;Les Mujouls;2022;16
06088;Nice;2022;83290
06089;Opio;2022;567
06090;Pégomas;2022;1847
06091;Peille;2022;521
06092;Peillon;2022;349
06093;La Penne;2022;68
06094;Péone;2022;327
06095;Peymeinade;2022;2245
06096;Pierlas;2022;49
06097;Pierrefeu;2022;86
06098;Puget-Rostang;2022;28
06099;Puget-Théniers;2022;453
06100;Revest-les-Roches;2022;88
06101;Rigaud;2022;55
06102;Rimplas;2022;47
06103;Roquebillière;2022;626
06104;Roquebrune-Cap-Martin;2022;3353
06105;Roquefort-les-Pins;2022;1551
06106;Roquestéron;2022;159
06107;La Roque-en-Provence;2022;14
06108;La Roquette-sur-Siagne;2022;1142
06109;La Roquette-sur-Var;2022;187
06110;Roubion;2022;24
06111;Roure;2022;39
06112;Le Rouret;2022;844
06113;Sainte-Agnès;2022;274
06114;Saint-André-de-la-Roche;2022;1165
06115;Saint-Antonin;2022;39
06116;Saint-Auban;2022;76
06117;Saint-Blaise;2022;175
06118;Saint-Cézaire-sur-Siagne;2022;929
06119;Saint-Dalmas-le-Selvage;2022;33
06120;Saint-Étienne-de-Tinée;2022;342
06121;Saint-Jean-Cap-Ferrat;2022;441
06122;Saint-Jeannet;2022;1079
06123;Saint-Laurent-du-Var;2022;7831
06124;Saint-Léger;2022;32
06125;Saint-Martin-d'Entraunes;2022;72
06126;Saint-Martin-du-Var;2022;641
06127;Saint-Martin-Vésubie;2022;526
06128;Saint-Paul-de-Vence;2022;922
06129;Saint-Sauveur-sur-Tinée;2022;85
06130;Saint-Vallier-de-Thiey;2022;662
06131;Sallagriffon;2022;20
06132;Saorge;2022;168
06133;Sauze;2022;22
06134;Séranon;2022;143
06135;Sigale;2022;64
06136;Sospel;2022;1002
06137;Spéracèdes;2022;320
06138;Théoule-sur-Mer;2022;434
06139;Thiéry;2022;56
06140;Le Tignet;2022;887
06141;Toudon;2022;82
06142;Touët-de-l'Escarène;2022;49
06143;Touët-sur-Var;2022;165
06144;La Tour;2022;152
06145;Tourette-du-Château;2022;48
06146;Tournefort;2022;21
06147;Tourrette-Levens;2022;1134
06148;Tourrettes-sur-Loup;2022;1113
06149;La Trinité;2022;2256
06150;La Turbie;2022;694
06151;Utelle;2022;182
06152;Valbonne;2022;1901
06153;Valdeblore;2022;204
06154;Valderoure;2022;156
06155;Vallauris;2022;8102
06156;Venanson;2022;82
06157;Vence;2022;5368
06158;Villars-sur-Var;2022;166
06159;Villefranche-sur-Mer;2022;1804
06160;Villeneuve-d'Entraunes;2022;39
06161;Villeneuve-Loubet;2022;4147
06162;La Brigue;2022;256
06163;Tende;2022;653
07001;Accons;2022;88
07002;Ailhon;2022;134
07003;Aizac;2022;43
07004;Ajoux;2022;21
07005;Alba-la-Romaine;2022;365
07006;Albon-d'Ardèche;2022;47
07007;Alboussière;2022;257
07008;Alissas;2022;252
07009;Andance;2022;220
07010;Annonay;2022;4362
07011;Vallées-d'Antraigues-Asperjoc;2022;316
07012;Arcens;2022;98
07013;Ardoix;2022;217
07014;Arlebosc;2022;121
07015;Arras-sur-Rhône;2022;87
07017;Les Assions;2022;214
07018;Astet;2022;19
07019;Aubenas;2022;3532
07020;Aubignas;2022;91
07022;Baix;2022;180
07023;Balazuc;2022;114
07024;Banne;2022;239
07025;Barnas;2022;65
07026;Le Béage;2022;86
07027;Beauchastel;2022;369
07028;Beaulieu;2022;149
07029;Beaumont;2022;78
07030;Beauvène;2022;69
07031;Berrias-et-Casteljau;2022;224
07032;Berzème;2022;28
07033;Bessas;2022;74
07034;Bidon;2022;59
07035;Boffres;2022;157
07036;Bogy;2022;84
07037;Borée;2022;53
07038;Borne;2022;19
07039;Bozas;2022;74
07040;Boucieu-le-Roi;2022;77
07041;Boulieu-lès-Annonay;2022;553
07042;Bourg-Saint-Andéol;2022;1854
07044;Brossainc;2022;41
07045;Burzet;2022;205
07047;Cellier-du-Luc;2022;28
07048;Chalencon;2022;87
07049;Le Chambon;2022;26
07050;Chambonas;2022;352
07051;Champagne;2022;106
07052;Champis;2022;122
07053;Chandolas;2022;143
07054;Chanéac;2022;62
07055;Charmes-sur-Rhône;2022;601
07056;Charnas;2022;127
07058;Chassiers;2022;288
07059;Châteaubourg;2022;51
07060;Châteauneuf-de-Vernoux;2022;76
07061;Chauzon;2022;142
07062;Chazeaux;2022;26
07063;Cheminas;2022;62
07064;Le Cheylard;2022;1059
07065;Chirols;2022;64
07066;Chomérac;2022;790
07067;Colombier-le-Cardinal;2022;44
07068;Colombier-le-Jeune;2022;156
07069;Colombier-le-Vieux;2022;162
07070;Cornas;2022;525
07071;Coucouron;2022;274
07072;Coux;2022;438
07073;Le Crestet;2022;117
07074;Creysseilles;2022;42
07075;Cros-de-Géorand;2022;41
07076;Cruas;2022;575
07077;Darbres;2022;58
07078;Davézieux;2022;1100
07079;Désaignes;2022;301
07080;Devesset;2022;73
07081;Dompnac;2022;32
07082;Dornas;2022;63
07083;Dunière-sur-Eyrieux;2022;120
07084;Eclassan;2022;203
07085;Empurany;2022;170
07086;Étables;2022;166
07087;Fabras;2022;127
07088;Faugères;2022;42
07089;Félines;2022;291
07090;Flaviac;2022;295
07091;Fons;2022;78
07092;Freyssenet;2022;6
07093;Genestelle;2022;79
07094;Gilhac-et-Bruzac;2022;38
07095;Gilhoc-sur-Ormèze;2022;133
07096;Gluiras;2022;133
07097;Glun;2022;92
07098;Gourdon;2022;18
07099;Gras;2022;155
07100;Gravières;2022;199
07101;Grospierres;2022;302
07102;Guilherand-Granges;2022;3425
07103;Saint-Julien-d'Intres;2022;99
07104;Issamoulenc;2022;29
07105;Issanlas;2022;27
07106;Issarlès;2022;45
07107;Jaujac;2022;432
07108;Jaunac;2022;22
07109;Joannas;2022;116
07110;Joyeuse;2022;588
07111;Juvinas;2022;62
07112;Labastide-sur-Bésorgues;2022;83
07113;Labastide-de-Virac;2022;80
07114;Labatie-d'Andaure;2022;78
07115;Labeaume;2022;220
07116;Labégude;2022;443
07117;Lablachère;2022;761
07118;Laboule;2022;48
07119;Le Lac-d'Issarlès;2022;113
07120;Lachamp-Raphaël;2022;27
07121;Lachapelle-Graillouse;2022;61
07122;Lachapelle-sous-Aubenas;2022;377
07123;Lachapelle-sous-Chanéac;2022;47
07124;Lafarre;2022;16
07126;Lagorce;2022;322
07127;Lalevade-d'Ardèche;2022;332
07128;Lalouvesc;2022;185
07129;Lamastre;2022;855
07130;Lanarce;2022;64
07131;Lanas;2022;117
07132;Largentière;2022;490
07133;Larnas;2022;30
07134;Laurac-en-Vivarais;2022;304
07136;Laveyrune;2022;47
07137;Lavillatte;2022;27
07138;Lavilledieu;2022;553
07139;Laviolle;2022;38
07140;Lemps;2022;151
07141;Lentillères;2022;37
07142;Lespéron;2022;92
07143;Limony;2022;178
07144;Loubaresse;2022;16
07145;Lussas;2022;240
07146;Lyas;2022;165
07147;Malarce-sur-la-Thines;2022;59
07148;Malbosc;2022;45
07149;Marcols-les-Eaux;2022;147
07150;Mariac;2022;171
07151;Mars;2022;66
07152;Mauves;2022;242
07153;Mayres;2022;117
07154;Mazan-l'Abbaye;2022;42
07155;Mercuer;2022;359
07156;Meyras;2022;274
07157;Meysse;2022;247
07158;Mézilhac;2022;30
07159;Mirabel;2022;124
07160;Monestier;2022;15
07161;Montpezat-sous-Bauzon;2022;243
07162;Montréal;2022;142
07163;Montselgues;2022;17
07165;Belsentes;2022;138
07166;Nozières;2022;72
07167;Les Ollières-sur-Eyrieux;2022;272
07168;Orgnac-l'Aven;2022;166
07169;Ozon;2022;74
07170;Pailharès;2022;80
07171;Payzac;2022;164
07172;Peaugres;2022;500
07173;Péreyres;2022;17
07174;Peyraud;2022;105
07175;Le Plagnal;2022;32
07176;Planzolles;2022;53
07177;Plats;2022;108
07178;Pont-de-Labeaume;2022;158
07179;Pourchères;2022;34
07181;Le Pouzin;2022;702
07182;Prades;2022;289
07183;Pradons;2022;176
07184;Pranles;2022;104
07185;Préaux;2022;160
07186;Privas;2022;2183
07187;Prunet;2022;38
07188;Quintenas;2022;401
07189;Ribes;2022;105
07190;Rochecolombe;2022;67
07191;Rochemaure;2022;499
07192;Rochepaule;2022;91
07193;Rocher;2022;116
07194;Rochessauve;2022;85
07195;La Rochette;2022;17
07196;Rocles;2022;59
07197;Roiffieux;2022;750
07198;Rompon;2022;233
07199;Rosières;2022;368
07200;Le Roux;2022;15
07201;Ruoms;2022;906
07202;Sablières;2022;49
07203;Sagnes-et-Goudoulet;2022;40
07204;Saint-Agrève;2022;713
07205;Saint-Alban-d'Ay;2022;291
07206;Saint-Alban-en-Montagne;2022;23
07207;Saint-Alban-Auriolles;2022;345
07208;Saint-Andéol-de-Berg;2022;35
07209;Saint-Andéol-de-Fourchades;2022;24
07210;Saint-Andéol-de-Vals;2022;153
07211;Saint-André-de-Cruzières;2022;158
07212;Saint-André-en-Vivarais;2022;54
07213;Saint-André-Lachamp;2022;36
07214;Saint-Apollinaire-de-Rias;2022;48
07215;Saint-Barthélemy-le-Meil;2022;61
07216;Saint-Barthélemy-Grozon;2022;122
07217;Saint-Barthélemy-le-Plain;2022;186
07218;Saint-Basile;2022;114
07219;Saint-Bauzile;2022;39
07220;Saint-Christol;2022;32
07221;Saint-Cierge-la-Serre;2022;42
07222;Saint-Cierge-sous-le-Cheylard;2022;55
07223;Saint-Cirgues-de-Prades;2022;44
07224;Saint-Cirgues-en-Montagne;2022;68
07225;Saint-Clair;2022;298
07226;Saint-Clément;2022;22
07227;Saint-Cyr;2022;252
07228;Saint-Désirat;2022;160
07229;Saint-Didier-sous-Aubenas;2022;250
07230;Saint-Étienne-de-Boulogne;2022;96
07231;Saint-Étienne-de-Fontbellon;2022;783
07232;Saint-Étienne-de-Lugdarès;2022;99
07233;Saint-Étienne-de-Serre;2022;71
07234;Saint-Étienne-de-Valoux;2022;47
07235;Sainte-Eulalie;2022;68
07236;Saint-Félicien;2022;404
07237;Saint-Fortunat-sur-Eyrieux;2022;178
07238;Saint-Genest-de-Beauzon;2022;89
07239;Saint-Genest-Lachamp;2022;51
07240;Saint-Georges-les-Bains;2022;530
07241;Saint-Germain;2022;133
07242;Saint-Gineys-en-Coiron;2022;35
07243;Saint-Jacques-d'Atticieux;2022;54
07244;Saint-Jean-Chambre;2022;62
07245;Saint-Jean-de-Muzols;2022;740
07247;Saint-Jean-le-Centenier;2022;135
07248;Saint-Jean-Roure;2022;52
07249;Saint-Jeure-d'Andaure;2022;31
07250;Saint-Jeure-d'Ay;2022;97
07251;Saint-Joseph-des-Bancs;2022;40
07253;Saint-Julien-du-Gua;2022;51
07254;Saint-Julien-du-Serre;2022;235
07255;Saint-Julien-en-Saint-Alban;2022;266
07257;Saint-Julien-le-Roux;2022;37
07258;Saint-Julien-Vocance;2022;60
07259;Saint-Just-d'Ardèche;2022;371
07260;Saint-Lager-Bressac;2022;153
07261;Saint-Laurent-du-Pape;2022;343
07262;Saint-Laurent-les-Bains-Laval-d'Aurelle;2022;65
07263;Saint-Laurent-sous-Coiron;2022;36
07264;Saint-Marcel-d'Ardèche;2022;648
07265;Saint-Marcel-lès-Annonay;2022;294
07266;Sainte-Marguerite-Lafigère;2022;47
07267;Saint-Martial;2022;69
07268;Saint-Martin-d'Ardèche;2022;226
07269;Saint-Martin-de-Valamas;2022;428
07270;Saint-Martin-sur-Lavezon;2022;86
07272;Saint-Maurice-d'Ardèche;2022;92
07273;Saint-Maurice-d'Ibie;2022;63
07274;Saint-Maurice-en-Chalencon;2022;58
07275;Saint-Mélany;2022;30
07276;Saint-Michel-d'Aurance;2022;37
07277;Saint-Michel-de-Boulogne;2022;27
07278;Saint-Michel-de-Chabrillanoux;2022;75
07279;Saint-Montan;2022;405
07280;Saint-Paul-le-Jeune;2022;297
07281;Saint-Péray;2022;1896
07282;Saint-Pierre-de-Colombier;2022;111
07283;Saint-Pierre-la-Roche;2022;9
07284;Saint-Pierre-Saint-Jean;2022;61
07285;Saint-Pierre-sur-Doux;2022;31
07286;Saint-Pierreville;2022;194
07287;Saint-Pons;2022;59
07288;Saint-Priest;2022;283
07289;Saint-Privat;2022;517
07290;Saint-Prix;2022;51
07291;Saint-Remèze;2022;229
07292;Saint-Romain-d'Ay;2022;229
07293;Saint-Romain-de-Lerps;2022;163
07294;Saint-Sauveur-de-Cruzières;2022;174
07295;Saint-Sauveur-de-Montagut;2022;364
07296;Saint-Sernin;2022;465
07297;Saint-Sylvestre;2022;104
07298;Saint-Symphorien-sous-Chomérac;2022;147
07299;Saint-Symphorien-de-Mahun;2022;43
07300;Saint-Thomé;2022;111
07301;Saint-Victor;2022;262
07302;Saint-Vincent-de-Barrès;2022;182
07303;Saint-Vincent-de-Durfort;2022;69
07304;Salavas;2022;199
07305;Les Salelles;2022;132
07306;Sampzon;2022;71
07307;Sanilhac;2022;120
07308;Sarras;2022;524
07309;Satillieu;2022;466
07310;Savas;2022;174
07311;Sceautres;2022;37
07312;Sécheras;2022;72
07313;Serrières;2022;361
07314;Silhac;2022;96
07315;La Souche;2022;124
07316;Soyons;2022;476
07317;Talencieux;2022;194
07318;Tauriers;2022;54
07319;Le Teil;2022;1905
07321;Thorrenc;2022;48
07322;Thueyts;2022;462
07323;Toulaud;2022;294
07324;Tournon-sur-Rhône;2022;2668
07325;Ucel;2022;641
07326;Usclades-et-Rieutord;2022;42
07327;Uzer;2022;123
07328;Vagnas;2022;164
07329;Valgorge;2022;133
07330;Vallon-Pont-d'Arc;2022;814
07331;Vals-les-Bains;2022;1256
07332;Valvignères;2022;108
07333;Vanosc;2022;234
07334;Les Vans;2022;949
07335;Vaudevant;2022;76
07336;Vernon;2022;83
07337;Vernosc-lès-Annonay;2022;538
07338;Vernoux-en-Vivarais;2022;586
07339;Vesseaux;2022;432
07340;Veyras;2022;417
07341;Villeneuve-de-Berg;2022;915
07342;Villevocance;2022;301
07343;Vinezac;2022;300
07344;Vinzieux;2022;86
07345;Vion;2022;189
07346;Viviers;2022;984
07347;Vocance;2022;132
07348;Vogüé;2022;235
07349;La Voulte-sur-Rhône;2022;1341
08001;Acy-Romance;2022;126
08003;Aiglemont;2022;404
08004;Aire;2022;42
08005;Alincourt;2022;26
08006;Alland'Huy-et-Sausseuil;2022;41
08008;Amagne;2022;115
08010;Ambly-Fleury;2022;28
08011;Anchamps;2022;53
08013;Angecourt;2022;90
08014;Annelles;2022;16
08015;Antheny;2022;25
08016;Aouste;2022;52
08017;Apremont;2022;33
08018;Ardeuil-et-Montfauxelles;2022;23
08019;Les Grandes-Armoises;2022;12
08020;Les Petites-Armoises;2022;14
08021;Arnicourt;2022;27
08022;Arreux;2022;74
08023;Artaise-le-Vivier;2022;17
08024;Asfeld;2022;243
08025;Attigny;2022;276
08026;Aubigny-les-Pothées;2022;57
08027;Auboncourt-Vauzelles;2022;19
08028;Aubrives;2022;188
08029;Auflance;2022;20
08030;Auge;2022;20
08031;Aure;2022;13
08032;Aussonce;2022;25
08033;Authe;2022;23
08034;Autrecourt-et-Pourron;2022;104
08035;Autruche;2022;12
08036;Autry;2022;49
08037;Auvillers-les-Forges;2022;181
08038;Avançon;2022;65
08039;Avaux;2022;87
08040;Les Ayvelles;2022;177
08041;Baâlons;2022;43
08043;Balan;2022;414
08044;Balham;2022;20
08045;Ballay;2022;69
08046;Banogne-Recouvrance;2022;28
08047;Barbaise;2022;29
08048;Barby;2022;99
08049;Bar-lès-Buzancy;2022;32
08052;Bayonville;2022;26
08053;Bazeilles;2022;549
08055;Beaumont-en-Argonne;2022;86
08056;Beffu-et-le-Morthomme;2022;10
08057;Belleville-et-Châtillon-sur-Bar;2022;40
08058;Belval;2022;50
08059;Belval-Bois-des-Dames;2022;8
08060;Bergnicourt;2022;44
08061;La Berlière;2022;9
08062;Bertoncourt;2022;32
08063;La Besace;2022;37
08064;Biermes;2022;67
08065;Bièvres;2022;13
08066;Bignicourt;2022;9
08067;Blagny;2022;277
08069;Blanchefosse-et-Bay;2022;40
08070;Blanzy-la-Salonnaise;2022;49
08071;Blombay;2022;34
08073;Bossus-lès-Rumigny;2022;25
08074;Bouconville;2022;20
08075;Boult-aux-Bois;2022;39
08076;Boulzicourt;2022;194
08077;Bourcq;2022;11
08078;Bourg-Fidèle;2022;141
08080;Bouvellemont;2022;22
08081;Bogny-sur-Meuse;2022;1097
08082;Brécy-Brières;2022;21
08083;Brévilly;2022;66
08084;Brienne-sur-Aisne;2022;27
08085;Brieulles-sur-Bar;2022;40
08086;Briquenay;2022;21
08087;Brognon;2022;37
08088;Bulson;2022;28
08089;Buzancy;2022;72
08090;Carignan;2022;684
08092;Cauroy;2022;40
08094;Cernion;2022;13
08095;Chagny;2022;34
08096;Chalandry-Elaire;2022;109
08097;Challerange;2022;116
08098;Champigneulle;2022;24
08099;Champigneul-sur-Vence;2022;13
08100;Champlin;2022;16
08101;La Chapelle;2022;41
08102;Chappes;2022;23
08103;Charbogne;2022;43
08104;Chardeny;2022;10
08105;Charleville-Mézières;2022;10433
08106;Charnois;2022;20
08107;Château-Porcien;2022;353
08109;Chatel-Chéhéry;2022;53
08110;Le Châtelet-sur-Sormonne;2022;37
08111;Le Châtelet-sur-Retourne;2022;93
08113;Chaumont-Porcien;2022;105
08115;Chémery-Chéhéry;2022;117
08116;Bairon et ses environs;2022;262
08117;Chesnois-Auboncourt;2022;34
08119;Cheveuges;2022;73
08120;Chevières;2022;16
08121;Chilly;2022;24
08122;Chooz;2022;172
08123;Chuffilly-Roche;2022;13
08124;Clavy-Warby;2022;67
08125;Cliron;2022;91
08126;Condé-lès-Herpy;2022;43
08128;Condé-lès-Autry;2022;12
08130;Contreuve;2022;19
08131;Cornay;2022;24
08132;Corny-Machéroménil;2022;22
08133;Coucy;2022;94
08134;Coulommes-et-Marqueny;2022;27
08135;La Croix-aux-Bois;2022;35
08136;Daigny;2022;62
08137;Damouzy;2022;110
08138;Les Deux-Villes;2022;50
08139;Deville;2022;219
08140;Dom-le-Mesnil;2022;210
08141;Dommery;2022;40
08142;Donchery;2022;494
08143;Doumely-Bégny;2022;18
08144;Doux;2022;11
08145;Douzy;2022;350
08146;Draize;2022;16
08147;Dricourt;2022;11
08148;L'Écaille;2022;17
08149;L'Échelle;2022;27
08150;Écly;2022;42
08151;Écordal;2022;58
08153;Escombres-et-le-Chesnois;2022;61
08154;Estrebay;2022;15
08155;Étalle;2022;16
08156;Éteignières;2022;88
08158;Étrépigny;2022;71
08159;Euilly-et-Lombut;2022;31
08160;Évigny;2022;37
08161;Exermont;2022;6
08162;Fagnon;2022;78
08163;Faissault;2022;50
08164;Falaise;2022;91
08165;Faux;2022;10
08166;Fépin;2022;54
08167;La Férée;2022;18
08168;La Ferté-sur-Chiers;2022;48
08169;Flaignes-Havys;2022;31
08170;Fleigneux;2022;36
08171;Fléville;2022;19
08172;Fligny;2022;24
08173;Flize;2022;328
08174;Floing;2022;587
08175;Foisches;2022;47
08176;Fossé;2022;10
08178;Fraillicourt;2022;53
08179;Francheval;2022;130
08180;La Francheville;2022;351
08182;Le Fréty;2022;16
08183;Fromelennes;2022;184
08184;Fromy;2022;18
08185;Fumay;2022;897
08186;Germont;2022;4
08187;Gernelle;2022;79
08188;Gespunsart;2022;253
08189;Girondelle;2022;30
08190;Givet;2022;1333
08191;Givonne;2022;215
08192;Givron;2022;24
08193;Givry;2022;41
08194;Glaire;2022;294
08195;Gomont;2022;56
08196;Grandchamp;2022;18
08197;Grandham;2022;16
08198;Grandpré;2022;149
08199;La Grandville;2022;156
08200;Grivy-Loisy;2022;45
08201;Gruyères;2022;10
08202;Gué-d'Hossus;2022;114
08203;Guignicourt-sur-Vence;2022;55
08204;Guincourt;2022;15
08205;Hagnicourt;2022;8
08206;Ham-les-Moines;2022;79
08207;Ham-sur-Meuse;2022;44
08208;Hannappes;2022;47
08209;Hannogne-Saint-Martin;2022;80
08210;Hannogne-Saint-Rémy;2022;31
08211;Haraucourt;2022;186
08212;Harcy;2022;103
08214;Hargnies;2022;102
08215;Harricourt;2022;12
08216;Haudrecy;2022;58
08217;Haulmé;2022;21
08218;Les Hautes-Rivières;2022;334
08219;Hauteville;2022;25
08220;Hauviné;2022;47
08222;Haybes;2022;410
08223;Herbeuval;2022;34
08225;Herpy-l'Arlésienne;2022;30
08226;Hierges;2022;48
08228;La Horgne;2022;16
08229;Houdilcourt;2022;29
08230;Houldizy;2022;55
08232;Illy;2022;87
08233;Imécourt;2022;13
08234;Inaumont;2022;20
08235;Issancourt-et-Rumel;2022;75
08236;Jandun;2022;44
08237;Joigny-sur-Meuse;2022;141
08238;Jonval;2022;20
08239;Juniville;2022;204
08240;Justine-Herbigny;2022;23
08242;Laifour;2022;128
08243;Lalobbe;2022;46
08244;Lametz;2022;18
08245;Lançon;2022;15
08246;Landres-et-Saint-Georges;2022;31
08247;Landrichamps;2022;32
08248;Launois-sur-Vence;2022;114
08249;Laval-Morency;2022;53
08250;Leffincourt;2022;40
08251;Lépron-les-Vallées;2022;7
08252;Létanne;2022;24
08254;Liart;2022;183
08255;Linay;2022;29
08256;Liry;2022;31
08257;Logny-Bogny;2022;28
08259;Longwé;2022;23
08260;Lonny;2022;78
08262;Lucquy;2022;99
08263;Lumes;2022;279
08264;Machault;2022;83
08268;Maisoncelle-et-Villers;2022;16
08269;Malandry;2022;10
08271;Manre;2022;23
08272;Maranwez;2022;13
08273;Marby;2022;21
08274;Marcq;2022;35
08275;Margny;2022;26
08276;Margut;2022;140
08277;Marlemont;2022;20
08278;Marquigny;2022;27
08279;Mars-sous-Bourcq;2022;18
08280;Marvaux-Vieux;2022;9
08281;Matton-et-Clémency;2022;90
08282;Maubert-Fontaine;2022;215
08283;Mazerny;2022;33
08284;Les Mazures;2022;159
08286;Ménil-Annelles;2022;22
08287;Ménil-Lépinois;2022;23
08288;Mesmont;2022;32
08289;Messincourt;2022;79
08291;Mogues;2022;25
08293;Moiry;2022;43
08295;Mondigny;2022;40
08296;Montcheutin;2022;31
08297;Montcornet;2022;33
08298;Montcy-Notre-Dame;2022;442
08301;Montgon;2022;25
08302;Monthermé;2022;574
08303;Monthois;2022;69
08304;Montigny-sur-Meuse;2022;25
08305;Montigny-sur-Vence;2022;33
08306;Mont-Laurent;2022;14
08307;Montmeillant;2022;30
08308;Mont-Saint-Martin;2022;14
08309;Mont-Saint-Remy;2022;17
08310;Mouron;2022;23
08311;Mouzon;2022;635
08312;Murtin-et-Bogny;2022;27
08313;Nanteuil-sur-Aisne;2022;19
08314;Neuflize;2022;135
08315;Neufmaison;2022;13
08316;Neufmanil;2022;224
08317;La Neuville-à-Maire;2022;20
08318;La Neuville-aux-Joûtes;2022;78
08319;Neuville-lez-Beaulieu;2022;63
08320;La Neuville-en-Tourne-à-Fuy;2022;97
08321;Neuville-Day;2022;52
08322;Neuville-lès-This;2022;79
08323;La Neuville-lès-Wasigny;2022;29
08324;Neuvizy;2022;20
08325;Noirval;2022;4
08326;Nouart;2022;38
08327;Nouvion-sur-Meuse;2022;453
08328;Nouzonville;2022;1255
08329;Novion-Porcien;2022;105
08330;Novy-Chevrières;2022;111
08331;Noyers-Pont-Maugis;2022;149
08332;Oches;2022;14
08333;Olizy-Primat;2022;63
08334;Omicourt;2022;3
08335;Omont;2022;24
08336;Osnes;2022;53
08338;Pauvres;2022;40
08339;Perthes;2022;62
08340;Poilcourt-Sydney;2022;27
08341;Poix-Terron;2022;124
08342;Pouru-aux-Bois;2022;55
08343;Pouru-Saint-Remy;2022;219
08344;Prez;2022;23
08346;Prix-lès-Mézières;2022;412
08347;Puilly-et-Charbeaux;2022;51
08348;Puiseux;2022;26
08349;Pure;2022;144
08350;Quatre-Champs;2022;47
08351;Quilly;2022;15
08352;Raillicourt;2022;51
08353;Rancennes;2022;148
08354;Raucourt-et-Flaba;2022;180
08355;Regniowez;2022;89
08356;Remaucourt;2022;22
08357;Remilly-Aillicourt;2022;174
08358;Remilly-les-Pothées;2022;40
08360;Renneville;2022;55
08361;Renwez;2022;260
08362;Rethel;2022;1946
08363;Revin;2022;1497
08364;Rilly-sur-Aisne;2022;22
08365;Rimogne;2022;234
08366;Rocquigny;2022;200
08367;Rocroi;2022;508
08368;Roizy;2022;36
08369;La Romagne;2022;35
08370;Rouvroy-sur-Audry;2022;107
08372;Rubigny;2022;22
08373;Rumigny;2022;80
08374;La Sabotterie;2022;27
08375;Sachy;2022;26
08376;Sailly;2022;55
08377;Saint-Aignan;2022;26
08378;Saint-Clément-à-Arnes;2022;24
08379;Saint-Étienne-à-Arnes;2022;54
08380;Saint-Fergeux;2022;37
08381;Saint-Germainmont;2022;223
08382;Saint-Jean-aux-Bois;2022;31
08383;Saint-Juvin;2022;32
08384;Saint-Lambert-et-Mont-de-Jeux;2022;40
08385;Saint-Laurent;2022;203
08386;Saint-Loup-en-Champagne;2022;37
08387;Saint-Loup-Terrier;2022;34
08388;Saint-Marceau;2022;104
08389;Saint-Marcel;2022;76
08390;Sainte-Marie;2022;22
08391;Saint-Menges;2022;186
08392;Saint-Morel;2022;47
08393;Saint-Pierre-à-Arnes;2022;21
08394;Saint-Pierremont;2022;16
08395;Saint-Pierre-sur-Vence;2022;33
08396;Saint-Quentin-le-Petit;2022;36
08397;Saint-Remy-le-Petit;2022;6
08398;Sainte-Vaubourg;2022;25
08399;Sapogne-sur-Marche;2022;26
08400;Sapogne-et-Feuchères;2022;96
08401;Saulces-Champenoises;2022;53
08402;Saulces-Monclin;2022;124
08403;Sault-lès-Rethel;2022;404
08404;Sault-Saint-Remy;2022;29
08405;Sauville;2022;54
08406;Savigny-sur-Aisne;2022;80
08407;Séchault;2022;7
08408;Sécheval;2022;105
08409;Sedan;2022;3951
08410;Semide;2022;55
08411;Semuy;2022;34
08412;Senuc;2022;47
08413;Seraincourt;2022;46
08415;Sery;2022;79
08416;Seuil;2022;45
08417;Sévigny-la-Forêt;2022;32
08418;Sévigny-Waleppe;2022;42
08419;Signy-l'Abbaye;2022;364
08420;Signy-le-Petit;2022;312
08421;Signy-Montlibert;2022;22
08422;Singly;2022;42
08424;Sommauthe;2022;38
08425;Sommerance;2022;18
08426;Son;2022;23
08427;Sorbon;2022;48
08428;Sorcy-Bauthémont;2022;31
08429;Sormonne;2022;123
08430;Stonne;2022;11
08431;Sugny;2022;21
08432;Sury;2022;27
08433;Suzanne;2022;14
08434;Sy;2022;5
08435;Tagnon;2022;189
08436;Taillette;2022;68
08437;Tailly;2022;52
08438;Taizy;2022;21
08439;Tannay-le-Mont-Dieu;2022;36
08440;Tarzy;2022;17
08444;Tétaigne;2022;16
08445;Thelonne;2022;62
08446;Thénorgues;2022;27
08448;Thilay;2022;301
08449;Thin-le-Moutier;2022;114
08450;This;2022;38
08451;Le Thour;2022;76
08452;Thugny-Trugny;2022;51
08453;Toges;2022;32
08454;Touligny;2022;20
08455;Tourcelles-Chaumont;2022;16
08456;Tournavaux;2022;28
08457;Tournes;2022;227
08458;Tourteron;2022;44
08459;Tremblois-lès-Carignan;2022;31
08460;Tremblois-lès-Rocroi;2022;27
08461;Vandy;2022;72
08462;Vaux-Champagne;2022;30
08463;Vaux-en-Dieulet;2022;13
08464;Vaux-lès-Mouron;2022;19
08465;Vaux-lès-Rubigny;2022;18
08466;Vaux-lès-Mouzon;2022;13
08467;Vaux-Montreuil;2022;18
08468;Vaux-Villaine;2022;56
08469;Vendresse;2022;101
08470;Verpel;2022;21
08471;Verrières;2022;4
08472;Viel-Saint-Remy;2022;51
08473;Vieux-lès-Asfeld;2022;69
08476;Villers-devant-le-Thour;2022;72
08477;Villers-devant-Mouzon;2022;23
08478;Villers-le-Tilleul;2022;53
08479;Villers-le-Tourneur;2022;33
08480;Villers-Semeuse;2022;983
08481;Villers-sur-Bar;2022;63
08482;Villers-sur-le-Mont;2022;24
08483;Ville-sur-Lumes;2022;98
08484;Ville-sur-Retourne;2022;26
08485;Villy;2022;29
08486;Vireux-Molhain;2022;274
08487;Vireux-Wallerand;2022;411
08488;Vivier-au-Court;2022;559
08489;Voncq;2022;58
08490;Vouziers;2022;1338
08491;Vrigne aux Bois;2022;786
08492;Vrigne-Meuse;2022;41
08494;Wadelincourt;2022;109
08496;Wagnon;2022;23
08497;Warcq;2022;356
08498;Warnécourt;2022;104
08499;Wasigny;2022;55
08500;Wignicourt;2022;13
08501;Williers;2022;9
08502;Yoncq;2022;15
08503;Yvernaumont;2022;23
09001;Aigues-Juntes;2022;19
09002;Aigues-Vives;2022;149
09003;L'Aiguillon;2022;153
09004;Albiès;2022;39
09005;Aleu;2022;51
09006;Alliat;2022;14
09007;Allières;2022;18
09008;Alos;2022;34
09009;Alzen;2022;38
09011;Antras;2022;21
09012;Appy;2022;6
09013;Arabaux;2022;18
09014;Argein;2022;73
09015;Arignac;2022;211
09016;Arnave;2022;39
09017;Arrien-en-Bethmale;2022;52
09018;Arrout;2022;24
09019;Artigat;2022;136
09020;Artigues;2022;20
09021;Artix;2022;25
09022;Arvigna;2022;48
09023;Ascou;2022;26
09024;Aston;2022;49
09025;Aucazein;2022;25
09026;Audressein;2022;53
09027;Augirein;2022;31
09029;Aulus-les-Bains;2022;52
09030;Auzat;2022;164
09031;Axiat;2022;15
09032;Ax-les-Thermes;2022;411
09033;Bagert;2022;15
09034;Balacet;2022;4
09035;Balaguères;2022;64
09037;Barjac;2022;9
09038;La Bastide-de-Besplas;2022;91
09039;La Bastide-de-Bousignac;2022;60
09040;La Bastide-de-Lordat;2022;40
09041;La Bastide-du-Salat;2022;56
09042;La Bastide-de-Sérou;2022;306
09043;La Bastide-sur-l'Hers;2022;259
09044;Baulou;2022;30
09045;Bédeilhac-et-Aynat;2022;63
09046;Bédeille;2022;28
09047;Bélesta;2022;408
09048;Belloc;2022;21
09049;Bénac;2022;51
09050;Benagues;2022;100
09051;Bénaix;2022;33
09052;Besset;2022;35
09053;Bestiac;2022;1
09054;Betchat;2022;102
09055;Bethmale;2022;34
09056;Bézac;2022;78
09057;Biert;2022;99
09058;Bompas;2022;78
09059;Bonac-Irazein;2022;34
09060;Bonnac;2022;191
09061;Les Bordes-sur-Arize;2022;134
09062;Bordes-Uchentein;2022;76
09063;Le Bosc;2022;39
09064;Bouan;2022;11
09065;Boussenac;2022;91
09066;Brassac;2022;155
09067;Brie;2022;46
09068;Burret;2022;7
09069;Buzan;2022;16
09070;Les Cabannes;2022;120
09071;Cadarcet;2022;66
09072;Calzan;2022;4
09073;Camarade;2022;43
09074;Camon;2022;30
09075;Campagne-sur-Arize;2022;79
09076;Canté;2022;39
09077;Capoulet-et-Junac;2022;44
09078;Carcanières;2022;33
09079;Carla-Bayle;2022;170
09080;Carla-de-Roquefort;2022;35
09081;Le Carlaret;2022;47
09082;Castelnau-Durban;2022;124
09083;Castéras;2022;7
09084;Castex;2022;30
09085;Castillon-en-Couserans;2022;175
09086;Caumont;2022;96
09087;Caussou;2022;14
09088;Caychax-et-Senconac;2022;6
09089;Cazals-des-Baylès;2022;17
09090;Cazaux;2022;12
09091;Cazavet;2022;52
09092;Cazenave-Serres-et-Allens;2022;22
09093;Celles;2022;40
09094;Cérizols;2022;50
09095;Cescau;2022;35
09096;Château-Verdun;2022;25
09097;Clermont;2022;27
09098;Contrazy;2022;26
09099;Cos;2022;109
09100;Couflens;2022;41
09101;Coussa;2022;56
09102;Coutens;2022;48
09103;Crampagna;2022;172
09104;Dalou;2022;205
09105;Daumazan-sur-Arize;2022;285
09106;Dreuilhe;2022;98
09107;Dun;2022;160
09108;Durban-sur-Arize;2022;45
09109;Durfort;2022;35
09110;Encourtiech;2022;31
09111;Engomer;2022;77
09113;Ercé;2022;208
09114;Erp;2022;31
09115;Esclagne;2022;43
09116;Escosse;2022;91
09117;Esplas;2022;24
09118;Esplas-de-Sérou;2022;31
09119;Eycheil;2022;190
09120;Fabas;2022;146
09121;Ferrières-sur-Ariège;2022;213
09122;Foix;2022;2594
09123;Fornex;2022;40
09124;Le Fossat;2022;288
09125;Fougax-et-Barrineuf;2022;163
09126;Freychenet;2022;19
09127;Gabre;2022;39
09128;Gajan;2022;81
09129;Galey;2022;33
09130;Ganac;2022;206
09131;Garanou;2022;57
09132;Gaudiès;2022;59
09133;Génat;2022;9
09134;Gestiès;2022;18
09136;Gourbit;2022;34
09137;Gudas;2022;26
09138;L'Herm;2022;35
09139;L'Hospitalet-près-l'Andorre;2022;11
09140;Ignaux;2022;22
09141;Illartein;2022;20
09142;Ilhat;2022;36
09143;Illier-et-Laramade;2022;26
09145;Les Issards;2022;56
09146;Justiniac;2022;7
09147;Labatut;2022;22
09148;Lacave;2022;34
09149;Lacourt;2022;67
09150;Lagarde;2022;71
09151;Lanoux;2022;6
09152;Lapège;2022;12
09153;Lapenne;2022;35
09154;Larbont;2022;18
09155;Larcat;2022;19
09156;Larnat;2022;4
09157;Laroque-d'Olmes;2022;872
09158;Lasserre;2022;52
09159;Lassur;2022;26
09160;Lavelanet;2022;1987
09161;Léran;2022;176
09162;Lercoul;2022;8
09163;Lescousse;2022;28
09164;Lescure;2022;108
09165;Lesparrou;2022;78
09166;Leychert;2022;27
09167;Lézat-sur-Lèze;2022;666
09168;Lieurac;2022;32
09169;Limbrassac;2022;28
09170;Lissac;2022;54
09171;Lordat;2022;16
09172;Loubaut;2022;7
09173;Loubens;2022;59
09174;Loubières;2022;68
09175;Ludiès;2022;21
09176;Luzenac;2022;180
09177;Madière;2022;42
09178;Malegoude;2022;15
09179;Malléon;2022;13
09180;Manses;2022;40
09181;Le Mas-d'Azil;2022;368
09182;Massat;2022;229
09183;Mauvezin-de-Prat;2022;18
09184;Mauvezin-de-Sainte-Croix;2022;15
09185;Mazères;2022;902
09186;Méras;2022;20
09187;Mercenac;2022;85
09188;Mercus-Garrabet;2022;276
09189;Mérens-les-Vals;2022;39
09190;Mérigon;2022;31
09192;Miglos;2022;47
09193;Mijanès;2022;35
09194;Mirepoix;2022;1002
09195;Monesple;2022;9
09196;Montagagne;2022;0
09197;Montaillou;2022;10
09198;Montardit;2022;53
09199;Montaut;2022;143
09200;Montbel;2022;28
09201;Montégut-en-Couserans;2022;23
09202;Montégut-Plantaurel;2022;49
09203;Montels;2022;36
09204;Montesquieu-Avantès;2022;63
09205;Montfa;2022;23
09206;Montferrier;2022;202
09207;Montgailhard;2022;462
09208;Montgauch;2022;43
09209;Montjoie-en-Couserans;2022;316
09210;Montoulieu;2022;90
09211;Montségur;2022;40
09212;Montseron;2022;29
09213;Moulin-Neuf;2022;61
09214;Moulis;2022;255
09215;Nalzen;2022;32
09216;Nescus;2022;16
09217;Niaux;2022;53
09218;Orgeix;2022;33
09219;Orgibet;2022;57
09220;Orlu;2022;52
09221;Ornolac-Ussat-les-Bains;2022;88
09222;Orus;2022;4
09223;Oust;2022;171
09224;Pailhès;2022;110
09225;Pamiers;2022;3466
09226;Pech;2022;17
09227;Péreille;2022;72
09228;Perles-et-Castelet;2022;51
09229;Le Peyrat;2022;180
09230;Le Pla;2022;39
09231;Le Port;2022;44
09232;Prades;2022;12
09233;Pradettes;2022;15
09234;Pradières;2022;31
09235;Prat-Bonrepaux;2022;257
09236;Prayols;2022;85
09237;Le Puch;2022;20
09238;Les Pujols;2022;155
09239;Quérigut;2022;66
09240;Quié;2022;108
09241;Rabat-les-Trois-Seigneurs;2022;109
09242;Raissac;2022;13
09243;Régat;2022;22
09244;Rieucros;2022;139
09245;Rieux-de-Pelleport;2022;238
09246;Rimont;2022;145
09247;Rivèrenert;2022;62
09249;Roquefixade;2022;52
09250;Roquefort-les-Cascades;2022;24
09251;Roumengoux;2022;56
09252;Rouze;2022;38
09253;Sabarat;2022;96
09254;Saint-Amadou;2022;48
09256;Saint-Bauzeil;2022;8
09257;Sainte-Croix-Volvestre;2022;212
09258;Saint-Félix-de-Rieutord;2022;79
09259;Saint-Félix-de-Tournegat;2022;40
09260;Sainte-Foi;2022;15
09261;Saint-Girons;2022;1959
09262;Saint-Jean-d'Aigues-Vives;2022;171
09263;Saint-Jean-du-Castillonnais;2022;10
09264;Saint-Jean-de-Verges;2022;282
09265;Saint-Jean-du-Falga;2022;854
09266;Saint-Julien-de-Gras-Capou;2022;23
09267;Saint-Lary;2022;57
09268;Saint-Lizier;2022;654
09269;Saint-Martin-de-Caralp;2022;93
09270;Saint-Martin-d'Oydes;2022;67
09271;Saint-Michel;2022;30
09272;Saint-Paul-de-Jarrat;2022;337
09273;Saint-Pierre-de-Rivière;2022;208
09274;Saint-Quentin-la-Tour;2022;86
09275;Saint-Quirc;2022;69
09276;Saint-Victor-Rouzaud;2022;53
09277;Saint-Ybars;2022;143
09279;Salsein;2022;13
09280;Saurat;2022;199
09281;Sautel;2022;43
09282;Saverdun;2022;1021
09283;Savignac-les-Ormeaux;2022;88
09284;Ségura;2022;38
09285;Seix;2022;263
09289;Lorp-Sentaraille;2022;373
09290;Sentein;2022;54
09291;Sentenac-d'Oust;2022;23
09292;Sentenac-de-Sérou;2022;11
09293;Serres-sur-Arget;2022;204
09294;Sieuras;2022;24
09295;Siguer;2022;41
09296;Aulos-Sinsat;2022;48
09297;Sor;2022;8
09298;Sorgeat;2022;23
09299;Soueix-Rogalle;2022;120
09300;Soula;2022;67
09301;Soulan;2022;99
09303;Surba;2022;117
09304;Suzan;2022;3
09305;Tabre;2022;126
09306;Tarascon-sur-Ariège;2022;983
09307;Taurignan-Castet;2022;45
09308;Taurignan-Vieux;2022;65
09309;Teilhet;2022;43
09310;Thouars-sur-Arize;2022;9
09311;Tignac;2022;6
09312;La Tour-du-Crieu;2022;709
09313;Tourtouse;2022;33
09314;Tourtrol;2022;55
09315;Trémoulet;2022;24
09316;Troye-d'Ariège;2022;24
09318;Unac;2022;34
09319;Unzent;2022;23
09320;Urs;2022;8
09321;Ussat;2022;104
09322;Ustou;2022;100
09323;Vals;2022;23
09324;Varilhes;2022;881
09325;Vaychis;2022;13
09326;Vèbre;2022;40
09327;Ventenac;2022;55
09328;Verdun;2022;87
09329;Vernajoul;2022;167
09330;Vernaux;2022;10
09331;Le Vernet;2022;147
09332;Verniolle;2022;674
09334;Val-de-Sos;2022;229
09335;Villeneuve;2022;12
09336;Villeneuve-d'Olmes;2022;390
09338;Villeneuve-du-Latou;2022;36
09339;Villeneuve-du-Paréage;2022;143
09340;Vira;2022;40
09341;Viviès;2022;27
09342;Sainte-Suzanne;2022;64
10002;Ailleville;2022;62
10003;Aix-Villemaur-Pâlis;2022;1016
10004;Allibaudières;2022;47
10005;Amance;2022;62
10006;Arcis-sur-Aube;2022;789
10007;Arconville;2022;29
10008;Argançon;2022;22
10009;Arrelles;2022;24
10010;Arrembécourt;2022;14
10011;Arrentières;2022;60
10012;Arsonval;2022;86
10013;Assenay;2022;23
10014;Assencières;2022;26
10015;Aubeterre;2022;41
10017;Aulnay;2022;33
10018;Auxon;2022;244
10019;Val-d'Auzon;2022;81
10020;Avant-lès-Marcilly;2022;106
10021;Avant-lès-Ramerupt;2022;29
10022;Avirey-Lingey;2022;44
10023;Avon-la-Pèze;2022;45
10024;Avreuil;2022;40
10025;Bagneux-la-Fosse;2022;58
10026;Bailly-le-Franc;2022;12
10027;Balignicourt;2022;12
10028;Balnot-la-Grange;2022;36
10029;Balnot-sur-Laignes;2022;28
10030;Barberey-Saint-Sulpice;2022;223
10031;Barbuise;2022;82
10032;Baroville;2022;74
10033;Bar-sur-Aube;2022;1373
10034;Bar-sur-Seine;2022;798
10035;Bayel;2022;264
10037;Bercenay-en-Othe;2022;94
10038;Bercenay-le-Hayer;2022;33
10039;Bergères;2022;22
10040;Bernon;2022;44
10041;Bertignolles;2022;13
10042;Bérulle;2022;66
10043;Bessy;2022;17
10044;Bétignicourt;2022;7
10045;Beurey;2022;38
10046;Blaincourt-sur-Aube;2022;28
10047;Blignicourt;2022;5
10048;Bligny;2022;35
10049;Les Bordes-Aumont;2022;70
10050;Bossancourt;2022;49
10051;Bouilly;2022;327
10052;Boulages;2022;63
10053;Bouranton;2022;156
10054;Bourdenay;2022;49
10055;Bourguignons;2022;61
10056;Bouy-Luxembourg;2022;50
10057;Bouy-sur-Orvin;2022;7
10058;Bragelogne-Beauvoir;2022;52
10059;Braux;2022;30
10060;Bréviandes;2022;644
10061;Brévonnes;2022;137
10062;Briel-sur-Barse;2022;37
10063;Brienne-la-Vieille;2022;142
10064;Brienne-le-Château;2022;834
10065;Brillecourt;2022;24
10066;Bucey-en-Othe;2022;110
10067;Buchères;2022;434
10068;Buxeuil;2022;28
10069;Buxières-sur-Arce;2022;20
10070;Celles-sur-Ource;2022;112
10071;Chacenay;2022;16
10072;La Chaise;2022;3
10073;Chalette-sur-Voire;2022;26
10074;Chamoy;2022;128
10075;Champfleury;2022;19
10076;Champignol-lez-Mondeville;2022;63
10077;Champigny-sur-Aube;2022;15
10078;Champ-sur-Barse;2022;6
10079;Channes;2022;42
10080;Chaource;2022;287
10081;La Chapelle-Saint-Luc;2022;2372
10082;Chapelle-Vallon;2022;30
10083;Chappes;2022;77
10084;Charmont-sous-Barbuise;2022;183
10085;Charmoy;2022;20
10086;Charny-le-Bachot;2022;50
10087;Chaserey;2022;7
10089;Châtres;2022;144
10090;Chauchigny;2022;56
10091;Chaudrey;2022;27
10092;Chauffour-lès-Bailly;2022;25
10093;Chaumesnil;2022;24
10094;Chavanges;2022;161
10095;Le Chêne;2022;55
10096;Chennegy;2022;112
10097;Chervey;2022;36
10098;Chesley;2022;90
10099;Chessy-les-Prés;2022;147
10100;Clérey;2022;242
10101;Coclois;2022;31
10102;Colombé-la-Fosse;2022;37
10103;Colombé-le-Sec;2022;46
10104;Cormost;2022;76
10105;Courcelles-sur-Voire;2022;6
10106;Courceroy;2022;32
10107;Coursan-en-Othe;2022;27
10108;Courtaoult;2022;23
10109;Courtenot;2022;56
10110;Courteranges;2022;82
10111;Courteron;2022;29
10112;Coussegrey;2022;50
10113;Couvignon;2022;46
10114;Crancey;2022;186
10115;Creney-près-Troyes;2022;591
10116;Crésantignes;2022;76
10117;Crespy-le-Neuf;2022;26
10118;Les Croûtes;2022;38
10119;Cunfin;2022;66
10120;Cussangy;2022;42
10121;Dampierre;2022;85
10122;Davrey;2022;52
10123;Dienville;2022;209
10124;Dierrey-Saint-Julien;2022;58
10125;Dierrey-Saint-Pierre;2022;53
10126;Dolancourt;2022;24
10127;Dommartin-le-Coq;2022;24
10128;Donnement;2022;19
10129;Dosches;2022;55
10130;Dosnon;2022;19
10131;Droupt-Saint-Basle;2022;69
10132;Droupt-Sainte-Marie;2022;33
10133;Eaux-Puiseaux;2022;59
10134;Échemines;2022;21
10135;Éclance;2022;38
10136;Éguilly-sous-Bois;2022;36
10137;Engente;2022;16
10138;Épagne;2022;37
10139;Épothémont;2022;35
10140;Ervy-le-Châtel;2022;392
10141;Essoyes;2022;216
10142;Estissac;2022;412
10143;Étourvy;2022;57
10144;Étrelles-sur-Aube;2022;36
10145;Faux-Villecerf;2022;61
10146;Fay-lès-Marcilly;2022;16
10147;Fays-la-Chapelle;2022;28
10148;Ferreux-Quincey;2022;109
10149;Feuges;2022;67
10150;Fontaine;2022;85
10151;Fontaine-les-Grès;2022;246
10153;Fontaine-Mâcon;2022;100
10154;Fontenay-de-Bossery;2022;26
10155;Fontette;2022;56
10156;Fontvannes;2022;104
10157;La Fosse-Corduan;2022;71
10158;Fouchères;2022;94
10159;Fralignes;2022;12
10160;Fravaux;2022;15
10161;Fresnay;2022;14
10162;Fresnoy-le-Château;2022;55
10163;Fuligny;2022;21
10164;Gélannes;2022;180
10165;Géraudot;2022;92
10166;Les Grandes-Chapelles;2022;80
10167;Grandville;2022;16
10168;Les Granges;2022;16
10169;Gumery;2022;56
10170;Gyé-sur-Seine;2022;113
10171;Hampigny;2022;60
10172;Herbisse;2022;44
10173;Isle-Aumont;2022;142
10174;Isle-Aubigny;2022;48
10175;Jasseines;2022;44
10176;Jaucourt;2022;28
10177;Javernant;2022;50
10178;Jessains;2022;71
10179;Jeugny;2022;90
10180;Joncreuil;2022;27
10181;Jully-sur-Sarce;2022;67
10182;Juvancourt;2022;48
10183;Juvanzé;2022;14
10184;Juzanvigny;2022;32
10185;Lagesse;2022;59
10186;Laines-aux-Bois;2022;130
10187;Landreville;2022;93
10188;Lantages;2022;52
10189;Lassicourt;2022;12
10190;Laubressel;2022;100
10191;Lavau;2022;182
10192;Lentilles;2022;30
10193;Lesmont;2022;86
10194;Lévigny;2022;23
10195;Lhuître;2022;72
10196;Lignières;2022;75
10197;Lignol-le-Château;2022;34
10198;Lirey;2022;15
10199;Loches-sur-Ource;2022;66
10200;La Loge-aux-Chèvres;2022;13
10201;La Loge-Pomblin;2022;20
10202;Les Loges-Margueron;2022;47
10203;Longchamp-sur-Aujon;2022;100
10204;Longeville-sur-Mogne;2022;26
10205;Longpré-le-Sec;2022;21
10206;Longsols;2022;43
10207;Longueville-sur-Aube;2022;39
10208;La Louptière-Thénard;2022;53
10209;Lusigny-sur-Barse;2022;484
10210;Luyères;2022;109
10211;Macey;2022;186
10212;Machy;2022;26
10213;Magnant;2022;41
10214;Magnicourt;2022;31
10215;Magny-Fouchard;2022;47
10216;Mailly-le-Camp;2022;212
10217;Maison-des-Champs;2022;2
10218;Maisons-lès-Chaource;2022;43
10219;Maisons-lès-Soulaines;2022;14
10220;Maizières-la-Grande-Paroisse;2022;411
10221;Maizières-lès-Brienne;2022;49
10222;Maraye-en-Othe;2022;103
10223;Marcilly-le-Hayer;2022;190
10224;Marigny-le-Châtel;2022;377
10225;Marnay-sur-Seine;2022;64
10226;Marolles-lès-Bailly;2022;27
10227;Marolles-sous-Lignières;2022;94
10228;Mathaux;2022;47
10229;Maupas;2022;20
10230;Mergey;2022;149
10231;Le Mériot;2022;96
10232;Merrey-sur-Arce;2022;70
10233;Méry-sur-Seine;2022;355
10234;Mesgrigny;2022;47
10235;Mesnil-la-Comtesse;2022;9
10236;Mesnil-Lettre;2022;12
10237;Mesnil-Saint-Loup;2022;133
10238;Mesnil-Saint-Père;2022;71
10239;Mesnil-Sellières;2022;80
10240;Messon;2022;87
10241;Metz-Robert;2022;12
10242;Meurville;2022;43
10243;Molins-sur-Aube;2022;17
10245;Montaulin;2022;157
10246;Montceaux-lès-Vaudes;2022;52
10247;Montfey;2022;38
10248;Montgueux;2022;110
10249;Montiéramey;2022;91
10250;Montier-en-l'Isle;2022;43
10251;Montigny-les-Monts;2022;56
10252;Montmartin-le-Haut;2022;16
10253;Montmorency-Beaufort;2022;36
10254;Montpothier;2022;70
10255;Montreuil-sur-Barse;2022;49
10256;Montsuzain;2022;75
10257;Morembert;2022;9
10258;Morvilliers;2022;82
10259;La Motte-Tilly;2022;85
10260;Moussey;2022;115
10261;Mussy-sur-Seine;2022;332
10262;Neuville-sur-Seine;2022;98
10263;Neuville-sur-Vanne;2022;94
10264;Noé-les-Mallets;2022;30
10265;Les Noës-près-Troyes;2022;800
10266;Nogent-en-Othe;2022;9
10267;Nogent-sur-Aube;2022;74
10268;Nogent-sur-Seine;2022;1247
10269;Nozay;2022;27
10270;Onjon;2022;60
10271;Origny-le-Sec;2022;161
10272;Ormes;2022;57
10273;Ortillon;2022;14
10274;Orvilliers-Saint-Julien;2022;59
10275;Ossey-les-Trois-Maisons;2022;134
10276;Paisy-Cosdon;2022;72
10278;Pargues;2022;28
10279;Pars-lès-Chavanges;2022;20
10280;Pars-lès-Romilly;2022;208
10281;Le Pavillon-Sainte-Julie;2022;56
10282;Payns;2022;229
10283;Pel-et-Der;2022;30
10284;Périgny-la-Rose;2022;43
10285;Perthes-lès-Brienne;2022;17
10286;Petit-Mesnil;2022;68
10287;Piney;2022;330
10288;Plaines-Saint-Lange;2022;83
10289;Plancy-l'Abbaye;2022;254
10290;Planty;2022;50
10291;Plessis-Barbuise;2022;33
10293;Poivres;2022;38
10294;Poligny;2022;12
10295;Polisot;2022;70
10296;Polisy;2022;44
10297;Pont-Sainte-Marie;2022;1331
10298;Pont-sur-Seine;2022;285
10299;Pouan-les-Vallées;2022;109
10300;Pougy;2022;53
10301;Pouy-sur-Vannes;2022;45
10302;Praslin;2022;13
10303;Précy-Notre-Dame;2022;14
10304;Précy-Saint-Martin;2022;63
10305;Prémierfait;2022;16
10306;Proverville;2022;93
10307;Prugny;2022;95
10308;Prunay-Belleville;2022;40
10309;Prusy;2022;31
10310;Puits-et-Nuisement;2022;49
10312;Racines;2022;44
10313;Radonvilliers;2022;86
10314;Ramerupt;2022;130
10315;Rances;2022;13
10316;Rhèges;2022;47
10317;Les Riceys;2022;332
10318;Rigny-la-Nonneuse;2022;27
10319;Rigny-le-Ferron;2022;83
10320;Rilly-Sainte-Syre;2022;65
10321;La Rivière-de-Corps;2022;909
10323;Romilly-sur-Seine;2022;3412
10324;Roncenay;2022;35
10325;Rosières-près-Troyes;2022;721
10326;Rosnay-l'Hôpital;2022;51
10327;La Rothière;2022;29
10328;Rouilly-Sacey;2022;88
10329;Rouilly-Saint-Loup;2022;128
10330;Rouvres-les-Vignes;2022;23
10331;Rumilly-lès-Vaudes;2022;118
10332;Ruvigny;2022;94
10333;Saint-André-les-Vergers;2022;2932
10334;Saint-Aubin;2022;97
10335;Saint-Benoist-sur-Vanne;2022;48
10336;Saint-Benoît-sur-Seine;2022;106
10337;Saint-Christophe-Dodinicourt;2022;10
10338;Saint-Étienne-sous-Barbuise;2022;44
10339;Saint-Flavy;2022;56
10340;Saint-Germain;2022;513
10341;Saint-Hilaire-sous-Romilly;2022;74
10342;Saint-Jean-de-Bonneval;2022;92
10343;Saint-Julien-les-Villas;2022;1696
10344;Saint-Léger-près-Troyes;2022;187
10345;Saint-Léger-sous-Brienne;2022;107
10346;Saint-Léger-sous-Margerie;2022;8
10347;Saint-Loup-de-Buffigny;2022;53
10348;Saint-Lupien;2022;44
10349;Saint-Lyé;2022;704
10350;Saint-Mards-en-Othe;2022;142
10351;Saint-Martin-de-Bossenay;2022;84
10352;Sainte-Maure;2022;397
10353;Saint-Mesmin;2022;178
10354;Saint-Nabord-sur-Aube;2022;32
10355;Saint-Nicolas-la-Chapelle;2022;13
10356;Saint-Oulph;2022;41
10357;Saint-Parres-aux-Tertres;2022;898
10358;Saint-Parres-lès-Vaudes;2022;296
10359;Saint-Phal;2022;112
10360;Saint-Pouange;2022;193
10361;Saint-Remy-sous-Barbuise;2022;41
10362;Sainte-Savine;2022;2478
10363;Saint-Thibault;2022;147
10364;Saint-Usage;2022;21
10365;Salon;2022;36
10366;Saulcy;2022;17
10367;La Saulsotte;2022;96
10368;Savières;2022;215
10369;Semoine;2022;50
10370;Soligny-les-Étangs;2022;47
10371;Sommeval;2022;75
10372;Soulaines-Dhuys;2022;138
10373;Souligny;2022;103
10374;Spoy;2022;38
10375;Thennelières;2022;73
10376;Thieffrain;2022;29
10377;Thil;2022;29
10378;Thors;2022;18
10379;Torcy-le-Grand;2022;117
10380;Torcy-le-Petit;2022;16
10381;Torvilliers;2022;244
10382;Traînel;2022;297
10383;Trancault;2022;35
10384;Trannes;2022;35
10386;Trouans;2022;45
10387;Troyes;2022;11700
10388;Turgy;2022;14
10389;Unienville;2022;34
10390;Urville;2022;30
10391;Vailly;2022;84
10392;Vallant-Saint-Georges;2022;116
10393;Vallentigny;2022;38
10394;Vallières;2022;44
10395;Vanlay;2022;83
10396;Vauchassis;2022;120
10397;Vauchonvilliers;2022;34
10398;Vaucogne;2022;19
10399;Vaudes;2022;151
10400;Vaupoisson;2022;39
10401;Vendeuvre-sur-Barse;2022;573
10402;La Vendue-Mignot;2022;58
10403;Vernonvilliers;2022;18
10404;Verpillières-sur-Ource;2022;24
10405;Verricourt;2022;12
10406;Verrières;2022;482
10408;Viâpres-le-Petit;2022;32
10409;Villacerf;2022;126
10410;Villadin;2022;41
10411;La Ville-aux-Bois;2022;4
10412;Villechétif;2022;257
10414;Villeloup;2022;28
10416;Villemereuil;2022;51
10417;Villemoiron-en-Othe;2022;45
10418;Villemorien;2022;37
10419;Villemoyenne;2022;134
10420;Villenauxe-la-Grande;2022;563
10421;La Villeneuve-au-Châtelot;2022;17
10422;Villeneuve-au-Chemin;2022;41
10423;La Villeneuve-au-Chêne;2022;91
10424;Villeret;2022;18
10425;Villery;2022;87
10426;Ville-sous-la-Ferté;2022;193
10427;Ville-sur-Arce;2022;61
10428;Ville-sur-Terre;2022;35
10429;Villette-sur-Aube;2022;46
10430;Villiers-Herbisse;2022;16
10431;Villiers-le-Bois;2022;31
10432;Villiers-sous-Praslin;2022;18
10433;Villy-en-Trodes;2022;67
10434;Villy-le-Bois;2022;10
10435;Villy-le-Maréchal;2022;35
10436;Vinets;2022;38
10437;Virey-sous-Bar;2022;134
10438;Vitry-le-Croisé;2022;75
10439;Viviers-sur-Artaut;2022;26
10440;Voigny;2022;43
10441;Vosnon;2022;62
10442;Voué;2022;109
10443;Vougrey;2022;10
10444;Vulaines;2022;48
10445;Yèvres-le-Petit;2022;18
11001;Aigues-Vives;2022;124
11002;Airoux;2022;34
11003;Ajac;2022;70
11004;Alaigne;2022;105
11005;Alairac;2022;266
11006;Albas;2022;31
11007;Albières;2022;29
11008;Alet-les-Bains;2022;142
11009;Alzonne;2022;374
11010;Antugnac;2022;98
11011;Aragon;2022;108
11012;Argeliers;2022;583
11013;Argens-Minervois;2022;122
11014;Armissan;2022;456
11015;Arques;2022;70
11016;Arquettes-en-Val;2022;29
11017;Artigues;2022;33
11018;Arzens;2022;288
11019;Aunat;2022;25
11020;Auriac;2022;14
11021;Axat;2022;183
11022;Azille;2022;357
11023;Badens;2022;171
11024;Bages;2022;229
11025;Bagnoles;2022;68
11026;Baraigne;2022;28
11027;Barbaira;2022;173
11028;Belcaire;2022;157
11029;Belcastel-et-Buc;2022;24
11030;Belflou;2022;25
11031;Belfort-sur-Rebenty;2022;17
11032;Bellegarde-du-Razès;2022;64
11033;Belpech;2022;412
11034;Belvèze-du-Razès;2022;311
11035;Belvianes-et-Cavirac;2022;109
11036;Belvis;2022;61
11037;Berriac;2022;187
11038;Bessède-de-Sault;2022;22
11039;La Bezole;2022;18
11040;Bizanet;2022;411
11041;Bize-Minervois;2022;398
11042;Blomac;2022;51
11043;Bouilhonnac;2022;77
11044;Bouisse;2022;40
11045;Bouriège;2022;28
11046;Bourigeole;2022;13
11047;Le Bousquet;2022;22
11048;Boutenac;2022;170
11049;Bram;2022;953
11051;Brézilhac;2022;26
11052;Brousses-et-Villaret;2022;111
11053;Brugairolles;2022;85
11054;Les Brunels;2022;89
11055;Bugarach;2022;61
11056;Cabrespine;2022;54
11057;Cahuzac;2022;11
11058;Cailhau;2022;103
11059;Cailhavel;2022;34
11060;Cailla;2022;22
11061;Cambieure;2022;78
11062;Campagna-de-Sault;2022;5
11063;Campagne-sur-Aude;2022;194
11064;Camplong-d'Aude;2022;99
11065;Camps-sur-l'Agly;2022;26
11066;Camurac;2022;46
11067;Canet;2022;396
11068;Capendu;2022;448
11069;Carcassonne;2022;11975
11070;Carlipa;2022;61
11071;Cascastel-des-Corbières;2022;55
11072;La Cassaigne;2022;51
11073;Cassaignes;2022;17
11074;Les Cassés;2022;59
11075;Castans;2022;55
11076;Castelnaudary;2022;2927
11077;Castelnau-d'Aude;2022;108
11078;Castelreng;2022;54
11079;Caudebronde;2022;54
11080;Val de Lambronne;2022;45
11081;Caunes-Minervois;2022;535
11082;Caunette-sur-Lauquet;2022;1
11083;Caunettes-en-Val;2022;15
11084;Caux-et-Sauzens;2022;243
11085;Cavanac;2022;188
11086;Caves;2022;207
11087;Cazalrenoux;2022;21
11088;Cazilhac;2022;507
11089;Cenne-Monestiés;2022;106
11090;Cépie;2022;168
11091;Chalabre;2022;434
11092;Citou;2022;36
11093;Le Clat;2022;16
11094;Clermont-sur-Lauquet;2022;12
11095;Comigne;2022;74
11096;Comus;2022;18
11098;Conilhac-Corbières;2022;226
11099;Conques-sur-Orbiel;2022;674
11100;Corbières;2022;10
11101;Coudons;2022;24
11102;Couffoulens;2022;141
11103;Couiza;2022;437
11104;Counozouls;2022;30
11105;Cournanel;2022;182
11106;Coursan;2022;1524
11107;Courtauly;2022;23
11108;La Courtète;2022;20
11109;Coustaussa;2022;13
11110;Coustouge;2022;42
11111;Cruscades;2022;168
11112;Cubières-sur-Cinoble;2022;23
11113;Cucugnan;2022;29
11114;Cumiès;2022;12
11115;Cuxac-Cabardès;2022;286
11116;Cuxac-d'Aude;2022;1127
11117;Davejean;2022;41
11118;Dernacueillette;2022;13
11119;La Digne-d'Amont;2022;104
11120;La Digne-d'Aval;2022;156
11121;Donazac;2022;33
11122;Douzens;2022;192
11123;Duilhac-sous-Peyrepertuse;2022;49
11124;Durban-Corbières;2022;242
11125;Embres-et-Castelmaure;2022;61
11126;Escales;2022;118
11127;Escouloubre;2022;37
11128;Escueillens-et-Saint-Just-de-Bélengard;2022;47
11129;Espéraza;2022;668
11130;Espezel;2022;79
11131;Val-du-Faby;2022;193
11132;Fabrezan;2022;381
11133;Fajac-en-Val;2022;13
11134;Fajac-la-Relenque;2022;11
11135;La Fajolle;2022;5
11136;Fanjeaux;2022;269
11137;Félines-Termenès;2022;41
11138;Fendeille;2022;104
11139;Fenouillet-du-Razès;2022;38
11140;Ferrals-les-Corbières;2022;373
11141;Ferran;2022;37
11142;Festes-et-Saint-André;2022;54
11143;Feuilla;2022;24
11144;Fitou;2022;353
11145;Fleury;2022;1550
11146;Floure;2022;53
11147;Fontanès-de-Sault;2022;3
11148;Fontcouverte;2022;143
11149;Fonters-du-Razès;2022;26
11150;Fontiers-Cabardès;2022;114
11151;Fontiès-d'Aude;2022;100
11152;Fontjoncouse;2022;40
11153;La Force;2022;47
11154;Fournes-Cabardès;2022;20
11155;Fourtou;2022;24
11156;Fraisse-Cabardès;2022;29
11157;Fraissé-des-Corbières;2022;79
11158;Gaja-et-Villedieu;2022;68
11159;Gaja-la-Selve;2022;38
11160;Galinagues;2022;11
11161;Gardie;2022;34
11162;Generville;2022;13
11163;Gincla;2022;18
11164;Ginestas;2022;398
11165;Ginoles;2022;130
11166;Gourvieille;2022;17
11167;Gramazie;2022;30
11168;Granès;2022;38
11169;Greffeil;2022;28
11170;Gruissan;2022;1911
11172;Homps;2022;188
11173;Hounoux;2022;40
11174;Les Ilhes;2022;25
11175;Issel;2022;140
11176;Jonquières;2022;17
11177;Joucou;2022;15
11178;Labastide-d'Anjou;2022;245
11179;Labastide-en-Val;2022;34
11180;Labastide-Esparbairenque;2022;28
11181;Labécède-Lauragais;2022;108
11182;Lacombe;2022;46
11183;Ladern-sur-Lauquet;2022;62
11184;Lafage;2022;22
11185;Lagrasse;2022;162
11186;Lairière;2022;18
11187;Lanet;2022;24
11188;La Palme;2022;546
11189;Laprade;2022;36
11190;La Redorte;2022;422
11191;Laroque-de-Fa;2022;35
11192;Lasbordes;2022;141
11193;Lasserre-de-Prouille;2022;68
11194;Lastours;2022;45
11195;Laurabuc;2022;82
11196;Laurac;2022;41
11197;Lauraguel;2022;160
11198;Laure-Minervois;2022;320
11199;Lavalette;2022;328
11200;Lespinassière;2022;54
11201;Leuc;2022;185
11202;Leucate;2022;1938
11203;Lézignan-Corbières;2022;3064
11204;Lignairolles;2022;17
11205;Limousis;2022;31
11206;Limoux;2022;3129
11207;Loupia;2022;68
11208;La Louvière-Lauragais;2022;18
11209;Luc-sur-Aude;2022;70
11210;Luc-sur-Orbieu;2022;326
11211;Magrie;2022;162
11212;Mailhac;2022;112
11213;Maisons;2022;17
11214;Malras;2022;110
11215;Malves-en-Minervois;2022;244
11216;Malviès;2022;92
11217;Marcorignan;2022;352
11218;Marquein;2022;25
11219;Marsa;2022;4
11220;Marseillette;2022;181
11221;Les Martys;2022;102
11222;Mas-Cabardès;2022;58
11223;Mas-des-Cours;2022;3
11224;Massac;2022;12
11225;Mas-Saintes-Puelles;2022;189
11226;Mayreville;2022;20
11227;Mayronnes;2022;13
11228;Mazerolles-du-Razès;2022;58
11229;Mazuby;2022;9
11230;Mérial;2022;11
11231;Mézerville;2022;28
11232;Miraval-Cabardès;2022;17
11233;Mirepeisset;2022;181
11234;Mireval-Lauragais;2022;46
11235;Missègre;2022;29
11236;Molandier;2022;59
11238;Molleville;2022;30
11239;Montauriol;2022;20
11240;Montazels;2022;191
11241;Montbrun-des-Corbières;2022;84
11242;Montclar;2022;52
11243;Montferrand;2022;127
11244;Montfort-sur-Boulzane;2022;44
11245;Montgaillard;2022;15
11246;Montgradail;2022;17
11247;Monthaut;2022;18
11248;Montirat;2022;11
11249;Montjardin;2022;14
11250;Montjoi;2022;10
11251;Val-de-Dagne;2022;226
11252;Montmaur;2022;65
11253;Montolieu;2022;316
11254;Montréal;2022;510
11255;Montredon-des-Corbières;2022;372
11256;Montséret;2022;134
11257;Monze;2022;60
11258;Moussan;2022;397
11259;Moussoulens;2022;204
11260;Mouthoumet;2022;37
11261;Moux;2022;174
11262;Narbonne;2022;15031
11263;Nébias;2022;94
11264;Névian;2022;280
11265;Niort-de-Sault;2022;8
11266;Port-la-Nouvelle;2022;2083
11267;Ornaisons;2022;309
11268;Orsans;2022;18
11269;Ouveillan;2022;663
11270;Padern;2022;52
11271;Palairac;2022;15
11272;Palaja;2022;581
11273;Paraza;2022;216
11274;Pauligne;2022;100
11275;Payra-sur-l'Hers;2022;54
11276;Paziols;2022;163
11277;Pécharic-et-le-Py;2022;7
11278;Pech-Luna;2022;30
11279;Pennautier;2022;657
11280;Pépieux;2022;302
11281;Pexiora;2022;212
11282;Peyrefitte-du-Razès;2022;14
11283;Peyrefitte-sur-l'Hers;2022;18
11284;Peyrens;2022;85
11285;Peyriac-de-Mer;2022;353
11286;Peyriac-Minervois;2022;307
11287;Peyrolles;2022;21
11288;Pezens;2022;306
11289;Pieusse;2022;272
11290;Plaigne;2022;41
11291;Plavilla;2022;32
11292;La Pomarède;2022;47
11293;Pomas;2022;195
11294;Pomy;2022;14
11295;Portel-des-Corbières;2022;292
11296;Pouzols-Minervois;2022;173
11297;Pradelles-Cabardès;2022;55
11299;Preixan;2022;138
11300;Puginier;2022;44
11301;Puichéric;2022;316
11302;Puilaurens;2022;86
11303;Puivert;2022;170
11304;Quillan;2022;1136
11305;Quintillan;2022;12
11306;Quirbajou;2022;26
11307;Raissac-d'Aude;2022;87
11308;Raissac-sur-Lampy;2022;65
11309;Rennes-le-Château;2022;17
11310;Rennes-les-Bains;2022;64
11311;Ribaute;2022;81
11312;Ribouisse;2022;29
11313;Ricaud;2022;84
11314;Rieux-en-Val;2022;31
11315;Rieux-Minervois;2022;689
11316;Rivel;2022;82
11317;Rodome;2022;35
11318;Roquecourbe-Minervois;2022;39
11319;Roquefère;2022;29
11320;Roquefeuil;2022;110
11321;Roquefort-de-Sault;2022;31
11322;Roquefort-des-Corbières;2022;319
11323;Roquetaillade-et-Conilhac;2022;92
11324;Roubia;2022;122
11325;Rouffiac-d'Aude;2022;108
11326;Rouffiac-des-Corbières;2022;25
11327;Roullens;2022;111
11328;Routier;2022;68
11330;Rustiques;2022;118
11331;Saint-Amans;2022;22
11332;Saint-André-de-Roquelongue;2022;345
11333;Saint-Benoît;2022;25
11334;Sainte-Camelle;2022;26
11335;Sainte-Colombe-sur-Guette;2022;18
11336;Sainte-Colombe-sur-l'Hers;2022;143
11337;Saint-Couat-d'Aude;2022;109
11338;Saint-Couat-du-Razès;2022;4
11339;Saint-Denis;2022;150
11340;Sainte-Eulalie;2022;119
11341;Saint-Ferriol;2022;37
11342;Saint-Frichoux;2022;60
11343;Saint-Gaudéric;2022;26
11344;Saint-Hilaire;2022;195
11345;Saint-Jean-de-Barrou;2022;113
11346;Saint-Jean-de-Paracol;2022;40
11347;Saint-Julia-de-Bec;2022;44
11348;Saint-Julien-de-Briola;2022;23
11350;Saint-Just-et-le-Bézu;2022;11
11351;Saint-Laurent-de-la-Cabrerisse;2022;220
11352;Saint-Louis-et-Parahou;2022;16
11353;Saint-Marcel-sur-Aude;2022;452
11354;Saint-Martin-des-Puits;2022;13
11355;Saint-Martin-de-Villereglan;2022;83
11356;Saint-Martin-Lalande;2022;233
11357;Saint-Martin-le-Vieil;2022;73
11358;Saint-Martin-Lys;2022;8
11359;Saint-Michel-de-Lanès;2022;82
11360;Saint-Nazaire-d'Aude;2022;488
11361;Saint-Papoul;2022;207
11362;Saint-Paulet;2022;32
11363;Saint-Pierre-des-Champs;2022;66
11364;Saint-Polycarpe;2022;45
11365;Saint-Sernin;2022;13
11366;Sainte-Valière;2022;142
11367;Saissac;2022;279
11368;Sallèles-Cabardès;2022;55
11369;Sallèles-d'Aude;2022;690
11370;Salles-d'Aude;2022;974
11371;Salles-sur-l'Hers;2022;165
11372;Salsigne;2022;97
11373;Salvezines;2022;25
11374;Salza;2022;13
11375;Seignalens;2022;6
11376;La Serpent;2022;32
11377;Serres;2022;24
11378;Serviès-en-Val;2022;78
11379;Sigean;2022;1653
11380;Sonnac-sur-l'Hers;2022;51
11381;Sougraigne;2022;31
11382;Souilhanels;2022;82
11383;Souilhe;2022;70
11384;Soulatgé;2022;43
11385;Soupex;2022;55
11386;Talairan;2022;175
11387;Taurize;2022;31
11388;Termes;2022;17
11389;Terroles;2022;6
11390;Thézan-des-Corbières;2022;179
11391;La Tourette-Cabardès;2022;5
11392;Tournissan;2022;84
11393;Tourouzelle;2022;153
11394;Tourreilles;2022;39
11395;Trassanel;2022;6
11396;Trausse;2022;191
11397;Trèbes;2022;1581
11398;Treilles;2022;55
11399;Tréville;2022;24
11400;Tréziers;2022;33
11401;Tuchan;2022;312
11402;Valmigère;2022;10
11404;Ventenac-Cabardès;2022;203
11405;Ventenac-en-Minervois;2022;199
11406;Véraza;2022;12
11407;Verdun-en-Lauragais;2022;66
11408;Verzeille;2022;107
11409;Vignevieille;2022;41
11410;Villalier;2022;294
11411;Villanière;2022;42
11412;Villardebelle;2022;21
11413;Villardonnel;2022;151
11414;Villar-en-Val;2022;10
11415;Villar-Saint-Anselme;2022;26
11416;Villarzel-Cabardès;2022;42
11417;Villarzel-du-Razès;2022;34
11418;Villasavary;2022;255
11419;Villautou;2022;8
11420;Villebazy;2022;29
11421;Villedaigne;2022;146
11422;Villedubert;2022;92
11423;Villefloure;2022;40
11424;Villefort;2022;14
11425;Villegailhenc;2022;387
11426;Villegly;2022;304
11427;Villelongue-d'Aude;2022;89
11428;Villemagne;2022;61
11429;Villemoustaussou;2022;1080
11430;Villeneuve-la-Comptal;2022;321
11431;Villeneuve-les-Corbières;2022;60
11432;Villeneuve-lès-Montréal;2022;44
11433;Villeneuve-Minervois;2022;305
11434;Villepinte;2022;265
11435;Villerouge-Termenès;2022;57
11436;Villesèque-des-Corbières;2022;89
11437;Villesèquelande;2022;167
11438;Villesiscle;2022;85
11439;Villespy;2022;72
11440;Villetritouls;2022;16
11441;Vinassan;2022;622
12001;Agen-d'Aveyron;2022;237
12002;Aguessac;2022;185
12003;Les Albres;2022;102
12004;Almont-les-Junies;2022;116
12006;Alrance;2022;108
12007;Ambeyrac;2022;64
12008;Anglars-Saint-Félix;2022;167
12009;Arnac-sur-Dourdou;2022;22
12010;Arques;2022;30
12011;Arvieu;2022;261
12012;Asprières;2022;224
12013;Aubin;2022;1196
12015;Auriac-Lagast;2022;69
12016;Auzits;2022;237
12017;Ayssènes;2022;79
12018;Balaguier-d'Olt;2022;47
12019;Balaguier-sur-Rance;2022;24
12021;Le Bas Ségala;2022;527
12022;La Bastide-Pradines;2022;42
12023;La Bastide-Solages;2022;38
12024;Belcastel;2022;58
12025;Belmont-sur-Rance;2022;316
12026;Bertholène;2022;232
12027;Bessuéjouls;2022;60
12028;Boisse-Penchot;2022;149
12029;Bor-et-Bar;2022;71
12030;Bouillac;2022;106
12031;Bournazel;2022;73
12032;Boussac;2022;111
12033;Bozouls;2022;758
12034;Brandonnet;2022;92
12035;Brasc;2022;58
12036;Brommat;2022;218
12037;Broquiès;2022;234
12038;Brousse-le-Château;2022;63
12039;Brusque;2022;129
12041;Cabanès;2022;86
12042;Calmels-et-le-Viala;2022;49
12043;Calmont;2022;508
12044;Camarès;2022;328
12045;Camboulazet;2022;64
12046;Camjac;2022;169
12047;Campagnac;2022;141
12048;Campouriez;2022;126
12049;Campuac;2022;127
12050;Canet-de-Salars;2022;117
12051;Cantoin;2022;126
12052;Capdenac-Gare;2022;1364
12053;La Capelle-Balaguier;2022;80
12054;La Capelle-Bleys;2022;100
12055;La Capelle-Bonance;2022;37
12056;Baraqueville;2022;704
12057;Cassagnes-Bégonhès;2022;241
12058;Cassuéjouls;2022;45
12059;Castanet;2022;140
12060;Castelmary;2022;50
12061;Castelnau-de-Mandailles;2022;168
12062;Castelnau-Pégayrols;2022;90
12063;La Cavalerie;2022;172
12064;Le Cayrol;2022;70
12065;Centrès;2022;161
12066;Clairvaux-d'Aveyron;2022;298
12067;Le Clapier;2022;27
12068;Colombiès;2022;300
12069;Combret;2022;82
12070;Compeyre;2022;119
12071;Compolibat;2022;104
12072;Comprégnac;2022;55
12073;Comps-la-Grand-Ville;2022;113
12074;Condom-d'Aubrac;2022;99
12075;Connac;2022;38
12077;Cornus;2022;151
12078;Les Costes-Gozon;2022;62
12079;Coubisou;2022;129
12080;Coupiac;2022;154
12082;La Couvertoirade;2022;58
12083;Cransac;2022;466
12084;Creissels;2022;405
12085;Crespin;2022;101
12086;La Cresse;2022;99
12088;Curières;2022;54
12089;Decazeville;2022;1770
12090;Druelle Balsac;2022;571
12091;Drulhe;2022;118
12092;Durenque;2022;160
12093;Le Fel;2022;55
12094;Entraygues-sur-Truyère;2022;490
12095;Escandolières;2022;50
12096;Espalion;2022;1591
12097;Espeyrac;2022;97
12098;Estaing;2022;199
12099;Fayet;2022;105
12100;Firmi;2022;781
12101;Flagnac;2022;362
12102;Flavin;2022;489
12103;Florentin-la-Capelle;2022;113
12104;Foissac;2022;103
12105;La Fouillade;2022;372
12106;Gabriac;2022;145
12107;Gaillac-d'Aveyron;2022;61
12108;Galgan;2022;103
12109;Gissac;2022;27
12110;Golinhac;2022;145
12111;Goutrens;2022;104
12113;Gramond;2022;164
12115;L'Hospitalet-du-Larzac;2022;82
12116;Huparlac;2022;83
12118;Lacroix-Barrez;2022;208
12119;Laguiole;2022;382
12120;Laissac-Sévérac l'Église;2022;622
12121;Lanuéjouls;2022;230
12122;Lapanouse-de-Cernon;2022;42
12124;Lassouts;2022;97
12125;Laval-Roquecezière;2022;91
12127;Lédergues;2022;241
12128;Lescure-Jaoul;2022;90
12129;Lestrade-et-Thouels;2022;123
12130;Livinhac-le-Haut;2022;380
12131;La Loubière;2022;317
12133;Luc-la-Primaube;2022;1524
12134;Lugan;2022;136
12135;Lunac;2022;177
12136;Maleville;2022;246
12137;Manhac;2022;111
12138;Marcillac-Vallon;2022;512
12139;Marnhagues-et-Latour;2022;63
12140;Martiel;2022;274
12141;Martrin;2022;72
12142;Mayran;2022;99
12143;Mélagues;2022;24
12144;Meljac;2022;56
12145;Millau;2022;5848
12146;Le Monastère;2022;371
12147;Montagnol;2022;46
12148;Montbazens;2022;486
12149;Montclar;2022;63
12150;Monteils;2022;176
12151;Montézic;2022;67
12152;Montfranc;2022;52
12153;Montjaux;2022;113
12154;Montlaur;2022;181
12155;Fondamente;2022;112
12156;Montpeyroux;2022;143
12157;Montrozier;2022;324
12158;Montsalès;2022;95
12159;Morlhon-le-Haut;2022;166
12160;Mostuéjouls;2022;95
12161;Mouret;2022;122
12162;Moyrazès;2022;218
12163;Murasson;2022;61
12164;Mur-de-Barrez;2022;291
12165;Muret-le-Château;2022;69
12166;Murols;2022;39
12167;Najac;2022;242
12168;Nant;2022;410
12169;Naucelle;2022;701
12170;Naussac;2022;116
12171;Nauviale;2022;124
12172;Le Nayrac;2022;234
12174;Olemps;2022;1049
12175;Ols-et-Rinhodes;2022;50
12176;Onet-le-Château;2022;2668
12177;Palmas d'Aveyron;2022;266
12178;Paulhe;2022;90
12179;Peux-et-Couffouleux;2022;29
12180;Peyreleau;2022;24
12181;Peyrusse-le-Roc;2022;50
12182;Pierrefiche;2022;69
12183;Plaisance;2022;84
12184;Pomayrols;2022;54
12185;Pont-de-Salars;2022;417
12186;Pousthomy;2022;58
12187;Prades-d'Aubrac;2022;169
12188;Prades-Salars;2022;74
12189;Pradinas;2022;96
12190;Prévinquières;2022;90
12191;Privezac;2022;77
12192;Mounes-Prohencoux;2022;41
12193;Pruines;2022;72
12194;Quins;2022;180
12195;Rebourguil;2022;62
12197;Réquista;2022;684
12198;Rieupeyroux;2022;610
12199;Rignac;2022;541
12200;Rivière-sur-Tarn;2022;317
12201;Rodelle;2022;244
12202;Rodez;2022;5669
12203;Roquefort-sur-Soulzon;2022;115
12204;La Roque-Sainte-Marguerite;2022;59
12205;La Rouquette;2022;190
12206;Roussennac;2022;136
12207;Rullac-Saint-Cirq;2022;107
12208;Saint-Affrique;2022;2352
12209;Saint-Amans-des-Cots;2022;285
12210;Saint-André-de-Najac;2022;152
12211;Saint-André-de-Vézines;2022;54
12212;Saint-Beaulize;2022;42
12213;Saint-Beauzély;2022;142
12214;Saint-Chély-d'Aubrac;2022;212
12215;Saint-Christophe-Vallon;2022;272
12216;Saint-Côme-d'Olt;2022;501
12217;Sainte-Croix;2022;219
12218;Conques-en-Rouergue;2022;569
12219;Sainte-Eulalie-d'Olt;2022;138
12220;Sainte-Eulalie-de-Cernon;2022;96
12221;Saint-Félix-de-Lunel;2022;145
12222;Saint-Félix-de-Sorgues;2022;68
12223;Argences en Aubrac;2022;614
12224;Saint Geniez d'Olt et d'Aubrac;2022;853
12225;Saint-Georges-de-Luzençon;2022;402
12226;Saint-Hippolyte;2022;172
12227;Saint-Igest;2022;41
12228;Saint-Izaire;2022;117
12229;Saint-Jean-d'Alcapiès;2022;37
12230;Saint-Jean-Delnous;2022;150
12231;Saint-Jean-du-Bruel;2022;268
12232;Saint-Jean-et-Saint-Paul;2022;55
12233;Saint-Juéry;2022;78
12234;Sainte-Juliette-sur-Viaur;2022;116
12235;Saint-Just-sur-Viaur;2022;75
12236;Saint-Laurent-de-Lévézou;2022;34
12237;Saint-Laurent-d'Olt;2022;232
12238;Saint-Léons;2022;86
12239;Saint-Martin-de-Lenne;2022;75
12240;Saint-Parthem;2022;120
12241;Sainte-Radegonde;2022;399
12242;Saint-Rémy;2022;83
12243;Saint-Rome-de-Cernon;2022;187
12244;Saint-Rome-de-Tarn;2022;296
12246;Saint-Santin;2022;160
12247;Saint-Saturnin-de-Lenne;2022;99
12248;Saint-Sernin-sur-Rance;2022;197
12249;Saint-Sever-du-Moustier;2022;55
12250;Saint-Symphorien-de-Thénières;2022;84
12251;Saint-Victor-et-Melvieu;2022;110
12252;Salles-Courbatiès;2022;146
12253;Salles-Curan;2022;367
12254;Salles-la-Source;2022;617
12255;Salmiech;2022;240
12256;Salvagnac-Cajarc;2022;111
12257;Causse-et-Diège;2022;199
12258;La Salvetat-Peyralès;2022;379
12259;Sanvensa;2022;196
12260;Sauclières;2022;57
12261;Saujac;2022;51
12262;Sauveterre-de-Rouergue;2022;326
12263;Savignac;2022;164
12264;Sébazac-Concourès;2022;800
12265;Sébrazac;2022;171
12266;Ségur;2022;144
12267;La Selve;2022;216
12268;Sénergues;2022;179
12269;La Serre;2022;36
12270;Sévérac d'Aveyron;2022;1196
12272;Sonnac;2022;110
12273;Soulages-Bonneval;2022;83
12274;Sylvanès;2022;30
12275;Tauriac-de-Camarès;2022;20
12276;Tauriac-de-Naucelle;2022;92
12277;Taussac;2022;196
12278;Tayrac;2022;62
12280;Thérondels;2022;151
12281;Toulonjac;2022;195
12282;Tournemire;2022;105
12283;Trémouilles;2022;129
12284;Le Truel;2022;95
12286;Vabres-l'Abbaye;2022;296
12287;Vailhourles;2022;182
12288;Valady;2022;297
12289;Valzergues;2022;56
12290;Vaureilles;2022;131
12291;Verrières;2022;132
12292;Versols-et-Lapeyre;2022;103
12293;Veyreau;2022;37
12294;Vézins-de-Lévézou;2022;190
12295;Viala-du-Pas-de-Jaux;2022;28
12296;Viala-du-Tarn;2022;165
12297;Le Vibal;2022;120
12298;Villecomtal;2022;117
12299;Villefranche-de-Panat;2022;248
12300;Villefranche-de-Rouergue;2022;3700
12301;Villeneuve;2022;653
12303;Vimenet;2022;72
12305;Viviez;2022;397
12307;Curan;2022;74
13001;Aix-en-Provence;2022;29155
13002;Allauch;2022;5297
13003;Alleins;2022;500
13004;Arles;2022;12203
13005;Aubagne;2022;10772
13006;Aureille;2022;371
13007;Auriol;2022;2628
13008;Aurons;2022;134
13009;La Barben;2022;134
13010;Barbentane;2022;1121
13011;Les Baux-de-Provence;2022;90
13012;Beaurecueil;2022;225
13013;Belcodène;2022;390
13014;Berre-l'Étang;2022;2625
13015;Bouc-Bel-Air;2022;3675
13016;La Bouilladisse;2022;1461
13017;Boulbon;2022;397
13018;Cabannes;2022;961
13019;Cabriès;2022;2057
13020;Cadolive;2022;458
13021;Carry-le-Rouet;2022;2063
13022;Cassis;2022;2443
13023;Ceyreste;2022;1207
13024;Charleval;2022;653
13025;Châteauneuf-le-Rouge;2022;545
13026;Châteauneuf-les-Martigues;2022;3156
13027;Châteaurenard;2022;3635
13028;La Ciotat;2022;10803
13029;Cornillon-Confoux;2022;354
13030;Cuges-les-Pins;2022;946
13031;La Destrousse;2022;987
13032;Éguilles;2022;1837
13033;Ensuès-la-Redonne;2022;1193
13034;Eygalières;2022;603
13035;Eyguières;2022;1380
13036;Eyragues;2022;1145
13037;La Fare-les-Oliviers;2022;1689
13038;Fontvieille;2022;1237
13039;Fos-sur-Mer;2022;3058
13040;Fuveau;2022;1850
13041;Gardanne;2022;4242
13042;Gémenos;2022;1928
13043;Gignac-la-Nerthe;2022;1884
13044;Grans;2022;1190
13045;Graveson;2022;965
13046;Gréasque;2022;999
13047;Istres;2022;8748
13048;Jouques;2022;1098
13049;Lamanon;2022;463
13050;Lambesc;2022;2235
13051;Lançon-Provence;2022;1710
13052;Maillane;2022;540
13053;Mallemort;2022;1342
13054;Marignane;2022;6735
13055;Marseille;2022;170973
13056;Martigues;2022;10950
13057;Mas-Blanc-des-Alpilles;2022;102
13058;Maussane-les-Alpilles;2022;806
13059;Meyrargues;2022;706
13060;Meyreuil;2022;1066
13061;Saint-Pierre-de-Mézoargues;2022;52
13062;Mimet;2022;1089
13063;Miramas;2022;5298
13064;Mollégès;2022;621
13065;Mouriès;2022;906
13066;Noves;2022;1254
13067;Orgon;2022;678
13068;Paradou;2022;482
13069;Pélissanne;2022;2360
13070;La Penne-sur-Huveaune;2022;1529
13071;Les Pennes-Mirabeau;2022;5098
13072;Peynier;2022;759
13073;Peypin;2022;1227
13074;Peyrolles-en-Provence;2022;921
13075;Plan-de-Cuques;2022;3706
13076;Plan-d'Orgon;2022;702
13077;Port-de-Bouc;2022;3918
13078;Port-Saint-Louis-du-Rhône;2022;1910
13079;Puyloubier;2022;404
13080;Le Puy-Sainte-Réparade;2022;1389
13081;Rognac;2022;2532
13082;Rognes;2022;1309
13083;Rognonas;2022;1113
13084;La Roque-d'Anthéron;2022;1201
13085;Roquefort-la-Bédoule;2022;1584
13086;Roquevaire;2022;1942
13087;Rousset;2022;906
13088;Le Rove;2022;1165
13089;Saint-Andiol;2022;700
13090;Saint-Antonin-sur-Bayon;2022;42
13091;Saint-Cannat;2022;1410
13092;Saint-Chamas;2022;1772
13093;Saint-Estève-Janson;2022;69
13094;Saint-Étienne-du-Grès;2022;724
13095;Saint-Marc-Jaumegarde;2022;387
13096;Saintes-Maries-de-la-Mer;2022;820
13097;Saint-Martin-de-Crau;2022;3388
13098;Saint-Mitre-les-Remparts;2022;1548
13099;Saint-Paul-lès-Durance;2022;168
13100;Saint-Rémy-de-Provence;2022;3065
13101;Saint-Savournin;2022;664
13102;Saint-Victoret;2022;1392
13103;Salon-de-Provence;2022;9057
13104;Sausset-les-Pins;2022;2753
13105;Sénas;2022;1539
13106;Septèmes-les-Vallons;2022;2349
13107;Simiane-Collongue;2022;1350
13108;Tarascon;2022;2892
13109;Le Tholonet;2022;542
13110;Trets;2022;2308
13111;Vauvenargues;2022;311
13112;Velaux;2022;2072
13113;Venelles;2022;2180
13114;Ventabren;2022;1511
13115;Vernègues;2022;242
13116;Verquières;2022;175
13117;Vitrolles;2022;6631
13118;Coudoux;2022;693
13119;Carnoux-en-Provence;2022;1789
14001;Ablon;2022;264
14003;Agy;2022;60
14005;Valambray;2022;314
14006;Amayé-sur-Orne;2022;197
14007;Amayé-sur-Seulles;2022;47
14009;Amfreville;2022;288
14012;Angerville;2022;31
14014;Colomby-Anguerny;2022;246
14015;Anisy;2022;177
14016;Annebault;2022;82
14019;Arganchy;2022;42
14020;Argences;2022;878
14021;Arromanches-les-Bains;2022;178
14022;Asnelles;2022;261
14023;Asnières-en-Bessin;2022;15
14024;Auberville;2022;155
14025;Aubigny;2022;67
14026;Audrieu;2022;185
14027;Les Monts d'Aunay;2022;996
14030;Authie;2022;338
14032;Les Authieux-sur-Calonne;2022;59
14033;Auvillars;2022;60
14034;Avenay;2022;74
14035;Balleroy-sur-Drôme;2022;269
14036;Banneville-la-Campagne;2022;21
14037;Malherbe-sur-Ajon;2022;82
14038;Banville;2022;172
14039;Barbery;2022;120
14040;Barbeville;2022;34
14041;Barneville-la-Bertran;2022;33
14042;Baron-sur-Odon;2022;193
14043;Barou-en-Auge;2022;26
14044;Basly;2022;159
14045;Basseneville;2022;56
14046;Bavent;2022;365
14047;Bayeux;2022;3875
14049;Bazenville;2022;38
14050;La Bazoque;2022;35
14053;Beaumais;2022;36
14054;Beaumesnil;2022;40
14055;Beaumont-en-Auge;2022;114
14057;Bellengreville;2022;270
14059;Benerville-sur-Mer;2022;185
14060;Bénouville;2022;498
14061;Souleuvre en Bocage;2022;1890
14062;Bény-sur-Mer;2022;70
14063;Bernesq;2022;46
14064;Bernières-d'Ailly;2022;36
14066;Bernières-sur-Mer;2022;671
14068;Biéville-Beuville;2022;891
14069;Beuvillers;2022;285
14070;Beuvron-en-Auge;2022;65
14076;Blainville-sur-Orne;2022;1175
14077;Blangy-le-Château;2022;211
14078;Blay;2022;76
14079;Blonville-sur-Mer;2022;605
14080;Le Bô;2022;18
14082;La Boissière;2022;16
14083;Bonnebosq;2022;169
14084;Bonnemaison;2022;90
14085;Bonneville-la-Louvet;2022;189
14086;Bonneville-sur-Touques;2022;97
14087;Bonnœil;2022;27
14088;Bons-Tassilly;2022;69
14089;Bougy;2022;43
14090;Boulon;2022;143
14091;Bourgeauville;2022;29
14092;Bourguébus;2022;251
14093;Branville;2022;48
14096;Brémoy;2022;32
14097;Bretteville-le-Rabet;2022;36
14098;Thue et Mue;2022;979
14100;Bretteville-sur-Laize;2022;386
14101;Bretteville-sur-Odon;2022;1192
14102;Le Breuil-en-Auge;2022;332
14103;Le Breuil-en-Bessin;2022;87
14104;Le Brévedent;2022;31
14106;Bréville-les-Monts;2022;153
14107;Bricqueville;2022;24
14110;Brucourt;2022;32
14111;Bucéels;2022;76
14116;Le Bû-sur-Rouvres;2022;19
14117;Cabourg;2022;1731
14118;Caen;2022;20448
14119;Cagny;2022;409
14120;Cahagnes;2022;231
14121;Cahagnolles;2022;38
14122;La Caine;2022;18
14123;Cairon;2022;449
14124;La Cambe;2022;156
14125;Cambes-en-Plaine;2022;401
14126;Cambremer;2022;371
14127;Campagnolles;2022;81
14130;Campigny;2022;34
14131;Canapville;2022;67
14132;Canchy;2022;49
14134;Canteloup;2022;52
14135;Carcagny;2022;57
14136;Cardonville;2022;12
14137;Carpiquet;2022;684
14138;Cartigny-l'Épinay;2022;49
14140;Castillon;2022;48
14141;Castillon-en-Auge;2022;33
14143;Caumont-sur-Aure;2022;591
14145;Cauvicourt;2022;88
14146;Cauville;2022;30
14147;Cernay;2022;35
14149;Cesny-aux-Vignes;2022;73
14150;Cesny-les-Sources;2022;326
14159;Chouain;2022;48
14160;Cintheaux;2022;35
14161;Clarbec;2022;85
14162;Clécy;2022;322
14163;Cléville;2022;73
14165;Colleville-sur-Mer;2022;47
14166;Colleville-Montgomery;2022;655
14167;Colombelles;2022;1282
14168;Colombières;2022;66
14169;Colombiers-sur-Seulles;2022;24
14171;Combray;2022;17
14172;Commes;2022;143
14173;Condé-sur-Ifs;2022;68
14174;Condé-en-Normandie;2022;1874
14175;Condé-sur-Seulles;2022;33
14177;Coquainvilliers;2022;197
14179;Cordebugle;2022;27
14180;Cordey;2022;32
14181;Cormelles-le-Royal;2022;1285
14182;Cormolain;2022;85
14183;Cossesseville;2022;19
14184;Cottun;2022;58
14190;Courcy;2022;32
14191;Courseulles-sur-Mer;2022;2126
14193;Courtonne-la-Meurdrac;2022;146
14194;Courtonne-les-Deux-Églises;2022;109
14195;Courvaudon;2022;46
14196;Crépon;2022;61
14197;Cresserons;2022;275
14198;Cresseveuille;2022;42
14200;Creully sur Seulles;2022;477
14202;Cricquebœuf;2022;88
14203;Cricqueville-en-Auge;2022;46
14204;Cricqueville-en-Bessin;2022;48
14205;Cristot;2022;41
14206;Crocy;2022;71
14207;Croisilles;2022;82
14209;Crouay;2022;125
14211;Culey-le-Patry;2022;82
14214;Cussy;2022;37
14215;Cuverville;2022;385
14216;Damblainville;2022;48
14218;Danestal;2022;61
14220;Deauville;2022;1669
14221;Démouville;2022;843
14223;Le Détroit;2022;18
14224;Deux-Jumeaux;2022;15
14225;Dives-sur-Mer;2022;1508
14226;Donnay;2022;37
14227;Douville-en-Auge;2022;65
14228;Douvres-la-Délivrande;2022;1384
14229;Dozulé;2022;628
14230;Drubec;2022;26
14231;Beaufour-Druval;2022;80
14232;Ducy-Sainte-Marguerite;2022;29
14236;Ellon;2022;145
14237;Émiéville;2022;60
14238;Englesqueville-en-Auge;2022;42
14239;Englesqueville-la-Percée;2022;27
14240;Épaney;2022;93
14241;Épinay-sur-Odon;2022;124
14242;Épron;2022;453
14243;Équemauville;2022;624
14244;Eraines;2022;66
14245;Ernes;2022;63
14246;Escoville;2022;141
14248;Espins;2022;44
14249;Esquay-Notre-Dame;2022;163
14250;Esquay-sur-Seulles;2022;85
14251;Esson;2022;75
14252;Estrées-la-Campagne;2022;38
14254;Éterville;2022;276
14256;Étréham;2022;53
14257;Évrecy;2022;415
14258;Falaise;2022;2001
14260;Fauguernon;2022;71
14261;Le Faulq;2022;49
14266;Feuguerolles-Bully;2022;275
14269;Fierville-les-Parcs;2022;47
14270;Firfol;2022;105
14271;Fleury-sur-Orne;2022;955
14272;La Folie;2022;30
14273;La Folletière-Abenon;2022;40
14274;Fontaine-Étoupefour;2022;451
14275;Fontaine-Henry;2022;95
14276;Fontaine-le-Pin;2022;65
14277;Fontenay-le-Marmion;2022;332
14278;Fontenay-le-Pesnel;2022;268
14280;Formentin;2022;40
14281;Formigny La Bataille;2022;174
14282;Foulognes;2022;48
14283;Fourches;2022;38
14284;Fourneaux-le-Val;2022;35
14285;Le Fournet;2022;4
14286;Fourneville;2022;99
14287;Frénouville;2022;354
14288;Le Fresne-Camilly;2022;205
14289;Fresné-la-Mère;2022;90
14290;Fresney-le-Puceux;2022;107
14291;Fresney-le-Vieux;2022;50
14293;Fumichon;2022;58
14297;Gavrus;2022;35
14298;Géfosse-Fontenay;2022;43
14299;Genneville;2022;130
14301;Giberville;2022;992
14302;Glanville;2022;43
14303;Glos;2022;206
14304;Gonneville-sur-Honfleur;2022;191
14305;Gonneville-sur-Mer;2022;252
14306;Gonneville-en-Auge;2022;110
14308;Goustranville;2022;42
14309;Gouvix;2022;155
14310;Grainville-Langannerie;2022;94
14311;Grainville-sur-Odon;2022;226
14312;Grandcamp-Maisy;2022;729
14316;Grangues;2022;76
14318;Graye-sur-Mer;2022;169
14319;Grentheville;2022;174
14320;Grimbosq;2022;70
14322;Guéron;2022;63
14325;Hermanville-sur-Mer;2022;892
14326;Hermival-les-Vaux;2022;201
14327;Hérouville-Saint-Clair;2022;3972
14328;Hérouvillette;2022;287
14329;Heuland;2022;15
14332;La Hoguette;2022;129
14333;Honfleur;2022;1651
14334;L'Hôtellerie;2022;59
14335;Hotot-en-Auge;2022;92
14336;Hottot-les-Bagues;2022;78
14337;La Houblonnière;2022;47
14338;Houlgate;2022;712
14341;Ifs;2022;2224
14342;Isigny-sur-Mer;2022;1057
14343;Les Isles-Bardel;2022;17
14344;Janville;2022;115
14345;Jort;2022;69
14346;Juaye-Mondaye;2022;139
14347;Dialan sur Chaîne;2022;131
14348;Juvigny-sur-Seulles;2022;14
14349;Laize-Clinchamps;2022;334
14352;Landelles-et-Coupigny;2022;239
14353;Landes-sur-Ajon;2022;49
14354;Langrune-sur-Mer;2022;539
14355;Ponts sur Seulles;2022;255
14357;Terres de Druance;2022;179
14358;Léaupartie;2022;19
14360;Leffard;2022;42
14362;Lessard-et-le-Chêne;2022;36
14364;Lingèvres;2022;92
14365;Lion-sur-Mer;2022;674
14366;Lisieux;2022;5450
14367;Lison;2022;101
14368;Lisores;2022;48
14369;Litteau;2022;56
14370;Le Molay-Littry;2022;858
14371;Livarot-Pays-d'Auge;2022;1519
14374;Les Loges;2022;25
14375;Les Loges-Saulces;2022;23
14377;Longues-sur-Mer;2022;122
14378;Longueville;2022;53
14379;Longvillers;2022;67
14380;Loucelles;2022;23
14381;Louvagny;2022;17
14383;Louvigny;2022;576
14384;Luc-sur-Mer;2022;1202
14385;Magny-en-Bessin;2022;38
14389;Maisoncelles-Pelvey;2022;38
14390;Maisoncelles-sur-Ajon;2022;34
14391;Maisons;2022;107
14393;Maizet;2022;55
14394;Maizières;2022;80
14396;Maltot;2022;145
14397;Mandeville-en-Bessin;2022;58
14398;Manerbe;2022;141
14399;Manneville-la-Pipard;2022;90
14400;Le Manoir;2022;26
14401;Manvieux;2022;21
14402;Le Marais-la-Chapelle;2022;21
14403;Marolles;2022;150
14404;Martainville;2022;20
14405;Martigny-sur-l'Ante;2022;71
14406;Moulins-en-Bessin;2022;190
14407;Mathieu;2022;567
14408;Saint-Martin-de-May;2022;935
14409;Merville-Franceville-Plage;2022;752
14410;Méry-Bissières-en-Auge;2022;249
14411;Meslay;2022;34
14412;Le Mesnil-au-Grain;2022;19
14419;Le Mesnil-Eudes;2022;62
14421;Le Mesnil-Guillaume;2022;145
14424;Le Mesnil-Robert;2022;32
14425;Le Mesnil-Simon;2022;30
14426;Le Mesnil-sur-Blangy;2022;38
14427;Le Mesnil-Villement;2022;80
14430;Meuvaines;2022;24
14431;Mézidon Vallée d'Auge;2022;1946
14435;Les Monceaux;2022;35
14436;Monceaux-en-Bessin;2022;130
14437;Mondeville;2022;2248
14438;Mondrainville;2022;77
14439;Monfréville;2022;16
14445;Montfiquet;2022;19
14446;Montigny;2022;16
14448;Montreuil-en-Auge;2022;10
14449;Monts-en-Bessin;2022;90
14452;Morteaux-Coulibœuf;2022;133
14453;Mosles;2022;54
14454;Mouen;2022;290
14455;Moulines;2022;30
14456;Moult-Chicheboville;2022;436
14457;Les Moutiers-en-Auge;2022;20
14458;Les Moutiers-en-Cinglais;2022;100
14460;Moyaux;2022;366
14461;Mutrécy;2022;65
14465;Nonant;2022;101
14466;Norolles;2022;84
14467;Noron-l'Abbaye;2022;62
14468;Noron-la-Poterie;2022;66
14469;Norrey-en-Auge;2022;22
14473;Notre-Dame-de-Livaye;2022;31
14474;Notre-Dame-d'Estrées-Corbon;2022;26
14475;Val d'Arry;2022;417
14476;Olendon;2022;38
14478;Orbec;2022;622
14480;Osmanville;2022;119
14482;Ouézy;2022;60
14483;Ouffières;2022;27
14484;Ouilly-du-Houley;2022;41
14486;Ouilly-le-Tesson;2022;89
14487;Ouilly-le-Vicomte;2022;234
14488;Ouistreham;2022;3288
14491;Parfouru-sur-Odon;2022;34
14492;Pennedepie;2022;79
14494;Périers-en-Auge;2022;37
14495;Périers-sur-le-Dan;2022;132
14496;Périgny;2022;8
14497;Perrières;2022;51
14498;Pertheville-Ners;2022;42
14499;Petiville;2022;107
14500;Pierrefitte-en-Auge;2022;24
14501;Pierrefitte-en-Cinglais;2022;52
14502;Pierrepont;2022;17
14504;Le Pin;2022;122
14506;Planquery;2022;56
14509;Plumetot;2022;54
14510;La Pommeraye;2022;10
14511;Pont-Bellanger;2022;13
14512;Pontécoulant;2022;23
14514;Pont-l'Évêque;2022;1436
14515;Port-en-Bessin-Huppain;2022;787
14516;Potigny;2022;473
14519;Préaux-Bocage;2022;22
14520;Le Pré-d'Auge;2022;142
14522;Prêtreville;2022;107
14524;Putot-en-Auge;2022;85
14527;Belle Vie en Auge;2022;116
14528;Quetteville;2022;64
14529;Ranchy;2022;46
14530;Ranville;2022;507
14531;Rapilly;2022;12
14533;Repentigny;2022;15
14534;Reux;2022;83
14535;Reviers;2022;122
14536;La Rivière-Saint-Sauveur;2022;528
14538;Castine-en-Plaine;2022;202
14540;Rocques;2022;120
14541;La Roque-Baignard;2022;17
14542;Rosel;2022;170
14543;Rots;2022;494
14546;Rouvres;2022;42
14547;Rubercy;2022;24
14550;Rumesnil;2022;20
14552;Ryes;2022;113
14554;Le Castelet;2022;213
14555;Saint-André-d'Hébertot;2022;101
14556;Saint-André-sur-Orne;2022;314
14557;Saint-Arnoult;2022;446
14558;Saint-Aubin-d'Arquenay;2022;174
14559;Saint-Aubin-des-Bois;2022;62
14562;Saint-Aubin-sur-Mer;2022;664
14563;Saint-Benoît-d'Hébertot;2022;64
14565;Saint-Côme-de-Fresné;2022;74
14566;Saint-Contest;2022;560
14569;Sainte-Croix-sur-Mer;2022;37
14570;Valorbiquet;2022;572
14571;Saint-Denis-de-Mailloc;2022;83
14572;Saint-Denis-de-Méré;2022;202
14574;Saint-Désir;2022;508
14575;Saint-Étienne-la-Thillaye;2022;114
14576;Val-de-Vie;2022;131
14578;Saint-Gatien-des-Bois;2022;380
14579;Seulline;2022;194
14581;Aurseulles;2022;326
14582;Saint-Germain-de-Livet;2022;136
14586;Saint-Germain-du-Pert;2022;44
14587;Saint-Germain-la-Blanche-Herbe;2022;381
14588;Saint-Germain-Langot;2022;55
14589;Saint-Germain-le-Vasson;2022;154
14590;Sainte-Honorine-de-Ducy;2022;22
14591;Aure sur Mer;2022;182
14592;Sainte-Honorine-du-Fay;2022;257
14593;Saint-Hymer;2022;156
14595;Saint-Jean-de-Livet;2022;63
14598;Saint-Jouin;2022;55
14601;Saint-Julien-sur-Calonne;2022;51
14602;Saint-Lambert;2022;57
14603;Saint-Laurent-de-Condel;2022;98
14605;Saint-Laurent-sur-Mer;2022;107
14606;Saint-Léger-Dubosq;2022;40
14607;Saint-Louet-sur-Seulles;2022;27
14609;Saint-Loup-Hors;2022;92
14610;Saint-Manvieu-Norrey;2022;335
14613;Saint-Marcouf;2022;15
14614;Sainte-Marguerite-d'Elle;2022;171
14619;Sainte-Marie-Outre-l'Eau;2022;29
14620;Saint-Martin-aux-Chartrains;2022;114
14621;Saint-Martin-de-Bienfaite-la-Cressonnière;2022;113
14622;Saint-Martin-de-Blagny;2022;30
14625;Saint-Martin-de-la-Lieue;2022;271
14626;Saint-Martin-de-Mailloc;2022;194
14627;Saint-Martin-de-Mieux;2022;84
14630;Saint-Martin-des-Entrées;2022;153
14635;Saint-Omer;2022;27
14637;Saint-Ouen-du-Mesnil-Oger;2022;36
14639;Saint-Ouen-le-Pin;2022;55
14640;Saint-Pair;2022;56
14643;Saint-Paul-du-Vernay;2022;101
14644;Saint-Philbert-des-Champs;2022;134
14645;Saint-Pierre-Azif;2022;42
14646;Saint-Pierre-Canivet;2022;90
14648;Saint-Pierre-des-Ifs;2022;97
14649;Saint-Pierre-du-Bû;2022;98
14650;Saint-Pierre-du-Fresne;2022;32
14651;Saint-Pierre-du-Jonquet;2022;42
14652;Saint-Pierre-du-Mont;2022;25
14654;Saint-Pierre-en-Auge;2022;1971
14656;Saint-Rémy;2022;224
14657;Saint-Samson;2022;62
14658;Noues de Sienne;2022;1183
14659;Saint-Sylvain;2022;227
14660;Saint-Vaast-en-Auge;2022;19
14661;Saint-Vaast-sur-Seulles;2022;26
14663;Saint-Vigor-le-Grand;2022;787
14664;Sallen;2022;54
14665;Sallenelles;2022;76
14666;Sannerville;2022;414
14667;Saon;2022;44
14668;Saonnet;2022;43
14669;Sassy;2022;22
14672;Val de Drôme;2022;148
14674;Soignolles;2022;13
14675;Soliers;2022;435
14676;Sommervieu;2022;252
14677;Soulangy;2022;66
14678;Soumont-Saint-Quentin;2022;108
14679;Subles;2022;120
14680;Sully;2022;33
14681;Surrain;2022;23
14682;Surville;2022;104
14684;Tessel;2022;26
14685;Thaon;2022;364
14687;Le Theil-en-Auge;2022;22
14689;Thury-Harcourt-le-Hom;2022;792
14692;Tilly-sur-Seulles;2022;295
14694;Le Torquesne;2022;107
14698;Touffréville;2022;72
14699;Touques;2022;1074
14700;Tour-en-Bessin;2022;112
14701;Tourgéville;2022;398
14705;Tournières;2022;40
14706;Tourville-en-Auge;2022;65
14707;Tourville-sur-Odon;2022;184
14708;Tracy-Bocage;2022;67
14709;Tracy-sur-Mer;2022;92
14710;Tréprel;2022;22
14711;Trévières;2022;305
14712;Troarn;2022;832
14713;Montillières-sur-Orne;2022;85
14714;Le Tronquay;2022;160
14715;Trouville-sur-Mer;2022;1906
14716;Trungy;2022;48
14719;Urville;2022;105
14720;Ussy;2022;166
14721;Vacognes-Neuilly;2022;95
14723;Valsemé;2022;52
14724;Varaville;2022;336
14726;Valdallière;2022;1187
14728;Vaucelles;2022;97
14731;Vauville;2022;65
14732;Vaux-sur-Aure;2022;75
14733;Vaux-sur-Seulles;2022;66
14734;Vendes;2022;45
14735;Vendeuvre;2022;148
14737;Versainville;2022;95
14738;Verson;2022;883
14739;Ver-sur-Mer;2022;591
14740;La Vespière-Friardel;2022;319
14741;Le Vey;2022;12
14742;Vicques;2022;14
14743;Victot-en-Auge;2022;27
14744;Vienne-en-Bessin;2022;52
14745;Vierville-sur-Mer;2022;87
14747;Vieux;2022;136
14748;Vieux-Bourg;2022;18
14751;Vignats;2022;53
14752;Villers-Bocage;2022;939
14753;Villers-Canivet;2022;130
14754;Villers-sur-Mer;2022;1111
14755;Villerville;2022;197
14756;La Villette;2022;43
14758;Villons-les-Buissons;2022;204
14759;Villy-lez-Falaise;2022;59
14760;Villy-Bocage;2022;143
14761;Vimont;2022;136
14762;Vire Normandie;2022;4931
14764;Pont-d'Ouilly;2022;249
15001;Allanche;2022;312
15002;Alleuze;2022;44
15003;Ally;2022;239
15004;Andelat;2022;93
15005;Anglards-de-Saint-Flour;2022;72
15006;Anglards-de-Salers;2022;223
15007;Anterrieux;2022;34
15008;Antignac;2022;83
15009;Apchon;2022;63
15010;Arches;2022;64
15011;Arnac;2022;59
15012;Arpajon-sur-Cère;2022;1616
15013;Auriac-l'Église;2022;50
15014;Aurillac;2022;7175
15015;Auzers;2022;53
15016;Ayrens;2022;139
15017;Badailhac;2022;43
15018;Barriac-les-Bosquets;2022;63
15019;Bassignac;2022;73
15020;Beaulieu;2022;26
15021;Boisset;2022;198
15022;Bonnac;2022;60
15024;Brageac;2022;20
15025;Albepierre-Bredons;2022;77
15026;Brezons;2022;79
15027;Puycapel;2022;263
15028;Carlat;2022;104
15029;Cassaniouze;2022;206
15030;Cayrols;2022;57
15031;Celles;2022;
15032;Celoux;2022;21
15033;Cézens;2022;70
15034;Chaliers;2022;47
15035;Chalinargues;2022;
15036;Chalvignac;2022;135
15037;Champagnac;2022;301
15038;Champs-sur-Tarentaine-Marchal;2022;352
15040;Chanterelle;2022;25
15041;La Chapelle-d'Alagnon;2022;68
15042;La Chapelle-Laurent;2022;59
15043;Charmensac;2022;28
15045;Chaudes-Aigues;2022;320
15046;Chaussenac;2022;74
15047;Chavagnac;2022;
15048;Chazelles;2022;12
15049;Cheylade;2022;88
15050;Le Claux;2022;64
15051;Clavières;2022;65
15052;Collandres;2022;52
15053;Coltines;2022;83
15054;Condat;2022;359
15055;Coren;2022;117
15056;Crandelles;2022;133
15057;Cros-de-Montvert;2022;56
15058;Cros-de-Ronesque;2022;43
15059;Cussac;2022;43
15060;Deux-Verges;2022;14
15061;Dienne;2022;70
15063;Drugeac;2022;84
15064;Escorailles;2022;36
15065;Espinasse;2022;22
15066;Le Falgoux;2022;67
15067;Le Fau;2022;15
15069;Ferrières-Saint-Mary;2022;87
15070;Fontanges;2022;88
15072;Freix-Anglards;2022;64
15073;Fridefont;2022;38
15074;Giou-de-Mamou;2022;185
15075;Girgols;2022;16
15076;Glénat;2022;75
15077;Gourdièges;2022;14
15078;Jabrun;2022;59
15079;Jaleyrac;2022;93
15080;Joursac;2022;49
15081;Jou-sous-Monjou;2022;48
15082;Junhac;2022;99
15083;Jussac;2022;517
15084;Labesserette;2022;64
15085;Labrousse;2022;110
15086;Lacapelle-Barrès;2022;23
15087;Lacapelle-del-Fraisse;2022;65
15088;Lacapelle-Viescamp;2022;133
15089;Ladinhac;2022;114
15090;Lafeuillade-en-Vézie;2022;130
15091;Landeyrat;2022;26
15092;Lanobre;2022;483
15093;Lapeyrugue;2022;39
15094;Laroquebrou;2022;324
15095;Laroquevieille;2022;90
15096;Lascelle;2022;88
15097;Lastic;2022;35
15098;Laurie;2022;37
15100;Laveissenet;2022;38
15101;Laveissière;2022;122
15102;Lavigerie;2022;45
15103;Leucamp;2022;77
15104;Leynhac;2022;108
15105;Leyvaux;2022;16
15106;Lieutadès;2022;71
15107;Lorcières;2022;67
15108;Val d'Arcomie;2022;276
15110;Lugarde;2022;40
15111;Madic;2022;69
15112;Malbo;2022;26
15113;Mandailles-Saint-Julien;2022;56
15114;Marcenat;2022;218
15116;Marchastel;2022;37
15117;Marcolès;2022;180
15118;Marmanhac;2022;190
15119;Massiac;2022;583
15120;Mauriac;2022;1195
15121;Maurines;2022;33
15122;Maurs;2022;773
15123;Méallet;2022;54
15124;Menet;2022;157
15125;Mentières;2022;27
15126;Molèdes;2022;36
15127;Molompize;2022;91
15128;La Monselie;2022;38
15129;Montboudif;2022;59
15130;Montchamp;2022;38
15131;Le Monteil;2022;99
15132;Montgreleix;2022;7
15133;Montmurat;2022;38
15134;Montsalvy;2022;335
15135;Montvert;2022;38
15137;Moussages;2022;87
15138;Murat;2022;665
15139;Narnhac;2022;29
15140;Naucelles;2022;558
15141;Neussargues-Moissac;2022;577
15142;Neuvéglise-sur-Truyère;2022;481
15143;Nieudan;2022;40
15144;Omps;2022;57
15146;Pailherols;2022;40
15147;Parlan;2022;113
15148;Paulhac;2022;115
15149;Paulhenc;2022;83
15151;Peyrusse;2022;46
15152;Pierrefort;2022;343
15153;Pleaux;2022;617
15154;Polminhac;2022;297
15155;Pradiers;2022;32
15156;Prunet;2022;119
15157;Quézac;2022;92
15158;Rageade;2022;32
15159;Raulhac;2022;121
15160;Reilhac;2022;299
15161;Rézentières;2022;23
15162;Riom-ès-Montagnes;2022;951
15163;Roannes-Saint-Mary;2022;222
15164;Roffiac;2022;131
15165;Rouffiac;2022;66
15166;Roumégoux;2022;72
15167;Rouziers;2022;20
15168;Ruynes-en-Margeride;2022;168
15169;Saignes;2022;347
15170;Saint-Amandin;2022;80
15171;Sainte-Anastasie;2022;
15172;Saint-Antoine;2022;36
15173;Saint-Bonnet-de-Condat;2022;50
15174;Saint-Bonnet-de-Salers;2022;85
15175;Saint-Cernin;2022;266
15176;Saint-Chamant;2022;70
15178;Saint-Cirgues-de-Jordanne;2022;44
15179;Saint-Cirgues-de-Malbert;2022;60
15180;Saint-Clément;2022;28
15181;Saint-Constant-Fournoulès;2022;204
15182;Saint-Étienne-Cantalès;2022;19
15183;Saint-Étienne-de-Carlat;2022;26
15184;Saint-Étienne-de-Maurs;2022;256
15185;Saint-Étienne-de-Chomeil;2022;76
15186;Sainte-Eulalie;2022;59
15187;Saint-Flour;2022;1801
15188;Saint-Georges;2022;291
15189;Saint-Gérons;2022;72
15190;Saint-Hippolyte;2022;35
15191;Saint-Illide;2022;251
15192;Saint-Jacques-des-Blats;2022;75
15194;Saint-Julien-de-Toursac;2022;42
15196;Saint-Mamet-la-Salvetat;2022;314
15198;Sainte-Marie;2022;24
15199;Saint-Martial;2022;18
15200;Saint-Martin-Cantalès;2022;52
15201;Saint-Martin-sous-Vigouroux;2022;76
15202;Saint-Martin-Valmeroux;2022;249
15203;Saint-Mary-le-Plain;2022;48
15204;Saint-Paul-des-Landes;2022;366
15205;Saint-Paul-de-Salers;2022;38
15206;Saint-Pierre;2022;32
15207;Saint-Poncy;2022;84
15208;Saint-Projet-de-Salers;2022;42
15209;Saint-Rémy-de-Chaudes-Aigues;2022;41
15211;Saint-Santin-Cantalès;2022;78
15212;Saint-Santin-de-Maurs;2022;109
15213;Saint-Saturnin;2022;63
15214;Saint-Saury;2022;67
15215;Saint-Simon;2022;298
15216;Saint-Urcize;2022;200
15217;Saint-Victor;2022;28
15218;Saint-Vincent-de-Salers;2022;34
15219;Salers;2022;144
15220;Salins;2022;45
15221;Sansac-de-Marmiesse;2022;330
15222;Sansac-Veinazès;2022;63
15223;Sauvat;2022;57
15224;La Ségalassière;2022;36
15225;Ségur-les-Villas;2022;77
15226;Sénezergues;2022;85
15228;Siran;2022;155
15229;Soulages;2022;31
15230;Sourniac;2022;53
15231;Talizat;2022;124
15232;Tanavelle;2022;65
15233;Teissières-de-Cornet;2022;42
15234;Teissières-lès-Bouliès;2022;89
15235;Les Ternes;2022;111
15236;Thiézac;2022;202
15237;Tiviers;2022;51
15238;Tournemire;2022;70
15240;Trémouille;2022;65
15241;La Trinitat;2022;22
15242;Le Trioulou;2022;22
15243;Trizac;2022;172
15244;Ussel;2022;86
15245;Vabres;2022;59
15246;Valette;2022;62
15247;Valjouze;2022;8
15248;Valuéjols;2022;130
15249;Le Vaulmier;2022;24
15250;Vebret;2022;141
15251;Védrines-Saint-Loup;2022;55
15252;Velzic;2022;88
15253;Vernols;2022;21
15254;Veyrières;2022;42
15255;Vézac;2022;263
15256;Vèze;2022;33
15257;Vezels-Roussy;2022;31
15258;Vic-sur-Cère;2022;644
15259;Vieillespesse;2022;53
15260;Vieillevie;2022;62
15261;Le Vigean;2022;217
15262;Villedieu;2022;116
15263;Virargues;2022;32
15264;Vitrac;2022;64
15265;Ydes;2022;577
15266;Yolet;2022;122
15267;Ytrac;2022;1066
15268;Le Rouget-Pers;2022;443
15269;Besse;2022;44
16001;Abzac;2022;163
16002;Les Adjots;2022;108
16003;Agris;2022;181
16005;Aigre;2022;591
16007;Alloue;2022;157
16008;Ambérac;2022;81
16009;Ambernac;2022;108
16011;Anais;2022;99
16012;Angeac-Champagne;2022;118
16013;Angeac-Charente;2022;91
16014;Angeduc;2022;31
16015;Angoulême;2022;8509
16016;Ansac-sur-Vienne;2022;263
16018;Ars;2022;180
16019;Asnières-sur-Nouère;2022;270
16020;Aubeterre-sur-Dronne;2022;176
16023;Aunac-sur-Charente;2022;211
16024;Aussac-Vadalle;2022;97
16025;Baignes-Sainte-Radegonde;2022;395
16026;Balzac;2022;330
16027;Barbezières;2022;38
16028;Barbezieux-Saint-Hilaire;2022;1504
16029;Bardenac;2022;53
16030;Barret;2022;274
16031;Barro;2022;102
16032;Bassac;2022;100
16034;Bazac;2022;42
16035;Beaulieu-sur-Sonnette;2022;96
16036;Bécheresse;2022;48
16037;Bellon;2022;44
16038;Benest;2022;117
16039;Bernac;2022;128
16040;Berneuil;2022;112
16041;Bessac;2022;44
16042;Bessé;2022;38
16044;Bioussac;2022;67
16045;Birac;2022;54
16046;Coteaux-du-Blanzacais;2022;256
16047;Blanzaguet-Saint-Cybard;2022;80
16048;Boisbreteau;2022;46
16049;Bonnes;2022;147
16050;Bonneuil;2022;55
16052;Bors (Canton de Tude-et-Lavalette);2022;88
16053;Bors (Canton de Charente-Sud);2022;30
16054;Le Bouchage;2022;75
16055;Bouëx;2022;196
16056;Bourg-Charente;2022;245
16057;Bouteville;2022;83
16058;Boutiers-Saint-Trojan;2022;371
16059;Brettes;2022;46
16060;Bréville;2022;134
16061;Brie;2022;764
16062;Brie-sous-Barbezieux;2022;30
16063;Brie-sous-Chalais;2022;52
16064;Brigueuil;2022;294
16065;Brillac;2022;210
16066;Brossac;2022;190
16067;Bunzac;2022;83
16068;Cellefrouin;2022;161
16069;Cellettes;2022;91
16070;Chabanais;2022;590
16071;Chabrac;2022;137
16072;Chadurie;2022;115
16073;Chalais;2022;665
16074;Challignac;2022;66
16075;Champagne-Vigny;2022;45
16076;Champagne-Mouton;2022;371
16077;Champmillon;2022;104
16078;Champniers;2022;1353
16079;Chantillac;2022;98
16081;La Chapelle;2022;47
16082;Boisné-La Tude;2022;176
16083;Charmé;2022;113
16084;Charras;2022;87
16085;Chasseneuil-sur-Bonnieure;2022;972
16086;Chassenon;2022;287
16087;Chassiecq;2022;60
16088;Chassors;2022;282
16089;Châteaubernard;2022;1113
16090;Châteauneuf-sur-Charente;2022;1037
16091;Châtignac;2022;47
16093;Chazelles;2022;392
16095;Chenon;2022;53
16096;Cherves-Châtelars;2022;133
16097;Val-de-Cognac;2022;985
16098;La Chèvrerie;2022;41
16099;Chillac;2022;70
16100;Chirac;2022;203
16101;Claix;2022;177
16102;Cognac;2022;4458
16103;Combiers;2022;39
16104;Condac;2022;161
16105;Condéon;2022;142
16106;Confolens;2022;1053
16107;Coulgens;2022;86
16108;Coulonges;2022;29
16109;Courbillac;2022;119
16110;Courcôme;2022;223
16111;Courgeac;2022;57
16112;Courlac;2022;25
16113;La Couronne;2022;1685
16114;Couture;2022;62
16116;Criteuil-la-Magdeleine;2022;98
16117;Curac;2022;33
16118;Deviat;2022;47
16119;Dignac;2022;357
16120;Dirac;2022;417
16121;Douzat;2022;100
16122;Ébréon;2022;57
16123;Échallat;2022;129
16124;Écuras;2022;207
16125;Édon;2022;82
16127;Empuré;2022;25
16128;Épenède;2022;68
16130;Les Essards;2022;61
16131;Esse;2022;136
16132;Étagnac;2022;331
16133;Étriac;2022;38
16134;Exideuil-sur-Vienne;2022;301
16135;Eymouthiers;2022;75
16136;La Faye;2022;170
16137;Feuillade;2022;93
16138;Fléac;2022;971
16139;Fleurac;2022;51
16141;Fontenille;2022;97
16142;La Forêt-de-Tessé;2022;79
16143;Fouquebrune;2022;161
16144;Fouqueure;2022;118
16145;Foussignac;2022;153
16146;Garat;2022;483
16148;Genac-Bignac;2022;237
16150;Gensac-la-Pallue;2022;481
16151;Genté;2022;218
16152;Gimeux;2022;205
16153;Mainxe-Gondeville;2022;237
16154;Gond-Pontouvre;2022;1476
16155;Les Gours;2022;36
16157;Le Grand-Madieu;2022;60
16158;Grassac;2022;78
16160;Guimps;2022;113
16161;Guizengeard;2022;32
16162;Gurat;2022;68
16163;Hiersac;2022;317
16164;Hiesse;2022;90
16165;Houlette;2022;75
16166;L'Isle-d'Espagnac;2022;1670
16167;Jarnac;2022;1437
16168;Jauldes;2022;170
16169;Javrezac;2022;150
16170;Juignac;2022;146
16171;Juillac-le-Coq;2022;159
16173;Juillé;2022;46
16174;Julienne;2022;109
16175;Val des Vignes;2022;383
16176;Lachaise;2022;78
16177;Ladiville;2022;24
16178;Lagarde-sur-le-Né;2022;40
16180;Laprade;2022;76
16181;Lessac;2022;164
16182;Lesterps;2022;141
16183;Lésignac-Durand;2022;49
16184;Lichères;2022;42
16185;Ligné;2022;50
16186;Lignières-Ambleville;2022;211
16187;Linars;2022;700
16188;Le Lindois;2022;110
16189;Londigny;2022;69
16190;Longré;2022;71
16191;Lonnes;2022;56
16192;Terres-de-Haute-Charente;2022;1181
16193;Louzac-Saint-André;2022;218
16194;Lupsault;2022;47
16195;Lussac;2022;64
16196;Luxé;2022;251
16197;La Magdeleine;2022;39
16198;Magnac-lès-Gardes;2022;160
16199;Magnac-sur-Touvre;2022;840
16200;Maine-de-Boixe;2022;136
16203;Mainzac;2022;34
16204;Bellevigne;2022;319
16205;Manot;2022;170
16206;Mansle-les-Fontaines;2022;663
16207;Marcillac-Lanville;2022;159
16208;Mareuil;2022;103
16209;Marillac-le-Franc;2022;202
16210;Marsac;2022;198
16211;Marthon;2022;176
16212;Massignac;2022;132
16213;Mazerolles;2022;106
16215;Médillac;2022;46
16216;Mérignac;2022;282
16217;Merpins;2022;266
16218;Mesnac;2022;50
16220;Les Métairies;2022;151
16221;Mons;2022;76
16222;Montboyer;2022;120
16223;Montbron;2022;713
16224;Montmérac;2022;202
16225;Montembœuf;2022;190
16227;Montignac-le-Coq;2022;42
16229;Montjean;2022;74
16230;Montmoreau;2022;847
16231;Montrollet;2022;91
16232;Mornac;2022;472
16233;Mosnac-Saint-Simeux;2022;202
16234;Moulidars;2022;139
16236;Mouthiers-sur-Boëme;2022;627
16237;Mouton;2022;57
16239;Mouzon;2022;47
16240;Nabinaud;2022;30
16241;Nanclars;2022;50
16242;Nanteuil-en-Vallée;2022;441
16243;Nercillac;2022;275
16244;Nersac;2022;537
16245;Nieuil;2022;241
16246;Nonac;2022;87
16248;Oradour;2022;70
16249;Oradour-Fanais;2022;105
16250;Orgedeuil;2022;75
16251;Oriolles;2022;66
16252;Orival;2022;49
16253;Paizay-Naudouin-Embourie;2022;123
16254;Palluaud;2022;73
16255;Parzac;2022;68
16256;Passirac;2022;81
16258;Pérignac;2022;130
16260;Pillac;2022;85
16261;Les Pins;2022;125
16263;Plassac-Rouffiac;2022;75
16264;Pleuville;2022;136
16267;Poullignac;2022;23
16268;Poursac;2022;73
16269;Pranzac;2022;227
16270;Pressignac;2022;152
16271;Puymoyen;2022;832
16272;Puyréaux;2022;140
16273;Raix;2022;35
16275;Ranville-Breuillaud;2022;55
16276;Reignac;2022;161
16277;Réparsac;2022;106
16279;Rioux-Martin;2022;63
16280;Rivières;2022;690
16281;La Rochefoucauld-en-Angoumois;2022;1358
16282;La Rochette;2022;122
16283;Ronsenac;2022;159
16284;Rouffiac;2022;47
16285;Rougnac;2022;129
16286;Rouillac;2022;861
16287;Roullet-Saint-Estèphe;2022;964
16289;Roussines;2022;116
16290;Rouzède;2022;81
16291;Ruelle-sur-Touvre;2022;1966
16292;Ruffec;2022;1247
16293;Saint-Adjutory;2022;113
16295;Saint-Amant-de-Boixe;2022;373
16297;Graves-Saint-Amant;2022;76
16298;Saint-Amant-de-Nouère;2022;92
16300;Val-de-Bonnieure;2022;402
16301;Saint-Aulais-la-Chapelle;2022;60
16302;Saint-Avit;2022;58
16303;Saint-Bonnet;2022;97
16304;Saint-Brice;2022;303
16306;Saint-Christophe;2022;102
16307;Saint-Ciers-sur-Bonnieure;2022;78
16308;Saint-Claud;2022;282
16310;Saint-Coutant;2022;65
16312;Saint-Cybardeaux;2022;173
16315;Saint-Félix;2022;42
16316;Saint-Fort-sur-le-Né;2022;76
16317;Saint-Fraigne;2022;131
16318;Saint-Front;2022;150
16320;Saint-Genis-d'Hiersac;2022;186
16321;Saint-Georges;2022;16
16323;Saint-Germain-de-Montbron;2022;123
16325;Saint-Gourson;2022;48
16326;Saint-Groux;2022;45
16329;Saint-Laurent-de-Céris;2022;222
16330;Saint-Laurent-de-Cognac;2022;205
16331;Saint-Laurent-des-Combes;2022;33
16334;Saint-Martial;2022;36
16335;Saint-Martin-du-Clocher;2022;41
16336;Saint-Mary;2022;90
16337;Saint-Maurice-des-Lions;2022;216
16338;Saint-Médard;2022;79
16339;Val-d'Auge;2022;210
16340;Saint-Même-les-Carrières;2022;266
16341;Saint-Michel;2022;1010
16342;Saint-Palais-du-Né;2022;77
16343;Saint-Preuil;2022;64
16345;Saint-Quentin-sur-Charente;2022;64
16346;Saint-Quentin-de-Chalais;2022;74
16347;Saint-Romain;2022;170
16348;Saint-Saturnin;2022;302
16349;Sainte-Sévère;2022;142
16350;Saint-Séverin;2022;260
16352;Saint-Simon;2022;50
16353;Saint-Sornin;2022;219
16354;Sainte-Souline;2022;34
16356;Saint-Sulpice-de-Ruffec;2022;18
16357;Saint-Vallier;2022;29
16358;Saint-Yrieix-sur-Charente;2022;1860
16359;Salles-d'Angles;2022;308
16360;Salles-de-Barbezieux;2022;89
16361;Salles-de-Villefagnan;2022;74
16362;Salles-Lavalette;2022;81
16363;Saulgond;2022;146
16364;Sauvagnac;2022;17
16365;Sauvignac;2022;33
16366;Segonzac;2022;568
16368;Sers;2022;180
16369;Sigogne;2022;245
16370;Sireuil;2022;276
16372;Souffrignac;2022;47
16373;Souvigné;2022;75
16374;Soyaux;2022;2278
16375;Suaux;2022;93
16377;La Tâche;2022;37
16378;Taizé-Aizie;2022;171
16379;Taponnat-Fleurignac;2022;422
16380;Le Tâtre;2022;89
16381;Theil-Rabier;2022;43
16382;Torsac;2022;199
16383;Tourriers;2022;136
16384;Touvérac;2022;186
16385;Touvre;2022;299
16387;Triac-Lautrait;2022;79
16388;Trois-Palis;2022;228
16389;Turgon;2022;32
16390;Tusson;2022;96
16392;Valence;2022;61
16393;La Boixe;2022;691
16394;Vaux-Lavalette;2022;27
16395;Vaux-Rouillac;2022;91
16396;Ventouse;2022;31
16397;Verdille;2022;115
16398;Verneuil;2022;34
16399;Verrières;2022;82
16400;Verteuil-sur-Charente;2022;219
16401;Vervant;2022;29
16402;Vibrac;2022;80
16403;Le Vieux-Cérier;2022;50
16404;Vieux-Ruffec;2022;35
16405;Vignolles;2022;41
16406;Moulins-sur-Tardoire;2022;189
16408;Villebois-Lavalette;2022;239
16409;Villefagnan;2022;366
16412;Villejoubert;2022;67
16413;Villiers-le-Roux;2022;47
16414;Villognon;2022;76
16415;Vindelle;2022;252
16416;Vitrac-Saint-Vincent;2022;140
16418;Vœuil-et-Giget;2022;386
16419;Vouharte;2022;120
16420;Voulgézac;2022;62
16421;Vouthon;2022;114
16422;Vouzan;2022;166
16423;Xambes;2022;81
16424;Yviers;2022;149
16425;Yvrac-et-Malleyrand;2022;139
17002;Agudelle;2022;42
17003;Aigrefeuille-d'Aunis;2022;1206
17004;Île-d'Aix;2022;94
17005;Allas-Bocage;2022;61
17006;Allas-Champagne;2022;54
17007;Anais;2022;52
17008;Andilly;2022;399
17009;Angliers;2022;114
17010;Angoulins;2022;1241
17011;Annepont;2022;89
17012;Annezay;2022;33
17013;Antezant-la-Chapelle;2022;97
17015;Arces;2022;157
17016;Archiac;2022;258
17017;Archingeay;2022;168
17018;Ardillières;2022;118
17019;Ars-en-Ré;2022;525
17020;Arthenac;2022;78
17021;Arvert;2022;1407
17022;Asnières-la-Giraud;2022;238
17023;Aujac;2022;83
17024;Aulnay;2022;546
17025;Aumagne;2022;197
17026;Authon-Ébéon;2022;109
17027;Avy;2022;137
17028;Aytré;2022;2362
17029;Bagnizeau;2022;58
17030;Balanzac;2022;115
17031;Ballans;2022;51
17032;Ballon;2022;135
17033;La Barde;2022;121
17034;Barzan;2022;220
17035;Bazauges;2022;47
17036;Beaugeay;2022;120
17037;Beauvais-sur-Matha;2022;180
17038;Bedenac;2022;156
17039;Belluire;2022;47
17041;Benon;2022;250
17042;Bercloux;2022;88
17043;Bernay-Saint-Martin;2022;208
17044;Berneuil;2022;197
17045;Beurlay;2022;251
17046;Bignay;2022;80
17047;Biron;2022;61
17048;Blanzac-lès-Matha;2022;98
17049;Blanzay-sur-Boutonne;2022;36
17050;Bois;2022;122
17051;Le Bois-Plage-en-Ré;2022;952
17052;Boisredon;2022;205
17053;Bords;2022;305
17054;Boresse-et-Martron;2022;67
17055;Boscamnant;2022;199
17056;Bougneau;2022;147
17057;Bouhet;2022;109
17058;Bourcefranc-le-Chapus;2022;1219
17059;Bourgneuf;2022;323
17060;Boutenac-Touvent;2022;67
17061;Bran;2022;53
17062;Bresdon;2022;87
17063;Breuil-la-Réorte;2022;115
17064;Breuillet;2022;1348
17065;Breuil-Magné;2022;402
17066;Brie-sous-Archiac;2022;72
17067;Brie-sous-Matha;2022;49
17068;Brie-sous-Mortagne;2022;103
17069;Brives-sur-Charente;2022;44
17070;Brizambourg;2022;233
17071;La Brousse;2022;140
17072;Burie;2022;325
17073;Bussac-sur-Charente;2022;372
17074;Bussac-Forêt;2022;224
17075;Cabariot;2022;323
17076;Celles;2022;78
17077;Cercoux;2022;321
17078;Chadenac;2022;126
17079;Chaillevette;2022;426
17080;Chambon;2022;176
17081;Chamouillac;2022;88
17082;Champagnac;2022;136
17083;Champagne;2022;113
17084;Champagnolles;2022;150
17085;Champdolent;2022;58
17086;Chaniers;2022;1034
17087;Chantemerle-sur-la-Soie;2022;50
17089;La Chapelle-des-Pots;2022;228
17091;Charron;2022;458
17092;Chartuzac;2022;46
17093;Le Château-d'Oléron;2022;1511
17094;Châtelaillon-Plage;2022;2692
17095;Chatenet;2022;76
17096;Chaunac;2022;29
17097;Le Chay;2022;251
17098;Chenac-Saint-Seurin-d'Uzet;2022;227
17099;Chepniers;2022;229
17100;Chérac;2022;266
17101;Cherbonnières;2022;96
17102;Chermignac;2022;331
17104;Chevanceaux;2022;270
17105;Chives;2022;125
17106;Cierzac;2022;41
17107;Ciré-d'Aunis;2022;262
17108;Clam;2022;99
17109;Clavette;2022;280
17110;Clérac;2022;298
17111;Clion;2022;233
17112;La Clisse;2022;132
17113;La Clotte;2022;168
17114;Coivert;2022;52
17115;Colombiers;2022;67
17116;Consac;2022;77
17117;Contré;2022;29
17118;Corignac;2022;84
17119;Corme-Écluse;2022;286
17120;Corme-Royal;2022;531
17121;La Couarde-sur-Mer;2022;512
17122;Coulonges;2022;58
17124;Courant;2022;92
17125;Courcelles;2022;176
17126;Courcerac;2022;77
17127;Courçon;2022;361
17128;Courcoury;2022;177
17129;Courpignac;2022;96
17130;Coux;2022;123
17131;Cozes;2022;842
17132;Cram-Chaban;2022;121
17133;Cravans;2022;285
17134;Crazannes;2022;130
17135;Cressé;2022;82
17136;Croix-Chapeau;2022;255
17137;La Croix-Comtesse;2022;70
17138;Dampierre-sur-Boutonne;2022;101
17139;Dœuil-sur-le-Mignon;2022;95
17140;Dolus-d'Oléron;2022;1120
17141;Dompierre-sur-Charente;2022;112
17142;Dompierre-sur-Mer;2022;1612
17143;Le Douhet;2022;197
17145;Échebrune;2022;120
17146;Échillais;2022;1065
17147;Écoyeux;2022;285
17148;Écurat;2022;105
17149;Les Éduts;2022;20
17150;Les Églises-d'Argenteuil;2022;131
17151;L'Éguille;2022;259
17152;Épargnes;2022;274
17153;Esnandes;2022;557
17154;Les Essards;2022;153
17155;Étaules;2022;951
17156;Expiremont;2022;27
17157;Fenioux;2022;47
17158;Ferrières;2022;154
17159;Fléac-sur-Seugne;2022;104
17160;Floirac;2022;210
17161;La Flotte;2022;1233
17162;Fontaine-Chalendray;2022;89
17163;Fontaines-d'Ozillac;2022;99
17164;Fontcouverte;2022;813
17165;Fontenet;2022;100
17166;Forges;2022;232
17167;Le Fouilloux;2022;192
17168;Fouras;2022;1862
17171;Geay;2022;155
17172;Gémozac;2022;965
17173;La Genétouze;2022;67
17174;Genouillé;2022;153
17175;Germignac;2022;121
17176;Gibourne;2022;41
17177;Le Gicq;2022;28
17178;Givrezac;2022;15
17179;Les Gonds;2022;571
17180;Gourvillette;2022;39
17181;Grandjean;2022;61
17182;La Grève-sur-Mignon;2022;98
17183;Grézac;2022;224
17184;La Gripperie-Saint-Symphorien;2022;98
17185;Le Gua;2022;664
17186;Le Gué-d'Alleré;2022;125
17187;Guitinières;2022;128
17188;Haimps;2022;120
17190;L'Houmeau;2022;1028
17191;La Jard;2022;57
17192;Jarnac-Champagne;2022;201
17193;La Jarne;2022;665
17194;La Jarrie;2022;743
17195;La Jarrie-Audouin;2022;107
17196;Jazennes;2022;132
17197;Jonzac;2022;1294
17198;Juicq;2022;48
17199;Jussas;2022;35
17200;Lagord;2022;2441
17201;La Laigne;2022;62
17202;Landes;2022;152
17203;Landrais;2022;147
17204;Léoville;2022;82
17205;Loire-les-Marais;2022;75
17206;Loiré-sur-Nie;2022;93
17207;Loix;2022;328
17208;Longèves;2022;152
17209;Lonzac;2022;68
17210;Lorignac;2022;173
17211;Loulay;2022;301
17212;Louzignac;2022;53
17213;Lozay;2022;47
17214;Luchat;2022;85
17215;Lussac;2022;6
17216;Lussant;2022;206
17217;Macqueville;2022;69
17218;Marans;2022;1404
17219;Marennes-Hiers-Brouage;2022;2247
17220;Marignac;2022;106
17221;Marsais;2022;169
17222;Marsilly;2022;936
17223;Massac;2022;62
17224;Matha;2022;876
17225;Les Mathes;2022;914
17226;Mazeray;2022;270
17227;Mazerolles;2022;72
17228;Médis;2022;1039
17229;Mérignac;2022;58
17230;Meschers-sur-Gironde;2022;1636
17231;Messac;2022;31
17232;Meursac;2022;387
17233;Meux;2022;97
17234;Migré;2022;91
17235;Migron;2022;186
17236;Mirambeau;2022;474
17237;Moëze;2022;128
17239;Mons;2022;112
17240;Montendre;2022;1187
17241;Montguyon;2022;498
17242;Montils;2022;225
17243;Montlieu-la-Garde;2022;385
17244;Montpellier-de-Médillan;2022;192
17245;Montroy;2022;159
17246;Moragne;2022;87
17247;Mornac-sur-Seudre;2022;245
17248;Mortagne-sur-Gironde;2022;366
17249;Mortiers;2022;44
17250;Mosnac;2022;131
17252;Le Mung;2022;81
17253;Muron;2022;247
17254;Nachamps;2022;49
17255;Nancras;2022;166
17256;Nantillé;2022;79
17257;Néré;2022;246
17258;Neuillac;2022;66
17259;Neulles;2022;37
17260;Neuvicq;2022;96
17261;Neuvicq-le-Château;2022;89
17262;Nieul-lès-Saintes;2022;330
17263;Nieul-le-Virouil;2022;135
17264;Nieul-sur-Mer;2022;1932
17265;Nieulle-sur-Seudre;2022;238
17266;Les Nouillers;2022;134
17267;Nuaillé-d'Aunis;2022;160
17268;Rives-de-Boutonne;2022;117
17269;Orignolles;2022;179
17270;Ozillac;2022;134
17271;Paillé;2022;102
17273;Pérignac;2022;269
17274;Périgny;2022;2344
17275;Pessines;2022;198
17276;Le Pin;2022;22
17277;Essouvert;2022;266
17278;Pisany;2022;181
17279;Plassac;2022;174
17280;Plassay;2022;153
17281;Polignac;2022;38
17282;Pommiers-Moulons;2022;56
17283;Pons;2022;1291
17284;Pont-l'Abbé-d'Arnoult;2022;516
17285;Port-d'Envaux;2022;302
17286;Les Portes-en-Ré;2022;255
17287;Pouillac;2022;63
17288;Poursay-Garnaud;2022;76
17289;Préguillac;2022;134
17290;Prignac;2022;71
17291;Puilboreau;2022;1962
17292;Puy-du-Lac;2022;63
17293;Puyravault;2022;132
17294;Puyrolland;2022;48
17295;Réaux sur Trèfle;2022;192
17296;Rétaud;2022;268
17297;Rivedoux-Plage;2022;891
17298;Rioux;2022;223
17299;Rochefort;2022;6760
17300;La Rochelle;2022;19506
17301;Romazières;2022;34
17302;Romegoux;2022;139
17303;La Ronde;2022;218
17304;Rouffiac;2022;135
17305;Rouffignac;2022;137
17306;Royan;2022;9352
17307;Sablonceaux;2022;348
17308;Saint-Agnant;2022;599
17309;Saint-Aigulin;2022;620
17310;Saint-André-de-Lidon;2022;270
17311;Saint-Augustin;2022;518
17312;Saint-Bonnet-sur-Gironde;2022;353
17313;Saint-Bris-des-Bois;2022;102
17314;Saint-Césaire;2022;204
17315;Saint-Christophe;2022;241
17316;Saint-Ciers-Champagne;2022;102
17317;Saint-Ciers-du-Taillon;2022;164
17318;Saint-Clément-des-Baleines;2022;271
17319;Sainte-Colombe;2022;37
17320;Saint-Coutant-le-Grand;2022;89
17321;Saint-Crépin;2022;67
17322;Saint-Cyr-du-Doret;2022;188
17323;Saint-Denis-d'Oléron;2022;570
17324;Saint-Dizant-du-Bois;2022;34
17325;Saint-Dizant-du-Gua;2022;160
17326;Saint-Eugène;2022;58
17327;Saint-Félix;2022;65
17328;Saint-Fort-sur-Gironde;2022;341
17329;Saint-Froult;2022;109
17330;Sainte-Gemme;2022;272
17331;Saint-Genis-de-Saintonge;2022;438
17332;Saint-Georges-Antignac;2022;111
17333;Saint-Georges-de-Didonne;2022;2814
17335;Saint-Georges-des-Agoûts;2022;92
17336;Saint-Georges-des-Coteaux;2022;837
17337;Saint-Georges-d'Oléron;2022;1667
17338;Saint-Georges-du-Bois;2022;407
17339;Saint-Germain-de-Lusignan;2022;398
17340;Saint-Pierre-La-Noue;2022;344
17341;Saint-Germain-de-Vibrac;2022;60
17342;Saint-Germain-du-Seudre;2022;117
17343;Saint-Grégoire-d'Ardennes;2022;35
17344;Saint-Hilaire-de-Villefranche;2022;349
17345;Saint-Hilaire-du-Bois;2022;77
17346;Saint-Hippolyte;2022;268
17347;Saint-Jean-d'Angély;2022;2352
17348;Saint-Jean-d'Angle;2022;175
17349;Saint-Jean-de-Liversay;2022;591
17350;Saint-Julien-de-l'Escap;2022;356
17351;Saint-Just-Luzac;2022;514
17353;Saint-Laurent-de-la-Prée;2022;533
17354;Saint-Léger;2022;138
17355;Sainte-Lheurine;2022;117
17356;Saint-Loup;2022;98
17357;Saint-Maigrin;2022;143
17358;Saint-Mandé-sur-Brédoire;2022;98
17359;Saint-Mard;2022;255
17360;Sainte-Marie-de-Ré;2022;1286
17361;Saint-Martial;2022;41
17362;Saint-Martial-de-Mirambeau;2022;72
17363;Saint-Martial-de-Vitaterne;2022;233
17364;Saint-Martial-sur-Né;2022;96
17365;Saint-Martin-d'Ary;2022;161
17366;Saint-Martin-de-Coux;2022;115
17367;Saint-Martin-de-Juillers;2022;39
17369;Saint-Martin-de-Ré;2022;768
17372;Saint-Médard;2022;14
17373;Saint-Médard-d'Aunis;2022;372
17374;Sainte-Même;2022;60
17375;Saint-Nazaire-sur-Charente;2022;337
17376;Saint-Ouen-d'Aunis;2022;225
17377;Saint-Ouen-la-Thène;2022;38
17378;Saint-Palais-de-Négrignac;2022;98
17379;Saint-Palais-de-Phiolin;2022;67
17380;Saint-Palais-sur-Mer;2022;2225
17381;Saint-Pardoult;2022;54
17382;Saint-Pierre-d'Amilly;2022;103
17383;Saint-Pierre-de-Juillers;2022;101
17384;Saint-Pierre-de-l'Isle;2022;116
17385;Saint-Pierre-d'Oléron;2022;2505
17386;Saint-Pierre-du-Palais;2022;79
17387;Saint-Porchaire;2022;501
17388;Saint-Quantin-de-Rançanne;2022;88
17389;Sainte-Radegonde;2022;140
17390;Sainte-Ramée;2022;42
17391;Saint-Rogatien;2022;583
17393;Saint-Romain-de-Benet;2022;518
17394;Saint-Saturnin-du-Bois;2022;257
17395;Saint-Sauvant;2022;125
17396;Saint-Sauveur-d'Aunis;2022;374
17397;Saint-Savinien;2022;870
17398;Saint-Seurin-de-Palenne;2022;55
17400;Saint-Sever-de-Saintonge;2022;143
17401;Saint-Séverin-sur-Boutonne;2022;40
17402;Saint-Sigismond-de-Clermont;2022;48
17403;Saint-Simon-de-Bordes;2022;216
17404;Saint-Simon-de-Pellouaille;2022;107
17405;Saint-Sorlin-de-Conac;2022;86
17406;Saint-Sornin;2022;107
17407;Sainte-Soulle;2022;884
17408;Saint-Sulpice-d'Arnoult;2022;146
17409;Saint-Sulpice-de-Royan;2022;1351
17410;Saint-Thomas-de-Conac;2022;233
17411;Saint-Trojan-les-Bains;2022;386
17412;Saint-Vaize;2022;151
17413;Saint-Vivien;2022;245
17414;Saint-Xandre;2022;1413
17415;Saintes;2022;7828
17416;Saleignes;2022;26
17417;Salignac-de-Mirambeau;2022;42
17418;Salignac-sur-Charente;2022;146
17420;Salles-sur-Mer;2022;646
17421;Saujon;2022;3062
17422;Seigné;2022;29
17423;Semillac;2022;23
17424;Semoussac;2022;89
17425;Semussac;2022;730
17426;Le Seure;2022;54
17427;Siecq;2022;68
17428;Sonnac;2022;137
17429;Soubise;2022;646
17430;Soubran;2022;105
17431;Soulignonne;2022;172
17432;Souméras;2022;110
17433;Sousmoulins;2022;76
17434;Surgères;2022;2129
17435;Taillant;2022;48
17436;Taillebourg;2022;175
17437;Talmont-sur-Gironde;2022;41
17438;Tanzac;2022;77
17439;Taugon;2022;163
17440;Ternant;2022;132
17441;Tesson;2022;288
17442;Thaims;2022;103
17443;Thairé;2022;329
17444;Thénac;2022;391
17445;Thézac;2022;81
17446;Thors;2022;129
17447;Le Thou;2022;331
17448;Tonnay-Boutonne;2022;404
17449;Tonnay-Charente;2022;2221
17450;Torxé;2022;63
17451;Les Touches-de-Périgny;2022;189
17452;La Tremblade;2022;2067
17453;Trizay;2022;354
17454;Tugéras-Saint-Maurice;2022;102
17455;La Vallée;2022;160
17457;La Devise;2022;280
17458;Vanzac;2022;55
17459;Varaize;2022;172
17460;Varzay;2022;214
17461;Vaux-sur-Mer;2022;2170
17462;Vénérand;2022;182
17463;Vergeroux;2022;301
17464;Vergné;2022;40
17465;La Vergne;2022;162
17466;Vérines;2022;324
17467;Vervant;2022;60
17468;Vibrac;2022;41
17469;Villars-en-Pons;2022;113
17470;Villars-les-Bois;2022;76
17471;La Villedieu;2022;76
17472;Villedoux;2022;290
17473;Villemorin;2022;32
17474;Villeneuve-la-Comtesse;2022;232
17476;Villexavier;2022;76
17477;Villiers-Couture;2022;37
17478;Vinax;2022;17
17479;Virollet;2022;98
17480;Virson;2022;114
17481;Voissay;2022;35
17482;Vouhé;2022;142
17483;Yves;2022;308
17484;Port-des-Barques;2022;724
17485;Le Grand-Village-Plage;2022;453
17486;La Brée-les-Bains;2022;354
18001;Achères;2022;85
18002;Ainay-le-Vieil;2022;48
18003;Les Aix-d'Angillon;2022;578
18004;Allogny;2022;229
18005;Allouis;2022;170
18006;Annoix;2022;59
18007;Apremont-sur-Allier;2022;19
18008;Arçay;2022;73
18009;Arcomps;2022;71
18010;Ardenais;2022;51
18011;Argent-sur-Sauldre;2022;741
18012;Argenvières;2022;107
18013;Arpheuilles;2022;89
18014;Assigny;2022;51
18015;Aubigny-sur-Nère;2022;1672
18016;Aubinges;2022;68
18017;Augy-sur-Aubois;2022;77
18018;Avord;2022;325
18019;Azy;2022;114
18020;Bannay;2022;230
18021;Bannegon;2022;84
18022;Barlieu;2022;103
18023;Baugy;2022;323
18024;Beddes;2022;36
18025;Beffes;2022;177
18026;Belleville-sur-Loire;2022;178
18027;Bengy-sur-Craon;2022;125
18028;Berry-Bouy;2022;277
18029;Bessais-le-Fromental;2022;87
18030;Blancafort;2022;275
18031;Blet;2022;147
18032;Boulleret;2022;431
18033;Bourges;2022;14969
18034;Bouzais;2022;94
18035;Brécy;2022;141
18036;Brinay;2022;159
18037;Brinon-sur-Sauldre;2022;344
18038;Bruère-Allichamps;2022;134
18039;Bué;2022;76
18040;Bussy;2022;76
18041;La Celette;2022;35
18042;La Celle;2022;90
18043;La Celle-Condé;2022;89
18044;Cerbois;2022;65
18045;Chalivoy-Milon;2022;99
18046;Chambon;2022;35
18047;La Chapelle-d'Angillon;2022;184
18048;La Chapelle-Hugon;2022;90
18049;La Chapelle-Montlinard;2022;155
18050;La Chapelle-Saint-Ursin;2022;855
18051;La Chapelotte;2022;44
18052;Charenton-du-Cher;2022;274
18053;Charentonnay;2022;75
18054;Charly;2022;75
18055;Chârost;2022;210
18056;Chassy;2022;71
18057;Châteaumeillant;2022;716
18058;Châteauneuf-sur-Cher;2022;398
18059;Le Châtelet;2022;381
18060;Chaumont;2022;16
18061;Chaumoux-Marcilly;2022;21
18062;Le Chautay;2022;66
18063;Chavannes;2022;32
18064;Chéry;2022;58
18065;Chezal-Benoît;2022;269
18066;Civray;2022;208
18067;Clémont;2022;198
18068;Cogny;2022;8
18069;Colombiers;2022;105
18070;Concressault;2022;64
18071;Contres;2022;7
18072;Cornusse;2022;55
18073;Corquoy;2022;52
18074;Couargues;2022;54
18075;Cours-les-Barres;2022;232
18076;Coust;2022;123
18077;Couy;2022;84
18078;Crézançay-sur-Cher;2022;20
18079;Crézancy-en-Sancerre;2022;136
18080;Croisy;2022;23
18081;Crosses;2022;71
18082;Cuffy;2022;223
18083;Culan;2022;269
18084;Dampierre-en-Crot;2022;68
18085;Dampierre-en-Graçay;2022;44
18086;Drevant;2022;176
18087;Dun-sur-Auron;2022;1160
18088;Ennordres;2022;52
18089;Épineuil-le-Fleuriel;2022;128
18090;Étréchy;2022;87
18091;Farges-Allichamps;2022;64
18092;Farges-en-Septaine;2022;156
18093;Faverdines;2022;36
18094;Feux;2022;88
18095;Flavigny;2022;49
18096;Foëcy;2022;453
18097;Fussy;2022;705
18098;Gardefort;2022;33
18099;Garigny;2022;66
18100;Genouilly;2022;197
18101;Germigny-l'Exempt;2022;72
18102;Givardon;2022;100
18103;Graçay;2022;474
18104;Groises;2022;46
18105;Gron;2022;80
18106;Grossouvre;2022;70
18107;La Groutte;2022;29
18108;La Guerche-sur-l'Aubois;2022;934
18109;Henrichemont;2022;612
18110;Herry;2022;288
18111;Humbligny;2022;45
18112;Ids-Saint-Roch;2022;106
18113;Ignol;2022;42
18114;Ineuil;2022;49
18115;Ivoy-le-Pré;2022;180
18116;Jalognes;2022;91
18117;Jars;2022;146
18118;Jouet-sur-l'Aubois;2022;354
18119;Jussy-Champagne;2022;54
18120;Jussy-le-Chaudrier;2022;152
18121;Lantan;2022;23
18122;Lapan;2022;37
18124;Lazenay;2022;63
18125;Léré;2022;354
18126;Levet;2022;318
18127;Lignières;2022;548
18128;Limeux;2022;30
18129;Lissay-Lochy;2022;15
18130;Loye-sur-Arnon;2022;90
18132;Lugny-Champagne;2022;39
18133;Lunery;2022;345
18134;Lury-sur-Arnon;2022;168
18135;Maisonnais;2022;93
18136;Marçais;2022;84
18137;Mareuil-sur-Arnon;2022;161
18138;Marmagne;2022;521
18139;Marseilles-lès-Aubigny;2022;199
18140;Massay;2022;383
18141;Mehun-sur-Yèvre;2022;1840
18142;Meillant;2022;163
18143;Menetou-Couture;2022;90
18144;Menetou-Râtel;2022;124
18145;Menetou-Salon;2022;448
18146;Ménétréol-sous-Sancerre;2022;103
18147;Ménétréol-sur-Sauldre;2022;40
18148;Méreau;2022;638
18149;Méry-ès-Bois;2022;164
18150;Méry-sur-Cher;2022;156
18151;Montigny;2022;93
18152;Montlouis;2022;29
18153;Morlac;2022;86
18154;Mornay-Berry;2022;60
18155;Mornay-sur-Allier;2022;149
18156;Morogues;2022;137
18157;Morthomiers;2022;98
18158;Moulins-sur-Yèvre;2022;96
18159;Nançay;2022;273
18160;Nérondes;2022;470
18161;Neuilly-en-Dun;2022;90
18162;Neuilly-en-Sancerre;2022;85
18163;Neuvy-Deux-Clochers;2022;73
18164;Neuvy-le-Barrois;2022;37
18165;Neuvy-sur-Barangeon;2022;409
18166;Nohant-en-Goût;2022;173
18167;Nohant-en-Graçay;2022;97
18168;Le Noyer;2022;91
18169;Nozières;2022;50
18170;Oizon;2022;202
18171;Orcenais;2022;60
18172;Orval;2022;572
18173;Osmery;2022;55
18174;Osmoy;2022;37
18175;Ourouer-les-Bourdelins;2022;162
18176;Parassy;2022;92
18177;Parnay;2022;8
18178;La Perche;2022;62
18179;Pigny;2022;180
18180;Plaimpied-Givaudins;2022;427
18181;Plou;2022;106
18182;Poisieux;2022;38
18183;Le Pondy;2022;42
18184;Précy;2022;138
18185;Presly;2022;62
18186;Preuilly;2022;102
18187;Préveranges;2022;237
18188;Primelles;2022;44
18189;Quantilly;2022;109
18190;Quincy;2022;168
18191;Raymond;2022;34
18192;Reigny;2022;77
18193;Rezay;2022;73
18194;Rians;2022;196
18195;Sagonne;2022;58
18196;Saint-Aignan-des-Noyers;2022;29
18197;Saint-Amand-Montrond;2022;3394
18198;Saint-Ambroix;2022;82
18199;Saint-Baudel;2022;74
18200;Saint-Bouize;2022;76
18201;Saint-Caprais;2022;98
18202;Saint-Céols;2022;2
18203;Saint-Christophe-le-Chaudry;2022;16
18204;Saint-Denis-de-Palin;2022;69
18205;Saint-Doulchard;2022;2779
18206;Saint-Éloy-de-Gy;2022;300
18207;Saint-Florent-sur-Cher;2022;1840
18208;Sainte-Gemme-en-Sancerrois;2022;92
18209;Saint-Georges-de-Poisieux;2022;93
18210;Saint-Georges-sur-la-Prée;2022;111
18211;Saint-Georges-sur-Moulon;2022;164
18212;Saint-Germain-des-Bois;2022;119
18213;Saint-Germain-du-Puy;2022;1344
18214;Saint-Hilaire-de-Court;2022;170
18215;Saint-Hilaire-de-Gondilly;2022;22
18216;Saint-Hilaire-en-Lignières;2022;165
18217;Saint-Jeanvrin;2022;49
18218;Saint-Just;2022;135
18219;Saint-Laurent;2022;109
18220;Saint-Léger-le-Petit;2022;97
18221;Saint-Loup-des-Chaumes;2022;60
18223;Saint-Martin-d'Auxigny;2022;457
18224;Saint-Martin-des-Champs;2022;96
18225;Saint-Maur;2022;84
18226;Saint-Michel-de-Volangis;2022;108
18227;Sainte-Montaine;2022;68
18228;Saint-Outrille;2022;83
18229;Saint-Palais;2022;137
18230;Saint-Pierre-les-Bois;2022;108
18231;Saint-Pierre-les-Étieux;2022;172
18232;Saint-Priest-la-Marche;2022;85
18233;Saint-Satur;2022;460
18234;Saint-Saturnin;2022;182
18235;Sainte-Solange;2022;270
18236;Saint-Symphorien;2022;27
18237;Sainte-Thorette;2022;98
18238;Saint-Vitte;2022;36
18240;Sancergues;2022;206
18241;Sancerre;2022;503
18242;Sancoins;2022;1065
18243;Santranges;2022;105
18244;Saugy;2022;18
18245;Saulzais-le-Potier;2022;141
18246;Savigny-en-Sancerre;2022;279
18247;Savigny-en-Septaine;2022;115
18248;Senneçay;2022;83
18249;Sens-Beaujeu;2022;101
18250;Serruelles;2022;17
18251;Sévry;2022;17
18252;Sidiailles;2022;141
18253;Soulangis;2022;73
18254;Soye-en-Septaine;2022;111
18255;Le Subdray;2022;148
18256;Subligny;2022;86
18257;Sury-près-Léré;2022;133
18258;Sury-en-Vaux;2022;237
18259;Sury-ès-Bois;2022;103
18260;Tendron;2022;12
18261;Thaumiers;2022;104
18262;Thauvenay;2022;80
18263;Thénioux;2022;169
18264;Thou;2022;18
18265;Torteron;2022;177
18266;Touchay;2022;77
18267;Trouy;2022;984
18268;Uzay-le-Venon;2022;94
18269;Vailly-sur-Sauldre;2022;301
18270;Vallenay;2022;202
18271;Vasselay;2022;268
18272;Veaugues;2022;162
18273;Venesmes;2022;200
18274;Verdigny;2022;84
18275;Vereaux;2022;37
18276;Vernais;2022;75
18277;Verneuil;2022;5
18278;Vesdun;2022;182
18279;Vierzon;2022;7474
18280;Vignoux-sous-les-Aix;2022;204
18281;Vignoux-sur-Barangeon;2022;528
18282;Villabon;2022;106
18283;Villecelin;2022;27
18284;Villegenon;2022;60
18285;Villeneuve-sur-Cher;2022;104
18286;Villequiers;2022;105
18287;Vinon;2022;80
18288;Vorly;2022;44
18289;Vornay;2022;83
18290;Vouzeron;2022;105
19001;Affieux;2022;148
19002;Aix;2022;87
19003;Albignac;2022;85
19004;Albussac;2022;224
19005;Allassac;2022;977
19006;Alleyrat;2022;22
19007;Altillac;2022;291
19008;Ambrugeat;2022;91
19009;Les Angles-sur-Corrèze;2022;36
19010;Argentat-sur-Dordogne;2022;1054
19011;Arnac-Pompadour;2022;421
19012;Astaillac;2022;64
19013;Aubazines;2022;211
19014;Auriac;2022;85
19015;Ayen;2022;170
19016;Bar;2022;76
19017;Bassignac-le-Bas;2022;33
19018;Bassignac-le-Haut;2022;66
19019;Beaulieu-sur-Dordogne;2022;559
19020;Beaumont;2022;49
19021;Bellechassagne;2022;25
19022;Benayes;2022;92
19023;Beynat;2022;365
19024;Beyssac;2022;164
19025;Beyssenac;2022;94
19026;Bilhac;2022;71
19027;Bonnefond;2022;42
19028;Bort-les-Orgues;2022;871
19029;Branceilles;2022;80
19030;Brignac-la-Plaine;2022;203
19031;Brive-la-Gaillarde;2022;13236
19033;Bugeat;2022;370
19034;Camps-Saint-Mathurin-Léobazel;2022;59
19035;Chabrignac;2022;154
19036;Chamberet;2022;540
19037;Chamboulive;2022;365
19038;Chameyrat;2022;487
19039;Champagnac-la-Noaille;2022;83
19040;Champagnac-la-Prune;2022;48
19041;Chanac-les-Mines;2022;154
19042;Chanteix;2022;120
19043;La Chapelle-aux-Brocs;2022;118
19044;La Chapelle-aux-Saints;2022;71
19045;La Chapelle-Saint-Géraud;2022;51
19046;Chapelle-Spinasse;2022;35
19047;Chartrier-Ferrière;2022;96
19048;Le Chastang;2022;98
19049;Chasteaux;2022;133
19050;Chauffour-sur-Vell;2022;115
19051;Chaumeil;2022;72
19052;Chavanac;2022;17
19053;Chaveroche;2022;57
19054;Chenailler-Mascheix;2022;81
19055;Chirac-Bellevue;2022;64
19056;Clergoux;2022;122
19057;Collonges-la-Rouge;2022;152
19058;Combressol;2022;94
19059;Concèze;2022;99
19060;Condat-sur-Ganaveix;2022;213
19061;Cornil;2022;497
19062;Corrèze;2022;394
19063;Cosnac;2022;807
19064;Couffy-sur-Sarsonne;2022;28
19065;Courteix;2022;15
19066;Cublac;2022;447
19067;Curemonte;2022;74
19068;Dampniat;2022;166
19069;Darazac;2022;63
19070;Darnets;2022;78
19071;Davignac;2022;77
19072;Donzenac;2022;615
19073;Égletons;2022;975
19074;L'Église-aux-Bois;2022;17
19075;Espagnac;2022;112
19076;Espartignac;2022;124
19077;Estivals;2022;32
19078;Estivaux;2022;99
19079;Eyburie;2022;154
19080;Eygurande;2022;204
19081;Eyrein;2022;128
19082;Favars;2022;272
19083;Feyt;2022;35
19084;Forgès;2022;100
19085;Gimel-les-Cascades;2022;191
19086;Goulles;2022;117
19087;Gourdon-Murat;2022;32
19088;Grandsaigne;2022;20
19089;Gros-Chastang;2022;90
19090;Gumond;2022;37
19091;Hautefage;2022;89
19093;Jugeals-Nazareth;2022;204
19094;Juillac;2022;372
19095;Lacelle;2022;52
19096;Ladignac-sur-Rondelles;2022;100
19097;Lafage-sur-Sombre;2022;47
19098;Lagarde-Marc-la-Tour;2022;281
19099;Lagleygeolle;2022;60
19100;Lagraulière;2022;329
19101;Laguenne-sur-Avalouze;2022;412
19102;Lamazière-Basse;2022;93
19103;Lamazière-Haute;2022;21
19104;Lamongerie;2022;40
19105;Lanteuil;2022;120
19106;Lapleau;2022;133
19107;Larche;2022;372
19108;Laroche-près-Feyt;2022;23
19109;Lascaux;2022;44
19110;Latronche;2022;43
19111;Laval-sur-Luzège;2022;36
19112;Lestards;2022;46
19113;Liginiac;2022;187
19114;Lignareix;2022;45
19115;Ligneyrac;2022;77
19116;Liourdres;2022;81
19117;Lissac-sur-Couze;2022;157
19118;Le Lonzac;2022;350
19119;Lostanges;2022;61
19120;Louignac;2022;62
19121;Lubersac;2022;808
19122;Madranges;2022;77
19123;Malemort;2022;2418
19124;Mansac;2022;437
19125;Marcillac-la-Croisille;2022;342
19126;Marcillac-la-Croze;2022;80
19128;Margerides;2022;57
19129;Masseret;2022;195
19130;Maussac;2022;115
19131;Meilhards;2022;210
19132;Ménoire;2022;36
19133;Mercœur;2022;84
19134;Merlines;2022;253
19135;Mestes;2022;75
19136;Meymac;2022;635
19137;Meyrignac-l'Église;2022;11
19138;Meyssac;2022;486
19139;Millevaches;2022;21
19140;Monceaux-sur-Dordogne;2022;226
19141;Monestier-Merlines;2022;49
19142;Monestier-Port-Dieu;2022;38
19143;Montaignac-sur-Doustre;2022;135
19144;Montgibaud;2022;52
19145;Moustier-Ventadour;2022;113
19146;Naves;2022;742
19147;Nespouls;2022;156
19148;Neuvic;2022;492
19149;Neuville;2022;64
19150;Noailhac;2022;77
19151;Noailles;2022;182
19152;Nonards;2022;143
19153;Objat;2022;1221
19154;Orgnac-sur-Vézère;2022;96
19155;Orliac-de-Bar;2022;76
19156;Palazinges;2022;35
19157;Palisse;2022;53
19158;Pandrignes;2022;53
19159;Péret-Bel-Air;2022;32
19160;Pérols-sur-Vézère;2022;77
19161;Perpezac-le-Blanc;2022;135
19162;Perpezac-le-Noir;2022;303
19163;Le Pescher;2022;75
19164;Peyrelevade;2022;250
19165;Peyrissac;2022;51
19166;Pierrefitte;2022;24
19167;Confolent-Port-Dieu;2022;15
19168;Pradines;2022;44
19169;Puy-d'Arnac;2022;91
19170;Queyssac-les-Vignes;2022;57
19171;Reygade;2022;50
19172;Rilhac-Treignac;2022;58
19173;Rilhac-Xaintrie;2022;108
19174;La Roche-Canillac;2022;54
19175;Roche-le-Peyroux;2022;21
19176;Rosiers-d'Égletons;2022;277
19177;Rosiers-de-Juillac;2022;51
19178;Sadroc;2022;176
19179;Saillac;2022;57
19180;Saint-Angel;2022;146
19181;Saint-Augustin;2022;170
19182;Saint-Aulaire;2022;207
19184;Saint-Bazile-de-Meyssac;2022;42
19186;Saint-Bonnet-Elvert;2022;78
19187;Saint-Bonnet-la-Rivière;2022;89
19188;Saint-Bonnet-l'Enfantier;2022;74
19189;Saint-Bonnet-les-Tours-de-Merle;2022;16
19190;Saint-Bonnet-près-Bort;2022;45
19191;Saint-Cernin-de-Larche;2022;150
19192;Saint-Chamant;2022;146
19193;Saint-Cirgues-la-Loutre;2022;77
19194;Saint-Clément;2022;297
19195;Saint-Cyprien;2022;72
19196;Saint-Cyr-la-Roche;2022;86
19198;Saint-Éloy-les-Tuileries;2022;37
19199;Saint-Étienne-aux-Clos;2022;66
19200;Saint-Étienne-la-Geneste;2022;12
19201;Saint-Exupéry-les-Roches;2022;171
19202;Sainte-Féréole;2022;442
19203;Sainte-Fortunade;2022;576
19204;Saint-Fréjoux;2022;69
19205;Saint-Geniez-ô-Merle;2022;31
19206;Saint-Germain-Lavolps;2022;26
19207;Saint-Germain-les-Vergnes;2022;225
19208;Saint-Hilaire-Foissac;2022;53
19209;Saint-Hilaire-les-Courbes;2022;56
19210;Saint-Hilaire-Luc;2022;24
19211;Saint-Hilaire-Peyroux;2022;194
19212;Saint-Hilaire-Taurieux;2022;26
19213;Saint-Jal;2022;155
19214;Saint-Julien-aux-Bois;2022;183
19215;Saint-Julien-le-Pèlerin;2022;51
19216;Saint-Julien-le-Vendômois;2022;75
19217;Saint-Julien-Maumont;2022;55
19219;Sainte-Marie-Lapanouze;2022;11
19220;Saint-Martial-de-Gimel;2022;130
19221;Saint-Martial-Entraygues;2022;24
19222;Saint-Martin-la-Méanne;2022;135
19225;Saint-Merd-de-Lapleau;2022;63
19226;Saint-Merd-les-Oussines;2022;41
19227;Saint-Mexant;2022;283
19228;Saint-Pantaléon-de-Lapleau;2022;18
19229;Saint-Pantaléon-de-Larche;2022;1128
19231;Saint-Pardoux-la-Croisille;2022;62
19232;Saint-Pardoux-le-Neuf;2022;17
19233;Saint-Pardoux-le-Vieux;2022;68
19234;Saint-Pardoux-l'Ortigier;2022;125
19235;Saint-Paul;2022;80
19236;Saint-Priest-de-Gimel;2022;100
19237;Saint-Privat;2022;376
19238;Saint-Rémy;2022;53
19239;Saint-Robert;2022;127
19240;Saint-Salvadour;2022;93
19241;Saint-Setiers;2022;80
19242;Saint-Solve;2022;96
19243;Saint-Sornin-Lavolps;2022;353
19244;Saint-Sulpice-les-Bois;2022;24
19245;Saint-Sylvain;2022;40
19246;Saint-Viance;2022;402
19247;Saint-Victour;2022;45
19248;Les Trois-Saints;2022;386
19249;Saint-Yrieix-le-Déjalat;2022;109
19250;Salon-la-Tour;2022;193
19251;Sarran;2022;83
19252;Sarroux - Saint Julien;2022;248
19253;Segonzac;2022;62
19254;Ségur-le-Château;2022;67
19255;Seilhac;2022;546
19256;Sérandon;2022;115
19257;Sérilhac;2022;76
19258;Servières-le-Château;2022;188
19259;Sexcles;2022;89
19260;Sioniac;2022;74
19261;Sornac;2022;223
19262;Soudaine-Lavinadière;2022;55
19263;Soudeilles;2022;83
19264;Soursac;2022;220
19265;Tarnac;2022;134
19266;Thalamy;2022;23
19268;Toy-Viam;2022;17
19269;Treignac;2022;552
19270;Troche;2022;158
19271;Tudeils;2022;69
19272;Tulle;2022;3738
19273;Turenne;2022;214
19274;Ussac;2022;1041
19275;Ussel;2022;2460
19276;Uzerche;2022;661
19277;Valiergues;2022;33
19278;Varetz;2022;632
19279;Vars-sur-Roseix;2022;93
19280;Végennes;2022;67
19281;Veix;2022;28
19283;Veyrières;2022;15
19284;Viam;2022;28
19285;Vigeois;2022;410
19286;Vignols;2022;164
19287;Vitrac-sur-Montane;2022;58
19288;Voutezac;2022;327
19289;Yssandon;2022;160
21001;Agencourt;2022;94
21002;Agey;2022;65
21003;Ahuy;2022;442
21004;Aignay-le-Duc;2022;81
21005;Aiserey;2022;299
21006;Aisey-sur-Seine;2022;57
21007;Aisy-sous-Thil;2022;58
21008;Alise-Sainte-Reine;2022;253
21009;Allerey;2022;62
21010;Aloxe-Corton;2022;27
21011;Ampilly-les-Bordes;2022;23
21012;Ampilly-le-Sec;2022;116
21013;Ancey;2022;45
21014;Antheuil;2022;23
21015;Antigny-la-Ville;2022;19
21016;Arceau;2022;183
21017;Arcenant;2022;97
21018;Arcey;2022;12
21020;Arconcey;2022;49
21021;Arc-sur-Tille;2022;530
21022;Argilly;2022;89
21023;Arnay-le-Duc;2022;553
21024;Arnay-sous-Vitteaux;2022;31
21025;Arrans;2022;16
21026;Asnières-en-Montagne;2022;51
21027;Asnières-lès-Dijon;2022;264
21028;Athée;2022;228
21029;Athie;2022;22
21030;Aubaine;2022;31
21031;Aubigny-en-Plaine;2022;81
21032;Aubigny-la-Ronce;2022;48
21033;Aubigny-lès-Sombernon;2022;36
21034;Autricourt;2022;47
21035;Auvillars-sur-Saône;2022;43
21036;Auxant;2022;18
21037;Auxey-Duresses;2022;90
21038;Auxonne;2022;1781
21039;Avelanges;2022;9
21040;Avosnes;2022;22
21041;Avot;2022;41
21042;Bagnot;2022;36
21043;Baigneux-les-Juifs;2022;65
21044;Balot;2022;27
21045;Barbirey-sur-Ouche;2022;54
21046;Bard-le-Régulier;2022;21
21047;Bard-lès-Époisses;2022;18
21048;Barges;2022;100
21049;Barjon;2022;13
21050;Baubigny;2022;58
21051;Baulme-la-Roche;2022;20
21052;Beaulieu;2022;11
21053;Beaumont-sur-Vingeanne;2022;55
21054;Beaune;2022;5160
21055;Beaunotte;2022;4
21056;Beire-le-Châtel;2022;150
21057;Beire-le-Fort;2022;43
21058;Belan-sur-Ource;2022;69
21059;Bellefond;2022;211
21060;Belleneuve;2022;416
21061;Bellenod-sur-Seine;2022;19
21062;Bellenot-sous-Pouilly;2022;63
21063;Beneuvre;2022;24
21064;Benoisey;2022;23
21065;Bessey-en-Chaume;2022;23
21066;Bessey-la-Cour;2022;21
21067;Bessey-lès-Cîteaux;2022;106
21068;Beurey-Bauguay;2022;21
21069;Beurizot;2022;31
21070;Bévy;2022;15
21071;Bèze;2022;126
21072;Bézouotte;2022;41
21074;Billey;2022;52
21075;Billy-lès-Chanceaux;2022;17
21076;Binges;2022;152
21077;Bissey-la-Côte;2022;36
21078;Bissey-la-Pierre;2022;15
21079;Blagny-sur-Vingeanne;2022;40
21080;Blaisy-Bas;2022;138
21081;Blaisy-Haut;2022;20
21082;Blancey;2022;16
21083;Blanot;2022;48
21084;Source-Seine;2022;16
21085;Bligny-le-Sec;2022;28
21086;Bligny-lès-Beaune;2022;287
21087;Bligny-sur-Ouche;2022;267
21088;Boncourt-le-Bois;2022;53
21089;Bonnencontre;2022;86
21090;Boudreville;2022;17
21091;Bouhey;2022;15
21092;Bouilland;2022;36
21093;Bouix;2022;32
21094;Bourberain;2022;65
21095;Bousselange;2022;15
21096;Boussenois;2022;19
21097;Boussey;2022;8
21098;Boux-sous-Salmaise;2022;37
21099;Bouze-lès-Beaune;2022;52
21100;Brain;2022;6
21101;Braux;2022;37
21102;Brazey-en-Morvan;2022;62
21103;Brazey-en-Plaine;2022;532
21104;Brémur-et-Vaurois;2022;12
21105;Bressey-sur-Tille;2022;122
21106;Bretenière;2022;179
21107;Bretigny;2022;150
21108;Brianny;2022;22
21109;Brion-sur-Ource;2022;58
21110;Brochon;2022;187
21111;Brognon;2022;61
21112;Broin;2022;77
21113;Broindon;2022;21
21114;Buffon;2022;50
21115;Buncey;2022;99
21116;Bure-les-Templiers;2022;40
21117;Busseaut;2022;10
21118;Busserotte-et-Montenaille;2022;7
21119;Bussières;2022;19
21120;La Bussière-sur-Ouche;2022;45
21121;Bussy-la-Pesle;2022;24
21122;Bussy-le-Grand;2022;77
21123;Buxerolles;2022;9
21124;Censerey;2022;60
21125;Cérilly;2022;88
21126;Cessey-sur-Tille;2022;116
21127;Chaignay;2022;105
21128;Chailly-sur-Armançon;2022;63
21129;Chambain;2022;5
21130;Chambeire;2022;65
21131;Chamblanc;2022;94
21132;Chambœuf;2022;70
21133;Chambolle-Musigny;2022;67
21134;Chamesson;2022;62
21135;Champagne-sur-Vingeanne;2022;78
21136;Champagny;2022;8
21137;Champ-d'Oiseau;2022;12
21138;Champdôtre;2022;112
21139;Champeau-en-Morvan;2022;82
21140;Champignolles;2022;18
21141;Champrenault;2022;15
21142;Chanceaux;2022;53
21143;Channay;2022;24
21144;Charencey;2022;8
21145;Charigny;2022;8
21146;Charmes;2022;26
21147;Charny;2022;18
21148;Charrey-sur-Saône;2022;56
21149;Charrey-sur-Seine;2022;50
21150;Chassagne-Montrachet;2022;97
21151;Chassey;2022;23
21152;Châteauneuf;2022;27
21153;Châtellenot;2022;29
21154;Châtillon-sur-Seine;2022;1618
21155;Chaudenay-la-Ville;2022;14
21156;Chaudenay-le-Château;2022;7
21157;Chaugey;2022;2
21158;Chaume-et-Courchamp;2022;32
21159;La Chaume;2022;43
21160;Chaume-lès-Baigneux;2022;19
21161;Chaumont-le-Bois;2022;18
21162;Chaux;2022;78
21163;Chazeuil;2022;43
21164;Chazilly;2022;35
21165;Chemin-d'Aisey;2022;17
21166;Chenôve;2022;2833
21167;Cheuge;2022;29
21168;Chevannay;2022;9
21169;Chevannes;2022;37
21170;Chevigny-en-Valière;2022;53
21171;Chevigny-Saint-Sauveur;2022;2328
21172;Chivres;2022;69
21173;Chorey-les-Beaune;2022;142
21175;Cirey-lès-Pontailler;2022;26
21176;Civry-en-Montagne;2022;25
21177;Clamerey;2022;51
21178;Valforêt;2022;65
21179;Clénay;2022;181
21180;Cléry;2022;25
21181;Clomot;2022;24
21182;Collonges-lès-Bévy;2022;6
21183;Collonges-et-Premières;2022;131
21184;Colombier;2022;14
21185;Combertault;2022;75
21186;Comblanchien;2022;90
21187;Commarin;2022;53
21189;Corberon;2022;79
21190;Corcelles-les-Arts;2022;81
21191;Corcelles-lès-Cîteaux;2022;148
21192;Corcelles-les-Monts;2022;237
21193;Corgengoux;2022;62
21194;Corgoloin;2022;194
21195;Cormot-Vauchignon;2022;54
21196;Corpeau;2022;191
21197;Corpoyer-la-Chapelle;2022;14
21198;Corrombles;2022;56
21199;Corsaint;2022;33
21200;Couchey;2022;304
21201;Coulmier-le-Sec;2022;60
21202;Courban;2022;44
21203;Courcelles-Frémoy;2022;40
21204;Courcelles-lès-Montbard;2022;25
21205;Courcelles-lès-Semur;2022;60
21207;Courlon;2022;19
21208;Courtivron;2022;29
21209;Couternon;2022;415
21210;Créancey;2022;119
21211;Crécey-sur-Tille;2022;32
21212;Crépand;2022;86
21214;Crugey;2022;52
21215;Cuiserey;2022;26
21216;Culètre;2022;18
21217;Curley;2022;15
21218;Curtil-Saint-Seine;2022;23
21219;Curtil-Vergy;2022;22
21220;Cussey-les-Forges;2022;38
21221;Cussy-la-Colonne;2022;6
21222;Cussy-le-Châtel;2022;47
21223;Daix;2022;440
21224;Dampierre-en-Montagne;2022;15
21225;Dampierre-et-Flée;2022;29
21226;Darcey;2022;53
21227;Darois;2022;156
21228;Détain-et-Bruant;2022;27
21229;Diancey;2022;31
21230;Diénay;2022;69
21231;Dijon;2022;28979
21232;Dompierre-en-Morvan;2022;42
21233;Drambon;2022;34
21234;Drée;2022;15
21235;Duesme;2022;10
21236;Ébaty;2022;41
21237;Échalot;2022;30
21238;Échannay;2022;30
21239;Échenon;2022;142
21240;Échevannes;2022;37
21241;Échevronne;2022;63
21242;Échigey;2022;39
21243;Écutigny;2022;20
21244;Éguilly;2022;13
21245;Épagny;2022;51
21246;Épernay-sous-Gevrey;2022;37
21247;Époisses;2022;212
21248;Éringes;2022;16
21249;Esbarres;2022;133
21250;Essarois;2022;24
21251;Essey;2022;49
21252;Étais;2022;27
21253;Étalante;2022;42
21254;L'Étang-Vergy;2022;37
21255;Étaules;2022;68
21256;Étevaux;2022;56
21257;Étormay;2022;13
21258;Étrochey;2022;48
21259;Fain-lès-Montbard;2022;97
21260;Fain-lès-Moutiers;2022;32
21261;Fauverney;2022;128
21262;Faverolles-lès-Lucey;2022;17
21263;Fénay;2022;382
21264;Le Fête;2022;10
21265;Fixin;2022;236
21266;Flacey;2022;32
21267;Flagey-Echézeaux;2022;131
21268;Flagey-lès-Auxonne;2022;47
21269;Flammerans;2022;66
21270;Flavignerot;2022;47
21271;Flavigny-sur-Ozerain;2022;96
21272;Le Val-Larrey;2022;60
21273;Fleurey-sur-Ouche;2022;405
21274;Foissy;2022;35
21275;Foncegrive;2022;40
21276;Fontaines-en-Duesmois;2022;32
21277;Fontaine-Française;2022;180
21278;Fontaine-lès-Dijon;2022;2785
21279;Fontaines-les-Sèches;2022;16
21280;Fontangy;2022;35
21281;Fontenelle;2022;15
21282;Forléans;2022;28
21283;Fraignot-et-Vesvrotte;2022;11
21284;Francheville;2022;41
21285;Franxault;2022;102
21286;Frénois;2022;21
21287;Fresnes;2022;40
21288;Frôlois;2022;45
21289;Fussey;2022;20
21290;Gemeaux;2022;125
21291;Genay;2022;76
21292;Genlis;2022;1107
21293;Gergueil;2022;24
21294;Gerland;2022;75
21295;Gevrey-Chambertin;2022;662
21296;Gevrolles;2022;57
21297;Gilly-lès-Cîteaux;2022;152
21298;Gissey-le-Vieil;2022;16
21299;Gissey-sous-Flavigny;2022;37
21300;Gissey-sur-Ouche;2022;82
21301;Glanon;2022;41
21302;Gomméville;2022;34
21303;Les Goulles;2022;5
21304;Grancey-le-Château-Neuvelle;2022;58
21305;Grancey-sur-Ource;2022;68
21306;Grenant-lès-Sombernon;2022;28
21307;Grésigny-Sainte-Reine;2022;44
21308;Grignon;2022;45
21309;Griselles;2022;36
21310;Grosbois-en-Montagne;2022;19
21311;Grosbois-lès-Tichey;2022;14
21312;Gurgy-la-Ville;2022;10
21313;Gurgy-le-Château;2022;20
21314;Hauteroche;2022;23
21315;Hauteville-lès-Dijon;2022;351
21316;Heuilley-sur-Saône;2022;81
21317;Is-sur-Tille;2022;1029
21319;Izeure;2022;146
21320;Izier;2022;104
21321;Jailly-les-Moulins;2022;32
21322;Jallanges;2022;85
21323;Jancigny;2022;24
21324;Jeux-lès-Bard;2022;8
21325;Jouey;2022;43
21326;Jours-lès-Baigneux;2022;27
21327;Val-Mont;2022;77
21328;Juillenay;2022;17
21329;Juilly;2022;13
21330;Labergement-Foigney;2022;119
21331;Labergement-lès-Auxonne;2022;82
21332;Labergement-lès-Seurre;2022;277
21333;Labruyère;2022;41
21334;Lacanche;2022;145
21335;Lacour-d'Arcenay;2022;27
21336;Laignes;2022;241
21337;Lamarche-sur-Saône;2022;292
21338;Lamargelle;2022;28
21339;Lantenay;2022;74
21340;Lanthes;2022;47
21341;Lantilly;2022;20
21342;Laperrière-sur-Saône;2022;85
21343;Larrey;2022;29
21344;Lechâtelet;2022;55
21345;Léry;2022;53
21346;Leuglay;2022;89
21347;Levernois;2022;90
21348;Licey-sur-Vingeanne;2022;20
21349;Liernais;2022;167
21350;Lignerolles;2022;10
21351;Longchamp;2022;190
21352;Longeault-Pluvault;2022;249
21353;Longecourt-en-Plaine;2022;229
21354;Longecourt-lès-Culêtre;2022;20
21355;Longvic;2022;1927
21356;Losne;2022;332
21357;Louesme;2022;30
21358;Lucenay-le-Duc;2022;37
21359;Lucey;2022;18
21360;Lusigny-sur-Ouche;2022;22
21361;Lux;2022;97
21362;Maconge;2022;24
21363;Magnien;2022;101
21364;Magny-Lambert;2022;23
21365;Magny-la-Ville;2022;20
21366;Magny-lès-Aubigny;2022;47
21367;Magny-Montarlot;2022;35
21368;Magny-lès-Villers;2022;55
21369;Magny-Saint-Médard;2022;54
21370;Magny-sur-Tille;2022;160
21371;Les Maillys;2022;161
21372;Maisey-le-Duc;2022;19
21373;Mâlain;2022;155
21374;Maligny;2022;59
21375;Manlay;2022;76
21376;Marandeuil;2022;8
21377;Marcellois;2022;16
21378;Marcenay;2022;22
21379;Marcheseuil;2022;40
21380;Marcigny-sous-Thil;2022;5
21381;Marcilly-et-Dracy;2022;29
21382;Marcilly-Ogny;2022;61
21383;Marcilly-sur-Tille;2022;342
21384;Marey-lès-Fussey;2022;18
21385;Marey-sur-Tille;2022;72
21386;Marigny-le-Cahouët;2022;71
21387;Marigny-lès-Reullée;2022;40
21388;Marliens;2022;73
21389;Marmagne;2022;76
21390;Marsannay-la-Côte;2022;1321
21391;Marsannay-le-Bois;2022;143
21392;Martrois;2022;17
21393;Massingy;2022;38
21394;Massingy-lès-Semur;2022;38
21395;Massingy-lès-Vitteaux;2022;25
21396;Mauvilly;2022;29
21397;Mavilly-Mandelot;2022;42
21398;Maxilly-sur-Saône;2022;79
21399;Meilly-sur-Rouvres;2022;48
21400;Le Meix;2022;12
21401;Meloisey;2022;94
21402;Menesble;2022;3
21403;Ménessaire;2022;36
21404;Ménétreux-le-Pitois;2022;115
21405;Merceuil;2022;133
21406;Mesmont;2022;23
21407;Messanges;2022;31
21408;Messigny-et-Vantoux;2022;543
21409;Meuilley;2022;103
21410;Meulson;2022;13
21411;Meursanges;2022;82
21412;Meursault;2022;374
21413;Millery;2022;101
21414;Mimeure;2022;61
21415;Minot;2022;61
21416;Mirebeau-sur-Bèze;2022;469
21417;Missery;2022;44
21418;Moitron;2022;9
21419;Molesme;2022;70
21420;Molinot;2022;41
21421;Moloy;2022;55
21422;Molphey;2022;30
21423;Montagny-lès-Beaune;2022;186
21424;Montagny-lès-Seurre;2022;25
21425;Montbard;2022;1511
21426;Montberthault;2022;67
21427;Montceau-et-Écharnant;2022;40
21428;Monthelie;2022;57
21429;Montigny-Montfort;2022;91
21430;Montigny-Saint-Barthélemy;2022;17
21431;Montigny-sur-Armançon;2022;33
21432;Montigny-sur-Aube;2022;85
21433;Montigny-Mornay-Villeneuve-sur-Vingeanne;2022;108
21434;Montlay-en-Auxois;2022;28
21435;Montliot-et-Courcelles;2022;87
21436;Montmain;2022;26
21437;Montmançon;2022;41
21438;Montmoyen;2022;26
21439;Montoillot;2022;30
21440;Montot;2022;57
21441;Mont-Saint-Jean;2022;98
21442;Morey-Saint-Denis;2022;142
21444;Mosson;2022;17
21445;La Motte-Ternant;2022;58
21446;Moutiers-Saint-Jean;2022;104
21447;Musigny;2022;20
21448;Mussy-la-Fosse;2022;19
21449;Nan-sous-Thil;2022;49
21450;Nantoux;2022;46
21451;Nesle-et-Massoult;2022;27
21452;Neuilly-Crimolois;2022;654
21454;Nicey;2022;50
21455;Nod-sur-Seine;2022;46
21456;Nogent-lès-Montbard;2022;53
21457;Noidan;2022;19
21458;Noiron-sous-Gevrey;2022;133
21459;Noiron-sur-Bèze;2022;28
21460;Noiron-sur-Seine;2022;22
21461;Nolay;2022;410
21462;Norges-la-Ville;2022;167
21463;Normier;2022;18
21464;Nuits-Saint-Georges;2022;1407
21465;Obtrée;2022;14
21466;Oigny;2022;9
21467;Oisilly;2022;34
21468;Orain;2022;30
21469;Orgeux;2022;116
21470;Origny;2022;11
21471;Orret;2022;7
21472;Orville;2022;38
21473;Ouges;2022;241
21474;Pagny-la-Ville;2022;84
21475;Pagny-le-Château;2022;109
21476;Painblanc;2022;44
21477;Panges;2022;16
21478;Pasques;2022;78
21479;Pellerey;2022;23
21480;Pernand-Vergelesses;2022;86
21481;Perrigny-lès-Dijon;2022;507
21482;Perrigny-sur-l'Ognon;2022;145
21483;Pichanges;2022;44
21484;Planay;2022;22
21485;Plombières-lès-Dijon;2022;545
21487;Pluvet;2022;69
21488;Poinçon-lès-Larrey;2022;51
21489;Poiseul-la-Grange;2022;18
21490;Poiseul-la-Ville-et-Laperrière;2022;41
21491;Poiseul-lès-Saulx;2022;8
21492;Pommard;2022;100
21493;Poncey-lès-Athée;2022;96
21494;Poncey-sur-l'Ignon;2022;29
21495;Pont;2022;26
21496;Pontailler-sur-Saône;2022;302
21497;Pont-et-Massène;2022;53
21498;Posanges;2022;11
21499;Pothières;2022;54
21500;Pouillenay;2022;98
21501;Pouilly-en-Auxois;2022;444
21502;Pouilly-sur-Saône;2022;121
21503;Pouilly-sur-Vingeanne;2022;34
21504;Prâlon;2022;28
21505;Précy-sous-Thil;2022;226
21506;Premeaux-Prissey;2022;60
21508;Prenois;2022;86
21510;Prusly-sur-Ource;2022;49
21511;Puits;2022;31
21512;Puligny-Montrachet;2022;98
21514;Quemigny-sur-Seine;2022;27
21515;Quetigny;2022;2111
21516;Quincerot;2022;23
21517;Quincey;2022;70
21518;Quincy-le-Vicomte;2022;46
21519;Recey-sur-Ource;2022;124
21520;Remilly-en-Montagne;2022;17
21521;Remilly-sur-Tille;2022;128
21522;Renève;2022;97
21523;Reulle-Vergy;2022;32
21524;Riel-les-Eaux;2022;30
21525;La Roche-en-Brenil;2022;276
21526;Rochefort-sur-Brévon;2022;17
21527;La Rochepot;2022;53
21528;La Roche-Vanneau;2022;40
21529;Roilly;2022;9
21530;Rougemont;2022;44
21531;Rouvray;2022;139
21532;Rouvres-en-Plaine;2022;204
21533;Rouvres-sous-Meilly;2022;28
21534;Ruffey-lès-Beaune;2022;159
21535;Ruffey-lès-Echirey;2022;280
21536;Sacquenay;2022;85
21537;Saffres;2022;33
21538;Saint-Andeux;2022;40
21539;Saint-Anthot;2022;17
21540;Saint-Apollinaire;2022;1810
21541;Saint-Aubin;2022;56
21542;Saint-Bernard;2022;71
21543;Saint-Broing-les-Moines;2022;63
21544;Sainte-Colombe-en-Auxois;2022;18
21545;Sainte-Colombe-sur-Seine;2022;237
21546;Saint-Didier;2022;49
21547;Saint-Euphrône;2022;54
21548;Saint-Germain-de-Modéon;2022;56
21549;Saint-Germain-le-Rocheux;2022;25
21550;Saint-Germain-lès-Senailly;2022;35
21552;Saint-Hélier;2022;8
21553;Saint-Jean-de-Bœuf;2022;25
21554;Saint-Jean-de-Losne;2022;327
21555;Saint-Julien;2022;440
21556;Saint-Léger-Triey;2022;31
21557;Saint-Marc-sur-Seine;2022;32
21558;Sainte-Marie-la-Blanche;2022;211
21559;Sainte-Marie-sur-Ouche;2022;124
21560;Saint-Martin-de-la-Mer;2022;81
21561;Saint-Martin-du-Mont;2022;81
21562;Saint-Maurice-sur-Vingeanne;2022;40
21563;Saint-Mesmin;2022;18
21564;Saint-Nicolas-lès-Cîteaux;2022;72
21565;Saint-Philibert;2022;109
21566;Saint-Pierre-en-Vaux;2022;44
21567;Saint-Prix-lès-Arnay;2022;62
21568;Saint-Rémy;2022;220
21569;Saint-Romain;2022;60
21570;Sainte-Sabine;2022;46
21571;Saint-Sauveur;2022;39
21572;Saint-Seine-en-Bâche;2022;39
21573;Saint-Seine-l'Abbaye;2022;97
21574;Saint-Seine-sur-Vingeanne;2022;104
21575;Saint-Symphorien-sur-Saône;2022;87
21576;Saint-Thibault;2022;38
21577;Saint-Usage;2022;264
21578;Saint-Victor-sur-Ouche;2022;55
21579;Salives;2022;50
21580;Salmaise;2022;36
21581;Samerey;2022;31
21582;Santenay;2022;337
21583;Santosse;2022;12
21584;Saulieu;2022;801
21585;Saulon-la-Chapelle;2022;232
21586;Saulon-la-Rue;2022;109
21587;Saulx-le-Duc;2022;50
21588;Saussey;2022;19
21589;Saussy;2022;20
21590;Savigny-lès-Beaune;2022;348
21591;Savigny-le-Sec;2022;213
21592;Savigny-sous-Mâlain;2022;39
21593;Savilly;2022;31
21594;Savoisy;2022;51
21595;Savolles;2022;33
21596;Savouges;2022;26
21597;Segrois;2022;8
21598;Seigny;2022;39
21599;Selongey;2022;588
21600;Semarey;2022;30
21601;Semezanges;2022;14
21602;Semond;2022;11
21603;Semur-en-Auxois;2022;1165
21604;Senailly;2022;38
21605;Sennecey-lès-Dijon;2022;414
21606;Ladoix-Serrigny;2022;325
21607;Seurre;2022;749
21608;Sincey-lès-Rouvray;2022;32
21609;Soirans;2022;71
21610;Soissons-sur-Nacey;2022;56
21611;Sombernon;2022;217
21612;Souhey;2022;24
21613;Soussey-sur-Brionne;2022;41
21614;Spoy;2022;54
21615;Sussey;2022;79
21616;Tailly;2022;39
21617;Talant;2022;3056
21618;Talmay;2022;152
21619;Tanay;2022;49
21620;Tarsul;2022;49
21622;Tart-le-Bas;2022;48
21623;Tart;2022;195
21624;Tellecey;2022;23
21625;Ternant;2022;24
21626;Terrefondrée;2022;21
21627;Thenissey;2022;30
21628;Thoires;2022;21
21629;Thoisy-la-Berchère;2022;61
21630;Thoisy-le-Désert;2022;46
21631;Thomirey;2022;17
21632;Thorey-en-Plaine;2022;185
21633;Thorey-sous-Charny;2022;61
21634;Thorey-sur-Ouche;2022;30
21635;Thoste;2022;35
21636;Thury;2022;89
21637;Tichey;2022;56
21638;Til-Châtel;2022;177
21639;Tillenay;2022;138
21640;Torcy-et-Pouligny;2022;54
21641;Touillon;2022;106
21642;Toutry;2022;99
21643;Tréclun;2022;54
21644;Trochères;2022;27
21645;Trouhans;2022;102
21646;Trouhaut;2022;31
21647;Trugny;2022;35
21648;Turcey;2022;46
21649;Uncey-le-Franc;2022;16
21650;Urcy;2022;28
21651;Val-Suzon;2022;41
21652;Vandenesse-en-Auxois;2022;69
21653;Vannaire;2022;7
21655;Vanvey;2022;65
21656;Varanges;2022;128
21657;Varois-et-Chaignot;2022;577
21659;Vaux-Saules;2022;33
21660;Veilly;2022;16
21661;Velars-sur-Ouche;2022;461
21662;Velogny;2022;9
21663;Venarey-les-Laumes;2022;744
21664;Verdonnet;2022;26
21665;Vernois-lès-Vesvres;2022;27
21666;Vernot;2022;15
21667;Véronnes;2022;79
21669;Verrey-sous-Drée;2022;11
21670;Verrey-sous-Salmaise;2022;58
21671;Vertault;2022;18
21672;Vesvres;2022;6
21673;Veuvey-sur-Ouche;2022;40
21674;Veuxhaulles-sur-Aube;2022;67
21675;Vianges;2022;15
21676;Vic-de-Chassenay;2022;60
21677;Vic-des-Prés;2022;27
21678;Vic-sous-Thil;2022;53
21679;Vieilmoulin;2022;24
21680;Vielverge;2022;93
21681;Vieux-Château;2022;26
21682;Viévigne;2022;36
21683;Viévy;2022;94
21684;Vignoles;2022;231
21685;Villaines-en-Duesmois;2022;68
21686;Villaines-les-Prévôtes;2022;43
21687;Villargoix;2022;48
21688;Villars-Fontaine;2022;30
21689;Villars-et-Villenotte;2022;30
21690;Villeberny;2022;31
21691;Villebichot;2022;81
21692;Villecomte;2022;59
21693;Villedieu;2022;21
21694;Villeferry;2022;9
21695;La Villeneuve-les-Convers;2022;10
21696;Villeneuve-sous-Charigny;2022;14
21698;Villers-la-Faye;2022;108
21699;Villers-les-Pots;2022;217
21700;Villers-Patras;2022;30
21701;Villers-Rotin;2022;33
21702;Villey-sur-Tille;2022;64
21703;Villiers-en-Morvan;2022;14
21704;Villiers-le-Duc;2022;14
21705;Villotte-Saint-Seine;2022;21
21706;Villotte-sur-Ource;2022;43
21707;Villy-en-Auxois;2022;78
21708;Villy-le-Moutier;2022;46
21709;Viserny;2022;48
21710;Vitteaux;2022;383
21711;Vix;2022;27
21712;Volnay;2022;78
21713;Vonges;2022;60
21714;Vosne-Romanée;2022;86
21715;Voudenay;2022;62
21716;Vougeot;2022;41
21717;Voulaines-les-Templiers;2022;77
22001;Allineuc;2022;102
22002;Andel;2022;216
22003;Aucaleuc;2022;163
22004;Bégard;2022;1232
22005;Belle-Isle-en-Terre;2022;302
22006;Berhet;2022;30
22008;Bobital;2022;254
22009;Le Bodéo;2022;42
22011;Boqueho;2022;159
22012;La Bouillie;2022;222
22013;Bourbriac;2022;607
22014;Bourseul;2022;266
22015;Bréhand;2022;323
22016;Île-de-Bréhat;2022;141
22018;Brélidy;2022;86
22019;Bringolo;2022;74
22020;Broons;2022;894
22021;Brusvily;2022;233
22023;Bulat-Pestivien;2022;118
22024;Calanhel;2022;52
22025;Callac;2022;904
22026;Calorguen;2022;145
22028;Camlez;2022;152
22029;Canihuel;2022;88
22030;Caouënnec-Lanvézéac;2022;163
22031;Carnoët;2022;180
22032;Caulnes;2022;692
22033;Caurel;2022;133
22034;Cavan;2022;291
22035;Les Champs-Géraux;2022;234
22036;La Chapelle-Blanche;2022;23
22037;La Chapelle-Neuve;2022;94
22039;La Chèze;2022;173
22040;Coadout;2022;125
22041;Coatascorn;2022;50
22042;Coatréven;2022;101
22044;Coëtmieux;2022;320
22045;Cohiniac;2022;72
22046;Le Mené;2022;1563
22047;Corlay;2022;310
22048;Corseul;2022;518
22049;Créhen;2022;567
22050;Dinan;2022;4698
22052;Duault;2022;112
22053;Éréac;2022;247
22054;Erquy;2022;1859
22055;Binic-Étables-sur-Mer;2022;2579
22056;Évran;2022;494
22057;Le Faouët;2022;102
22059;Le Fœil;2022;232
22060;Gausson;2022;134
22061;Glomel;2022;364
22062;Gomené;2022;135
22063;Gommenec'h;2022;109
22064;Gouarec;2022;390
22065;Goudelin;2022;396
22067;Grâces;2022;847
22068;Grâce-Uzel;2022;84
22069;Guenroc;2022;51
22070;Guingamp;2022;1502
22071;Guitté;2022;110
22072;Gurunhuel;2022;85
22073;La Harmoye;2022;83
22074;Le Haut-Corlay;2022;146
22075;Hémonstoir;2022;146
22076;Hénanbihen;2022;366
22077;Hénansal;2022;224
22079;Hénon;2022;392
22081;Hillion;2022;1165
22082;Le Hinglé;2022;232
22083;Illifaut;2022;145
22084;Jugon-les-Lacs;2022;528
22085;Kerbors;2022;102
22086;Kerfot;2022;149
22087;Kergrist-Moëlou;2022;158
22088;Kerien;2022;62
22090;Kermaria-Sulard;2022;278
22091;Kermoroc'h;2022;63
22092;Kerpert;2022;83
22093;Lamballe-Armor;2022;4225
22094;Lancieux;2022;573
22095;Landebaëron;2022;31
22096;Landébia;2022;123
22097;La Landec;2022;128
22098;Landéhen;2022;216
22099;Lanfains;2022;160
22101;Langoat;2022;204
22103;Langrolay-sur-Rance;2022;199
22104;Languédias;2022;101
22105;Languenan;2022;209
22106;Langueux;2022;1937
22107;Bon Repos sur Blavet;2022;441
22108;Lanleff;2022;29
22109;Lanloup;2022;87
22110;Lanmérin;2022;81
22111;Lanmodez;2022;142
22112;Lannebert;2022;99
22113;Lannion;2022;5100
22114;Lanrelas;2022;244
22115;Lanrivain;2022;147
22116;Lanrodec;2022;192
22117;Lantic;2022;377
22118;Lanvallay;2022;1309
22119;Lanvellec;2022;182
22121;Lanvollon;2022;557
22122;Laurenan;2022;181
22124;Lescouët-Gouarec;2022;43
22126;Le Leslay;2022;29
22127;Lézardrieux;2022;652
22128;Locarn;2022;140
22129;Loc-Envel;2022;23
22131;Loguivy-Plougras;2022;255
22132;Lohuec;2022;81
22133;Loscouët-sur-Meu;2022;105
22134;Louannec;2022;1156
22135;Louargat;2022;550
22136;Loudéac;2022;2676
22137;Maël-Carhaix;2022;448
22138;Maël-Pestivien;2022;124
22139;Magoar;2022;23
22140;La Malhoure;2022;78
22141;Mantallot;2022;32
22143;Matignon;2022;770
22144;La Méaugon;2022;276
22145;Mégrit;2022;178
22146;Mellionnec;2022;95
22147;Merdrignac;2022;895
22148;Mérillac;2022;66
22149;Merléac;2022;101
22150;Le Merzer;2022;176
22152;Minihy-Tréguier;2022;497
22153;Moncontour;2022;362
22155;La Motte;2022;526
22156;Moustéru;2022;158
22157;Le Moustoir;2022;145
22158;Guerlédan;2022;757
22160;Noyal;2022;176
22161;Pabu;2022;1030
22162;Paimpol;2022;3179
22163;Paule;2022;163
22164;Pédernec;2022;416
22165;Penguily;2022;86
22166;Penvénan;2022;1175
22168;Perros-Guirec;2022;3283
22169;Peumerit-Quintin;2022;38
22170;Plaine-Haute;2022;260
22171;Plaintel;2022;937
22172;Plancoët;2022;1022
22174;Pléboulle;2022;197
22175;Plédéliac;2022;335
22176;Plédran;2022;1289
22177;Pléguien;2022;303
22178;Pléhédel;2022;354
22179;Fréhel;2022;676
22180;Plélan-le-Petit;2022;536
22181;Plélauff;2022;192
22182;Plélo;2022;586
22183;Plémet;2022;938
22184;Plémy;2022;320
22185;Plénée-Jugon;2022;553
22186;Pléneuf-Val-André;2022;1759
22187;Plérin;2022;3920
22188;Plerneuf;2022;160
22189;Plésidy;2022;136
22190;Pleslin-Trigavou;2022;848
22193;Plestan;2022;324
22194;Plestin-les-Grèves;2022;1573
22195;Pleubian;2022;1048
22196;Pleudaniel;2022;236
22197;Pleudihen-sur-Rance;2022;772
22198;Pleumeur-Bodou;2022;1495
22199;Pleumeur-Gautier;2022;307
22201;Plévenon;2022;341
22202;Plévin;2022;166
22203;Plœuc-L'Hermitage;2022;1013
22204;Ploëzal;2022;379
22205;Plorec-sur-Arguenon;2022;134
22206;Châtelaudren-Plouagat;2022;914
22207;Plouaret;2022;711
22208;Plouasne;2022;377
22209;Beaussais-sur-Mer;2022;1291
22210;Ploubazlanec;2022;1266
22211;Ploubezre;2022;836
22212;Plouëc-du-Trieux;2022;294
22213;Plouër-sur-Rance;2022;833
22214;Plouézec;2022;1289
22215;Ploufragan;2022;2792
22216;Plougonver;2022;233
22217;Plougras;2022;93
22218;Plougrescant;2022;504
22219;Plouguenast-Langast;2022;636
22220;Plouguernével;2022;479
22221;Plouguiel;2022;540
22222;Plouha;2022;1910
22223;Plouisy;2022;453
22224;Ploulec'h;2022;443
22225;Ploumagoar;2022;1292
22226;Ploumilliau;2022;804
22227;Plounérin;2022;178
22228;Plounévez-Moëdec;2022;344
22229;Plounévez-Quintin;2022;244
22231;Plourac'h;2022;124
22232;Plourhan;2022;535
22233;Plourivo;2022;574
22234;Plouvara;2022;199
22235;Plouzélambre;2022;64
22236;Pludual;2022;174
22237;Val-d'Arguenon;2022;690
22238;Plufur;2022;155
22239;Plumaudan;2022;244
22240;Plumaugat;2022;273
22241;Plumieux;2022;442
22242;Plurien;2022;594
22243;Plusquellec;2022;138
22244;Plussulien;2022;141
22245;Pluzunet;2022;236
22246;Pommeret;2022;365
22248;Pommerit-le-Vicomte;2022;579
22249;Pont-Melvez;2022;167
22250;Pontrieux;2022;359
22251;Pordic;2022;1901
22254;Prat;2022;199
22255;La Prénessaye;2022;192
22256;Quemper-Guézennec;2022;311
22257;Quemperven;2022;75
22258;Quessoy;2022;862
22259;Quévert;2022;1223
22260;Le Quillio;2022;209
22261;Quintenic;2022;66
22262;Quintin;2022;867
22263;Le Quiou;2022;72
22264;La Roche-Jaudy;2022;690
22265;Rospez;2022;444
22266;Rostrenen;2022;1110
22267;Rouillac;2022;85
22268;Ruca;2022;150
22269;Runan;2022;59
22271;Saint-Adrien;2022;80
22272;Saint-Agathon;2022;643
22273;Saint-Alban;2022;659
22274;Saint-André-des-Eaux;2022;56
22275;Saint-Barnabé;2022;329
22276;Saint-Bihy;2022;49
22277;Saint-Brandan;2022;509
22278;Saint-Brieuc;2022;10245
22279;Saint-Caradec;2022;268
22280;Saint-Carné;2022;224
22281;Saint-Carreuc;2022;268
22282;Saint-Cast-le-Guildo;2022;1659
22283;Saint-Clet;2022;242
22284;Saint-Connan;2022;75
22285;Saint-Connec;2022;58
22286;Saint-Denoual;2022;86
22287;Saint-Donan;2022;320
22288;Saint-Étienne-du-Gué-de-l'Isle;2022;102
22289;Saint-Fiacre;2022;65
22291;Saint-Gildas;2022;54
22293;Saint-Gilles-les-Bois;2022;90
22294;Saint-Gilles-Pligeaux;2022;84
22295;Saint-Gilles-Vieux-Marché;2022;93
22296;Saint-Glen;2022;128
22299;Saint-Hélen;2022;259
22300;Saint-Hervé;2022;82
22302;Saint-Jacut-de-la-Mer;2022;444
22304;Saint-Jean-Kerdaniel;2022;137
22305;Saint-Jouan-de-l'Isle;2022;77
22306;Saint-Judoce;2022;121
22307;Saint-Julien;2022;450
22308;Saint-Juvat;2022;154
22310;Saint-Laurent;2022;100
22311;Saint-Lormel;2022;245
22312;Saint-Maden;2022;52
22313;Saint-Martin-des-Prés;2022;78
22314;Saint-Maudan;2022;65
22315;Saint-Maudez;2022;48
22316;Saint-Mayeux;2022;129
22317;Saint-Méloir-des-Bois;2022;56
22318;Saint-Michel-de-Plélan;2022;60
22319;Saint-Michel-en-Grève;2022;160
22320;Saint-Nicodème;2022;41
22321;Saint-Nicolas-du-Pélem;2022;517
22322;Saint-Péver;2022;92
22323;Saint-Pôtan;2022;234
22324;Saint-Quay-Perros;2022;470
22325;Saint-Quay-Portrieux;2022;1480
22326;Saint-Rieul;2022;97
22327;Saint-Samson-sur-Rance;2022;339
22328;Saint-Servais;2022;135
22330;Saint-Thélo;2022;99
22331;Sainte-Tréphine;2022;37
22332;Saint-Trimoël;2022;64
22333;Saint-Vran;2022;145
22334;Saint-Igeaux;2022;27
22335;Senven-Léhart;2022;73
22337;Sévignac;2022;226
22338;Squiffiec;2022;160
22339;Taden;2022;584
22340;Tonquédec;2022;254
22341;Tramain;2022;123
22342;Trébédan;2022;74
22343;Trébeurden;2022;1507
22344;Trébrivan;2022;254
22345;Trébry;2022;167
22346;Trédaniel;2022;176
22347;Trédarzec;2022;296
22348;Trédias;2022;129
22349;Trédrez-Locquémeau;2022;528
22350;Tréduder;2022;49
22351;Treffrin;2022;170
22352;Tréfumel;2022;73
22353;Trégastel;2022;1115
22354;Tréglamus;2022;213
22356;Trégomeur;2022;165
22358;Trégonneau;2022;100
22359;Trégrom;2022;107
22360;Trégueux;2022;2472
22361;Tréguidel;2022;107
22362;Tréguier;2022;989
22363;Trélévern;2022;555
22364;Trélivan;2022;674
22365;Trémargat;2022;33
22366;Trémel;2022;116
22368;Tréméreuc;2022;196
22369;Trémeur;2022;159
22370;Tréméven;2022;77
22371;Trémorel;2022;203
22372;Trémuson;2022;491
22373;Tréogan;2022;25
22375;Tressignaux;2022;140
22376;Trévé;2022;314
22377;Tréveneuc;2022;312
22378;Trévérec;2022;42
22379;Trévou-Tréguignec;2022;471
22380;Trévron;2022;138
22381;Trézény;2022;69
22383;Troguéry;2022;51
22384;Uzel;2022;259
22385;La Vicomté-sur-Rance;2022;249
22386;Le Vieux-Bourg;2022;122
22387;Le Vieux-Marché;2022;351
22388;Vildé-Guingalan;2022;234
22389;Yffiniac;2022;984
22390;Yvias;2022;150
22391;Yvignac-la-Tour;2022;254
23001;Ahun;2022;401
23002;Ajain;2022;413
23003;Alleyrat;2022;47
23004;Anzême;2022;121
23005;Arfeuille-Châtain;2022;57
23006;Arrènes;2022;81
23007;Ars;2022;86
23008;Aubusson;2022;1119
23009;Auge;2022;33
23010;Augères;2022;39
23011;Aulon;2022;55
23012;Auriat;2022;37
23013;Auzances;2022;454
23014;Azat-Châtenet;2022;48
23015;Azerables;2022;372
23016;Banize;2022;68
23017;Basville;2022;55
23018;Bazelat;2022;80
23019;Beissat;2022;8
23020;Bellegarde-en-Marche;2022;156
23021;Bénévent-l'Abbaye;2022;281
23022;Bétête;2022;117
23024;Blessac;2022;146
23025;Bonnat;2022;437
23026;Bord-Saint-Georges;2022;107
23027;Bosmoreau-les-Mines;2022;80
23028;Bosroger;2022;20
23029;Le Bourg-d'Hem;2022;77
23030;Bourganeuf;2022;832
23031;Boussac;2022;522
23032;Boussac-Bourg;2022;270
23033;La Brionne;2022;91
23034;Brousse;2022;8
23035;Budelière;2022;228
23036;Bussière-Dunoise;2022;351
23037;Bussière-Nouvelle;2022;30
23038;Bussière-Saint-Georges;2022;88
23039;La Celle-Dunoise;2022;200
23040;La Celle-sous-Gouzon;2022;31
23041;La Cellette;2022;118
23042;Ceyroux;2022;54
23043;Chamberaud;2022;29
23044;Chambon-Sainte-Croix;2022;34
23045;Chambon-sur-Voueize;2022;358
23046;Chambonchard;2022;22
23047;Chamborand;2022;62
23048;Champagnat;2022;141
23049;Champsanglard;2022;65
23050;La Chapelle-Baloue;2022;48
23051;La Chapelle-Saint-Martial;2022;23
23052;La Chapelle-Taillefert;2022;114
23053;Chard;2022;59
23054;Charron;2022;71
23055;Châtelard;2022;15
23056;Châtelus-le-Marcheix;2022;117
23057;Châtelus-Malvaleix;2022;199
23058;Le Chauchet;2022;35
23059;La Chaussade;2022;25
23060;Chavanat;2022;40
23061;Chénérailles;2022;247
23062;Chéniers;2022;185
23063;Clairavaux;2022;54
23064;Clugnat;2022;196
23065;Colondannes;2022;78
23066;Le Compas;2022;73
23067;La Courtine;2022;224
23068;Cressat;2022;151
23069;Crocq;2022;146
23070;Crozant;2022;198
23071;Croze;2022;58
23072;Domeyrot;2022;64
23073;Dontreix;2022;123
23074;Le Donzeil;2022;49
23075;Dun-le-Palestel;2022;437
23076;Évaux-les-Bains;2022;503
23077;Faux-la-Montagne;2022;114
23078;Faux-Mazuras;2022;50
23079;Felletin;2022;500
23080;Féniers;2022;37
23081;Flayat;2022;120
23082;Fleurat;2022;70
23083;Fontanières;2022;73
23084;La Forêt-du-Temple;2022;51
23086;Fransèches;2022;93
23087;Fresselines;2022;206
23088;Gartempe;2022;29
23089;Genouillac;2022;211
23090;Gentioux-Pigerolles;2022;71
23091;Gioux;2022;47
23092;Glénic;2022;150
23093;Gouzon;2022;532
23095;Le Grand-Bourg;2022;342
23096;Guéret;2022;3330
23097;Issoudun-Létrieix;2022;85
23098;Jalesches;2022;36
23099;Janaillat;2022;105
23100;Jarnages;2022;145
23101;Jouillat;2022;113
23102;Ladapeyre;2022;96
23103;Lafat;2022;134
23104;Lavaufranche;2022;74
23105;Lavaveix-les-Mines;2022;233
23106;Lépaud;2022;74
23107;Lépinas;2022;61
23108;Leyrat;2022;46
23109;Linard-Malval;2022;84
23110;Lioux-les-Monges;2022;15
23111;Lizières;2022;78
23112;Lourdoueix-Saint-Pierre;2022;281
23113;Lupersat;2022;94
23114;Lussat;2022;115
23115;Magnat-l'Étrange;2022;61
23116;Mainsat;2022;236
23117;Maison-Feyne;2022;81
23118;Maisonnisses;2022;55
23119;Malleret;2022;13
23120;Malleret-Boussac;2022;61
23122;Mansat-la-Courrière;2022;21
23123;Les Mars;2022;67
23124;Marsac;2022;260
23125;Le Mas-d'Artige;2022;31
23127;Mautes;2022;68
23128;Mazeirat;2022;47
23129;La Mazière-aux-Bons-Hommes;2022;16
23130;Méasnes;2022;181
23131;Mérinchal;2022;229
23132;Montaigut-le-Blanc;2022;111
23133;Montboucher;2022;90
23134;Le Monteil-au-Vicomte;2022;91
23136;Mortroux;2022;99
23137;Mourioux-Vieilleville;2022;175
23138;Moutier-d'Ahun;2022;43
23139;Moutier-Malcard;2022;202
23140;Moutier-Rozeille;2022;115
23141;Naillat;2022;198
23142;Néoux;2022;78
23143;Noth;2022;151
23144;La Nouaille;2022;86
23145;Nouhant;2022;86
23146;Nouzerines;2022;85
23147;Nouzerolles;2022;39
23148;Nouziers;2022;100
23149;Parsac;2022;222
23150;Peyrabout;2022;43
23151;Peyrat-la-Nonière;2022;151
23152;Pierrefitte;2022;17
23154;Pionnat;2022;182
23155;Pontarion;2022;132
23156;Pontcharraud;2022;30
23157;La Pouge;2022;28
23158;Poussanges;2022;53
23159;Puy-Malsignat;2022;45
23160;Reterre;2022;83
23162;Roches;2022;124
23164;Rougnat;2022;163
23165;Royère-de-Vassivière;2022;247
23166;Sagnat;2022;58
23167;Sannat;2022;99
23168;Sardent;2022;225
23169;La Saunière;2022;111
23170;Savennes;2022;53
23171;Sermur;2022;41
23172;La Serre-Bussière-Vieille;2022;35
23173;Soubrebost;2022;44
23174;Soumans;2022;158
23175;Sous-Parsat;2022;40
23176;La Souterraine;2022;1524
23177;Saint-Agnant-de-Versillat;2022;299
23178;Saint-Agnant-près-Crocq;2022;63
23179;Saint-Alpinien;2022;73
23180;Saint-Amand;2022;118
23181;Saint-Amand-Jartoudeix;2022;57
23182;Saint-Avit-de-Tardes;2022;41
23183;Saint-Avit-le-Pauvre;2022;24
23184;Saint-Bard;2022;23
23185;Saint-Chabrais;2022;108
23186;Saint-Christophe;2022;38
23187;Saint-Dizier-la-Tour;2022;60
23188;Saint-Dizier-les-Domaines;2022;66
23189;Saint-Dizier-Masbaraud;2022;375
23190;Saint-Domet;2022;52
23191;Saint-Éloi;2022;42
23192;Fursac;2022;523
23193;Sainte-Feyre;2022;752
23194;Sainte-Feyre-la-Montagne;2022;30
23195;Saint-Fiel;2022;187
23196;Saint-Frion;2022;51
23197;Saint-Georges-la-Pouge;2022;94
23198;Saint-Georges-Nigremont;2022;62
23199;Saint-Germain-Beaupré;2022;114
23200;Saint-Goussaud;2022;68
23201;Saint-Hilaire-la-Plaine;2022;52
23202;Saint-Hilaire-le-Château;2022;81
23203;Saint-Julien-la-Genête;2022;56
23204;Saint-Julien-le-Châtel;2022;33
23205;Saint-Junien-la-Bregère;2022;61
23206;Saint-Laurent;2022;158
23207;Saint-Léger-Bridereix;2022;41
23208;Saint-Léger-le-Guérétois;2022;117
23209;Saint-Loup;2022;62
23210;Saint-Maixant;2022;63
23211;Saint-Marc-à-Frongier;2022;113
23212;Saint-Marc-à-Loubaud;2022;30
23213;Saint-Marien;2022;54
23214;Saint-Martial-le-Mont;2022;72
23215;Saint-Martial-le-Vieux;2022;40
23216;Saint-Martin-Château;2022;54
23217;Saint-Martin-Sainte-Catherine;2022;114
23218;Saint-Maurice-près-Crocq;2022;30
23219;Saint-Maurice-la-Souterraine;2022;289
23220;Saint-Médard-la-Rochette;2022;183
23221;Saint-Merd-la-Breuille;2022;67
23222;Saint-Michel-de-Veisse;2022;48
23223;Saint-Moreil;2022;72
23224;Saint-Oradoux-de-Chirouze;2022;28
23225;Saint-Oradoux-près-Crocq;2022;31
23226;Saint-Pardoux-d'Arnet;2022;53
23227;Saint-Pardoux-Morterolles;2022;77
23228;Saint-Pardoux-le-Neuf;2022;57
23229;Saint-Pardoux-les-Cards;2022;104
23230;Saint-Pierre-Chérignat;2022;51
23232;Saint-Pierre-Bellevue;2022;87
23233;Saint-Pierre-le-Bost;2022;45
23234;Saint-Priest;2022;52
23235;Saint-Priest-la-Feuille;2022;181
23236;Saint-Priest-la-Plaine;2022;80
23237;Saint-Priest-Palus;2022;25
23238;Saint-Quentin-la-Chabanne;2022;109
23239;Saint-Sébastien;2022;241
23240;Saint-Silvain-Bas-le-Roc;2022;139
23241;Saint-Silvain-Bellegarde;2022;69
23242;Saint-Silvain-Montaigut;2022;55
23243;Saint-Silvain-sous-Toulx;2022;56
23244;Saint-Sulpice-le-Dunois;2022;182
23245;Saint-Sulpice-le-Guérétois;2022;541
23246;Saint-Sulpice-les-Champs;2022;115
23247;Saint-Vaury;2022;480
23248;Saint-Victor-en-Marche;2022;72
23249;Saint-Yrieix-la-Montagne;2022;81
23250;Saint-Yrieix-les-Bois;2022;73
23251;Tardes;2022;30
23252;Tercillat;2022;70
23253;Thauron;2022;47
23254;Toulx-Sainte-Croix;2022;93
23255;Trois-Fonds;2022;32
23257;Vallière;2022;251
23258;Vareilles;2022;80
23259;Verneiges;2022;27
23260;Vidaillat;2022;64
23261;Viersat;2022;80
23262;Vigeville;2022;34
23263;Villard;2022;125
23264;La Villedieu;2022;21
23265;La Villeneuve;2022;17
23266;La Villetelle;2022;52
24001;Abjat-sur-Bandiat;2022;232
24002;Agonac;2022;455
24004;Ajat;2022;99
24005;Alles-sur-Dordogne;2022;129
24006;Allas-les-Mines;2022;53
24007;Allemans;2022;178
24008;Angoisse;2022;148
24009;Anlhiac;2022;82
24010;Annesse-et-Beaulieu;2022;464
24011;Antonne-et-Trigonant;2022;387
24012;Archignac;2022;96
24014;Aubas;2022;167
24015;Audrix;2022;87
24016;Augignac;2022;261
24018;Auriac-du-Périgord;2022;126
24019;Azerat;2022;124
24020;La Bachellerie;2022;267
24021;Badefols-d'Ans;2022;167
24022;Badefols-sur-Dordogne;2022;53
24023;Baneuil;2022;98
24024;Bardou;2022;11
24025;Bars;2022;72
24026;Bassillac et Auberoche;2022;1060
24027;Bayac;2022;95
24028;Beaumontois en Périgord;2022;665
24029;Beaupouyet;2022;153
24030;Beauregard-de-Terrasson;2022;209
24031;Beauregard-et-Bassac;2022;71
24032;Beauronne;2022;100
24034;Beleymas;2022;67
24035;Pays de Belvès;2022;501
24036;Berbiguières;2022;60
24037;Bergerac;2022;8862
24038;Bertric-Burée;2022;114
24039;Besse;2022;53
24040;Beynac-et-Cazenac;2022;141
24042;Biras;2022;119
24043;Biron;2022;46
24045;Boisse;2022;70
24046;Boisseuilh;2022;37
24048;Bonneville-et-Saint-Avit-de-Fumadières;2022;66
24050;Borrèze;2022;88
24051;Bosset;2022;73
24052;Bouillac;2022;29
24053;Boulazac Isle Manoire;2022;2575
24054;Bouniagues;2022;148
24055;Bourdeilles;2022;272
24056;Le Bourdeix;2022;65
24057;Bourg-des-Maisons;2022;18
24058;Bourg-du-Bost;2022;78
24059;Bourgnac;2022;107
24060;Bourniquel;2022;26
24061;Bourrou;2022;33
24062;Bouteilles-Saint-Sébastien;2022;65
24063;Bouzic;2022;54
24064;Brantôme en Périgord;2022;1220
24066;Brouchaud;2022;77
24067;Le Bugue;2022;1133
24068;Le Buisson-de-Cadouin;2022;744
24069;Bussac;2022;78
24070;Busserolles;2022;181
24071;Bussière-Badil;2022;122
24073;Calès;2022;133
24074;Calviac-en-Périgord;2022;172
24075;Campagnac-lès-Quercy;2022;98
24076;Campagne;2022;115
24077;Campsegret;2022;84
24080;Capdrot;2022;207
24081;Carlux;2022;215
24082;Carsac-Aillac;2022;517
24083;Carsac-de-Gurson;2022;57
24084;Carves;2022;40
24085;La Cassagne;2022;36
24086;Castelnaud-la-Chapelle;2022;122
24087;Castels et Bézenac;2022;314
24088;Cause-de-Clérans;2022;92
24090;Celles;2022;177
24091;Cénac-et-Saint-Julien;2022;398
24094;Chalagnac;2022;96
24095;Chalais;2022;149
24096;Champagnac-de-Belair;2022;278
24097;Champagne-et-Fontaine;2022;137
24098;Champcevinel;2022;831
24100;Champniers-et-Reilhac;2022;171
24101;Champs-Romain;2022;96
24102;Chancelade;2022;1396
24104;Chantérac;2022;148
24105;Chapdeuil;2022;37
24106;La Chapelle-Aubareil;2022;128
24107;La Chapelle-Faucher;2022;125
24108;La Chapelle-Gonaguet;2022;239
24109;La Chapelle-Grésignac;2022;34
24110;La Chapelle-Montabourlet;2022;21
24111;La Chapelle-Montmoreau;2022;38
24113;La Chapelle-Saint-Jean;2022;29
24114;Chassaignes;2022;21
24115;Château-l'Évêque;2022;546
24116;Châtres;2022;51
24117;Les Coteaux Périgourdins;2022;114
24119;Cherval;2022;88
24120;Cherveix-Cubas;2022;202
24121;Chourgnac;2022;26
24122;Cladech;2022;30
24123;Clermont-de-Beauregard;2022;36
24124;Clermont-d'Excideuil;2022;100
24126;Colombier;2022;59
24128;Comberanche-et-Épeluche;2022;46
24129;Condat-sur-Trincou;2022;126
24130;Condat-sur-Vézère;2022;228
24131;Connezac;2022;30
24132;Conne-de-Labarde;2022;55
24133;La Coquille;2022;544
24134;Corgnac-sur-l'Isle;2022;312
24135;Cornille;2022;181
24136;Coubjours;2022;37
24137;Coulaures;2022;210
24138;Coulounieix-Chamiers;2022;2183
24139;Coursac;2022;400
24140;Cours-de-Pile;2022;449
24141;Coutures;2022;74
24142;Coux et Bigaroque-Mouzens;2022;435
24143;Couze-et-Saint-Front;2022;244
24144;Creyssac;2022;37
24145;Creysse;2022;498
24146;Creyssensac-et-Pissot;2022;56
24147;Cubjac-Auvézère-Val d'Ans;2022;296
24148;Cunèges;2022;86
24150;Daglan;2022;198
24151;Doissat;2022;27
24152;Domme;2022;359
24153;La Dornac;2022;93
24154;Douchapt;2022;85
24155;Douville;2022;129
24156;La Douze;2022;239
24157;Douzillac;2022;228
24158;Dussac;2022;147
24159;Échourgnac;2022;125
24160;Église-Neuve-de-Vergt;2022;103
24161;Église-Neuve-d'Issac;2022;43
24162;Escoire;2022;119
24163;Étouars;2022;47
24164;Excideuil;2022;547
24165;Eygurande-et-Gardedeuil;2022;111
24167;Eymet;2022;1083
24168;Plaisance;2022;131
24171;Eyzerac;2022;152
24172;Les Eyzies;2022;371
24174;Fanlac;2022;54
24175;Les Farges;2022;84
24176;Faurilles;2022;16
24177;Faux-en-Périgord;2022;184
24179;La Feuillade;2022;166
24180;Firbeix;2022;85
24182;Le Fleix;2022;439
24183;Fleurac;2022;93
24184;Florimont-Gaumier;2022;62
24186;Fonroque;2022;79
24188;Fossemagne;2022;156
24189;Fougueyrolles;2022;102
24190;Fouleix;2022;48
24191;Fraisse;2022;36
24192;Gabillou;2022;33
24193;Gageac-et-Rouillac;2022;122
24194;Gardonne;2022;404
24195;Gaugeac;2022;32
24196;Génis;2022;204
24197;Ginestet;2022;219
24199;Gout-Rossignol;2022;189
24200;Grand-Brassac;2022;158
24202;Granges-d'Ans;2022;75
24205;Grignols;2022;175
24206;Grives;2022;28
24207;Groléjac;2022;210
24208;Grun-Bordas;2022;37
24209;Hautefaye;2022;38
24210;Hautefort;2022;314
24211;Issac;2022;131
24212;Issigeac;2022;297
24213;Jaure;2022;36
24214;Javerlhac-et-la-Chapelle-Saint-Robert;2022;253
24215;Jayac;2022;57
24216;La Jemaye-Ponteyraud;2022;49
24217;Journiac;2022;121
24218;Jumilhac-le-Grand;2022;364
24220;Lacropte;2022;141
24221;Rudeau-Ladosse;2022;51
24222;La Force;2022;758
24223;Lalinde;2022;1146
24224;Lamonzie-Montastruc;2022;174
24225;Lamonzie-Saint-Martin;2022;690
24226;Lamothe-Montravel;2022;411
24227;Lanouaille;2022;378
24228;Lanquais;2022;168
24229;Le Lardin-Saint-Lazare;2022;497
24230;Larzac;2022;35
24231;Lavalade;2022;28
24232;Lavaur;2022;29
24234;Les Lèches;2022;114
24236;Léguillac-de-l'Auche;2022;200
24237;Lembras;2022;415
24238;Lempzours;2022;36
24240;Limeuil;2022;108
24241;Limeyrat;2022;119
24242;Liorac-sur-Louyre;2022;75
24243;Lisle;2022;284
24244;Lolme;2022;118
24245;Loubejac;2022;76
24246;Lunas;2022;86
24247;Lusignac;2022;56
24248;Lussas-et-Nontronneau;2022;88
24251;Manzac-sur-Vern;2022;150
24252;Marcillac-Saint-Quentin;2022;185
24253;Mareuil en Périgord;2022;831
24254;Marnac;2022;64
24255;Marquay;2022;195
24256;Marsac-sur-l'Isle;2022;702
24257;Marsalès;2022;87
24259;Eyraud-Crempse-Maurens;2022;428
24260;Mauzac-et-Grand-Castang;2022;253
24261;Mauzens-et-Miremont;2022;88
24262;Mayac;2022;92
24263;Mazeyrolles;2022;106
24264;Ménesplet;2022;491
24266;Mensignac;2022;336
24267;Mescoules;2022;38
24268;Meyrals;2022;169
24269;Mialet;2022;275
24271;Milhac-de-Nontron;2022;198
24272;Minzac;2022;120
24273;Molières;2022;108
24274;Monbazillac;2022;286
24276;Monestier;2022;99
24277;Monfaucon;2022;59
24278;Monmadalès;2022;19
24279;Monmarvès;2022;15
24280;Monpazier;2022;186
24281;Monsac;2022;53
24282;Monsaguel;2022;52
24284;Montagnac-d'Auberoche;2022;39
24285;Montagnac-la-Crempse;2022;135
24286;Montagrier;2022;152
24287;Montaut;2022;35
24288;Montazeau;2022;108
24289;Montcaret;2022;374
24290;Montferrand-du-Périgord;2022;50
24291;Montignac-Lascaux;2022;981
24292;Montpeyroux;2022;118
24293;Monplaisant;2022;86
24294;Montpon-Ménestérol;2022;2067
24295;Montrem;2022;292
24296;Mouleydier;2022;375
24297;Moulin-Neuf;2022;296
24299;Mussidan;2022;1005
24300;Nabirat;2022;83
24301;Nadaillac;2022;111
24302;Nailhac;2022;98
24303;Nanteuil-Auriac-de-Bourzac;2022;90
24304;Nantheuil;2022;284
24305;Nanthiat;2022;114
24306;Nastringues;2022;29
24307;Naussannes;2022;66
24308;Négrondes;2022;208
24309;Neuvic;2022;1051
24311;Nontron;2022;1062
24312;Sanilhac;2022;1030
24313;Orliac;2022;11
24316;Parcoul-Chenaud;2022;227
24317;Paulin;2022;80
24318;Paunat;2022;106
24319;Paussac-et-Saint-Vivien;2022;133
24320;Payzac;2022;365
24321;Pazayac;2022;174
24322;Périgueux;2022;7278
24323;Petit-Bersac;2022;65
24324;Peyrignac;2022;136
24325;Pechs-de-l'Espérance;2022;250
24326;Peyzac-le-Moustier;2022;59
24327;Pezuls;2022;49
24328;Piégut-Pluviers;2022;477
24329;Le Pizou;2022;399
24330;Plazac;2022;269
24331;Pomport;2022;168
24334;Pontours;2022;68
24335;Port-Sainte-Foy-et-Ponchapt;2022;907
24336;Prats-de-Carlux;2022;122
24337;Prats-du-Périgord;2022;68
24338;Pressignac-Vicq;2022;132
24339;Preyssac-d'Excideuil;2022;45
24340;Prigonrieux;2022;1367
24341;Proissans;2022;283
24345;Queyssac;2022;153
24346;Quinsac;2022;131
24347;Rampieux;2022;42
24348;Razac-d'Eymet;2022;84
24349;Razac-de-Saussignac;2022;87
24350;Razac-sur-l'Isle;2022;616
24351;Ribagnac;2022;85
24352;Ribérac;2022;1364
24353;La Rochebeaucourt-et-Argentine;2022;109
24354;La Roche-Chalais;2022;891
24355;La Roque-Gageac;2022;152
24356;Rouffignac-Saint-Cernin-de-Reilhac;2022;564
24357;Rouffignac-de-Sigoulès;2022;84
24359;Sadillac;2022;24
24360;Sagelat;2022;91
24361;Saint-Agne;2022;109
24362;Val de Louyre et Caudeau;2022;524
24364;Coly-Saint-Amand;2022;151
24365;Saint-Amand-de-Vergt;2022;51
24366;Saint-André-d'Allas;2022;195
24367;Saint-André-de-Double;2022;60
24370;Saint-Antoine-de-Breuilh;2022;538
24371;Saint-Aquilin;2022;130
24372;Saint-Astier;2022;1704
24373;Saint-Aubin-de-Cadelech;2022;104
24374;Saint-Aubin-de-Lanquais;2022;70
24375;Saint-Aubin-de-Nabirat;2022;45
24376;Saint Aulaye-Puymangou;2022;589
24377;Saint-Avit-de-Vialard;2022;40
24378;Saint-Avit-Rivière;2022;28
24379;Saint-Avit-Sénieur;2022;150
24380;Saint-Barthélemy-de-Bellegarde;2022;114
24381;Saint-Barthélemy-de-Bussière;2022;77
24382;Saint-Capraise-de-Lalinde;2022;152
24383;Saint-Capraise-d'Eymet;2022;53
24384;Saint-Cassien;2022;10
24385;Saint-Cernin-de-Labarde;2022;66
24386;Saint-Cernin-de-l'Herm;2022;60
24388;Saint-Chamassy;2022;180
24390;Saint-Crépin-d'Auberoche;2022;83
24392;Saint-Crépin-et-Carlucet;2022;131
24393;Sainte-Croix;2022;33
24394;Sainte-Croix-de-Mareuil;2022;33
24395;Saint-Cybranet;2022;118
24396;Saint-Cyprien;2022;564
24397;Saint-Cyr-les-Champagnes;2022;97
24398;Saint-Estèphe;2022;218
24399;Saint-Étienne-de-Puycorbier;2022;37
24401;Sainte-Eulalie-d'Ans;2022;114
24403;Saint-Félix-de-Bourdeilles;2022;17
24404;Saint-Félix-de-Reillac-et-Mortemart;2022;49
24405;Saint-Félix-de-Villadeix;2022;98
24406;Sainte-Foy-de-Belvès;2022;33
24407;Sainte-Foy-de-Longas;2022;82
24408;Saint-Front-d'Alemps;2022;58
24409;Saint-Front-de-Pradoux;2022;382
24410;Saint-Front-la-Rivière;2022;182
24411;Saint-Front-sur-Nizonne;2022;40
24412;Saint-Geniès;2022;229
24413;Saint-Georges-Blancaneix;2022;63
24414;Saint-Georges-de-Montclard;2022;77
24415;Saint-Géraud-de-Corps;2022;56
24416;Saint-Germain-de-Belvès;2022;66
24417;Saint-Germain-des-Prés;2022;166
24418;Saint-Germain-du-Salembre;2022;283
24419;Saint-Germain-et-Mons;2022;186
24420;Saint-Géry;2022;70
24421;Saint-Geyrac;2022;52
24422;Saint-Hilaire-d'Estissac;2022;56
24423;Saint-Julien-Innocence-Eulalie;2022;91
24424;Saint-Jean-d'Ataux;2022;46
24425;Saint-Jean-de-Côle;2022;131
24426;Saint-Jean-d'Estissac;2022;55
24428;Saint-Jory-de-Chalais;2022;176
24429;Saint-Jory-las-Bloux;2022;66
24432;Saint-Julien-de-Lampon;2022;270
24434;Saint-Just;2022;48
24436;Saint-Laurent-des-Hommes;2022;311
24437;Saint-Laurent-des-Vignes;2022;267
24438;Saint-Laurent-la-Vallée;2022;91
24441;Saint-Léon-d'Issigeac;2022;61
24442;Saint-Léon-sur-l'Isle;2022;620
24443;Saint-Léon-sur-Vézère;2022;118
24444;Saint-Louis-en-l'Isle;2022;72
24445;Saint-Marcel-du-Périgord;2022;54
24446;Saint-Marcory;2022;16
24448;Saint-Martial-d'Albarède;2022;172
24449;Saint-Martial-d'Artenset;2022;319
24450;Saint-Martial-de-Nabirat;2022;195
24451;Saint-Martial-de-Valette;2022;238
24452;Saint-Martial-Viveyrol;2022;65
24453;Saint-Martin-de-Fressengeas;2022;121
24454;Saint-Martin-de-Gurson;2022;139
24455;Saint-Martin-de-Ribérac;2022;224
24456;Saint-Martin-des-Combes;2022;49
24457;Saint-Martin-l'Astier;2022;32
24458;Saint-Martin-le-Pin;2022;92
24459;Saint-Mayme-de-Péreyrol;2022;79
24460;Saint-Méard-de-Drône;2022;143
24461;Saint-Méard-de-Gurçon;2022;223
24462;Saint-Médard-de-Mussidan;2022;618
24463;Saint-Médard-d'Excideuil;2022;172
24464;Saint-Mesmin;2022;116
24465;Saint-Michel-de-Double;2022;70
24466;Saint-Michel-de-Montaigne;2022;80
24468;Saint-Michel-de-Villadeix;2022;79
24470;Sainte-Mondane;2022;73
24471;Sainte-Nathalène;2022;112
24472;Saint-Nexans;2022;258
24473;Sainte-Orse;2022;118
24474;Saint-Pancrace;2022;32
24476;Saint-Pantaly-d'Excideuil;2022;33
24477;Saint-Pardoux-de-Drône;2022;62
24478;Saint-Pardoux-et-Vielvic;2022;48
24479;Saint-Pardoux-la-Rivière;2022;486
24480;Saint-Paul-de-Serre;2022;58
24481;Saint-Paul-la-Roche;2022;199
24482;Saint-Paul-Lizonne;2022;101
24483;Saint-Perdoux;2022;49
24484;Saint-Pierre-de-Chignac;2022;238
24485;Saint-Pierre-de-Côle;2022;133
24486;Saint-Pierre-de-Frugie;2022;154
24487;Saint-Pierre-d'Eyraud;2022;440
24488;Saint-Pompon;2022;154
24489;Saint-Priest-les-Fougères;2022;129
24490;Saint Privat en Périgord;2022;442
24491;Saint-Rabier;2022;172
24492;Sainte-Radegonde;2022;23
24493;Saint-Raphaël;2022;31
24494;Saint-Rémy;2022;134
24495;Saint-Romain-de-Monpazier;2022;25
24496;Saint-Romain-et-Saint-Clément;2022;89
24498;Saint-Saud-Lacoussière;2022;331
24499;Saint-Sauveur;2022;238
24500;Saint-Sauveur-Lalande;2022;51
24501;Saint-Seurin-de-Prats;2022;160
24502;Saint-Séverin-d'Estissac;2022;27
24504;Saint-Sulpice-de-Roumagnac;2022;92
24505;Saint-Sulpice-d'Excideuil;2022;127
24507;Sainte-Trie;2022;45
24508;Saint-Victor;2022;83
24509;Saint-Vincent-de-Connezac;2022;166
24510;Saint-Vincent-de-Cosse;2022;108
24511;Saint-Vincent-Jalmoutiers;2022;76
24512;Saint-Vincent-le-Paluel;2022;68
24513;Saint-Vincent-sur-l'Isle;2022;72
24514;Saint-Vivien;2022;80
24515;Salagnac;2022;86
24516;Salignac-Eyvigues;2022;468
24517;Salles-de-Belvès;2022;20
24518;Salon;2022;65
24519;Sarlande;2022;123
24520;Sarlat-la-Canéda;2022;2978
24521;Sarliac-sur-l'Isle;2022;251
24522;Sarrazac;2022;137
24523;Saussignac;2022;122
24524;Savignac-de-Miremont;2022;58
24525;Savignac-de-Nontron;2022;78
24526;Savignac-Lédrier;2022;241
24527;Savignac-les-Églises;2022;209
24528;Sceau-Saint-Angel;2022;36
24529;Segonzac;2022;55
24531;Sergeac;2022;68
24532;Serres-et-Montguyard;2022;70
24533;Servanches;2022;28
24534;Sigoulès-et-Flaugeac;2022;386
24535;Simeyrols;2022;70
24536;Singleyrac;2022;65
24537;Siorac-de-Ribérac;2022;86
24538;Siorac-en-Périgord;2022;365
24540;Sorges et Ligueux en Périgord;2022;427
24541;Soudat;2022;33
24542;Soulaures;2022;18
24543;Sourzac;2022;354
24544;Tamniès;2022;104
24545;Teillots;2022;46
24546;Temple-Laguyon;2022;13
24547;Terrasson-Lavilledieu;2022;1765
24548;Teyjat;2022;105
24549;Thénac;2022;80
24550;Thenon;2022;412
24551;Thiviers;2022;1007
24552;Thonac;2022;84
24553;Tocane-Saint-Apre;2022;551
24554;La Tour-Blanche-Cercles;2022;267
24555;Tourtoirac;2022;262
24557;Trélissac;2022;2147
24558;Trémolat;2022;249
24559;Tursac;2022;126
24560;Urval;2022;35
24562;Vallereuil;2022;79
24563;Valojoulx;2022;85
24564;Vanxains;2022;215
24565;Varaignes;2022;122
24566;Varennes;2022;133
24567;Vaunac;2022;83
24568;Vélines;2022;284
24569;Vendoire;2022;41
24570;Verdon;2022;17
24571;Vergt;2022;474
24572;Vergt-de-Biron;2022;72
24573;Verteillac;2022;209
24574;Veyrignac;2022;75
24575;Veyrines-de-Domme;2022;60
24576;Veyrines-de-Vergt;2022;74
24577;Vézac;2022;176
24580;Villac;2022;91
24581;Villamblard;2022;278
24582;Villars;2022;163
24584;Villefranche-de-Lonchat;2022;216
24585;Villefranche-du-Périgord;2022;286
24586;Villetoureix;2022;287
24587;Vitrac;2022;236
25001;Abbans-Dessous;2022;49
25002;Abbans-Dessus;2022;72
25003;Abbenans;2022;85
25004;Abbévillers;2022;193
25005;Accolans;2022;26
25006;Adam-lès-Passavant;2022;19
25007;Adam-lès-Vercel;2022;8
25008;Aibre;2022;106
25009;Aïssey;2022;24
25011;Allenjoie;2022;165
25012;Les Alliés;2022;19
25013;Allondans;2022;54
25014;Amagney;2022;225
25015;Amancey;2022;207
25016;Amathay-Vésigneux;2022;40
25017;Amondans;2022;15
25018;Anteuil;2022;132
25019;Appenans;2022;99
25020;Arbouans;2022;255
25021;Arc-et-Senans;2022;443
25022;Arcey;2022;315
25024;Arçon;2022;153
25025;Arc-sous-Cicon;2022;108
25026;Arc-sous-Montenot;2022;50
25029;Aubonne;2022;47
25030;Audeux;2022;90
25031;Audincourt;2022;2995
25032;Autechaux;2022;65
25033;Autechaux-Roide;2022;148
25035;Les Auxons;2022;548
25036;Avanne-Aveney;2022;779
25038;Avilley;2022;49
25039;Avoudrey;2022;180
25040;Badevel;2022;180
25041;Bannans;2022;40
25042;Le Barboux;2022;27
25043;Bart;2022;612
25044;Bartherans;2022;21
25045;Battenans-les-Mines;2022;18
25046;Battenans-Varin;2022;13
25047;Baume-les-Dames;2022;1479
25048;Bavans;2022;921
25049;Belfays;2022;16
25050;Le Bélieu;2022;56
25051;Belleherbe;2022;131
25052;Belmont;2022;15
25053;Belvoir;2022;29
25054;Berche;2022;131
25055;Berthelange;2022;52
25056;Besançon;2022;21956
25057;Bethoncourt;2022;1188
25058;Beure;2022;304
25059;Beutal;2022;50
25060;Val-d'Usiers;2022;365
25061;Bief;2022;50
25062;Le Bizot;2022;37
25063;Blamont;2022;383
25065;Blarians;2022;22
25066;Blussangeaux;2022;19
25067;Blussans;2022;48
25070;Bolandoz;2022;83
25071;Bondeval;2022;115
25072;Bonnal;2022;4
25073;Bonnay;2022;144
25074;Bonnétage;2022;232
25075;Bonnevaux;2022;47
25077;La Bosse;2022;9
25078;Bouclans;2022;228
25079;Boujailles;2022;76
25082;Bourguignon;2022;217
25083;Bournois;2022;49
25084;Boussières;2022;229
25085;Bouverans;2022;58
25086;Braillans;2022;35
25087;Branne;2022;41
25088;Breconchaux;2022;14
25089;Bremondans;2022;20
25090;Brères;2022;13
25091;Les Bréseux;2022;69
25092;La Bretenière;2022;19
25093;Bretigney;2022;15
25094;Bretigney-Notre-Dame;2022;21
25095;Bretonvillers;2022;70
25096;Brey-et-Maison-du-Bois;2022;19
25097;Brognard;2022;100
25098;Buffard;2022;51
25099;Bugny;2022;15
25100;Bulle;2022;69
25101;Burgille;2022;79
25102;Burnevillers;2022;8
25103;Busy;2022;121
25104;By;2022;18
25105;Byans-sur-Doubs;2022;116
25106;Cademène;2022;24
25107;Cendrey;2022;55
25108;Cernay-l'Église;2022;59
25109;Cessey;2022;62
25110;Chaffois;2022;188
25111;Chalèze;2022;110
25112;Chalezeule;2022;219
25113;Chamesey;2022;27
25114;Chamesol;2022;76
25115;Champagney;2022;70
25116;Champlive;2022;71
25117;Champoux;2022;16
25119;Champvans-les-Moulins;2022;71
25120;Chantrans;2022;99
25121;Chapelle-des-Bois;2022;54
25122;Chapelle-d'Huin;2022;65
25124;Charmauvillers;2022;39
25125;Charmoille;2022;73
25126;Charnay;2022;104
25127;Charquemont;2022;454
25129;Chassagne-Saint-Denis;2022;31
25130;Châteauvieux-les-Fossés;2022;6
25131;Châtelblanc;2022;17
25132;Châtillon-Guyotte;2022;16
25133;Châtillon-le-Duc;2022;592
25136;Chaucenne;2022;88
25138;Les Terres-de-Chaux;2022;31
25139;La Chaux;2022;100
25141;Chaux-lès-Passavant;2022;27
25142;Chaux-Neuve;2022;37
25143;Chay;2022;34
25145;Chazot;2022;34
25147;Chemaudin et Vaux;2022;339
25148;La Chenalotte;2022;59
25149;Chenecey-Buillon;2022;118
25150;Chevigney-sur-l'Ognon;2022;46
25151;Chevigney-lès-Vercel;2022;10
25152;La Chevillotte;2022;19
25153;Chevroz;2022;31
25154;Chouzelot;2022;61
25155;Cléron;2022;77
25156;Pays-de-Clerval;2022;259
25157;La Cluse-et-Mijoux;2022;222
25159;Colombier-Fontaine;2022;346
25160;Les Combes;2022;98
25161;Consolation-Maisonnettes;2022;5
25162;Corcelles-Ferrières;2022;32
25163;Corcelle-Mieslot;2022;29
25164;Corcondray;2022;39
25166;Côtebrune;2022;16
25170;Courcelles-lès-Montbéliard;2022;306
25171;Courcelles;2022;21
25172;Courchapon;2022;42
25173;Cour-Saint-Maurice;2022;30
25174;Courtefontaine;2022;53
25175;Courtetain-et-Salans;2022;15
25176;Courvières;2022;40
25177;Crosey-le-Grand;2022;34
25178;Crosey-le-Petit;2022;27
25179;Le Crouzet;2022;11
25180;Crouzet-Migette;2022;20
25181;Cubrial;2022;38
25182;Cubry;2022;16
25183;Cusance;2022;22
25184;Cuse-et-Adrisans;2022;51
25185;Cussey-sur-Lison;2022;12
25186;Cussey-sur-l'Ognon;2022;160
25187;Dambelin;2022;105
25188;Dambenois;2022;145
25189;Dammartin-les-Templiers;2022;44
25190;Dampierre-les-Bois;2022;359
25191;Dampierre-sur-le-Doubs;2022;133
25192;Dampjoux;2022;30
25193;Damprichard;2022;414
25194;Dannemarie;2022;18
25195;Dannemarie-sur-Crète;2022;211
25196;Dasle;2022;380
25197;Deluz;2022;147
25198;Désandans;2022;267
25199;Déservillers;2022;64
25200;Devecey;2022;364
25201;Dommartin;2022;150
25202;Dompierre-les-Tilleuls;2022;39
25203;Domprel;2022;28
25204;Doubs;2022;727
25207;Dung;2022;140
25208;Durnes;2022;37
25209;Échay;2022;21
25210;Échenans;2022;28
25211;Échevannes;2022;25
25212;École-Valentin;2022;532
25213;Les Écorces;2022;124
25214;Écot;2022;122
25215;L'Écouvotte;2022;11
25216;Écurcey;2022;84
25217;Émagny;2022;133
25218;Épenouse;2022;15
25219;Épenoy;2022;105
25220;Épeugney;2022;128
25221;Esnans;2022;10
25222;Étalans;2022;250
25223;Éternoz-Vallée-du-Lison;2022;127
25224;Étouvans;2022;221
25225;Étrabonne;2022;42
25226;Étrappe;2022;46
25227;Étray;2022;31
25228;Étupes;2022;806
25229;Évillers;2022;77
25230;Exincourt;2022;886
25231;Eysson;2022;20
25232;Faimbe;2022;23
25233;Fallerans;2022;41
25234;Ferrières-le-Lac;2022;16
25235;Ferrières-les-Bois;2022;59
25236;Fertans;2022;50
25237;Fesches-le-Châtel;2022;440
25238;Fessevillers;2022;24
25239;Feule;2022;31
25240;Les Fins;2022;558
25241;Flagey;2022;30
25242;Flagey-Rigney;2022;20
25243;Flangebouche;2022;152
25244;Fleurey;2022;26
25245;Fontain;2022;292
25246;Fontaine-lès-Clerval;2022;61
25247;Fontenelle-Montby;2022;22
25248;Les Fontenelles;2022;80
25249;Fontenotte;2022;13
25251;Fourbanne;2022;23
25252;Fourcatier-et-Maison-Neuve;2022;16
25253;Fourg;2022;63
25254;Les Fourgs;2022;221
25255;Fournet-Blancheroche;2022;43
25256;Frambouhans;2022;126
25257;Franey;2022;57
25258;Franois;2022;451
25259;Frasne;2022;314
25261;Froidevaux;2022;18
25262;Fuans;2022;69
25263;Gellin;2022;35
25264;Gémonval;2022;19
25265;Geneuille;2022;263
25266;Geney;2022;32
25267;Gennes;2022;119
25268;Germéfontaine;2022;18
25269;Germondans;2022;21
25270;Gevresin;2022;24
25271;Gilley;2022;288
25273;Glamondans;2022;29
25274;Glay;2022;67
25275;Glère;2022;40
25276;Gondenans-Montby;2022;49
25277;Gondenans-les-Moulins;2022;20
25278;Gonsans;2022;97
25279;Gouhelans;2022;31
25280;Goumois;2022;34
25281;Goux-lès-Dambelin;2022;45
25283;Goux-sous-Landet;2022;18
25284;Grand-Charmont;2022;1236
25285;Grand'Combe-Châteleu;2022;278
25286;Grand'Combe-des-Bois;2022;9
25287;Grandfontaine;2022;316
25288;Fournets-Luisans;2022;96
25289;Grandfontaine-sur-Creuse;2022;8
25290;La Grange;2022;16
25293;Granges-Narboz;2022;149
25295;Les Grangettes;2022;79
25296;Les Gras;2022;135
25298;Grosbois;2022;44
25299;Guillon-les-Bains;2022;22
25300;Guyans-Durnes;2022;51
25301;Guyans-Vennes;2022;125
25304;Hérimoncourt;2022;722
25305;L'Hôpital-du-Grosbois;2022;75
25306;L'Hôpital-Saint-Lieffroy;2022;18
25307;Les Hôpitaux-Neufs;2022;79
25308;Les Hôpitaux-Vieux;2022;47
25309;Houtaud;2022;166
25310;Huanne-Montmartin;2022;19
25311;Hyémondans;2022;43
25312;Hyèvre-Magny;2022;12
25313;Hyèvre-Paroisse;2022;54
25314;Indevillers;2022;43
25315;L'Isle-sur-le-Doubs;2022;741
25316;Issans;2022;83
25317;Jallerange;2022;46
25318;Jougne;2022;235
25320;Labergement-Sainte-Marie;2022;185
25321;Villers-le-Lac;2022;799
25322;Laire;2022;94
25323;Laissey;2022;89
25324;Lanans;2022;25
25325;Landresse;2022;54
25326;Lantenne-Vertière;2022;98
25327;Lanthenans;2022;14
25328;Larnod;2022;198
25329;Laval-le-Prieuré;2022;10
25330;Lavans-Quingey;2022;24
25331;Lavans-Vuillafans;2022;35
25332;Lavernay;2022;104
25333;Laviron;2022;77
25334;Levier;2022;471
25335;Liebvillers;2022;22
25336;Liesle;2022;127
25338;Lizine;2022;32
25339;Lods;2022;59
25340;Lombard;2022;46
25341;Lomont-sur-Crête;2022;38
25342;Longechaux;2022;6
25343;Longemaison;2022;24
25344;Longevelle-lès-Russey;2022;12
25345;Longevelle-sur-Doubs;2022;151
25346;Longeville;2022;35
25348;Longevilles-Mont-d'Or;2022;70
25349;Loray;2022;81
25350;Lougres;2022;180
25351;Le Luhier;2022;40
25354;Luxiol;2022;29
25355;Magny-Châtelard;2022;3
25356;Maîche;2022;930
25357;Maisons-du-Bois-Lièvremont;2022;100
25359;Malans;2022;40
25360;Malbrans;2022;34
25361;Malbuisson;2022;104
25362;Malpas;2022;33
25364;Mamirolle;2022;437
25365;Mancenans;2022;70
25366;Mancenans-Lizerne;2022;33
25367;Mandeure;2022;1142
25368;Marchaux-Chaudefontaine;2022;276
25369;Marvelise;2022;35
25370;Mathay;2022;570
25371;Mazerolles-le-Salin;2022;44
25372;Médière;2022;70
25373;Le Mémont;2022;2
25374;Mercey-le-Grand;2022;107
25375;Les Monts-Ronds;2022;133
25376;Mérey-Vieilley;2022;32
25377;Mésandans;2022;29
25378;Meslières;2022;80
25379;Mesmay;2022;16
25380;Métabief;2022;113
25381;Miserey-Salines;2022;617
25382;Moncey;2022;92
25383;Moncley;2022;59
25384;Mondon;2022;17
25385;Montagney-Servigney;2022;22
25386;Montancy;2022;21
25387;Montandon;2022;72
25388;Montbéliard;2022;5727
25389;Montbéliardot;2022;20
25390;Pays-de-Montbenoît;2022;250
25391;Mont-de-Laval;2022;26
25392;Mont-de-Vougney;2022;24
25393;Montécheroux;2022;136
25394;Montenois;2022;279
25395;Montfaucon;2022;387
25397;Montferrand-le-Château;2022;643
25400;Montgesoye;2022;127
25401;Montivernage;2022;6
25402;Montjoie-le-Château;2022;4
25403;Montlebon;2022;365
25404;Montmahoux;2022;15
25405;Montperreux;2022;115
25406;Montrond-le-Château;2022;111
25408;Montussaint;2022;14
25410;Morre;2022;236
25411;Morteau;2022;1314
25413;Mouthe;2022;236
25414;Le Moutherot;2022;15
25415;Mouthier-Haute-Pierre;2022;87
25416;Myon;2022;63
25417;Naisey-les-Granges;2022;147
25418;Nancray;2022;275
25419;Nans;2022;23
25420;Nans-sous-Sainte-Anne;2022;54
25421;Narbief;2022;10
25422;Neuchâtel-Urtière;2022;24
25424;Les Premiers Sapins;2022;279
25425;Noël-Cerneux;2022;55
25426;Noirefontaine;2022;87
25427;Noironte;2022;85
25428;Nommay;2022;412
25429;Novillars;2022;272
25430;Ollans;2022;14
25431;Onans;2022;100
25432;Orchamps-Vennes;2022;348
25433;Orgeans-Blanchefontaine;2022;7
25434;Ornans;2022;1190
25435;Orsans;2022;25
25436;Orve;2022;16
25437;Osse;2022;70
25438;Osselle-Routelle;2022;172
25439;Ougney-Douvot;2022;53
25440;Ouhans;2022;58
25441;Ouvans;2022;13
25442;Oye-et-Pallet;2022;100
25443;Palantine;2022;5
25444;Palise;2022;31
25445;Paroy;2022;28
25446;Passavant;2022;35
25447;Passonfontaine;2022;48
25448;Pelousey;2022;213
25449;Péseux;2022;23
25450;Pessans;2022;17
25451;Petite-Chaux;2022;31
25452;Pierrefontaine-lès-Blamont;2022;72
25453;Pierrefontaine-les-Varans;2022;336
25454;Pirey;2022;457
25455;Placey;2022;47
25456;Plaimbois-du-Miroir;2022;24
25457;Plaimbois-Vennes;2022;17
25458;Les Plains-et-Grands-Essarts;2022;32
25459;La Planée;2022;46
25460;Le Val;2022;48
25461;Pompierre-sur-Doubs;2022;54
25462;Pontarlier;2022;3490
25463;Pont-de-Roide-Vermondans;2022;1185
25464;Les Pontets;2022;17
25465;Pont-les-Moulins;2022;51
25466;Pouilley-Français;2022;135
25467;Pouilley-les-Vignes;2022;492
25468;Pouligney-Lusans;2022;136
25469;Présentevillers;2022;123
25470;La Prétière;2022;42
25471;Provenchère;2022;27
25472;Puessans;2022;9
25473;Pugey;2022;143
25474;Le Puy;2022;8
25475;Quingey;2022;349
25476;Rahon;2022;38
25477;Rancenay;2022;73
25478;Randevillers;2022;34
25479;Rang;2022;110
25481;Raynans;2022;37
25482;Recologne;2022;136
25483;Reculfoz;2022;3
25485;Rémondans-Vaivre;2022;50
25486;Remoray-Boujeons;2022;49
25487;Renédale;2022;4
25488;Rennes-sur-Loue;2022;28
25489;Reugney;2022;59
25490;Rigney;2022;97
25491;Rignosot;2022;34
25492;Rillans;2022;20
25493;La Rivière-Drugeon;2022;133
25494;Rochejean;2022;68
25495;Roche-lez-Beaupré;2022;518
25496;Roche-lès-Clerval;2022;25
25497;Roches-lès-Blamont;2022;142
25498;Rognon;2022;13
25499;Romain;2022;18
25500;Ronchaux;2022;21
25501;Rondefontaine;2022;5
25502;Roset-Fluans;2022;103
25503;Rosières-sur-Barbèche;2022;23
25504;Rosureux;2022;18
25505;Rougemont;2022;293
25506;Rougemontot;2022;22
25507;Rouhe;2022;18
25508;Roulans;2022;245
25510;Ruffey-le-Château;2022;55
25511;Rurey;2022;66
25512;Le Russey;2022;378
25513;Sainte-Anne;2022;12
25514;Saint-Antoine;2022;55
25515;Sainte-Colombe;2022;64
25516;Saint-Georges-Armont;2022;23
25517;Saint-Gorgon-Main;2022;42
25518;Saint-Hilaire;2022;11
25519;Saint-Hippolyte;2022;210
25520;Saint-Juan;2022;47
25521;Saint-Julien-lès-Montbéliard;2022;50
25522;Saint-Julien-lès-Russey;2022;25
25523;Sainte-Marie;2022;195
25524;Saint-Maurice-Colombier;2022;197
25525;Saint-Point-Lac;2022;53
25526;Sainte-Suzanne;2022;311
25527;Saint-Vit;2022;1110
25528;Samson;2022;18
25529;Sancey;2022;412
25532;Saône;2022;726
25534;Sarrageois;2022;31
25535;Saules;2022;53
25536;Sauvagney;2022;24
25537;Scey-Maisières;2022;70
25538;Séchin;2022;28
25539;Seloncourt;2022;1474
25540;Semondans;2022;66
25541;Septfontaines;2022;60
25542;Serre-les-Sapins;2022;368
25544;Servin;2022;34
25545;Silley-Amancey;2022;12
25546;Silley-Bléfond;2022;24
25547;Sochaux;2022;752
25548;Solemont;2022;33
25550;La Sommette;2022;31
25551;Soulce-Cernay;2022;21
25552;Sourans;2022;27
25553;Soye;2022;69
25554;Surmont;2022;42
25555;Taillecourt;2022;317
25556;Tallans;2022;8
25557;Tallenay;2022;145
25558;Tarcenay-Foucherans;2022;260
25559;Thiébouhans;2022;45
25560;Thise;2022;1014
25561;Thoraise;2022;57
25562;Thulay;2022;43
25563;Thurey-le-Mont;2022;31
25564;Torpes;2022;158
25565;Touillon-et-Loutelet;2022;33
25566;La Tour-de-Sçay;2022;55
25567;Tournans;2022;19
25569;Trépot;2022;114
25570;Tressandans;2022;13
25571;Trévillers;2022;99
25572;Trouvans;2022;17
25573;Urtière;2022;4
25574;Uzelle;2022;39
25575;Vaire;2022;187
25578;Valdahon;2022;996
25579;Val-de-Roulans;2022;25
25580;Valentigney;2022;2352
25582;Valleroy;2022;23
25583;Valonne;2022;54
25584;Valoreille;2022;28
25586;Vandoncourt;2022;182
25588;Vaucluse;2022;24
25589;Vauclusotte;2022;24
25590;Vaudrivillers;2022;20
25591;Vaufrey;2022;36
25592;Vaux-et-Chantegrue;2022;96
25594;Velesmes-Essarts;2022;92
25595;Vellerot-lès-Belvoir;2022;17
25596;Vellerot-lès-Vercel;2022;13
25597;Vellevans;2022;45
25598;Venise;2022;82
25599;Vennans;2022;9
25600;Vennes;2022;24
25601;Vercel-Villedieu-le-Camp;2022;285
25602;Vergranne;2022;18
25604;Verne;2022;28
25605;Vernierfontaine;2022;83
25607;Vernois-lès-Belvoir;2022;12
25608;Le Vernoy;2022;44
25609;Verrières-de-Joux;2022;68
25611;La Vèze;2022;107
25612;Vieilley;2022;153
25613;Viéthorey;2022;16
25614;Vieux-Charmont;2022;680
25615;Villars-lès-Blamont;2022;95
25616;Villars-Saint-Georges;2022;50
25617;Villars-sous-Dampjoux;2022;108
25618;Villars-sous-Écot;2022;106
25619;Les Villedieu;2022;37
25621;Villeneuve-d'Amont;2022;42
25622;Villers-Buzon;2022;68
25623;Villers-Chief;2022;24
25624;Villers-Grélot;2022;25
25625;Villers-la-Combe;2022;15
25626;Villers-Saint-Martin;2022;44
25627;Villers-sous-Chalamont;2022;66
25629;Voillans;2022;44
25630;Voires;2022;14
25631;Vorges-les-Pins;2022;94
25632;Voujeaucourt;2022;718
25633;Vuillafans;2022;162
25634;Vuillecin;2022;148
25635;Vyt-lès-Belvoir;2022;38
26001;Solaure en Diois;2022;107
26002;Albon;2022;381
26003;Aleyrac;2022;13
26004;Alixan;2022;405
26005;Allan;2022;415
26006;Allex;2022;516
26007;Ambonil;2022;25
26008;Ancône;2022;241
26009;Andancette;2022;287
26010;Anneyron;2022;981
26011;Aouste-sur-Sye;2022;650
26012;Arnayon;2022;5
26013;Arpavon;2022;15
26014;Arthémonay;2022;114
26015;Aubenasson;2022;12
26016;Aubres;2022;124
26017;Aucelon;2022;4
26018;Aulan;2022;1
26019;Aurel;2022;58
26020;La Répara-Auriples;2022;54
26021;Autichamp;2022;21
26022;Ballons;2022;30
26023;Barbières;2022;143
26024;Barcelonne;2022;89
26025;Barnave;2022;39
26026;Barret-de-Lioure;2022;22
26027;Barsac;2022;41
26028;Bathernay;2022;38
26030;La Bâtie-des-Fonds;2022;2
26031;La Bâtie-Rolland;2022;226
26032;La Baume-Cornillane;2022;94
26033;La Baume-de-Transit;2022;202
26034;La Baume-d'Hostun;2022;95
26035;Beaufort-sur-Gervanne;2022;105
26036;Beaumont-en-Diois;2022;19
26037;Beaumont-lès-Valence;2022;903
26038;Beaumont-Monteux;2022;225
26039;Beauregard-Baret;2022;147
26040;Beaurières;2022;20
26041;Beausemblant;2022;302
26042;Beauvallon;2022;531
26043;Beauvoisin;2022;52
26045;La Bégude-de-Mazenc;2022;400
26046;Bellecombe-Tarendol;2022;19
26047;Bellegarde-en-Diois;2022;26
26048;Bénivay-Ollon;2022;29
26049;Bésayes;2022;324
26050;Bésignan;2022;24
26051;Bézaudun-sur-Bîne;2022;18
26052;Bonlieu-sur-Roubion;2022;74
26054;Bouchet;2022;270
26055;Boulc;2022;33
26056;Bourdeaux;2022;217
26057;Bourg-de-Péage;2022;2320
26058;Bourg-lès-Valence;2022;4447
26059;Bouvante;2022;58
26060;Bouvières;2022;49
26061;Bren;2022;134
26062;Brette;2022;8
26063;Buis-les-Baronnies;2022;861
26064;Chabeuil;2022;1586
26065;Chabrillan;2022;159
26066;Le Chaffal;2022;15
26067;Chalancon;2022;25
26068;Le Chalon;2022;40
26069;Chamaloc;2022;33
26070;Chamaret;2022;182
26071;Chanos-Curson;2022;210
26072;Chantemerle-les-Blés;2022;218
26073;Chantemerle-lès-Grignan;2022;60
26074;La Chapelle-en-Vercors;2022;207
26075;La Charce;2022;10
26076;Charens;2022;15
26077;Charmes-sur-l'Herbasse;2022;150
26078;Charols;2022;244
26079;Charpey;2022;226
26080;Chastel-Arnaud;2022;14
26081;Châteaudouble;2022;115
26082;Châteauneuf-de-Bordette;2022;32
26083;Châteauneuf-de-Galaure;2022;523
26084;Châteauneuf-sur-Isère;2022;754
26085;Châteauneuf-du-Rhône;2022;506
26086;Châtillon-en-Diois;2022;253
26087;Châtillon-Saint-Jean;2022;276
26088;Chatuzange-le-Goubet;2022;1207
26089;Chaudebonne;2022;17
26090;La Chaudière;2022;8
26091;Chauvac-Laux-Montaux;2022;15
26092;Chavannes;2022;101
26093;Clansayes;2022;146
26094;Claveyson;2022;162
26095;Cléon-d'Andran;2022;228
26096;Clérieux;2022;424
26097;Cliousclat;2022;154
26098;Cobonne;2022;38
26099;Colonzelle;2022;120
26100;Combovin;2022;69
26101;Comps;2022;36
26102;Condillac;2022;32
26103;Condorcet;2022;137
26104;Cornillac;2022;24
26105;Cornillon-sur-l'Oule;2022;28
26106;La Coucourde;2022;174
26107;Crépol;2022;136
26108;Crest;2022;2444
26110;Crozes-Hermitage;2022;116
26111;Crupies;2022;31
26112;Curnier;2022;40
26113;Die;2022;1393
26114;Dieulefit;2022;1265
26115;Divajeu;2022;135
26116;Donzère;2022;1009
26117;Échevis;2022;4
26118;Épinouze;2022;329
26119;Érôme;2022;156
26121;Espeluche;2022;205
26122;Espenel;2022;33
26123;Establet;2022;12
26124;Étoile-sur-Rhône;2022;1056
26125;Eurre;2022;276
26126;Eygalayes;2022;40
26127;Eygaliers;2022;26
26128;Eygluy-Escoulin;2022;13
26129;Eymeux;2022;151
26130;Eyroles;2022;8
26131;Eyzahut;2022;49
26133;Fay-le-Clos;2022;53
26134;Félines-sur-Rimandoule;2022;27
26135;Ferrassières;2022;39
26136;Val-Maravel;2022;17
26137;Francillon-sur-Roubion;2022;47
26138;La Garde-Adhémar;2022;277
26139;Génissieux;2022;742
26140;Geyssans;2022;132
26141;Gigors-et-Lozeron;2022;51
26142;Glandage;2022;35
26143;Le Grand-Serre;2022;202
26144;Grane;2022;492
26145;Les Granges-Gontardes;2022;120
26146;Grignan;2022;502
26147;Gumiane;2022;7
26148;Hauterives;2022;570
26149;Hostun;2022;194
26150;Izon-la-Bruisse;2022;1
26152;Jonchères;2022;11
26153;Laborel;2022;48
26154;Lachau;2022;89
26155;Lapeyrouse-Mornay;2022;241
26156;Larnage;2022;180
26157;La Laupie;2022;143
26159;Laval-d'Aix;2022;33
26160;Laveyron;2022;227
26161;Lemps;2022;25
26162;Lens-Lestang;2022;206
26163;Léoncel;2022;16
26164;Lesches-en-Diois;2022;24
26165;Livron-sur-Drôme;2022;1872
26166;Loriol-sur-Drôme;2022;1370
26167;Luc-en-Diois;2022;183
26168;Lus-la-Croix-Haute;2022;151
26169;Malataverne;2022;410
26170;Malissard;2022;861
26171;Manas;2022;45
26172;Manthes;2022;162
26173;Marches;2022;141
26174;Margès;2022;202
26175;Marignac-en-Diois;2022;56
26176;Marsanne;2022;329
26177;Marsaz;2022;141
26178;Menglon;2022;160
26179;Mercurol-Veaunes;2022;494
26180;Mérindol-les-Oliviers;2022;76
26181;Mévouillon;2022;65
26182;Mirabel-aux-Baronnies;2022;466
26183;Mirabel-et-Blacons;2022;258
26185;Mirmande;2022;145
26186;Miscon;2022;26
26188;Mollans-sur-Ouvèze;2022;327
26189;Montauban-sur-l'Ouvèze;2022;41
26190;Montaulieu;2022;28
26191;Montboucher-sur-Jabron;2022;559
26192;Montbrison-sur-Lez;2022;101
26193;Montbrun-les-Bains;2022;138
26194;Montchenu;2022;150
26195;Montclar-sur-Gervanne;2022;49
26196;Montéléger;2022;507
26197;Montélier;2022;1016
26198;Montélimar;2022;8937
26199;Montferrand-la-Fare;2022;13
26200;Montfroc;2022;43
26201;Montguers;2022;17
26202;Montjoux;2022;85
26203;Montjoyer;2022;72
26204;Montlaur-en-Diois;2022;31
26205;Montmaur-en-Diois;2022;26
26206;Montmeyran;2022;697
26207;Montmiral;2022;135
26208;Montoison;2022;329
26209;Montréal-les-Sources;2022;10
26210;Valherbasse;2022;218
26211;Montségur-sur-Lauzon;2022;320
26212;Montvendre;2022;193
26213;Moras-en-Valloire;2022;123
26214;Mornans;2022;27
26215;La Motte-Chalancon;2022;132
26216;Saint-Jean-de-Galaure;2022;233
26217;La Motte-Fanjas;2022;40
26218;Mours-Saint-Eusèbe;2022;915
26220;Nyons;2022;2888
26221;Omblèze;2022;24
26222;Orcinas;2022;7
26223;Oriol-en-Royans;2022;123
26224;Ourches;2022;56
26225;Parnans;2022;194
26226;Le Pègue;2022;131
26227;Pelonne;2022;7
26228;Pennes-le-Sec;2022;3
26229;La Penne-sur-l'Ouvèze;2022;34
26231;Peyrins;2022;609
26232;Peyrus;2022;142
26233;Piégon;2022;63
26234;Piégros-la-Clastre;2022;200
26235;Pierrelatte;2022;2914
26236;Pierrelongue;2022;61
26238;Les Pilles;2022;63
26239;Plaisians;2022;42
26240;Plan-de-Baix;2022;52
26241;Le Poët-Célard;2022;34
26242;Le Poët-en-Percip;2022;3
26243;Le Poët-Laval;2022;288
26244;Le Poët-Sigillat;2022;39
26245;Pommerol;2022;4
26246;Ponet-et-Saint-Auban;2022;36
26247;Ponsas;2022;121
26248;Pontaix;2022;46
26249;Pont-de-Barret;2022;124
26250;Pont-de-l'Isère;2022;646
26251;Portes-en-Valdaine;2022;105
26252;Portes-lès-Valence;2022;2172
26253;Poyols;2022;24
26254;Pradelle;2022;3
26255;Les Prés;2022;14
26256;Propiac;2022;27
26257;Puygiron;2022;89
26258;Puy-Saint-Martin;2022;223
26259;Ratières;2022;79
26261;Réauville;2022;115
26262;Recoubeau-Jansac;2022;71
26263;Reilhanette;2022;37
26264;Rémuzat;2022;106
26266;Rimon-et-Savel;2022;12
26267;Rioms;2022;3
26268;Rochebaudin;2022;41
26269;Rochebrune;2022;19
26270;Rochechinard;2022;35
26271;La Roche-de-Glun;2022;861
26272;Rochefort-en-Valdaine;2022;79
26273;Rochefort-Samson;2022;205
26274;Rochefourchat;2022;1
26275;Rochegude;2022;344
26276;Roche-Saint-Secret-Béconne;2022;113
26277;La Roche-sur-Grane;2022;32
26278;La Roche-sur-le-Buis;2022;98
26279;La Rochette-du-Buis;2022;19
26281;Romans-sur-Isère;2022;8152
26282;Romeyer;2022;46
26283;Rottier;2022;10
26284;Roussas;2022;98
26285;Rousset-les-Vignes;2022;93
26286;Roussieux;2022;8
26287;Roynac;2022;130
26288;Sahune;2022;87
26289;Saillans;2022;386
26290;Saint-Agnan-en-Vercors;2022;78
26291;Saint-Andéol;2022;13
26292;Saint-Auban-sur-l'Ouvèze;2022;73
26293;Saint-Avit;2022;39
26294;Saint-Bardoux;2022;133
26295;Saint-Barthélemy-de-Vals;2022;387
26296;Saint-Benoit-en-Diois;2022;11
26298;Saint-Christophe-et-le-Laris;2022;84
26299;Sainte-Croix;2022;37
26300;Saint-Dizier-en-Diois;2022;5
26301;Saint-Donat-sur-l'Herbasse;2022;999
26302;Sainte-Eulalie-en-Royans;2022;109
26303;Sainte-Euphémie-sur-Ouvèze;2022;23
26304;Saint-Ferréol-Trente-Pas;2022;56
26305;Saint-Gervais-sur-Roubion;2022;201
26306;Sainte-Jalle;2022;82
26307;Saint-Jean-en-Royans;2022;842
26308;Saint-Julien-en-Quint;2022;57
26309;Saint-Julien-en-Vercors;2022;60
26310;Saint-Laurent-d'Onay;2022;32
26311;Saint-Laurent-en-Royans;2022;353
26312;Saint-Marcel-lès-Sauzet;2022;280
26313;Saint-Marcel-lès-Valence;2022;1341
26314;Saint-Martin-d'Août;2022;65
26315;Saint-Martin-en-Vercors;2022;100
26316;Saint-Martin-le-Colonel;2022;42
26317;Saint-Maurice-sur-Eygues;2022;196
26318;Saint-May;2022;15
26319;Saint-Michel-sur-Savasse;2022;85
26320;Saint-Nazaire-en-Royans;2022;151
26321;Saint-Nazaire-le-Désert;2022;59
26322;Saint-Pantaléon-les-Vignes;2022;151
26323;Saint-Paul-lès-Romans;2022;402
26324;Saint-Paul-Trois-Châteaux;2022;1951
26325;Saint-Rambert-d'Albon;2022;1250
26326;Saint-Restitut;2022;404
26327;Saint-Roman;2022;42
26328;Saint-Sauveur-en-Diois;2022;19
26329;Saint-Sauveur-Gouvernet;2022;66
26330;Saint-Sorlin-en-Valloire;2022;507
26331;Saint-Thomas-en-Royans;2022;112
26332;Saint-Uze;2022;446
26333;Saint-Vallier;2022;954
26334;Salettes;2022;31
26335;Salles-sous-Bois;2022;69
26336;Saou;2022;135
26337;Saulce-sur-Rhône;2022;367
26338;Sauzet;2022;455
26339;Savasse;2022;349
26340;Séderon;2022;92
26341;Serves-sur-Rhône;2022;139
26342;Solérieux;2022;79
26343;Souspierre;2022;39
26344;Soyans;2022;89
26345;Suze-la-Rousse;2022;473
26346;Suze;2022;78
26347;Tain-l'Hermitage;2022;1334
26348;Taulignan;2022;494
26349;Tersanne;2022;61
26350;Teyssières;2022;26
26351;Les Tonils;2022;8
26352;La Touche;2022;51
26353;Les Tourrettes;2022;174
26355;Triors;2022;148
26356;Truinas;2022;24
26357;Tulette;2022;540
26358;Upie;2022;301
26359;Vachères-en-Quint;2022;5
26360;Valaurie;2022;143
26361;Valdrôme;2022;36
26362;Valence;2022;13888
26363;Valouse;2022;9
26364;Vassieux-en-Vercors;2022;91
26365;Vaunaveys-la-Rochette;2022;145
26367;Venterol;2022;179
26368;Vercheny;2022;76
26369;Verclause;2022;21
26370;Vercoiran;2022;41
26372;Vers-sur-Méouge;2022;12
26373;Vesc;2022;67
26374;Villebois-les-Pins;2022;7
26375;Villefranche-le-Château;2022;4
26376;Villeperdrix;2022;38
26377;Vinsobres;2022;303
26378;Volvent;2022;16
26379;Granges-les-Beaumont;2022;193
26380;Gervans;2022;120
26381;Jaillans;2022;163
26382;Saint-Vincent-la-Commanderie;2022;109
27001;Aclou;2022;78
27002;Acon;2022;111
27003;Acquigny;2022;327
27004;Aigleville;2022;43
27005;Ailly;2022;151
27006;Aizier;2022;34
27008;Alizay;2022;264
27009;Ambenay;2022;114
27010;Amécourt;2022;35
27011;Amfreville-Saint-Amand;2022;291
27012;Amfreville-les-Champs;2022;73
27013;Amfreville-sous-les-Monts;2022;75
27014;Amfreville-sur-Iton;2022;130
27015;Andé;2022;220
27016;Les Andelys;2022;1815
27017;Angerville-la-Campagne;2022;259
27018;Appeville-Annebault;2022;236
27019;Armentières-sur-Avre;2022;23
27020;Arnières-sur-Iton;2022;348
27021;Asnières;2022;64
27022;Le Val d'Hazey;2022;976
27023;Aulnay-sur-Iton;2022;168
27025;Autheuil-Authouillet;2022;179
27026;Authevernes;2022;53
27027;Les Authieux;2022;48
27028;Authou;2022;59
27031;Aviron;2022;270
27032;Chambois;2022;209
27033;Bacquepuis;2022;60
27034;Bacqueville;2022;97
27035;Bailleul-la-Vallée;2022;38
27036;Bâlines;2022;110
27037;Barc;2022;186
27038;Les Barils;2022;53
27039;Barneville-sur-Seine;2022;116
27040;Barquet;2022;78
27042;Barville;2022;12
27043;Les Baux-de-Breteuil;2022;156
27044;Les Baux-Sainte-Croix;2022;243
27045;Bazincourt-sur-Epte;2022;140
27046;Bazoques;2022;37
27047;Beaubray;2022;45
27048;Beauficel-en-Lyons;2022;54
27049;Mesnil-en-Ouche;2022;1108
27050;Beaumontel;2022;207
27051;Beaumont-le-Roger;2022;723
27052;Le Bec-Hellouin;2022;149
27053;Le Bec-Thomas;2022;46
27054;Bémécourt;2022;156
27055;Bérengeville-la-Campagne;2022;58
27056;Bernay;2022;2834
27057;Bernienville;2022;50
27059;Bernouville;2022;62
27061;Berthouville;2022;50
27062;Les Monts du Roumois;2022;289
27063;Berville-la-Campagne;2022;23
27064;Berville-sur-Mer;2022;103
27065;Beuzeville;2022;1136
27066;Bézu-la-Forêt;2022;40
27067;Bézu-Saint-Éloi;2022;246
27068;Bois-Anzeray;2022;29
27069;Bois-Arnault;2022;187
27070;Frenelles-en-Vexin;2022;257
27071;Le Bois-Hellain;2022;40
27072;Bois-Jérôme-Saint-Ouen;2022;166
27073;Bois-le-Roi;2022;195
27074;Boisney;2022;81
27075;Bois-Normand-près-Lyre;2022;103
27076;Boisset-les-Prévanches;2022;71
27077;Boissey-le-Châtel;2022;140
27078;La Boissière;2022;45
27079;Boissy-Lamberville;2022;80
27081;Boncourt;2022;34
27082;La Bonneville-sur-Iton;2022;459
27083;Bonneville-Aptot;2022;36
27085;Flancourt-Crescy-en-Roumois;2022;216
27089;Thénouville;2022;186
27090;Bosroumois;2022;837
27091;Bosgouet;2022;104
27094;Bosquentin;2022;24
27095;Bosrobert;2022;104
27096;Les Bottereaux;2022;70
27097;Bouafles;2022;186
27098;Bouchevilliers;2022;13
27099;Le Boulay-Morin;2022;127
27100;Boulleville;2022;148
27101;Bouquelon;2022;77
27102;Bouquetot;2022;191
27103;Bourg-Achard;2022;918
27104;Bourg-Beaudouin;2022;124
27105;Grand Bourgtheroulde;2022;788
27106;Bournainville-Faverolles;2022;115
27107;Bourneville-Sainte-Croix;2022;270
27108;Bourth;2022;326
27109;Bray;2022;47
27110;Brestot;2022;96
27111;Bretagnolles;2022;38
27112;Breteuil;2022;1221
27113;Brétigny;2022;27
27114;Breuilpont;2022;256
27115;Breux-sur-Avre;2022;83
27116;Brionne;2022;1060
27117;Broglie;2022;267
27118;Brosville;2022;161
27119;Bueil;2022;384
27120;Burey;2022;57
27123;Caillouet-Orgeville;2022;68
27124;Cailly-sur-Eure;2022;48
27125;Calleville;2022;147
27126;Campigny;2022;214
27127;Canappeville;2022;94
27129;Caorches-Saint-Nicolas;2022;162
27130;Capelle-les-Grands;2022;90
27132;Caugé;2022;168
27133;Caumont;2022;248
27134;Cauverville-en-Roumois;2022;30
27135;Cesseville;2022;64
27136;Chaignes;2022;47
27137;Chaise-Dieu-du-Theil;2022;74
27138;Chamblac;2022;103
27139;Chambord;2022;55
27140;Chambray;2022;84
27141;Champ-Dolent;2022;7
27142;Champenard;2022;21
27144;Champigny-la-Futelaye;2022;57
27146;La Chapelle-Bayvel;2022;71
27147;La Chapelle-du-Bois-des-Faulx;2022;107
27148;La Chapelle-Gauthier;2022;90
27149;La Chapelle-Hareng;2022;24
27151;Charleval;2022;451
27152;Château-sur-Epte;2022;83
27153;Chauvincourt-Provemont;2022;73
27154;Chavigny-Bailleul;2022;101
27155;Chennebrun;2022;14
27156;Chéronvilliers;2022;112
27157;Marbois;2022;185
27158;Cierrey;2022;169
27161;Claville;2022;174
27162;Collandres-Quincarnon;2022;39
27163;Colletot;2022;21
27164;Combon;2022;136
27165;Conches-en-Ouche;2022;1184
27167;Condé-sur-Risle;2022;107
27168;Connelles;2022;34
27169;Conteville;2022;167
27170;Cormeilles;2022;339
27171;Le Cormier;2022;73
27173;Corneville-la-Fouquetière;2022;20
27174;Corneville-sur-Risle;2022;274
27176;Coudray;2022;33
27177;Coudres;2022;95
27179;Courbépine;2022;129
27180;Courcelles-sur-Seine;2022;383
27181;Courdemanche;2022;124
27182;Courteilles;2022;35
27183;La Couture-Boussey;2022;525
27184;Crasville;2022;23
27185;Crestot;2022;57
27187;Criquebeuf-la-Campagne;2022;40
27188;Criquebeuf-sur-Seine;2022;237
27189;La Croisille;2022;92
27190;Croisy-sur-Eure;2022;48
27191;Clef Vallée d'Eure;2022;459
27192;Crosville-la-Vieille;2022;148
27193;Croth;2022;212
27194;Cuverville;2022;34
27196;Les Damps;2022;244
27198;Mesnils-sur-Iton;2022;1252
27199;Dangu;2022;104
27200;Dardez;2022;29
27201;Daubeuf-la-Campagne;2022;41
27202;Daubeuf-près-Vatteville;2022;95
27203;Douains;2022;71
27204;Doudeauville-en-Vexin;2022;54
27205;Douville-sur-Andelle;2022;74
27206;Droisy;2022;88
27207;Drucourt;2022;149
27208;Duranville;2022;37
27209;Écaquelon;2022;73
27210;Écardenville-la-Campagne;2022;68
27212;Écauville;2022;18
27213;Vexin-sur-Epte;2022;1011
27214;Écouis;2022;239
27215;Ecquetot;2022;58
27216;Émalleville;2022;85
27217;Émanville;2022;100
27218;Épaignes;2022;338
27219;Épégard;2022;96
27220;Épieds;2022;56
27222;Épreville-en-Lieuvin;2022;38
27224;Épreville-près-le-Neubourg;2022;96
27226;Étrépagny;2022;876
27227;Étréville;2022;100
27228;Éturqueraye;2022;33
27229;Évreux;2022;8599
27230;Ézy-sur-Eure;2022;817
27231;Fains;2022;114
27232;Farceaux;2022;37
27233;Fatouville-Grestain;2022;157
27234;Fauville;2022;66
27235;Faverolles-la-Campagne;2022;25
27237;Le Favril;2022;28
27238;Ferrières-Haut-Clocher;2022;150
27239;Ferrières-Saint-Hilaire;2022;142
27240;La Ferrière-sur-Risle;2022;67
27241;Feuguerolles;2022;32
27242;Le Fidelaire;2022;221
27243;Fiquefleur-Équainville;2022;155
27245;Fleury-la-Forêt;2022;68
27246;Fleury-sur-Andelle;2022;441
27247;Flipou;2022;73
27248;Folleville;2022;47
27249;Fontaine-Bellenger;2022;173
27251;Fontaine-l'Abbé;2022;128
27252;Fontaine-la-Louvet;2022;85
27254;Fontaine-sous-Jouy;2022;146
27256;La Forêt-du-Parc;2022;71
27258;Fort-Moville;2022;94
27259;Foucrainville;2022;8
27260;Foulbec;2022;127
27261;Fouqueville;2022;101
27263;Le Perrey;2022;257
27266;Franqueville;2022;47
27267;Freneuse-sur-Risle;2022;84
27269;Fresne-Cauverville;2022;53
27271;Fresney;2022;46
27273;Gadencourt;2022;58
27275;Gaillon;2022;1225
27276;Gamaches-en-Vexin;2022;69
27277;La Baronnie;2022;122
27278;Garennes-sur-Eure;2022;345
27279;Gasny;2022;685
27280;Gauciel;2022;70
27281;Gaudreville-la-Rivière;2022;46
27282;Gauville-la-Campagne;2022;137
27284;Gisors;2022;2526
27285;Giverny;2022;157
27286;Giverville;2022;76
27287;Glisolles;2022;201
27288;Glos-sur-Risle;2022;96
27289;La Goulafrière;2022;43
27290;Goupil-Othon;2022;247
27291;Gournay-le-Guérin;2022;31
27294;Val d'Orger;2022;179
27295;Grand-Camp;2022;105
27298;Graveron-Sémerville;2022;45
27299;Gravigny;2022;753
27300;Grosley-sur-Risle;2022;121
27301;Grossœuvre;2022;249
27302;Le Bosc du Theil;2022;268
27304;Guerny;2022;36
27306;Guichainville;2022;577
27307;Guiseniers;2022;81
27309;L'Habit;2022;104
27310;Hacqueville;2022;68
27311;Harcourt;2022;389
27312;Hardencourt-Cocherel;2022;57
27313;La Harengère;2022;113
27315;Harquency;2022;49
27316;Hauville;2022;247
27317;La Haye-Aubrée;2022;88
27318;La Haye-de-Calleville;2022;50
27319;La Haye-de-Routot;2022;68
27320;La Haye-du-Theil;2022;45
27321;La Haye-le-Comte;2022;38
27322;La Haye-Malherbe;2022;290
27323;La Haye-Saint-Sylvestre;2022;67
27324;Hébécourt;2022;90
27325;Hecmanville;2022;18
27326;Hécourt;2022;70
27327;Hectomare;2022;41
27329;Hennezis;2022;132
27330;Herqueville;2022;37
27331;Heubécourt-Haricourt;2022;103
27332;Heudebouville;2022;184
27333;Heudicourt;2022;117
27334;Heudreville-en-Lieuvin;2022;22
27335;Heudreville-sur-Eure;2022;205
27336;La Heunière;2022;58
27337;Heuqueville;2022;76
27338;Les Hogues;2022;126
27339;Hondouville;2022;120
27340;Honguemare-Guenouville;2022;110
27341;L'Hosmes;2022;21
27342;Houetteville;2022;36
27343;Houlbec-Cocherel;2022;296
27345;La Houssaye;2022;85
27346;Houville-en-Vexin;2022;31
27347;Huest;2022;166
27348;Igoville;2022;321
27349;Illeville-sur-Montfort;2022;137
27350;Illiers-l'Évêque;2022;263
27351;Incarville;2022;355
27353;Irreville;2022;52
27354;Iville;2022;95
27355;Ivry-la-Bataille;2022;588
27358;Jouy-sur-Eure;2022;122
27359;Juignettes;2022;65
27360;Jumelles;2022;51
27361;La Lande-Saint-Léger;2022;53
27363;Le Landin;2022;39
27364;Launay;2022;40
27365;Léry;2022;350
27366;Letteguives;2022;33
27367;Lieurey;2022;393
27368;Lignerolles;2022;46
27369;Lilly;2022;18
27370;Lisors;2022;70
27371;Livet-sur-Authou;2022;34
27372;Longchamps;2022;91
27373;Lorleau;2022;27
27374;Louversey;2022;111
27375;Louviers;2022;3585
27376;Louye;2022;42
27377;Lyons-la-Forêt;2022;238
27378;La Madeleine-de-Nonancourt;2022;296
27379;Mainneville;2022;77
27380;Malleville-sur-le-Bec;2022;57
27381;Malouy;2022;29
27382;Mandeville;2022;63
27383;Mandres;2022;100
27384;Manneville-la-Raoult;2022;114
27385;Manneville-sur-Risle;2022;270
27386;Le Manoir;2022;159
27388;Marais-Vernier;2022;102
27389;Marbeuf;2022;76
27390;Marcilly-la-Campagne;2022;142
27391;Marcilly-sur-Eure;2022;268
27392;Martagny;2022;30
27393;Martainville;2022;71
27394;Martot;2022;91
27395;Mélicourt;2022;19
27396;Ménesqueville;2022;79
27397;Ménilles;2022;364
27398;Menneval;2022;475
27399;Mercey;2022;7
27400;Merey;2022;87
27401;Le Mesnil-Fuguet;2022;59
27403;Le Mesnil-Jourdain;2022;49
27404;Mesnil-Rousset;2022;24
27405;Mesnil-sous-Vienne;2022;36
27406;Mesnil-sur-l'Estrée;2022;238
27407;Mesnil-Verclives;2022;48
27408;Mézières-en-Vexin;2022;132
27410;Miserey;2022;119
27411;Moisville;2022;48
27412;Terres de Bord;2022;307
27413;Montfort-sur-Risle;2022;207
27414;Montreuil-l'Argillé;2022;213
27415;Morainville-Jouveaux;2022;104
27417;Morgny;2022;112
27418;Morsan;2022;29
27419;Mouettes;2022;102
27420;Mouflaines;2022;25
27421;Mousseaux-Neuville;2022;89
27422;Muids;2022;212
27423;Muzy;2022;172
27424;Nagel-Séez-Mesnil;2022;65
27425;Nassandres sur Risle;2022;611
27426;Neaufles-Saint-Martin;2022;326
27427;Neaufles-Auvergny;2022;109
27428;Le Neubourg;2022;1249
27429;Neuilly;2022;26
27430;La Neuve-Grange;2022;45
27431;La Neuve-Lyre;2022;140
27432;La Neuville-du-Bosc;2022;115
27433;Neuville-sur-Authou;2022;34
27434;Noards;2022;15
27435;La Noë-Poulain;2022;42
27436;Nogent-le-Sec;2022;76
27437;Nojeon-en-Vexin;2022;37
27438;Nonancourt;2022;438
27439;Normanville;2022;246
27440;Notre-Dame-de-l'Isle;2022;150
27441;Notre-Dame-d'Épine;2022;14
27442;Notre-Dame-du-Hamel;2022;75
27444;Le Noyer-en-Ouche;2022;69
27445;Noyers;2022;105
27446;Ormes;2022;87
27447;Le Val-Doré;2022;167
27448;Pacy-sur-Eure;2022;1316
27451;Parville;2022;98
27453;Perriers-sur-Andelle;2022;424
27454;Perruel;2022;62
27455;Piencourt;2022;20
27456;Pinterville;2022;203
27457;Piseux;2022;123
27458;Pîtres;2022;460
27459;Les Places;2022;16
27460;Plainville;2022;44
27462;Le Planquay;2022;31
27463;Plasnes;2022;157
27464;Le Plessis-Grohan;2022;168
27465;Le Plessis-Hébert;2022;93
27466;Le Plessis-Sainte-Opportune;2022;46
27467;Pont-Audemer;2022;2611
27468;Pont-Authou;2022;166
27469;Pont-de-l'Arche;2022;723
27470;Pont-Saint-Pierre;2022;234
27471;Porte-de-Seine;2022;66
27472;Portes;2022;36
27473;Port-Mort;2022;243
27474;Poses;2022;230
27475;La Poterie-Mathieu;2022;40
27476;Les Préaux;2022;74
27477;Pressagny-l'Orgueilleux;2022;207
27478;Prey;2022;224
27480;Puchay;2022;107
27481;Pullay;2022;87
27482;La Pyle;2022;25
27483;Quatremare;2022;74
27485;Quillebeuf-sur-Seine;2022;185
27486;Quittebeuf;2022;104
27487;Radepont;2022;125
27488;Renneville;2022;37
27489;Reuilly;2022;100
27490;Richeville;2022;42
27492;Romilly-la-Puthenaye;2022;78
27493;Romilly-sur-Andelle;2022;655
27495;La Roquette;2022;59
27496;Rosay-sur-Lieure;2022;111
27497;Rougemontiers;2022;169
27498;Rouge-Perriers;2022;46
27500;Routot;2022;258
27501;Rouvray;2022;32
27502;Rugles;2022;745
27504;Sacquenville;2022;138
27505;Saint-Agnan-de-Cernières;2022;60
27507;Saint-André-de-l'Eure;2022;912
27508;Saint-Antonin-de-Sommaire;2022;49
27511;Saint-Aubin-d'Écrosville;2022;117
27512;Saint-Aubin-de-Scellon;2022;89
27514;Saint-Aubin-du-Thenney;2022;101
27516;Treis-Sants-en-Ouche;2022;423
27517;Saint-Aubin-sur-Gaillon;2022;345
27518;Saint-Aubin-sur-Quillebeuf;2022;99
27520;Saint-Benoît-des-Ombres;2022;40
27521;Saint-Christophe-sur-Avre;2022;27
27522;Saint-Christophe-sur-Condé;2022;78
27524;Sainte-Colombe-la-Commanderie;2022;128
27525;Sainte-Colombe-près-Vernon;2022;52
27527;Saint-Cyr-de-Salerne;2022;55
27528;Le Vaudreuil;2022;850
27529;Saint-Cyr-la-Campagne;2022;102
27530;Saint-Denis-d'Augerons;2022;31
27531;Saint-Denis-des-Monts;2022;44
27533;Saint-Denis-le-Ferment;2022;119
27534;Saint-Didier-des-Bois;2022;179
27535;Saint-Élier;2022;115
27536;Saint-Éloi-de-Fourques;2022;86
27537;Saint-Étienne-du-Vauvray;2022;152
27538;Saint-Étienne-l'Allier;2022;95
27539;Saint-Étienne-sous-Bailleul;2022;69
27540;Sainte-Geneviève-lès-Gasny;2022;116
27541;Le Mesnil-Saint-Jean;2022;37
27542;Saint-Georges-du-Vièvre;2022;199
27543;Saint-Georges-Motel;2022;186
27544;Saint-Germain-de-Fresney;2022;32
27545;Saint-Germain-de-Pasquier;2022;35
27546;Saint-Germain-des-Angles;2022;42
27547;Saint-Germain-la-Campagne;2022;174
27548;Saint-Germain-sur-Avre;2022;228
27550;Saint-Grégoire-du-Vièvre;2022;63
27552;Saint-Jean-du-Thenney;2022;58
27553;Saint-Julien-de-la-Liègue;2022;71
27554;La Chapelle-Longueville;2022;683
27555;Saint-Laurent-des-Bois;2022;41
27556;Saint-Laurent-du-Tencement;2022;19
27557;Saint-Léger-de-Rôtes;2022;135
27558;Saint-Léger-du-Gennetey;2022;16
27560;Saint-Luc;2022;68
27561;Saint-Maclou;2022;132
27562;Saint-Marcel;2022;1065
27563;Saint-Mards-de-Blacarville;2022;191
27564;Saint-Mards-de-Fresne;2022;59
27565;Le Lesme;2022;103
27567;Sainte-Marie-de-Vatimesnil;2022;44
27568;Sainte-Marthe;2022;90
27569;Saint-Martin-du-Tilleul;2022;50
27570;Saint-Martin-la-Campagne;2022;19
27571;Saint-Martin-Saint-Firmin;2022;45
27572;Saint-Meslin-du-Bosc;2022;12
27576;Sainte-Opportune-du-Bosc;2022;72
27577;Sainte-Opportune-la-Mare;2022;103
27578;Sainte-Marie-d'Attez;2022;111
27579;Saint-Ouen-de-Pontcheuil;2022;26
27580;Saint-Ouen-de-Thouberville;2022;440
27582;Saint-Ouen-du-Tilleul;2022;454
27584;Saint-Paul-de-Fourques;2022;31
27586;Saint-Philbert-sur-Boissey;2022;32
27587;Saint-Philbert-sur-Risle;2022;178
27589;Saint-Pierre-de-Bailleul;2022;172
27590;Saint-Pierre-de-Cernières;2022;68
27591;Saint-Pierre-de-Cormeilles;2022;153
27592;Saint-Pierre-de-Salerne;2022;46
27593;Saint-Pierre-des-Fleurs;2022;326
27594;Saint-Pierre-des-Ifs;2022;51
27595;Saint-Pierre-du-Bosguérard;2022;246
27597;Saint-Pierre-du-Val;2022;106
27598;Saint-Pierre-du-Vauvray;2022;222
27599;Saint-Pierre-la-Garenne;2022;194
27601;Saint-Samson-de-la-Roque;2022;93
27602;Saint-Sébastien-de-Morsent;2022;1370
27603;Saint-Siméon;2022;74
27604;Saint-Sulpice-de-Grimbouville;2022;50
27605;Saint-Sylvestre-de-Cormeilles;2022;62
27606;Saint-Symphorien;2022;95
27608;Saint-Victor-de-Chrétienville;2022;69
27609;Saint-Victor-d'Épine;2022;89
27610;Saint-Victor-sur-Avre;2022;13
27611;Saint-Vigor;2022;56
27612;Saint-Vincent-des-Bois;2022;61
27613;Saint-Vincent-du-Boulay;2022;54
27614;Sancourt;2022;17
27615;Sassey;2022;32
27616;La Saussaye;2022;438
27617;Saussay-la-Campagne;2022;75
27618;Sébécourt;2022;55
27620;Selles;2022;102
27621;Serez;2022;30
27622;Serquigny;2022;534
27623;Surtauville;2022;68
27624;Surville;2022;186
27625;Suzay;2022;39
27627;Le Theil-Nolent;2022;39
27629;Thiberville;2022;531
27630;Thibouville;2022;49
27631;Thierville;2022;63
27632;Le Thil;2022;69
27633;Les Thilliers-en-Vexin;2022;76
27635;Le Thuit;2022;22
27638;Le Thuit de l'Oison;2022;769
27640;Tilleul-Dame-Agnès;2022;36
27641;Le Tilleul-Lambert;2022;27
27643;Tillières-sur-Avre;2022;244
27644;Tilly;2022;103
27645;Tocqueville;2022;18
27646;Le Torpt;2022;59
27649;Touffreville;2022;69
27650;Tournedos-Bois-Hubert;2022;64
27652;Tourneville;2022;63
27654;Tourville-la-Campagne;2022;158
27655;Tourville-sur-Pont-Audemer;2022;133
27656;Toutainville;2022;253
27658;Le Tremblay-Omonville;2022;81
27659;La Trinité;2022;20
27660;La Trinité-de-Réville;2022;66
27661;La Trinité-de-Thouberville;2022;82
27662;Triqueville;2022;74
27663;Le Troncq;2022;20
27664;Le Tronquay;2022;104
27665;Trouville-la-Haule;2022;188
27666;La Vacherie;2022;82
27667;Valailles;2022;89
27668;Le Val-David;2022;173
27669;Valletot;2022;59
27670;Vandrimare;2022;153
27671;Vannecrocq;2022;17
27672;Vascœuil;2022;82
27673;Vatteville;2022;26
27674;Vaux-sur-Eure;2022;38
27676;Les Trois Lacs;2022;509
27677;Venon;2022;61
27678;Les Ventes;2022;232
27679;Verneuil d'Avre et d'Iton;2022;2086
27680;Verneusses;2022;45
27681;Vernon;2022;4915
27682;Vesly;2022;101
27683;Vézillon;2022;42
27684;Le Vieil-Évreux;2022;134
27685;La Vieille-Lyre;2022;174
27686;Vieux-Port;2022;14
27689;Villegats;2022;37
27690;Villers-en-Vexin;2022;50
27691;Villers-sur-le-Roule;2022;148
27692;Villettes;2022;32
27693;Sylvains-Lès-Moulins;2022;221
27694;Villez-sous-Bailleul;2022;54
27695;Villez-sur-le-Neubourg;2022;45
27696;Villiers-en-Désœuvre;2022;127
27697;Vironvay;2022;59
27698;Vitot;2022;148
27699;Voiscreville;2022;20
27700;Vraiville;2022;76
27701;Val-de-Reuil;2022;1215
28001;Abondant;2022;445
28003;Allainville;2022;28
28004;Allonnes;2022;36
28005;Alluyes;2022;118
28006;Amilly;2022;506
28007;Anet;2022;814
28008;Ardelles;2022;27
28009;Ardelu;2022;12
28010;Argenvilliers;2022;89
28012;Vald'Yerre;2022;1042
28013;Aunay-sous-Auneau;2022;220
28014;Aunay-sous-Crécy;2022;126
28015;Auneau-Bleury-Saint-Symphorien;2022;1031
28016;Les Autels-Villevillon;2022;27
28018;Authon-du-Perche;2022;486
28019;Baigneaux;2022;31
28021;Bailleau-le-Pin;2022;298
28022;Bailleau-l'Évêque;2022;233
28023;Bailleau-Armenonville;2022;252
28024;Barjouville;2022;382
28026;Baudreville;2022;42
28027;La Bazoche-Gouet;2022;477
28028;Bazoches-en-Dunois;2022;42
28029;Bazoches-les-Hautes;2022;58
28030;Beauche;2022;77
28031;Beaumont-les-Autels;2022;92
28032;Beauvilliers;2022;40
28033;Belhomert-Guéhouville;2022;152
28034;Berchères-Saint-Germain;2022;145
28035;Berchères-les-Pierres;2022;205
28036;Berchères-sur-Vesgre;2022;175
28037;Bérou-la-Mulotière;2022;67
28038;Béthonvilliers;2022;31
28039;Béville-le-Comte;2022;273
28040;Billancelles;2022;52
28041;Blandainville;2022;105
28045;Boissy-en-Drouais;2022;52
28046;Boissy-lès-Perche;2022;120
28047;Boisville-la-Saint-Père;2022;129
28048;La Bourdinière-Saint-Loup;2022;120
28049;Boncé;2022;36
28050;Boncourt;2022;55
28051;Bonneval;2022;1328
28052;Bouglainval;2022;146
28053;Le Boullay-les-Deux-Églises;2022;60
28054;Le Boullay-Mivoye;2022;80
28055;Le Boullay-Thierry;2022;84
28056;Boutigny-Prouais;2022;304
28057;Bouville;2022;92
28058;Bréchamps;2022;71
28059;Brezolles;2022;354
28060;Briconville;2022;20
28061;Brou;2022;1257
28062;Broué;2022;124
28064;Bû;2022;348
28065;Bullainville;2022;32
28067;Cernay;2022;6
28068;Challet;2022;77
28070;Champhol;2022;707
28071;Champrond-en-Gâtine;2022;110
28072;Champrond-en-Perchet;2022;142
28073;Champseru;2022;48
28074;La Chapelle-d'Aunainville;2022;35
28075;La Chapelle-du-Noyer;2022;328
28076;La Chapelle-Forainvilliers;2022;28
28077;La Chapelle-Fortin;2022;36
28078;Chapelle-Guillaume;2022;45
28079;Chapelle-Royale;2022;102
28080;Charbonnières;2022;64
28081;Charonville;2022;55
28082;Charpont;2022;126
28084;Chartainvilliers;2022;150
28085;Chartres;2022;8712
28086;Chassant;2022;91
28087;Châtaincourt;2022;57
28088;Châteaudun;2022;3139
28089;Châteauneuf-en-Thymerais;2022;675
28090;Les Châtelets;2022;33
28091;Les Châtelliers-Notre-Dame;2022;25
28092;Châtenay;2022;30
28094;Chaudon;2022;296
28095;Chauffours;2022;52
28096;La Chaussée-d'Ivry;2022;236
28098;Cherisy;2022;415
28099;Chuisnes;2022;176
28100;Cintray;2022;79
28102;Clévilliers;2022;78
28103;Cloyes-les-Trois-Rivières;2022;1741
28104;Coltainville;2022;142
28105;Combres;2022;146
28106;Conie-Molitard;2022;109
28107;Corancez;2022;103
28108;Cormainville;2022;51
28109;Les Corvées-les-Yys;2022;59
28110;Le Coudray;2022;844
28111;Coudray-au-Perche;2022;71
28113;Coulombs;2022;278
28114;Courbehaye;2022;37
28116;Courville-sur-Eure;2022;656
28117;Crécy-Couvé;2022;81
28118;Croisilles;2022;91
28119;La Croix-du-Perche;2022;33
28120;Crucey-Villages;2022;100
28121;Dambron;2022;25
28122;Dammarie;2022;295
28123;Dampierre-sous-Brou;2022;134
28124;Dampierre-sur-Avre;2022;146
28126;Dancy;2022;60
28127;Dangeau;2022;242
28128;Dangers;2022;63
28129;Denonville;2022;88
28130;Digny;2022;154
28132;Donnemain-Saint-Mamès;2022;128
28134;Dreux;2022;5304
28135;Droue-sur-Drouette;2022;309
28136;Écluzelles;2022;34
28137;Écrosnes;2022;166
28139;Épeautrolles;2022;10
28140;Épernon;2022;1009
28141;Ermenonville-la-Grande;2022;53
28142;Ermenonville-la-Petite;2022;32
28143;Escorpain;2022;45
28144;Les Étilleux;2022;37
28146;Faverolles;2022;163
28147;Favières;2022;70
28148;Le Favril;2022;66
28149;La Ferté-Vidame;2022;191
28151;Fessanvilliers-Mattanvilliers;2022;24
28153;Flacey;2022;45
28154;Fontaine-la-Guyon;2022;331
28155;Fontaine-les-Ribouts;2022;39
28156;Fontaine-Simon;2022;221
28157;Fontenay-sur-Conie;2022;31
28158;Fontenay-sur-Eure;2022;188
28159;La Framboisière;2022;91
28160;Francourville;2022;121
28161;Frazé;2022;130
28162;Fresnay-le-Comte;2022;50
28163;Fresnay-le-Gilmert;2022;32
28164;Fresnay-l'Évêque;2022;94
28166;Friaize;2022;39
28167;Fruncé;2022;70
28168;Gallardon;2022;623
28169;Garancières-en-Beauce;2022;45
28170;Garancières-en-Drouais;2022;62
28171;Garnay;2022;269
28172;Gas;2022;155
28173;Gasville-Oisème;2022;357
28175;La Gaudaine;2022;53
28176;Le Gault-Saint-Denis;2022;108
28177;Gellainville;2022;102
28178;Germainville;2022;55
28180;Gilles;2022;86
28182;Gohory;2022;45
28183;Gommerville;2022;99
28184;Gouillons;2022;47
28185;Goussainville;2022;192
28187;Guainville;2022;110
28188;Le Gué-de-Longroi;2022;97
28189;Guilleville;2022;30
28190;Guillonville;2022;81
28191;Hanches;2022;443
28192;Happonvilliers;2022;72
28193;Havelu;2022;26
28194;Houville-la-Branche;2022;69
28195;Houx;2022;120
28196;Illiers-Combray;2022;935
28197;Intréville;2022;24
28198;Jallans;2022;240
28199;Janville-en-Beauce;2022;595
28200;Jaudrais;2022;69
28201;Jouy;2022;445
28202;Lamblore;2022;110
28203;Landelles;2022;125
28206;Laons;2022;135
28207;Léthuin;2022;27
28208;Levainville;2022;43
28209;Lèves;2022;1123
28210;Levesville-la-Chenard;2022;58
28211;Logron;2022;120
28212;Loigny-la-Bataille;2022;37
28213;Lormaye;2022;137
28214;La Loupe;2022;988
28215;Louville-la-Chenard;2022;50
28216;Louvilliers-en-Drouais;2022;62
28217;Louvilliers-lès-Perche;2022;31
28218;Lucé;2022;3467
28219;Luigny;2022;120
28220;Luisant;2022;1714
28221;Lumeau;2022;32
28222;Luplanté;2022;54
28223;Luray;2022;337
28225;Magny;2022;77
28226;Maillebois;2022;193
28227;Maintenon;2022;1014
28229;Mainvilliers;2022;1871
28230;Maisons;2022;40
28231;La Mancelière;2022;23
28232;Manou;2022;137
28233;Marboué;2022;275
28234;Marchéville;2022;70
28235;Marchezais;2022;37
28236;Arcisses;2022;649
28237;Marolles-les-Buis;2022;50
28239;Marville-Moutiers-Brûlé;2022;192
28240;Meaucé;2022;134
28242;Méréglise;2022;17
28243;Mérouville;2022;45
28245;Meslay-le-Grenet;2022;64
28246;Meslay-le-Vidame;2022;54
28247;Le Mesnil-Simon;2022;78
28248;Le Mesnil-Thomas;2022;70
28249;Mévoisins;2022;142
28251;Mézières-en-Drouais;2022;250
28252;Miermaigne;2022;54
28253;Mignières;2022;175
28254;Mittainvilliers-Vérigny;2022;118
28255;Moinville-la-Jeulin;2022;14
28256;Moléans;2022;138
28257;Mondonville-Saint-Jean;2022;10
28259;Montboissier;2022;84
28260;Montharville;2022;13
28261;Montigny-le-Chartif;2022;134
28263;Montigny-sur-Avre;2022;68
28264;Montireau;2022;29
28265;Montlandon;2022;72
28267;Montreuil;2022;144
28268;Morainville;2022;6
28269;Morancez;2022;443
28270;Moriers;2022;28
28271;Morvilliers;2022;30
28272;Mottereau;2022;21
28273;Moulhard;2022;36
28274;Moutiers;2022;48
28275;Néron;2022;115
28277;Neuvy-en-Dunois;2022;81
28278;Nogent-le-Phaye;2022;435
28279;Nogent-le-Roi;2022;879
28280;Nogent-le-Rotrou;2022;2928
28281;Nogent-sur-Eure;2022;105
28282;Nonvilliers-Grandhoux;2022;84
28283;Nottonville;2022;86
28284;Oinville-Saint-Liphard;2022;47
28285;Oinville-sous-Auneau;2022;49
28286;Ollé;2022;97
28287;Orgères-en-Beauce;2022;296
28289;Ormoy;2022;40
28290;Orrouer;2022;43
28291;Ouarville;2022;80
28292;Ouerre;2022;131
28293;Oulins;2022;178
28294;Oysonville;2022;92
28296;Péronville;2022;49
28298;Pierres;2022;700
28299;Les Pinthières;2022;25
28300;Poinville;2022;23
28301;Poisvilliers;2022;55
28302;Pontgouin;2022;215
28303;Poupry;2022;18
28304;Prasville;2022;77
28305;Pré-Saint-Évroult;2022;61
28306;Pré-Saint-Martin;2022;35
28308;Prudemanche;2022;38
28309;Prunay-le-Gillon;2022;198
28310;La Puisaye;2022;64
28312;Puiseux;2022;28
28313;Réclainville;2022;34
28314;Les Ressuintes;2022;39
28315;Revercourt;2022;7
28316;Rohaire;2022;33
28317;Roinville;2022;86
28319;Neuville Saint Denis;2022;101
28321;Rouvres;2022;172
28322;Rueil-la-Gadelière;2022;110
28323;Saint-Ange-et-Torçay;2022;52
28324;Saint-Arnoult-des-Bois;2022;130
28325;Saint-Aubin-des-Bois;2022;199
28326;Saint-Avit-les-Guespières;2022;61
28327;Saint-Bomer;2022;27
28329;Saint-Christophe;2022;60
28330;Villemaury;2022;239
28331;Saintigny;2022;253
28332;Sainte-Gemme-Moronval;2022;160
28333;Saint-Denis-des-Puits;2022;28
28334;Saint-Denis-Lanneray;2022;696
28335;Saint-Éliph;2022;180
28336;Saint-Éman;2022;33
28337;Saint-Georges-sur-Eure;2022;679
28339;Saint-Germain-le-Gaillard;2022;48
28341;Saint-Jean-de-Rebervilliers;2022;53
28342;Saint-Jean-Pierre-Fixte;2022;77
28343;Saint-Laurent-la-Gâtine;2022;92
28344;Saint-Léger-des-Aubées;2022;58
28346;Saint-Lubin-de-Cravant;2022;9
28347;Saint-Lubin-de-la-Haye;2022;152
28348;Saint-Lubin-des-Joncherets;2022;966
28349;Saint-Lucien;2022;61
28350;Saint-Luperce;2022;173
28351;Saint-Maixme-Hauterive;2022;97
28352;Saint-Martin-de-Nigelles;2022;296
28353;Saint-Maur-sur-le-Loir;2022;95
28354;Saint-Maurice-Saint-Germain;2022;59
28355;Saint-Ouen-Marchefroy;2022;65
28357;Saint-Piat;2022;277
28358;Saint-Prest;2022;478
28359;Saint-Rémy-sur-Avre;2022;737
28360;Saint-Sauveur-Marville;2022;161
28362;Saint-Victor-de-Buthon;2022;108
28363;Sainville;2022;163
28364;Sancheville;2022;186
28365;Sandarville;2022;48
28366;Santeuil;2022;43
28367;Santilly;2022;63
28368;La Saucelle;2022;46
28369;Saulnières;2022;96
28370;Saumeray;2022;83
28371;Saussay;2022;208
28372;Senantes;2022;116
28373;Senonches;2022;994
28374;Serazereux;2022;66
28375;Serville;2022;49
28377;Sorel-Moussel;2022;367
28378;Souancé-au-Perche;2022;140
28379;Soulaires;2022;91
28380;Sours;2022;325
28382;Terminiers;2022;148
28383;Theuville;2022;105
28385;Le Thieulin;2022;77
28386;Thimert-Gâtelles;2022;191
28387;Thiron-Gardais;2022;310
28388;Thivars;2022;262
28389;Thiville;2022;90
28390;Tillay-le-Péneux;2022;64
28391;Toury;2022;528
28392;Trancrainville;2022;32
28393;Tremblay-les-Villages;2022;274
28394;Tréon;2022;299
28395;Trizay-Coutretot-Saint-Serge;2022;123
28396;Trizay-lès-Bonneval;2022;63
28397;Umpeau;2022;49
28398;Unverre;2022;280
28400;Varize;2022;46
28401;Vaupillon;2022;98
28403;Ver-lès-Chartres;2022;217
28404;Vernouillet;2022;2561
28405;Vert-en-Drouais;2022;228
28406;Éole-en-Beauce;2022;230
28407;Vichères;2022;81
28408;Vierville;2022;18
28409;Vieuvicq;2022;74
28410;Villampuy;2022;52
28411;Villars;2022;23
28414;Villebon;2022;4
28415;Villemeux-sur-Eure;2022;368
28417;Villiers-le-Morhier;2022;271
28418;Villiers-Saint-Orien;2022;34
28419;Vitray-en-Beauce;2022;52
28421;Voise;2022;29
28422;Les Villages Vovéens;2022;902
28423;Yermenonville;2022;130
28424;Yèvres;2022;533
28425;Ymeray;2022;123
28426;Ymonville;2022;111
29001;Argol;2022;226
29002;Arzano;2022;417
29003;Audierne;2022;1565
29004;Bannalec;2022;1260
29005;Baye;2022;326
29006;Bénodet;2022;1712
29007;Berrien;2022;276
29008;Beuzec-Cap-Sizun;2022;317
29010;Bodilis;2022;237
29011;Bohars;2022;1064
29012;Bolazec;2022;65
29013;Botmeur;2022;54
29014;Botsorhel;2022;111
29015;Bourg-Blanc;2022;766
29016;Brasparts;2022;250
29017;Brélès;2022;144
29018;Brennilis;2022;120
29019;Brest;2022;24786
29020;Briec;2022;1082
29021;Plounéour-Brignogan-plages;2022;748
29022;Camaret-sur-Mer;2022;1043
29023;Carantec;2022;1364
29024;Carhaix-Plouguer;2022;2350
29025;Cast;2022;333
29026;Châteaulin;2022;1134
29027;Châteauneuf-du-Faou;2022;1083
29028;Cléden-Cap-Sizun;2022;432
29029;Cléden-Poher;2022;262
29030;Cléder;2022;1004
29031;Clohars-Carnoët;2022;1534
29032;Clohars-Fouesnant;2022;587
29033;Le Cloître-Pleyben;2022;128
29034;Le Cloître-Saint-Thégonnec;2022;128
29035;Coat-Méal;2022;120
29036;Collorec;2022;152
29037;Combrit;2022;1330
29038;Commana;2022;213
29039;Concarneau;2022;6685
29040;Le Conquet;2022;985
29041;Coray;2022;439
29042;Crozon;2022;2649
29043;Daoulas;2022;425
29044;Dinéault;2022;348
29045;Dirinon;2022;480
29046;Douarnenez;2022;4816
29047;Le Drennec;2022;331
29048;Edern;2022;389
29049;Elliant;2022;637
29051;Ergué-Gabéric;2022;1919
29053;Le Faou;2022;440
29054;La Feuillée;2022;188
29055;Le Folgoët;2022;840
29056;La Forest-Landerneau;2022;391
29057;La Forêt-Fouesnant;2022;1199
29058;Fouesnant;2022;3607
29059;Garlan;2022;184
29060;Gouesnach;2022;677
29061;Gouesnou;2022;1417
29062;Gouézec;2022;247
29063;Goulien;2022;142
29064;Goulven;2022;119
29065;Gourlizon;2022;194
29066;Guengat;2022;406
29067;Guerlesquin;2022;414
29068;Guiclan;2022;452
29069;Guilers;2022;1923
29070;Guiler-sur-Goyen;2022;124
29071;Guilligomarc'h;2022;127
29072;Guilvinec;2022;1105
29073;Guimaëc;2022;300
29074;Guimiliau;2022;154
29075;Guipavas;2022;3221
29076;Milizac-Guipronvel;2022;775
29077;Guissény;2022;590
29078;Hanvec;2022;377
29079;Henvic;2022;339
29080;Hôpital-Camfrout;2022;485
29081;Huelgoat;2022;683
29082;Île-de-Batz;2022;189
29083;Île-de-Sein;2022;115
29084;Île-Molène;2022;82
29085;Île-Tudy;2022;322
29086;Irvillac;2022;212
29087;Le Juch;2022;165
29089;Kergloff;2022;212
29090;Kerlaz;2022;219
29091;Kerlouan;2022;768
29093;Kernilis;2022;182
29094;Kernouës;2022;142
29095;Kersaint-Plabennec;2022;195
29097;Lampaul-Guimiliau;2022;440
29098;Lampaul-Plouarzel;2022;646
29099;Lampaul-Ploudalmézeau;2022;142
29100;Lanarvily;2022;57
29101;Landéda;2022;1013
29102;Landeleau;2022;258
29103;Landerneau;2022;3810
29104;Landévennec;2022;122
29105;Landivisiau;2022;1878
29106;Landrévarzec;2022;283
29107;Landudal;2022;129
29108;Landudec;2022;338
29109;Landunvez;2022;539
29110;Langolen;2022;117
29111;Lanhouarneau;2022;225
29112;Lanildut;2022;347
29113;Lanmeur;2022;843
29114;Lannéanou;2022;84
29115;Lannédern;2022;75
29116;Lanneuffret;2022;22
29117;Lannilis;2022;1221
29119;Lanrivoaré;2022;283
29120;Lanvéoc;2022;465
29122;Laz;2022;161
29123;Lennon;2022;130
29124;Lesneven;2022;1836
29125;Leuhan;2022;139
29126;Loc-Brévalaire;2022;30
29128;Loc-Eguiner;2022;60
29130;Locmaria-Plouzané;2022;1013
29131;Locmélar;2022;65
29132;Locquénolé;2022;227
29133;Locquirec;2022;638
29134;Locronan;2022;209
29135;Loctudy;2022;1890
29136;Locunolé;2022;206
29137;Logonna-Daoulas;2022;472
29139;Lopérec;2022;192
29140;Loperhet;2022;685
29141;Loqueffret;2022;111
29142;Lothey;2022;91
29143;Mahalon;2022;184
29144;La Martyre;2022;121
29145;Confort-Meilars;2022;172
29146;Melgven;2022;843
29147;Mellac;2022;615
29148;Mespaul;2022;135
29150;Moëlan-sur-Mer;2022;2562
29151;Morlaix;2022;3583
29152;Motreff;2022;164
29153;Névez;2022;1040
29155;Ouessant;2022;353
29156;Pencran;2022;326
29158;Penmarch;2022;2190
29159;Peumerit;2022;167
29160;Plabennec;2022;1637
29161;Pleuven;2022;773
29162;Pleyben;2022;837
29163;Pleyber-Christ;2022;753
29165;Plobannalec-Lesconil;2022;1142
29166;Ploéven;2022;121
29167;Plogastel-Saint-Germain;2022;425
29168;Plogoff;2022;571
29169;Plogonnec;2022;791
29170;Plomelin;2022;1105
29171;Plomeur;2022;1035
29172;Plomodiern;2022;666
29173;Plonéis;2022;370
29174;Plonéour-Lanvern;2022;1451
29175;Plonévez-du-Faou;2022;692
29176;Plonévez-Porzay;2022;473
29177;Plouarzel;2022;838
29178;Ploudalmézeau;2022;1771
29179;Ploudaniel;2022;774
29180;Ploudiry;2022;132
29181;Plouédern;2022;536
29182;Plouégat-Guérand;2022;217
29183;Plouégat-Moysan;2022;122
29184;Plouénan;2022;574
29185;Plouescat;2022;1209
29186;Plouezoc'h;2022;524
29187;Plougar;2022;129
29188;Plougasnou;2022;1356
29189;Plougastel-Daoulas;2022;3211
29190;Plougonvelin;2022;1251
29191;Plougonven;2022;942
29192;Plougoulm;2022;395
29193;Plougourvest;2022;282
29195;Plouguerneau;2022;1903
29196;Plouguin;2022;417
29197;Plouhinec;2022;1614
29198;Plouider;2022;391
29199;Plouigneau;2022;1237
29201;Ploumoguer;2022;402
29202;Plounéour-Ménez;2022;255
29204;Plounéventer;2022;349
29205;Plounévézel;2022;264
29206;Plounévez-Lochrist;2022;539
29207;Plourin-lès-Morlaix;2022;1268
29208;Plourin;2022;220
29209;Plouvien;2022;562
29210;Plouvorn;2022;626
29211;Plouyé;2022;180
29212;Plouzané;2022;2786
29213;Plouzévédé;2022;350
29214;Plovan;2022;222
29215;Plozévet;2022;1035
29216;Pluguffan;2022;916
29217;Pont-Aven;2022;1014
29218;Pont-Croix;2022;665
29220;Pont-l'Abbé;2022;2495
29221;Porspoder;2022;702
29222;Port-Launay;2022;86
29224;Pouldergat;2022;324
29225;Pouldreuzic;2022;608
29226;Poullan-sur-Mer;2022;485
29227;Poullaouen;2022;457
29228;Primelin;2022;303
29229;Quéménéven;2022;235
29230;Querrien;2022;425
29232;Quimper;2022;14166
29233;Quimperlé;2022;2857
29234;Rédené;2022;562
29235;Le Relecq-Kerhuon;2022;2601
29236;Riec-sur-Bélon;2022;1407
29237;La Roche-Maurice;2022;350
29238;Roscanvel;2022;337
29239;Roscoff;2022;1371
29240;Rosnoën;2022;195
29241;Rosporden;2022;1755
29243;Saint-Coulitz;2022;94
29244;Saint-Derrien;2022;108
29245;Saint-Divy;2022;313
29246;Saint-Eloy;2022;34
29247;Saint-Évarzec;2022;780
29248;Saint-Frégant;2022;126
29249;Saint-Goazec;2022;215
29250;Saint-Hernin;2022;190
29251;Saint-Jean-du-Doigt;2022;214
29252;Saint-Jean-Trolimon;2022;233
29254;Saint-Martin-des-Champs;2022;1507
29255;Saint-Méen;2022;87
29256;Saint-Nic;2022;224
29257;Saint-Pabu;2022;538
29259;Saint-Pol-de-Léon;2022;2125
29260;Saint-Renan;2022;1786
29261;Saint-Rivoal;2022;43
29262;Saint-Sauveur;2022;114
29263;Saint-Ségal;2022;183
29264;Saint-Servais;2022;94
29265;Sainte-Sève;2022;213
29266;Saint-Thégonnec Loc-Eguiner;2022;588
29267;Saint-Thois;2022;129
29268;Saint-Thonan;2022;223
29269;Saint-Thurien;2022;232
29270;Saint-Urbain;2022;257
29271;Saint-Vougay;2022;174
29272;Saint-Yvi;2022;668
29273;Santec;2022;662
29274;Scaër;2022;1427
29275;Scrignac;2022;248
29276;Sibiril;2022;345
29277;Sizun;2022;484
29278;Spézet;2022;534
29279;Taulé;2022;808
29280;Telgruc-sur-Mer;2022;603
29281;Tourch;2022;204
29282;Trébabu;2022;92
29284;Treffiagat;2022;892
29285;Tréflaouénan;2022;85
29286;Tréflévénez;2022;43
29287;Tréflez;2022;230
29288;Trégarantec;2022;78
29289;Trégarvan;2022;41
29290;Tréglonou;2022;107
29291;Trégourez;2022;198
29292;Tréguennec;2022;87
29293;Trégunc;2022;2516
29294;Le Tréhou;2022;91
29295;Trémaouézan;2022;60
29296;Tréméoc;2022;245
29297;Tréméven;2022;526
29298;Tréogat;2022;132
29299;Tréouergat;2022;40
29300;Le Trévoux;2022;276
29301;Trézilidé;2022;62
29302;Pont-de-Buis-lès-Quimerch;2022;708
2A001;Afa;2022;718
2A004;Ajaccio;2022;17696
2A006;Alata;2022;744
2A008;Albitreccia;2022;578
2A011;Altagène;2022;19
2A014;Ambiegna;2022;26
2A017;Appietto;2022;432
2A018;Arbellara;2022;31
2A019;Arbori;2022;27
2A021;Argiusta-Moriccio;2022;32
2A022;Arro;2022;43
2A024;Aullène;2022;57
2A026;Azilone-Ampaza;2022;44
2A027;Azzana;2022;24
2A028;Balogna;2022;63
2A031;Bastelica;2022;176
2A032;Bastelicaccia;2022;908
2A035;Belvédère-Campomoro;2022;72
2A038;Bilia;2022;11
2A040;Bocognano;2022;120
2A041;Bonifacio;2022;749
2A048;Calcatoggio;2022;133
2A056;Campo;2022;33
2A060;Cannelle;2022;31
2A061;Carbini;2022;44
2A062;Carbuccia;2022;89
2A064;Cardo-Torgia;2022;16
2A065;Cargèse;2022;369
2A066;Cargiaca;2022;30
2A070;Casaglione;2022;171
2A071;Casalabriva;2022;62
2A085;Cauro;2022;430
2A089;Ciamannacce;2022;64
2A090;Coggia;2022;316
2A091;Cognocoli-Monticchi;2022;72
2A092;Conca;2022;329
2A094;Corrano;2022;27
2A098;Coti-Chiavari;2022;276
2A099;Cozzano;2022;93
2A100;Cristinacce;2022;33
2A103;Cuttoli-Corticchiato;2022;551
2A104;Eccica-Suarella;2022;245
2A108;Évisa;2022;86
2A114;Figari;2022;334
2A115;Foce;2022;29
2A117;Forciolo;2022;36
2A118;Fozzano;2022;68
2A119;Frasseto;2022;59
2A127;Giuncheto;2022;29
2A128;Granace;2022;29
2A129;Grossa;2022;30
2A130;Grosseto-Prugna;2022;956
2A131;Guagno;2022;78
2A132;Guargualé;2022;47
2A133;Guitera-les-Bains;2022;58
2A139;Lecci;2022;294
2A141;Letia;2022;51
2A142;Levie;2022;234
2A144;Lopigna;2022;46
2A146;Loreto-di-Tallano;2022;25
2A154;Marignana;2022;51
2A158;Mela;2022;23
2A160;Moca-Croce;2022;86
2A163;Monacia-d'Aullène;2022;186
2A174;Murzo;2022;29
2A181;Ocana;2022;166
2A186;Olivese;2022;84
2A189;Olmeto;2022;428
2A191;Olmiccia;2022;15
2A196;Orto;2022;33
2A197;Osani;2022;36
2A198;Ota;2022;128
2A200;Palneca;2022;61
2A203;Partinello;2022;43
2A204;Pastricciola;2022;33
2A209;Peri;2022;437
2A211;Petreto-Bicchisano;2022;216
2A212;Piana;2022;166
2A215;Pianottoli-Caldarello;2022;226
2A228;Pietrosella;2022;523
2A232;Pila-Canale;2022;98
2A240;Poggiolo;2022;37
2A247;Porto-Vecchio;2022;2127
2A249;Propriano;2022;999
2A253;Quasquara;2022;30
2A254;Quenza;2022;79
2A258;Renno;2022;26
2A259;Rezza;2022;38
2A262;Rosazia;2022;18
2A266;Salice;2022;46
2A268;Sampolo;2022;37
2A269;Sari-Solenzara;2022;396
2A270;Sari-d'Orcino;2022;101
2A271;Sarrola-Carcopino;2022;590
2A272;Sartène;2022;982
2A276;Serra-di-Ferro;2022;228
2A278;Serra-di-Scopamène;2022;34
2A279;Serriera;2022;36
2A282;Soccia;2022;86
2A284;Sollacaro;2022;127
2A285;Sorbollano;2022;33
2A288;Sotta;2022;412
2A295;Sant'Andréa-d'Orcino;2022;35
2A300;San-Gavino-di-Carbini;2022;264
2A308;Sainte-Lucie-de-Tallano;2022;151
2A310;Santa-Maria-Figaniella;2022;32
2A312;Santa-Maria-Siché;2022;107
2A322;Tasso;2022;29
2A323;Tavaco;2022;73
2A324;Tavera;2022;116
2A326;Tolla;2022;45
2A330;Ucciani;2022;115
2A331;Urbalacone;2022;24
2A336;Valle-di-Mezzana;2022;89
2A345;Vero;2022;126
2A348;Vico;2022;324
2A349;Viggianello;2022;193
2A351;Villanova;2022;97
2A357;Zérubia;2022;8
2A358;Zévaco;2022;14
2A359;Zicavo;2022;111
2A360;Zigliara;2022;52
2A362;Zonza;2022;737
2A363;Zoza;2022;32
2B002;Aghione;2022;59
2B003;Aiti;2022;15
2B005;Alando;2022;5
2B007;Albertacce;2022;89
2B009;Aléria;2022;505
2B010;Algajola;2022;111
2B012;Altiani;2022;22
2B013;Alzi;2022;7
2B015;Ampriani;2022;6
2B016;Antisanti;2022;177
2B020;Aregno;2022;172
2B023;Asco;2022;44
2B025;Avapessa;2022;27
2B029;Barbaggio;2022;62
2B030;Barrettali;2022;85
2B033;Bastia;2022;11155
2B034;Belgodère;2022;152
2B036;Bigorno;2022;56
2B037;Biguglia;2022;1533
2B039;Bisinchi;2022;64
2B042;Borgo;2022;1689
2B043;Brando;2022;490
2B045;Bustanico;2022;23
2B046;Cagnano;2022;58
2B047;Calacuccia;2022;114
2B049;Calenzana;2022;566
2B050;Calvi;2022;1002
2B051;Cambia;2022;30
2B052;Campana;2022;11
2B053;Campi;2022;8
2B054;Campile;2022;72
2B055;Campitello;2022;62
2B057;Canale-di-Verde;2022;98
2B058;Canari;2022;131
2B059;Canavaggia;2022;42
2B063;Carcheto-Brustico;2022;17
2B067;Carpineto;2022;20
2B068;Carticasi;2022;16
2B069;Casabianca;2022;38
2B072;Casalta;2022;26
2B073;Casamaccioli;2022;46
2B074;Casanova;2022;76
2B075;Casevecchie;2022;27
2B077;Castellare-di-Casinca;2022;161
2B078;Castellare-di-Mercurio;2022;7
2B079;Castello-di-Rostino;2022;121
2B080;Castifao;2022;45
2B081;Castiglione;2022;30
2B082;Castineta;2022;23
2B083;Castirla;2022;48
2B084;Cateri;2022;56
2B086;Centuri;2022;69
2B087;Cervione;2022;651
2B088;Chiatra;2022;75
2B093;Corbara;2022;299
2B095;Corscia;2022;62
2B096;Corte;2022;1282
2B097;Costa;2022;13
2B101;Croce;2022;37
2B102;Crocicchia;2022;27
2B105;Erbajolo;2022;42
2B106;Érone;2022;7
2B107;Ersa;2022;63
2B109;Farinole;2022;82
2B110;Favalello;2022;14
2B111;Felce;2022;25
2B112;Feliceto;2022;58
2B113;Ficaja;2022;33
2B116;Focicchia;2022;8
2B120;Furiani;2022;1327
2B121;Galéria;2022;131
2B122;Gavignano;2022;25
2B123;Ghisonaccia;2022;860
2B124;Ghisoni;2022;99
2B125;Giocatojo;2022;22
2B126;Giuncaggio;2022;32
2B134;L'Île-Rousse;2022;824
2B135;Isolaccio-di-Fiumorbo;2022;160
2B136;Lama;2022;63
2B137;Lano;2022;14
2B138;Lavatoggio;2022;46
2B140;Lento;2022;37
2B143;Linguizzetta;2022;298
2B145;Loreto-di-Casinca;2022;55
2B147;Lozzi;2022;46
2B148;Lucciana;2022;934
2B149;Lugo-di-Nazza;2022;27
2B150;Lumio;2022;418
2B152;Luri;2022;275
2B153;Manso;2022;44
2B155;Matra;2022;26
2B156;Mausoléo;2022;9
2B157;Mazzola;2022;15
2B159;Meria;2022;37
2B161;Moïta;2022;29
2B162;Moltifao;2022;208
2B164;Monacia-d'Orezza;2022;7
2B165;Moncale;2022;76
2B166;Monte;2022;140
2B167;Montegrosso;2022;152
2B168;Monticello;2022;585
2B169;Morosaglia;2022;271
2B170;Morsiglia;2022;42
2B171;Muracciole;2022;10
2B172;Murato;2022;184
2B173;Muro;2022;78
2B175;Nessa;2022;56
2B176;Nocario;2022;31
2B177;Noceta;2022;30
2B178;Nonza;2022;25
2B179;Novale;2022;21
2B180;Novella;2022;41
2B182;Occhiatana;2022;87
2B183;Ogliastro;2022;36
2B184;Olcani;2022;41
2B185;Oletta;2022;520
2B187;Olmeta-di-Capocorso;2022;57
2B188;Olmeta-di-Tuda;2022;109
2B190;Olmi-Cappella;2022;84
2B192;Olmo;2022;36
2B193;Omessa;2022;160
2B194;Ortale;2022;10
2B195;Ortiporio;2022;40
2B199;Palasca;2022;40
2B201;Pancheraccia;2022;71
2B202;Parata;2022;14
2B205;Patrimonio;2022;236
2B206;Penta-Acquatella;2022;18
2B207;Penta-di-Casinca;2022;863
2B208;Perelli;2022;43
2B210;Pero-Casevecchie;2022;41
2B213;Pianello;2022;29
2B214;Piano;2022;11
2B216;Piazzali;2022;5
2B217;Piazzole;2022;8
2B218;Piedicorte-di-Gaggio;2022;48
2B219;Piedicroce;2022;24
2B220;Piedigriggio;2022;52
2B221;Piedipartino;2022;3
2B222;Pie-d'Orezza;2022;12
2B223;Pietralba;2022;179
2B224;Pietracorbara;2022;198
2B225;Pietra-di-Verde;2022;35
2B226;Pietraserena;2022;30
2B227;Pietricaggio;2022;17
2B229;Pietroso;2022;109
2B230;Piève;2022;52
2B231;Pigna;2022;32
2B233;Pino;2022;69
2B234;Piobetta;2022;9
2B235;Pioggiola;2022;29
2B236;Poggio-di-Nazza;2022;83
2B238;Poggio-di-Venaco;2022;51
2B239;Poggio-d'Oletta;2022;71
2B241;Poggio-Marinaccio;2022;13
2B242;Poggio-Mezzana;2022;210
2B243;Polveroso;2022;14
2B244;Popolasca;2022;17
2B245;Porri;2022;12
2B246;La Porta;2022;88
2B248;Prato-di-Giovellina;2022;25
2B250;Prunelli-di-Casacconi;2022;42
2B251;Prunelli-di-Fiumorbo;2022;834
2B252;Pruno;2022;45
2B255;Quercitello;2022;21
2B256;Rapaggio;2022;9
2B257;Rapale;2022;52
2B260;Riventosa;2022;38
2B261;Rogliano;2022;189
2B263;Rospigliani;2022;30
2B264;Rusio;2022;25
2B265;Rutali;2022;144
2B267;Saliceto;2022;22
2B273;Scata;2022;13
2B274;Scolca;2022;35
2B275;Sermano;2022;30
2B277;Serra-di-Fiumorbo;2022;111
2B280;Silvareccio;2022;41
2B281;Sisco;2022;340
2B283;Solaro;2022;255
2B286;Sorbo-Ocagnano;2022;192
2B287;Sorio;2022;69
2B289;Soveria;2022;19
2B290;Speloncato;2022;94
2B291;Stazzona;2022;12
2B292;Sant'Andréa-di-Bozio;2022;42
2B293;Sant'Andréa-di-Cotone;2022;74
2B296;Sant'Antonino;2022;35
2B297;San-Damiano;2022;22
2B298;Saint-Florent;2022;548
2B299;San-Gavino-d'Ampugnani;2022;40
2B301;San-Gavino-di-Tenda;2022;12
2B302;San-Giovanni-di-Moriani;2022;32
2B303;San-Giuliano;2022;195
2B304;San-Lorenzo;2022;40
2B305;San-Martino-di-Lota;2022;875
2B306;Santa-Lucia-di-Mercurio;2022;37
2B307;Santa-Lucia-di-Moriani;2022;384
2B309;Santa-Maria-di-Lota;2022;558
2B311;Santa-Maria-Poggio;2022;219
2B313;San-Nicolao;2022;705
2B314;Santo-Pietro-di-Tenda;2022;110
2B315;Santo-Pietro-di-Venaco;2022;58
2B316;Santa-Reparata-di-Balagna;2022;279
2B317;Santa-Reparata-di-Moriani;2022;24
2B318;Taglio-Isolaccio;2022;161
2B319;Talasani;2022;203
2B320;Tallone;2022;90
2B321;Tarrano;2022;8
2B327;Tomino;2022;86
2B328;Tox;2022;42
2B329;Tralonca;2022;33
2B332;Urtaca;2022;72
2B333;Vallecalle;2022;40
2B334;Valle-d'Alesani;2022;65
2B335;Valle-di-Campoloro;2022;105
2B337;Valle-di-Rostino;2022;60
2B338;Valle-d'Orezza;2022;13
2B339;Vallica;2022;16
2B340;Velone-Orneto;2022;32
2B341;Venaco;2022;207
2B342;Ventiseri;2022;446
2B343;Venzolasca;2022;368
2B344;Verdèse;2022;17
2B346;Vescovato;2022;698
2B347;Vezzani;2022;114
2B350;Vignale;2022;63
2B352;Ville-di-Paraso;2022;75
2B353;Ville-di-Pietrabugno;2022;985
2B354;Vivario;2022;143
2B355;Volpajola;2022;100
2B356;Zalana;2022;70
2B361;Zilia;2022;70
2B364;Zuani;2022;18
2B365;San-Gavino-di-Fiumorbo;2022;56
2B366;Chisa;2022;51
30001;Aigaliers;2022;151
30002;Aigremont;2022;160
30003;Aigues-Mortes;2022;2362
30004;Aigues-Vives;2022;710
30005;Aiguèze;2022;63
30006;Aimargues;2022;943
30007;Alès;2022;11909
30008;Allègre-les-Fumades;2022;215
30009;Alzon;2022;74
30010;Anduze;2022;1110
30011;Les Angles;2022;2852
30012;Aramon;2022;1007
30013;Argilliers;2022;70
30014;Arpaillargues-et-Aureillac;2022;303
30015;Arphy;2022;48
30016;Arre;2022;63
30017;Arrigas;2022;63
30018;Aspères;2022;118
30019;Aubais;2022;697
30020;Aubord;2022;518
30021;Aubussargues;2022;96
30022;Aujac;2022;66
30023;Aujargues;2022;215
30024;Aulas;2022;123
30025;Aumessas;2022;95
30026;Avèze;2022;306
30027;Bagard;2022;733
30028;Bagnols-sur-Cèze;2022;4648
30029;Barjac;2022;540
30030;Baron;2022;81
30031;La Bastide-d'Engras;2022;69
30032;Beaucaire;2022;3459
30033;Beauvoisin;2022;859
30034;Bellegarde;2022;1392
30035;Belvézet;2022;82
30036;Bernis;2022;772
30037;Bessèges;2022;1055
30038;Bez-et-Esparon;2022;112
30039;Bezouce;2022;533
30040;Blandas;2022;46
30041;Blauzac;2022;273
30042;Boisset-et-Gaujac;2022;681
30043;Boissières;2022;143
30044;Bonnevaux;2022;27
30045;Bordezac;2022;117
30046;Boucoiran-et-Nozières;2022;149
30047;Bouillargues;2022;1445
30048;Bouquet;2022;61
30049;Bourdic;2022;72
30050;Bragassargues;2022;45
30051;Branoux-les-Taillades;2022;413
30052;Bréau-Mars;2022;176
30053;Brignon;2022;166
30054;Brouzet-lès-Quissac;2022;55
30055;Brouzet-lès-Alès;2022;173
30056;La Bruguière;2022;91
30057;Cabrières;2022;388
30058;La Cadière-et-Cambo;2022;61
30059;Le Cailar;2022;606
30060;Caissargues;2022;1149
30061;La Calmette;2022;516
30062;Calvisson;2022;1216
30064;Campestre-et-Luc;2022;52
30065;Canaules-et-Argentières;2022;127
30066;Cannes-et-Clairan;2022;102
30067;La Capelle-et-Masmolène;2022;124
30068;Cardet;2022;204
30069;Carnas;2022;113
30070;Carsan;2022;144
30071;Cassagnoles;2022;104
30072;Castelnau-Valence;2022;82
30073;Castillon-du-Gard;2022;373
30074;Causse-Bégon;2022;6
30075;Caveirac;2022;1219
30076;Cavillargues;2022;251
30077;Cendras;2022;510
30079;Chambon;2022;94
30080;Chamborigaud;2022;300
30081;Chusclan;2022;277
30082;Clarensac;2022;858
30083;Codognan;2022;526
30084;Codolet;2022;98
30085;Collias;2022;285
30086;Collorgues;2022;122
30087;Colognac;2022;90
30088;Combas;2022;148
30089;Comps;2022;329
30090;Concoules;2022;75
30091;Congénies;2022;362
30092;Connaux;2022;423
30093;Conqueyrac;2022;27
30095;Corconne;2022;156
30096;Cornillon;2022;266
30097;Courry;2022;101
30098;Crespian;2022;61
30099;Cros;2022;90
30100;Cruviers-Lascours;2022;128
30101;Deaux;2022;142
30102;Dions;2022;119
30103;Domazan;2022;165
30104;Domessargues;2022;130
30105;Dourbies;2022;60
30106;Durfort-et-Saint-Martin-de-Sossenac;2022;193
30107;Estézargues;2022;90
30108;L'Estréchure;2022;49
30109;Euzet;2022;154
30110;Flaux;2022;93
30111;Foissac;2022;110
30112;Fons;2022;333
30113;Fons-sur-Lussan;2022;91
30114;Fontanès;2022;145
30115;Fontarèches;2022;69
30116;Fournès;2022;172
30117;Fourques;2022;664
30119;Fressac;2022;57
30120;Gagnières;2022;306
30121;Gailhan;2022;53
30122;Gajan;2022;126
30123;Gallargues-le-Montueux;2022;680
30124;Le Garn;2022;66
30125;Garons;2022;938
30126;Garrigues-Sainte-Eulalie;2022;188
30127;Gaujac;2022;202
30128;Générac;2022;847
30129;Générargues;2022;204
30130;Génolhac;2022;284
30131;Goudargues;2022;316
30132;La Grand-Combe;2022;1323
30133;Le Grau-du-Roi;2022;3780
30134;Issirac;2022;62
30135;Jonquières-Saint-Vincent;2022;753
30136;Junas;2022;218
30137;Lamelouze;2022;46
30138;Langlade;2022;597
30139;Lanuéjols;2022;95
30140;Lasalle;2022;398
30141;Laudun-l'Ardoise;2022;1114
30142;Laval-Pradel;2022;247
30143;Laval-Saint-Roman;2022;65
30144;Lecques;2022;77
30145;Lédenon;2022;310
30146;Lédignan;2022;400
30147;Lézan;2022;384
30148;Liouc;2022;65
30149;Lirac;2022;216
30150;Logrian-Florian;2022;65
30151;Lussan;2022;154
30152;Les Mages;2022;543
30153;Malons-et-Elze;2022;40
30154;Mandagout;2022;124
30155;Manduel;2022;1625
30156;Marguerittes;2022;2235
30158;Martignargues;2022;104
30159;Le Martinet;2022;229
30160;Maruéjols-lès-Gardon;2022;54
30161;Massanes;2022;52
30162;Massillargues-Attuech;2022;198
30163;Mauressargues;2022;33
30164;Méjannes-le-Clap;2022;261
30165;Méjannes-lès-Alès;2022;280
30166;Meynes;2022;524
30167;Meyrannes;2022;247
30168;Mialet;2022;226
30169;Milhaud;2022;1439
30170;Molières-Cavaillac;2022;286
30171;Molières-sur-Cèze;2022;444
30172;Monoblet;2022;181
30173;Mons;2022;469
30174;Montaren-et-Saint-Médiers;2022;431
30175;Montclus;2022;58
30176;Montdardier;2022;62
30177;Monteils;2022;142
30178;Montfaucon;2022;314
30179;Montfrin;2022;790
30180;Montignargues;2022;106
30181;Montmirat;2022;58
30182;Montpezat;2022;229
30183;Moulézan;2022;116
30184;Moussac;2022;351
30185;Mus;2022;275
30186;Nages-et-Solorgues;2022;432
30187;Navacelles;2022;73
30188;Ners;2022;175
30189;Nîmes;2022;32374
30191;Orsan;2022;263
30192;Orthoux-Sérignac-Quilhan;2022;137
30193;Parignargues;2022;203
30194;Peyremale;2022;108
30195;Peyrolles;2022;13
30196;Le Pin;2022;82
30197;Les Plans;2022;66
30198;Les Plantiers;2022;85
30199;Pommiers;2022;23
30200;Pompignan;2022;240
30201;Ponteils-et-Brésis;2022;152
30202;Pont-Saint-Esprit;2022;3033
30203;Portes;2022;110
30204;Potelières;2022;100
30205;Pougnadoresse;2022;63
30206;Poulx;2022;903
30207;Pouzilhac;2022;120
30208;Puechredon;2022;16
30209;Pujaut;2022;952
30210;Quissac;2022;899
30211;Redessan;2022;814
30212;Remoulins;2022;478
30213;Revens;2022;11
30214;Ribaute-les-Tavernes;2022;453
30215;Rivières;2022;112
30216;Robiac-Rochessadoule;2022;287
30217;Rochefort-du-Gard;2022;1560
30218;Rochegude;2022;64
30219;Rogues;2022;33
30220;Roquedur;2022;46
30221;Roquemaure;2022;1175
30222;La Roque-sur-Cèze;2022;58
30223;Rousson;2022;1035
30224;La Rouvière;2022;117
30225;Sabran;2022;400
30226;Saint-Alexandre;2022;294
30227;Saint-Ambroix;2022;1152
30228;Sainte-Anastasie;2022;346
30229;Saint-André-de-Majencoules;2022;180
30230;Saint-André-de-Roquepertuis;2022;182
30231;Saint-André-de-Valborgne;2022;137
30232;Saint-André-d'Olérargues;2022;101
30233;Saint-Bauzély;2022;89
30234;Saint-Bénézet;2022;72
30235;Saint-Bonnet-du-Gard;2022;156
30236;Saint-Bonnet-de-Salendrinque;2022;42
30237;Saint-Brès;2022;211
30238;Saint-Bresson;2022;15
30239;Sainte-Cécile-d'Andorge;2022;166
30240;Saint-Césaire-de-Gauzignan;2022;76
30241;Saint-Chaptes;2022;436
30242;Saint-Christol-de-Rodières;2022;59
30243;Saint-Christol-lez-Alès;2022;2071
30244;Saint-Clément;2022;64
30245;Saint-Côme-et-Maruéjols;2022;147
30246;Sainte-Croix-de-Caderle;2022;36
30247;Saint-Denis;2022;70
30248;Saint-Dézéry;2022;89
30249;Saint-Dionisy;2022;230
30250;Saint-Étienne-de-l'Olm;2022;92
30251;Saint-Étienne-des-Sorts;2022;100
30252;Saint-Félix-de-Pallières;2022;83
30253;Saint-Florent-sur-Auzonnet;2022;358
30254;Saint-Geniès-de-Comolas;2022;328
30255;Saint-Geniès-de-Malgoirès;2022;573
30256;Saint-Gervais;2022;178
30257;Saint-Gervasy;2022;350
30258;Saint-Gilles;2022;3020
30259;Saint-Hilaire-de-Brethmas;2022;1199
30260;Saint-Hilaire-d'Ozilhan;2022;216
30261;Saint-Hippolyte-de-Caton;2022;62
30262;Saint-Hippolyte-de-Montaigu;2022;64
30263;Saint-Hippolyte-du-Fort;2022;1085
30264;Saint-Jean-de-Ceyrargues;2022;40
30265;Saint-Jean-de-Crieulon;2022;77
30266;Saint-Jean-de-Maruéjols-et-Avéjan;2022;299
30267;Saint-Jean-de-Serres;2022;105
30268;Saint-Jean-de-Valériscle;2022;152
30269;Saint-Jean-du-Gard;2022;749
30270;Saint-Jean-du-Pin;2022;382
30271;Saint-Julien-de-Cassagnas;2022;199
30272;Saint-Julien-de-la-Nef;2022;45
30273;Saint-Julien-de-Peyrolas;2022;322
30274;Saint-Julien-les-Rosiers;2022;852
30275;Saint-Just-et-Vacquières;2022;100
30276;Saint-Laurent-d'Aigouze;2022;887
30277;Saint-Laurent-de-Carnols;2022;123
30278;Saint-Laurent-des-Arbres;2022;519
30279;Saint-Laurent-la-Vernède;2022;216
30280;Saint-Laurent-le-Minier;2022;83
30281;Saint-Mamert-du-Gard;2022;345
30282;Saint-Marcel-de-Careiret;2022;197
30283;Saint-Martial;2022;71
30284;Saint-Martin-de-Valgalgues;2022;1273
30285;Saint-Maurice-de-Cazevieille;2022;154
30286;Saint-Maximin;2022;211
30287;Saint-Michel-d'Euzet;2022;189
30288;Saint-Nazaire;2022;256
30289;Saint-Nazaire-des-Gardies;2022;19
30290;Saint-Paulet-de-Caisson;2022;427
30291;Saint-Paul-la-Coste;2022;87
30292;Saint-Pons-la-Calm;2022;97
30293;Saint-Privat-de-Champclos;2022;110
30294;Saint-Privat-des-Vieux;2022;1564
30295;Saint-Quentin-la-Poterie;2022;1060
30296;Saint-Roman-de-Codières;2022;45
30297;Saint-Sauveur-Camprieu;2022;98
30298;Saint-Sébastien-d'Aigrefeuille;2022;154
30299;Saint-Siffret;2022;377
30300;Saint-Théodorit;2022;125
30301;Saint-Victor-des-Oules;2022;95
30302;Saint-Victor-la-Coste;2022;471
30303;Saint-Victor-de-Malcap;2022;252
30304;Salazac;2022;45
30305;Salindres;2022;848
30306;Salinelles;2022;125
30307;Les Salles-du-Gardon;2022;756
30308;Sanilhac-Sagriès;2022;256
30309;Sardan;2022;63
30310;Saumane;2022;91
30311;Sauve;2022;569
30312;Sauveterre;2022;418
30313;Sauzet;2022;157
30314;Savignargues;2022;56
30315;Saze;2022;432
30316;Sénéchas;2022;102
30317;Sernhac;2022;287
30318;Servas;2022;51
30319;Serviers-et-Labaume;2022;132
30320;Seynes;2022;50
30321;Sommières;2022;1121
30322;Soudorgues;2022;89
30323;Soustelle;2022;31
30324;Souvignargues;2022;196
30325;Sumène;2022;402
30326;Tavel;2022;400
30327;Tharaux;2022;23
30328;Théziers;2022;229
30329;Thoiras-Corbès;2022;158
30330;Tornac;2022;269
30331;Tresques;2022;529
30332;Trèves;2022;31
30333;Uchaud;2022;889
30334;Uzès;2022;3017
30335;Vabres;2022;35
30336;Vallabrègues;2022;313
30337;Vallabrix;2022;89
30338;Vallérargues;2022;31
30339;Val-d'Aigoual;2022;500
30340;Valliguières;2022;100
30341;Vauvert;2022;2872
30342;Vénéjan;2022;306
30343;Verfeuil;2022;158
30344;Vergèze;2022;1141
30345;La Vernarède;2022;131
30346;Vers-Pont-du-Gard;2022;422
30347;Vestric-et-Candiac;2022;282
30348;Vézénobres;2022;421
30349;Vic-le-Fesq;2022;82
30350;Le Vigan;2022;1269
30351;Villeneuve-lès-Avignon;2022;3958
30352;Villevieille;2022;553
30353;Vissec;2022;16
30354;Montagnac;2022;40
30355;Saint-Paul-les-Fonts;2022;235
30356;Rodilhan;2022;690
31001;Agassac;2022;31
31002;Aignes;2022;67
31003;Aigrefeuille;2022;112
31004;Ayguesvives;2022;426
31005;Alan;2022;82
31006;Albiac;2022;32
31007;Ambax;2022;21
31008;Anan;2022;83
31009;Antichan-de-Frontignes;2022;109
31010;Antignac;2022;25
31011;Arbas;2022;89
31012;Arbon;2022;37
31013;Ardiège;2022;101
31014;Arguenos;2022;46
31015;Argut-Dessous;2022;8
31017;Arlos;2022;28
31018;Arnaud-Guilhem;2022;59
31019;Artigue;2022;5
31020;Aspet;2022;299
31021;Aspret-Sarrat;2022;30
31022;Aucamville;2022;1444
31023;Aulon;2022;112
31024;Auragne;2022;79
31025;Aureville;2022;150
31026;Auriac-sur-Vendinelle;2022;247
31027;Auribail;2022;31
31028;Aurignac;2022;314
31029;Aurin;2022;46
31030;Ausseing;2022;11
31031;Ausson;2022;220
31032;Aussonne;2022;1258
31033;Auterive;2022;2202
31034;Auzas;2022;56
31035;Auzeville-Tolosane;2022;655
31036;Auzielle;2022;358
31037;Avignonet-Lauragais;2022;277
31038;Azas;2022;109
31039;Bachas;2022;19
31040;Bachos;2022;6
31041;Bagiry;2022;28
31042;Bagnères-de-Luchon;2022;887
31043;Balesta;2022;54
31044;Balma;2022;3578
31045;Barbazan;2022;164
31046;Baren;2022;3
31047;Bax;2022;30
31048;Baziège;2022;628
31049;Bazus;2022;124
31050;Beauchalot;2022;198
31051;Beaufort;2022;52
31052;Beaumont-sur-Lèze;2022;299
31053;Beaupuy;2022;327
31054;Beauteville;2022;30
31055;Beauville;2022;26
31056;Beauzelle;2022;1330
31057;Belberaud;2022;315
31058;Belbèze-de-Lauragais;2022;21
31059;Belbèze-en-Comminges;2022;32
31060;Bélesta-en-Lauragais;2022;13
31061;Bellegarde-Sainte-Marie;2022;34
31062;Bellesserre;2022;13
31063;Benque;2022;47
31064;Benque-Dessous-et-Dessus;2022;11
31065;Bérat;2022;443
31066;Bessières;2022;892
31067;Bezins-Garraux;2022;16
31068;Billière;2022;13
31069;Blagnac;2022;4334
31070;Blajan;2022;146
31071;Bois-de-la-Pierre;2022;60
31072;Boissède;2022;25
31073;Bondigoux;2022;158
31074;Bonrepos-Riquet;2022;64
31075;Bonrepos-sur-Aussonnelle;2022;139
31076;Bordes-de-Rivière;2022;95
31077;Le Born;2022;86
31078;Boudrac;2022;56
31079;Bouloc;2022;775
31080;Boulogne-sur-Gesse;2022;641
31081;Bourg-d'Oueil;2022;2
31082;Bourg-Saint-Bernard;2022;180
31083;Boussan;2022;82
31084;Boussens;2022;255
31085;Boutx;2022;94
31086;Bouzin;2022;17
31087;Bragayrac;2022;63
31088;Brax;2022;453
31089;Bretx;2022;97
31090;Brignemont;2022;85
31091;Bruguières;2022;1083
31092;Burgalays;2022;40
31093;Le Burgaud;2022;135
31094;Buzet-sur-Tarn;2022;404
31095;Cabanac-Cazaux;2022;32
31096;Cabanac-Séguenville;2022;43
31097;Le Cabanial;2022;131
31098;Cadours;2022;269
31099;Caignac;2022;58
31100;Calmont;2022;508
31101;Cambernard;2022;98
31102;Cambiac;2022;44
31103;Canens;2022;14
31104;Capens;2022;77
31105;Caragoudes;2022;45
31106;Caraman;2022;507
31107;Carbonne;2022;1351
31108;Cardeilhac;2022;84
31109;Cassagnabère-Tournas;2022;151
31110;Cassagne;2022;185
31111;Castagnac;2022;61
31112;Castagnède;2022;40
31113;Castanet-Tolosan;2022;2807
31114;Castelbiague;2022;56
31115;Castelgaillard;2022;17
31116;Castelginest;2022;2178
31117;Castelmaurou;2022;1013
31118;Castelnau-d'Estrétefonds;2022;787
31119;Castelnau-Picampeau;2022;52
31120;Le Castéra;2022;127
31121;Castéra-Vignoles;2022;19
31122;Casties-Labrande;2022;29
31123;Castillon-de-Larboust;2022;22
31124;Castillon-de-Saint-Martory;2022;81
31125;Cathervielle;2022;11
31126;Caubiac;2022;46
31127;Caubous;2022;3
31128;Caujac;2022;116
31129;Cazarilh-Laspènes;2022;6
31130;Cazaril-Tambourès;2022;28
31131;Cazaunous;2022;21
31132;Cazaux-Layrisse;2022;22
31133;Cazeaux-de-Larboust;2022;34
31134;Cazeneuve-Montaut;2022;18
31135;Cazères;2022;1172
31136;Cépet;2022;405
31137;Cessales;2022;46
31138;Charlas;2022;85
31139;Chaum;2022;62
31140;Chein-Dessus;2022;66
31141;Ciadoux;2022;81
31142;Cier-de-Luchon;2022;61
31143;Cier-de-Rivière;2022;85
31144;Cierp-Gaud;2022;259
31145;Cintegabelle;2022;587
31146;Cirès;2022;5
31147;Clarac;2022;120
31148;Clermont-le-Fort;2022;102
31149;Colomiers;2022;6673
31150;Cornebarrieu;2022;1064
31151;Corronsac;2022;122
31152;Coueilles;2022;28
31153;Couladère;2022;122
31155;Couret;2022;62
31156;Cox;2022;63
31157;Cugnaux;2022;3456
31158;Cuguron;2022;56
31159;Le Cuing;2022;127
31160;Daux;2022;324
31161;Deyme;2022;186
31162;Donneville;2022;190
31163;Drémil-Lafage;2022;499
31164;Drudas;2022;46
31165;Eaunes;2022;1062
31166;Empeaux;2022;53
31167;Encausse-les-Thermes;2022;194
31168;Eoux;2022;38
31169;Escalquens;2022;1486
31170;Escanecrabe;2022;87
31171;Espanès;2022;64
31172;Esparron;2022;12
31173;Esperce;2022;52
31174;Estadens;2022;137
31175;Estancarbon;2022;201
31176;Esténos;2022;52
31177;Eup;2022;45
31178;Fabas;2022;74
31179;Le Faget;2022;46
31180;Falga;2022;23
31181;Le Fauga;2022;344
31182;Fenouillet;2022;937
31183;Figarol;2022;74
31184;Flourens;2022;406
31185;Folcarde;2022;21
31186;Fonbeauzard;2022;549
31187;Fonsorbes;2022;1952
31188;Fontenilles;2022;674
31189;Forgues;2022;31
31190;Fos;2022;84
31191;Fougaron;2022;38
31192;Fourquevaux;2022;166
31193;Le Fousseret;2022;488
31194;Francarville;2022;21
31195;Francazal;2022;5
31196;Francon;2022;39
31197;Franquevielle;2022;114
31198;Le Fréchet;2022;45
31199;Fronsac;2022;74
31200;Frontignan-de-Comminges;2022;24
31201;Frontignan-Savès;2022;16
31202;Fronton;2022;1224
31203;Frouzins;2022;1757
31204;Fustignac;2022;15
31205;Gagnac-sur-Garonne;2022;665
31206;Gaillac-Toulza;2022;285
31207;Galié;2022;34
31208;Ganties;2022;85
31209;Garac;2022;22
31210;Gardouch;2022;272
31211;Gargas;2022;112
31212;Garidech;2022;279
31213;Garin;2022;50
31215;Gauré;2022;100
31216;Gémil;2022;46
31217;Génos;2022;21
31218;Gensac-de-Boulogne;2022;33
31219;Gensac-sur-Garonne;2022;102
31220;Gibel;2022;61
31221;Gouaux-de-Larboust;2022;17
31222;Gouaux-de-Luchon;2022;20
31223;Goudex;2022;12
31224;Gourdan-Polignan;2022;395
31225;Goutevernisse;2022;23
31226;Gouzens;2022;21
31227;Goyrans;2022;183
31228;Gragnague;2022;327
31229;Gratens;2022;129
31230;Gratentour;2022;821
31231;Grazac;2022;110
31232;Grenade;2022;1665
31233;Grépiac;2022;183
31234;Le Grès;2022;44
31235;Guran;2022;24
31236;Herran;2022;18
31237;His;2022;55
31238;Huos;2022;139
31239;L'Isle-en-Dodon;2022;617
31240;Issus;2022;60
31241;Izaut-de-l'Hôtel;2022;93
31242;Jurvielle;2022;5
31243;Juzes;2022;15
31244;Juzet-de-Luchon;2022;141
31245;Juzet-d'Izaut;2022;68
31246;Labarthe-Inard;2022;199
31247;Labarthe-Rivière;2022;405
31248;Labarthe-sur-Lèze;2022;1187
31249;Labastide-Beauvoir;2022;192
31250;Labastide-Clermont;2022;127
31251;Labastide-Paumès;2022;40
31252;Labastide-Saint-Sernin;2022;349
31253;Labastidette;2022;323
31254;Labège;2022;731
31255;Labroquère;2022;95
31256;Labruyère-Dorsa;2022;41
31258;Lacaugne;2022;42
31259;Lacroix-Falgarde;2022;518
31260;Laffite-Toupière;2022;24
31261;Lafitte-Vigordane;2022;174
31262;Lagarde;2022;50
31263;Lagardelle-sur-Lèze;2022;525
31264;Lagrâce-Dieu;2022;64
31265;Lagraulet-Saint-Nicolas;2022;49
31266;Lahage;2022;36
31267;Lahitère;2022;10
31268;Lalouret-Laffiteau;2022;36
31269;Lamasquère;2022;186
31270;Landorthe;2022;304
31271;Lanta;2022;289
31272;Lapeyrère;2022;17
31273;Lapeyrouse-Fossat;2022;545
31274;Larcan;2022;45
31275;Laréole;2022;36
31276;Larroque;2022;114
31277;Lasserre-Pradère;2022;219
31278;Latoue;2022;99
31279;Latour;2022;27
31280;Latrape;2022;60
31281;Launac;2022;171
31282;Launaguet;2022;1281
31283;Lautignac;2022;46
31284;Lauzerville;2022;230
31285;Lavalette;2022;158
31286;Lavelanet-de-Comminges;2022;128
31287;Lavernose-Lacasse;2022;578
31288;Layrac-sur-Tarn;2022;94
31289;Lécussan;2022;60
31290;Lège;2022;15
31291;Léguevin;2022;1355
31292;Lescuns;2022;13
31293;Lespinasse;2022;347
31294;Lespiteau;2022;26
31295;Lespugue;2022;26
31296;Lestelle-de-Saint-Martory;2022;113
31297;Lévignac;2022;340
31299;Lherm;2022;697
31300;Lieoux;2022;36
31301;Lilhac;2022;39
31302;Lodes;2022;76
31303;Longages;2022;506
31304;Loubens-Lauragais;2022;60
31305;Loudet;2022;52
31306;Lourde;2022;35
31308;Luscan;2022;22
31309;Lussan-Adeilhac;2022;72
31310;Lux;2022;40
31311;La Magdelaine-sur-Tarn;2022;177
31312;Mailholas;2022;11
31313;Malvezie;2022;32
31314;Mancioux;2022;103
31315;Mane;2022;320
31316;Marignac;2022;145
31317;Marignac-Lasclares;2022;68
31318;Marignac-Laspeyres;2022;47
31319;Marliac;2022;20
31320;Marquefave;2022;212
31321;Marsoulas;2022;27
31322;Martisserre;2022;24
31323;Martres-de-Rivière;2022;107
31324;Martres-Tolosane;2022;645
31325;Mascarville;2022;31
31326;Massabrac;2022;32
31327;Mauran;2022;35
31328;Mauremont;2022;48
31329;Maurens;2022;31
31330;Mauressac;2022;63
31331;Maureville;2022;61
31332;Mauvaisin;2022;38
31333;Mauvezin;2022;21
31334;Mauzac;2022;194
31335;Mayrègne;2022;12
31336;Mazères-sur-Salat;2022;147
31337;Melles;2022;27
31338;Menville;2022;87
31339;Mérenvielle;2022;74
31340;Mervilla;2022;62
31341;Merville;2022;789
31342;Milhas;2022;55
31343;Mirambeau;2022;26
31344;Miramont-de-Comminges;2022;214
31345;Miremont;2022;391
31346;Mirepoix-sur-Tarn;2022;146
31347;Molas;2022;50
31348;Moncaup;2022;22
31349;Mondavezan;2022;194
31350;Mondilhan;2022;29
31351;Mondonville;2022;674
31352;Mondouzil;2022;49
31353;Monès;2022;16
31354;Monestrol;2022;9
31355;Mons;2022;323
31356;Montaigut-sur-Save;2022;267
31357;Montastruc-de-Salies;2022;92
31358;Montastruc-la-Conseillère;2022;668
31359;Montastruc-Savès;2022;19
31360;Montauban-de-Luchon;2022;204
31361;Montaut;2022;97
31362;Montberaud;2022;61
31363;Montbernard;2022;69
31364;Montberon;2022;525
31365;Montbrun-Bocage;2022;135
31366;Montbrun-Lauragais;2022;82
31367;Montclar-de-Comminges;2022;21
31368;Montclar-Lauragais;2022;32
31369;Mont-de-Galié;2022;13
31370;Montégut-Bourjac;2022;34
31371;Montégut-Lauragais;2022;103
31372;Montespan;2022;117
31373;Montesquieu-Guittaut;2022;39
31374;Montesquieu-Lauragais;2022;196
31375;Montesquieu-Volvestre;2022;845
31376;Montgaillard-de-Salies;2022;26
31377;Montgaillard-Lauragais;2022;115
31378;Montgaillard-sur-Save;2022;16
31379;Montgazin;2022;28
31380;Montgeard;2022;82
31381;Montgiscard;2022;478
31382;Montgras;2022;22
31383;Montjoire;2022;248
31384;Montlaur;2022;246
31385;Montmaurin;2022;97
31386;Montoulieu-Saint-Bernard;2022;62
31387;Montoussin;2022;24
31388;Montpitol;2022;74
31389;Montrabé;2022;877
31390;Montréjeau;2022;926
31391;Montsaunès;2022;113
31392;Mourvilles-Basses;2022;10
31393;Mourvilles-Hautes;2022;34
31394;Moustajon;2022;59
31395;Muret;2022;5408
31396;Nailloux;2022;571
31397;Nénigan;2022;16
31398;Nizan-Gesse;2022;31
31399;Noé;2022;511
31400;Nogaret;2022;25
31401;Noueilles;2022;50
31402;Odars;2022;171
31403;Ondes;2022;97
31404;Oô;2022;28
31405;Ore;2022;35
31406;Palaminy;2022;205
31407;Paulhac;2022;156
31408;Payssous;2022;31
31409;Péchabou;2022;369
31410;Pechbonnieu;2022;779
31411;Pechbusque;2022;223
31412;Péguilhan;2022;109
31413;Pelleport;2022;92
31414;Peyrissas;2022;32
31415;Peyrouzet;2022;28
31416;Peyssies;2022;175
31417;Pibrac;2022;1832
31418;Pin-Balma;2022;252
31419;Le Pin-Murelet;2022;37
31420;Pinsaguel;2022;693
31421;Pins-Justaret;2022;1023
31422;Plagne;2022;26
31423;Plagnole;2022;64
31424;Plaisance-du-Touch;2022;3299
31425;Le Plan;2022;107
31426;Pointis-de-Rivière;2022;251
31427;Pointis-Inard;2022;213
31428;Polastron;2022;19
31429;Pompertuzat;2022;344
31430;Ponlat-Taillebourg;2022;148
31431;Portet-d'Aspet;2022;25
31432;Portet-de-Luchon;2022;16
31433;Portet-sur-Garonne;2022;2065
31434;Poubeau;2022;18
31435;Poucharramet;2022;211
31436;Pouy-de-Touges;2022;63
31437;Pouze;2022;20
31439;Préserville;2022;101
31440;Proupiary;2022;23
31441;Prunet;2022;36
31442;Puydaniel;2022;85
31443;Puymaurin;2022;97
31444;Puysségur;2022;13
31445;Quint-Fonsegrives;2022;1565
31446;Ramonville-Saint-Agne;2022;2968
31447;Razecueillé;2022;17
31448;Rebigue;2022;111
31449;Régades;2022;39
31450;Renneville;2022;72
31451;Revel;2022;3083
31452;Rieucazé;2022;13
31453;Rieumajou;2022;20
31454;Rieumes;2022;825
31455;Rieux-Volvestre;2022;655
31456;Riolas;2022;14
31457;Roquefort-sur-Garonne;2022;197
31458;Roques;2022;904
31459;Roquesérière;2022;161
31460;Roquettes;2022;1040
31461;Rouède;2022;70
31462;Rouffiac-Tolosan;2022;506
31463;Roumens;2022;50
31464;Sabonnères;2022;59
31465;Saccourvielle;2022;7
31466;Saiguède;2022;128
31467;Saint-Alban;2022;1280
31468;Saint-André;2022;61
31469;Saint-Araille;2022;19
31470;Saint-Aventin;2022;21
31471;Saint-Béat-Lez;2022;145
31472;Saint-Bertrand-de-Comminges;2022;81
31473;Saint-Cézert;2022;76
31474;Saint-Christaud;2022;62
31475;Saint-Clar-de-Rivière;2022;255
31476;Saint-Élix-le-Château;2022;155
31477;Saint-Élix-Séglan;2022;14
31478;Saint-Félix-Lauragais;2022;344
31479;Saint-Ferréol-de-Comminges;2022;14
31480;Sainte-Foy-d'Aigrefeuille;2022;409
31481;Sainte-Foy-de-Peyrolières;2022;411
31482;Saint-Frajou;2022;64
31483;Saint-Gaudens;2022;3637
31484;Saint-Geniès-Bellevue;2022;552
31485;Saint-Germier;2022;13
31486;Saint-Hilaire;2022;221
31487;Saint-Ignan;2022;71
31488;Saint-Jean;2022;2542
31489;Saint-Jean-Lherm;2022;93
31490;Saint-Jory;2022;874
31491;Saint-Julia;2022;74
31492;Saint-Julien-sur-Garonne;2022;93
31493;Saint-Lary-Boujean;2022;44
31494;Saint-Laurent;2022;41
31495;Saint-Léon;2022;176
31496;Sainte-Livrade;2022;77
31497;Saint-Loup-Cammas;2022;339
31498;Saint-Loup-en-Comminges;2022;16
31499;Saint-Lys;2022;1710
31500;Saint-Mamet;2022;196
31501;Saint-Marcel-Paulel;2022;103
31502;Saint-Marcet;2022;121
31503;Saint-Martory;2022;314
31504;Saint-Médard;2022;60
31505;Saint-Michel;2022;79
31506;Saint-Orens-de-Gameville;2022;3585
31507;Saint-Paul-sur-Save;2022;180
31508;Saint-Paul-d'Oueil;2022;10
31509;Saint-Pé-d'Ardet;2022;51
31510;Saint-Pé-Delbosc;2022;47
31511;Saint-Pierre;2022;52
31512;Saint-Pierre-de-Lages;2022;94
31513;Saint-Plancard;2022;144
31514;Saint-Rome;2022;16
31515;Saint-Rustice;2022;99
31516;Saint-Sauveur;2022;332
31517;Saint-Sulpice-sur-Lèze;2022;454
31518;Saint-Thomas;2022;91
31519;Saint-Vincent;2022;22
31520;Sajas;2022;18
31521;Saleich;2022;87
31522;Salerm;2022;19
31523;Salies-du-Salat;2022;653
31524;Salles-et-Pratviel;2022;29
31525;Salles-sur-Garonne;2022;111
31526;La Salvetat-Saint-Gilles;2022;1151
31527;La Salvetat-Lauragais;2022;28
31528;Saman;2022;44
31529;Samouillan;2022;35
31530;Sana;2022;52
31531;Sarrecave;2022;26
31532;Sarremezan;2022;24
31533;Saubens;2022;364
31534;Saussens;2022;46
31535;Sauveterre-de-Comminges;2022;206
31536;Saux-et-Pomarède;2022;71
31537;Savarthès;2022;26
31538;Savères;2022;45
31539;Sédeilhac;2022;18
31540;Ségreville;2022;38
31541;Seilh;2022;455
31542;Seilhan;2022;67
31543;Sénarens;2022;30
31544;Sengouagnet;2022;71
31545;Sepx;2022;60
31546;Seyre;2022;21
31547;Seysses;2022;1508
31548;Signac;2022;17
31549;Sode;2022;7
31550;Soueich;2022;183
31551;Tarabel;2022;62
31552;Terrebasse;2022;38
31553;Thil;2022;165
31554;Touille;2022;76
31555;Toulouse;2022;66847
31556;Les Tourreilles;2022;84
31557;Tournefeuille;2022;5416
31558;Toutens;2022;47
31559;Trébons-de-Luchon;2022;4
31560;Trébons-sur-la-Grasse;2022;85
31561;L'Union;2022;4093
31562;Urau;2022;36
31563;Vacquiers;2022;288
31564;Valcabrère;2022;53
31565;Valentine;2022;250
31566;Vallègue;2022;101
31567;Vallesvilles;2022;81
31568;Varennes;2022;47
31569;Vaudreuille;2022;63
31570;Vaux;2022;57
31571;Vendine;2022;32
31572;Venerque;2022;569
31573;Verfeil;2022;622
31574;Vernet;2022;580
31575;Vieille-Toulouse;2022;339
31576;Vieillevigne;2022;39
31577;Vignaux;2022;36
31578;Vigoulet-Auzil;2022;335
31579;Villariès;2022;121
31580;Villate;2022;155
31581;Villaudric;2022;272
31582;Villefranche-de-Lauragais;2022;1039
31583;Villematier;2022;220
31584;Villemur-sur-Tarn;2022;1370
31585;Villeneuve-de-Rivière;2022;567
31586;Villeneuve-Lécussan;2022;134
31587;Villeneuve-lès-Bouloc;2022;251
31588;Villeneuve-Tolosane;2022;2037
31589;Villenouvelle;2022;234
31590;Binos;2022;5
31591;Escoulis;2022;33
31592;Larra;2022;269
31593;Cazac;2022;23
32001;Aignan;2022;278
32002;Ansan;2022;20
32003;Antras;2022;14
32004;Arblade-le-Bas;2022;24
32005;Arblade-le-Haut;2022;84
32007;Ardizas;2022;45
32008;Armentieux;2022;30
32009;Armous-et-Cau;2022;21
32010;Arrouède;2022;26
32012;Aubiet;2022;258
32013;Auch;2022;6180
32014;Augnax;2022;20
32015;Aujan-Mournède;2022;36
32016;Auradé;2022;81
32017;Aurensan;2022;45
32018;Aurimont;2022;44
32019;Auterive;2022;150
32020;Aux-Aussat;2022;80
32021;Avensac;2022;20
32022;Avéron-Bergelle;2022;66
32023;Avezan;2022;24
32024;Ayguetinte;2022;51
32025;Ayzieu;2022;50
32026;Bajonnette;2022;40
32027;Barcelonne-du-Gers;2022;454
32028;Barcugnan;2022;51
32029;Barran;2022;172
32030;Bars;2022;32
32031;Bascous;2022;56
32032;Bassoues;2022;126
32033;Bazian;2022;44
32034;Bazugues;2022;12
32035;Beaucaire;2022;80
32036;Beaumarchés;2022;209
32037;Beaumont;2022;25
32038;Beaupuy;2022;19
32039;Beccas;2022;23
32040;Bédéchan;2022;33
32041;Bellegarde;2022;47
32042;Belloc-Saint-Clamens;2022;51
32043;Belmont;2022;54
32044;Béraut;2022;101
32045;Berdoues;2022;131
32046;Bernède;2022;65
32047;Berrac;2022;38
32048;Betcave-Aguin;2022;33
32049;Bétous;2022;15
32050;Betplan;2022;35
32051;Bézéril;2022;34
32052;Bezolles;2022;35
32053;Bézues-Bajon;2022;62
32054;Biran;2022;104
32055;Bivès;2022;34
32056;Blanquefort;2022;5
32057;Blaziert;2022;46
32058;Blousson-Sérian;2022;14
32059;Bonas;2022;46
32060;Boucagnères;2022;34
32061;Boulaur;2022;31
32062;Bourrouillan;2022;48
32063;Bouzon-Gellenave;2022;52
32064;Bretagne-d'Armagnac;2022;122
32065;Le Brouilh-Monbert;2022;55
32066;Brugnens;2022;76
32068;Cadeilhan;2022;34
32069;Cadeillan;2022;18
32070;Cahuzac-sur-Adour;2022;37
32071;Caillavet;2022;50
32072;Callian;2022;12
32073;Campagne-d'Armagnac;2022;70
32075;Cassaigne;2022;75
32076;Castelnau-Barbarens;2022;140
32077;Castelnau-d'Anglès;2022;41
32078;Castelnau-d'Arbieu;2022;43
32079;Castelnau d'Auzan Labarrère;2022;400
32080;Castelnau-sur-l'Auvignon;2022;45
32081;Castelnavet;2022;48
32082;Castéra-Lectourois;2022;93
32083;Castéra-Verduzan;2022;407
32084;Castéron;2022;21
32085;Castet-Arrouy;2022;36
32086;Castex;2022;30
32087;Castex-d'Armagnac;2022;34
32088;Castillon-Debats;2022;116
32089;Castillon-Massas;2022;59
32090;Castillon-Savès;2022;53
32091;Castin;2022;81
32092;Catonvielle;2022;24
32093;Caumont;2022;41
32094;Caupenne-d'Armagnac;2022;128
32095;Caussens;2022;195
32096;Cazaubon;2022;613
32097;Cazaux-d'Anglès;2022;39
32098;Cazaux-Savès;2022;36
32099;Cazaux-Villecomtal;2022;31
32100;Cazeneuve;2022;38
32101;Céran;2022;38
32102;Cézan;2022;41
32103;Chélan;2022;60
32104;Clermont-Pouyguillès;2022;41
32105;Clermont-Savès;2022;49
32106;Cologne;2022;235
32107;Condom;2022;2188
32108;Corneillan;2022;44
32109;Couloumé-Mondebat;2022;85
32110;Courrensan;2022;103
32111;Courties;2022;11
32112;Crastes;2022;60
32113;Cravencères;2022;41
32114;Cuélas;2022;35
32115;Dému;2022;108
32116;Duffort;2022;48
32117;Duran;2022;197
32118;Durban;2022;38
32119;Eauze;2022;1329
32120;Encausse;2022;78
32121;Endoufielle;2022;92
32122;Esclassan-Labastide;2022;105
32123;Escornebœuf;2022;148
32124;Espaon;2022;55
32125;Espas;2022;51
32126;Estampes;2022;66
32127;Estang;2022;238
32128;Estipouy;2022;71
32129;Estramiac;2022;44
32130;Faget-Abbatial;2022;61
32131;Flamarens;2022;49
32132;Fleurance;2022;2092
32133;Fourcès;2022;121
32134;Frégouville;2022;61
32135;Fustérouau;2022;41
32136;Galiax;2022;47
32138;Garravet;2022;38
32139;Gaudonville;2022;38
32140;Gaujac;2022;18
32141;Gaujan;2022;32
32142;Gavarret-sur-Aulouste;2022;28
32143;Gazaupouy;2022;89
32144;Gazax-et-Baccarisse;2022;23
32145;Gée-Rivière;2022;13
32146;Gimbrède;2022;70
32147;Gimont;2022;874
32148;Giscaro;2022;12
32149;Gondrin;2022;378
32150;Goutz;2022;50
32151;Goux;2022;21
32152;Haget;2022;101
32153;Haulies;2022;25
32154;Homps;2022;32
32155;Le Houga;2022;363
32156;Idrac-Respaillès;2022;47
32157;L'Isle-Arné;2022;23
32158;L'Isle-Bouzon;2022;61
32159;L'Isle-de-Noé;2022;147
32160;L'Isle-Jourdain;2022;1731
32161;Izotges;2022;25
32162;Jegun;2022;296
32163;Jû-Belloc;2022;80
32164;Juillac;2022;50
32165;Juilles;2022;60
32166;Justian;2022;30
32167;Laas;2022;82
32169;Labarthe;2022;42
32170;Labarthète;2022;33
32171;Labastide-Savès;2022;35
32172;Labéjan;2022;69
32173;Labrihe;2022;48
32174;Ladevèze-Rivière;2022;66
32175;Ladevèze-Ville;2022;69
32176;Lagarde;2022;59
32177;Lagarde-Hachan;2022;41
32178;Lagardère;2022;25
32180;Lagraulet-du-Gers;2022;142
32181;Laguian-Mazous;2022;80
32182;Lahas;2022;45
32183;Lahitte;2022;72
32184;Lalanne;2022;30
32185;Lalanne-Arqué;2022;53
32186;Lamaguère;2022;26
32187;Lamazère;2022;26
32188;Lamothe-Goas;2022;14
32189;Lannemaignan;2022;33
32190;Lannepax;2022;157
32191;Lanne-Soubiran;2022;26
32192;Lannux;2022;72
32193;Larée;2022;91
32194;Larressingle;2022;58
32195;Larroque-Engalin;2022;16
32196;Larroque-Saint-Sernin;2022;76
32197;Larroque-sur-l'Osse;2022;77
32198;Lartigue;2022;40
32199;Lasserrade;2022;70
32200;Lasséran;2022;70
32201;Lasseube-Propre;2022;87
32202;Laujuzan;2022;75
32203;Lauraët;2022;83
32204;Lavardens;2022;128
32205;Laveraët;2022;32
32206;Laymont;2022;57
32207;Leboulin;2022;76
32208;Lectoure;2022;1320
32209;Lelin-Lapujolle;2022;80
32210;Lias;2022;56
32211;Lias-d'Armagnac;2022;58
32212;Ligardes;2022;62
32213;Lombez;2022;708
32214;Loubédat;2022;46
32215;Loubersan;2022;34
32216;Lourties-Monbrun;2022;40
32217;Louslitges;2022;27
32218;Loussous-Débat;2022;24
32219;Lupiac;2022;97
32220;Luppé-Violles;2022;37
32221;Lussan;2022;69
32222;Magnan;2022;93
32223;Magnas;2022;20
32224;Maignaut-Tauzia;2022;53
32225;Malabat;2022;30
32226;Manas-Bastanous;2022;31
32227;Manciet;2022;248
32228;Manent-Montané;2022;38
32229;Mansempuy;2022;20
32230;Mansencôme;2022;12
32231;Marambat;2022;132
32232;Maravat;2022;18
32233;Marciac;2022;500
32234;Marestaing;2022;48
32235;Margouët-Meymes;2022;57
32236;Marguestau;2022;19
32237;Marsan;2022;97
32238;Marseillan;2022;30
32239;Marsolan;2022;119
32240;Mascaras;2022;23
32241;Mas-d'Auvignon;2022;57
32242;Masseube;2022;515
32243;Mauléon-d'Armagnac;2022;100
32244;Maulichères;2022;56
32245;Maumusson-Laguian;2022;42
32246;Maupas;2022;47
32247;Maurens;2022;46
32248;Mauroux;2022;24
32249;Mauvezin;2022;725
32250;Meilhan;2022;33
32251;Mérens;2022;9
32252;Miélan;2022;413
32253;Miradoux;2022;182
32254;Miramont-d'Astarac;2022;91
32255;Miramont-Latour;2022;31
32256;Mirande;2022;1148
32257;Mirannes;2022;21
32258;Mirepoix;2022;57
32261;Monblanc;2022;82
32262;Monbrun;2022;64
32263;Moncassin;2022;45
32264;Monclar;2022;64
32265;Monclar-sur-Losse;2022;32
32266;Moncorneil-Grazan;2022;52
32267;Monferran-Plavès;2022;41
32268;Monferran-Savès;2022;182
32269;Monfort;2022;150
32270;Mongausy;2022;18
32271;Monguilhem;2022;96
32272;Monlaur-Bernet;2022;56
32273;Monlezun;2022;48
32274;Monlezun-d'Armagnac;2022;57
32275;Monpardiac;2022;9
32276;Montadet;2022;25
32277;Montamat;2022;22
32278;Montaut;2022;54
32279;Montaut-les-Créneaux;2022;164
32280;Mont-d'Astarac;2022;36
32281;Mont-de-Marrast;2022;37
32282;Montégut;2022;108
32283;Montégut-Arros;2022;90
32284;Montégut-Savès;2022;22
32285;Montesquiou;2022;178
32286;Montestruc-sur-Gers;2022;189
32287;Monties;2022;29
32288;Montiron;2022;46
32289;Montpezat;2022;77
32290;Montréal;2022;406
32291;Mormès;2022;41
32292;Mouchan;2022;107
32293;Mouchès;2022;25
32294;Mourède;2022;22
32295;Nizas;2022;25
32296;Nogaro;2022;746
32297;Noilhan;2022;82
32298;Nougaroulet;2022;75
32299;Noulens;2022;30
32300;Orbessan;2022;56
32301;Ordan-Larroque;2022;185
32302;Ornézan;2022;61
32303;Pallanne;2022;32
32304;Panassac;2022;80
32305;Panjas;2022;127
32306;Pauilhac;2022;144
32307;Pavie;2022;775
32308;Pébées;2022;20
32309;Pellefigue;2022;33
32310;Perchède;2022;34
32311;Pergain-Taillac;2022;87
32312;Pessan;2022;190
32313;Pessoulens;2022;32
32314;Peyrecave;2022;23
32315;Peyrusse-Grande;2022;64
32316;Peyrusse-Massas;2022;30
32317;Peyrusse-Vieille;2022;17
32318;Pis;2022;23
32319;Plaisance;2022;621
32320;Plieux;2022;57
32321;Polastron;2022;50
32322;Pompiac;2022;38
32323;Ponsampère;2022;27
32324;Ponsan-Soubiran;2022;25
32325;Pouydraguin;2022;41
32326;Pouylebon;2022;51
32327;Pouy-Loubrin;2022;34
32328;Pouy-Roquelaure;2022;45
32329;Préchac;2022;44
32330;Préchac-sur-Adour;2022;76
32331;Preignan;2022;273
32332;Préneron;2022;30
32333;Projan;2022;45
32334;Pujaudran;2022;255
32335;Puycasquier;2022;116
32336;Puylausic;2022;47
32337;Puységur;2022;17
32338;Ramouzens;2022;55
32339;Razengues;2022;21
32340;Réans;2022;117
32341;Réjaumont;2022;62
32342;Ricourt;2022;10
32343;Riguepeu;2022;58
32344;Riscle;2022;614
32345;La Romieu;2022;221
32346;Roquebrune;2022;75
32347;Roquefort;2022;48
32348;Roquelaure;2022;126
32349;Roquelaure-Saint-Aubin;2022;15
32350;Roquepine;2022;14
32351;Roques;2022;44
32352;Rozès;2022;31
32353;Sabaillan;2022;57
32354;Sabazan;2022;39
32355;Sadeillan;2022;24
32356;Saint-André;2022;30
32357;Sainte-Anne;2022;25
32358;Saint-Antoine;2022;50
32359;Saint-Antonin;2022;41
32360;Saint-Arailles;2022;51
32361;Saint-Arroman;2022;30
32362;Saint-Aunix-Lengros;2022;52
32363;Sainte-Aurence-Cazaux;2022;29
32364;Saint-Avit-Frandat;2022;21
32365;Cap d'Astarac;2022;142
32366;Saint-Brès;2022;18
32367;Saint-Christaud;2022;24
32368;Sainte-Christie;2022;124
32369;Sainte-Christie-d'Armagnac;2022;104
32370;Saint-Clar;2022;333
32371;Saint-Créac;2022;36
32372;Saint-Cricq;2022;50
32373;Sainte-Dode;2022;85
32374;Saint-Élix-d'Astarac;2022;49
32375;Saint-Élix-Theux;2022;38
32376;Sainte-Gemme;2022;34
32377;Saint-Georges;2022;32
32378;Saint-Germé;2022;138
32379;Saint-Germier;2022;42
32380;Saint-Griède;2022;30
32381;Saint-Jean-le-Comtal;2022;96
32382;Saint-Jean-Poutge;2022;86
32383;Saint-Justin;2022;53
32384;Saint-Lary;2022;60
32385;Saint-Léonard;2022;45
32386;Saint-Lizier-du-Planté;2022;34
32387;Saint-Loube;2022;17
32388;Sainte-Marie;2022;80
32389;Saint-Martin;2022;145
32390;Saint-Martin-d'Armagnac;2022;53
32391;Saint-Martin-de-Goyne;2022;35
32392;Saint-Martin-Gimois;2022;27
32393;Saint-Maur;2022;41
32394;Saint-Médard;2022;99
32395;Sainte-Mère;2022;47
32396;Saint-Mézard;2022;68
32397;Saint-Michel;2022;75
32398;Saint-Mont;2022;93
32399;Saint-Orens;2022;18
32400;Saint-Orens-Pouy-Petit;2022;60
32401;Saint-Ost;2022;29
32402;Saint-Paul-de-Baïse;2022;44
32403;Saint-Pierre-d'Aubézies;2022;29
32404;Saint-Puy;2022;192
32405;Sainte-Radegonde;2022;53
32406;Saint-Sauvy;2022;86
32407;Saint-Soulan;2022;53
32408;Salles-d'Armagnac;2022;37
32409;Samaran;2022;27
32410;Samatan;2022;751
32411;Sansan;2022;24
32412;Saramon;2022;219
32414;Sarragachies;2022;67
32415;Sarraguzan;2022;20
32416;Sarrant;2022;105
32417;La Sauvetat;2022;117
32418;Sauveterre;2022;55
32419;Sauviac;2022;49
32420;Sauvimont;2022;23
32421;Savignac-Mona;2022;33
32422;Scieurac-et-Flourès;2022;18
32423;Séailles;2022;27
32424;Ségos;2022;68
32425;Ségoufielle;2022;143
32426;Seissan;2022;311
32427;Sembouès;2022;32
32428;Sémézies-Cachan;2022;20
32429;Sempesserre;2022;86
32430;Sère;2022;33
32431;Sérempuy;2022;7
32432;Seysses-Savès;2022;65
32433;Simorre;2022;284
32434;Sion;2022;28
32435;Sirac;2022;29
32436;Solomiac;2022;127
32437;Sorbets;2022;59
32438;Tachoires;2022;29
32439;Tarsac;2022;56
32440;Tasque;2022;61
32441;Taybosc;2022;26
32442;Terraube;2022;99
32443;Termes-d'Armagnac;2022;64
32444;Thoux;2022;59
32445;Tieste-Uragnoux;2022;38
32446;Tillac;2022;95
32447;Tirent-Pontéjac;2022;21
32448;Touget;2022;111
32449;Toujouse;2022;66
32450;Tourdun;2022;49
32451;Tournan;2022;52
32452;Tournecoupe;2022;81
32453;Tourrenquets;2022;37
32454;Traversères;2022;16
32455;Troncens;2022;53
32456;Tudelle;2022;15
32457;Urdens;2022;53
32458;Urgosse;2022;81
32459;Valence-sur-Baïse;2022;391
32460;Vergoignan;2022;81
32461;Verlus;2022;25
32462;Vic-Fezensac;2022;1206
32463;Viella;2022;175
32464;Villecomtal-sur-Arros;2022;248
32465;Villefranche-d'Astarac;2022;51
32466;Viozan;2022;40
32467;Saint-Caprais;2022;29
32468;Aussos;2022;20
33001;Abzac;2022;383
33002;Aillas;2022;206
33003;Ambarès-et-Lagrave;2022;2699
33004;Ambès;2022;560
33005;Andernos-les-Bains;2022;5143
33006;Anglade;2022;206
33007;Arbanats;2022;215
33008;Porte-de-Benauge;2022;118
33009;Arcachon;2022;5818
33010;Arcins;2022;68
33011;Arès;2022;2471
33012;Arsac;2022;861
33013;Artigues-près-Bordeaux;2022;1604
33014;Les Artigues-de-Lussac;2022;209
33015;Arveyres;2022;467
33016;Asques;2022;104
33017;Aubiac;2022;68
33018;Val de Virvée;2022;620
33019;Audenge;2022;2098
33020;Auriolles;2022;28
33021;Auros;2022;266
33022;Avensan;2022;498
33023;Ayguemorte-les-Graves;2022;227
33024;Bagas;2022;52
33025;Baigneaux;2022;60
33026;Balizac;2022;93
33027;Barie;2022;65
33028;Baron;2022;202
33029;Le Barp;2022;776
33030;Barsac;2022;412
33031;Bassanne;2022;17
33032;Bassens;2022;1505
33033;Baurech;2022;156
33034;Bayas;2022;108
33035;Bayon-sur-Gironde;2022;199
33036;Bazas;2022;1485
33037;Beautiran;2022;406
33038;Bégadan;2022;236
33039;Bègles;2022;4884
33040;Béguey;2022;216
33042;Belin-Béliet;2022;1038
33043;Bellebat;2022;40
33044;Bellefond;2022;68
33045;Belvès-de-Castillon;2022;77
33046;Bernos-Beaulac;2022;308
33047;Berson;2022;419
33048;Berthez;2022;59
33049;Beychac-et-Caillau;2022;473
33050;Bieujac;2022;94
33051;Biganos;2022;2477
33052;Les Billaux;2022;240
33053;Birac;2022;45
33054;Blaignac;2022;69
33055;Blaignan-Prignac;2022;104
33056;Blanquefort;2022;3216
33057;Blasimon;2022;195
33058;Blaye;2022;1251
33059;Blésignac;2022;50
33060;Bommes;2022;97
33061;Bonnetan;2022;203
33062;Bonzac;2022;154
33063;Bordeaux;2022;39349
33064;Bossugan;2022;11
33065;Bouliac;2022;775
33066;Bourdelles;2022;24
33067;Bourg;2022;508
33068;Bourideys;2022;18
33069;Le Bouscat;2022;5602
33070;Brach;2022;80
33071;Branne;2022;308
33072;Brannens;2022;45
33073;Braud-et-Saint-Louis;2022;334
33074;Brouqueyran;2022;36
33075;Bruges;2022;2848
33076;Budos;2022;185
33077;Cabanac-et-Villagrains;2022;285
33078;Cabara;2022;107
33079;Cadarsac;2022;70
33080;Cadaujac;2022;1144
33081;Cadillac-sur-Garonne;2022;511
33082;Cadillac-en-Fronsadais;2022;241
33083;Camarsac;2022;234
33084;Cambes;2022;344
33085;Camblanes-et-Meynac;2022;621
33086;Camiac-et-Saint-Denis;2022;90
33087;Camiran;2022;116
33088;Camps-sur-l'Isle;2022;142
33089;Campugnan;2022;109
33090;Canéjan;2022;1324
33093;Capian;2022;125
33094;Caplong;2022;52
33095;Captieux;2022;497
33096;Carbon-Blanc;2022;1772
33097;Carcans;2022;665
33098;Cardan;2022;93
33099;Carignan-de-Bordeaux;2022;930
33100;Cars;2022;361
33101;Cartelègue;2022;265
33102;Casseuil;2022;112
33103;Castelmoron-d'Albret;2022;17
33104;Castelnau-de-Médoc;2022;904
33105;Castelviel;2022;39
33106;Castets et Castillon;2022;383
33108;Castillon-la-Bataille;2022;915
33109;Castres-Gironde;2022;353
33111;Caudrot;2022;334
33112;Caumont;2022;40
33113;Cauvignac;2022;25
33114;Cavignac;2022;428
33115;Cazalis;2022;74
33116;Cazats;2022;65
33117;Cazaugitat;2022;61
33118;Cénac;2022;497
33119;Cenon;2022;4506
33120;Cérons;2022;373
33121;Cessac;2022;45
33122;Cestas;2022;4989
33123;Cézac;2022;369
33124;Chamadelle;2022;148
33125;Cissac-Médoc;2022;425
33126;Civrac-de-Blaye;2022;154
33127;Civrac-sur-Dordogne;2022;51
33128;Civrac-en-Médoc;2022;163
33129;Cleyrac;2022;45
33130;Coimères;2022;180
33131;Coirac;2022;48
33132;Comps;2022;97
33133;Coubeyrac;2022;27
33134;Couquèques;2022;57
33135;Courpiac;2022;22
33136;Cours-de-Monségur;2022;65
33137;Cours-les-Bains;2022;49
33138;Coutras;2022;2347
33139;Coutures;2022;18
33140;Créon;2022;1103
33141;Croignon;2022;91
33142;Cubnezais;2022;223
33143;Cubzac-les-Ponts;2022;461
33144;Cudos;2022;186
33145;Cursan;2022;113
33146;Cussac-Fort-Médoc;2022;320
33147;Daignac;2022;85
33148;Dardenac;2022;16
33149;Daubèze;2022;39
33150;Dieulivol;2022;121
33151;Donnezac;2022;211
33152;Donzac;2022;36
33153;Doulezon;2022;64
33154;Les Églisottes-et-Chalaures;2022;473
33155;Escaudes;2022;44
33156;Escoussans;2022;71
33157;Espiet;2022;107
33158;Les Esseintes;2022;62
33159;Étauliers;2022;367
33160;Eynesse;2022;156
33161;Eyrans;2022;166
33162;Eysines;2022;4411
33163;Faleyras;2022;87
33164;Fargues;2022;406
33165;Fargues-Saint-Hilaire;2022;732
33166;Le Fieu;2022;93
33167;Floirac;2022;3095
33168;Flaujagues;2022;146
33169;Floudès;2022;14
33170;Fontet;2022;205
33171;Fossès-et-Baleyssac;2022;47
33172;Fours;2022;74
33173;Francs;2022;49
33174;Fronsac;2022;316
33175;Frontenac;2022;121
33176;Gabarnac;2022;86
33177;Gaillan-en-Médoc;2022;742
33178;Gajac;2022;112
33179;Galgon;2022;685
33180;Gans;2022;51
33181;Gardegan-et-Tourtirac;2022;53
33182;Gauriac;2022;218
33183;Gauriaguet;2022;189
33184;Générac;2022;146
33185;Génissac;2022;314
33186;Gensac;2022;239
33187;Gironde-sur-Dropt;2022;322
33188;Giscos;2022;62
33189;Gornac;2022;103
33190;Goualade;2022;36
33191;Gours;2022;129
33192;Gradignan;2022;5856
33193;Grayan-et-l'Hôpital;2022;530
33194;Grézillac;2022;162
33195;Grignols;2022;463
33196;Guillac;2022;34
33197;Guillos;2022;81
33198;Guîtres;2022;324
33199;Gujan-Mestras;2022;6576
33200;Le Haillan;2022;2084
33201;Haux;2022;144
33202;Hostens;2022;273
33203;Hourtin;2022;1311
33204;Hure;2022;148
33205;Illats;2022;323
33206;Isle-Saint-Georges;2022;96
33207;Izon;2022;1022
33208;Jau-Dignac-et-Loirac;2022;311
33209;Jugazan;2022;57
33210;Juillac;2022;67
33211;Labarde;2022;104
33212;Labescau;2022;22
33213;La Brède;2022;1041
33214;Lacanau;2022;1680
33215;Ladaux;2022;46
33216;Lados;2022;32
33218;Lagorce;2022;342
33219;La Lande-de-Fronsac;2022;536
33220;Lamarque;2022;268
33221;Lamothe-Landerron;2022;286
33222;Lalande-de-Pomerol;2022;167
33223;Landerrouat;2022;53
33224;Landerrouet-sur-Ségur;2022;33
33225;Landiras;2022;415
33226;Langoiran;2022;421
33227;Langon;2022;2080
33228;Lansac;2022;128
33229;Lanton;2022;2488
33230;Lapouyade;2022;113
33231;Laroque;2022;74
33232;Lartigue;2022;22
33233;Laruscade;2022;414
33234;Latresne;2022;945
33235;Lavazan;2022;54
33236;Lège-Cap-Ferret;2022;3057
33237;Léogeats;2022;173
33238;Léognan;2022;2612
33239;Lerm-et-Musset;2022;114
33240;Lesparre-Médoc;2022;1684
33241;Lestiac-sur-Garonne;2022;103
33242;Les Lèves-et-Thoumeyragues;2022;150
33243;Libourne;2022;5822
33244;Lignan-de-Bazas;2022;81
33245;Lignan-de-Bordeaux;2022;176
33246;Ligueux;2022;36
33247;Listrac-de-Durèze;2022;44
33248;Listrac-Médoc;2022;422
33249;Lormont;2022;3695
33250;Loubens;2022;90
33251;Louchats;2022;105
33252;Loupes;2022;95
33253;Loupiac;2022;255
33254;Loupiac-de-la-Réole;2022;113
33255;Lucmau;2022;57
33256;Ludon-Médoc;2022;831
33257;Lugaignac;2022;91
33258;Lugasson;2022;67
33259;Lugon-et-l'Île-du-Carnay;2022;253
33260;Lugos;2022;181
33261;Lussac;2022;272
33262;Macau;2022;646
33263;Madirac;2022;32
33264;Maransin;2022;210
33266;Marcenais;2022;123
33268;Margaux-Cantenac;2022;487
33269;Margueron;2022;120
33270;Marimbault;2022;35
33271;Marions;2022;66
33272;Marsas;2022;212
33273;Martignas-sur-Jalle;2022;1514
33274;Martillac;2022;489
33275;Martres;2022;30
33276;Masseilles;2022;47
33277;Massugas;2022;61
33278;Mauriac;2022;61
33279;Mazères;2022;150
33280;Mazion;2022;125
33281;Mérignac;2022;13617
33282;Mérignas;2022;94
33283;Mesterrieux;2022;60
33284;Mios;2022;1604
33285;Mombrier;2022;89
33287;Mongauzy;2022;168
33288;Monprimblanc;2022;75
33289;Monségur;2022;593
33290;Montagne;2022;294
33291;Montagoudin;2022;60
33292;Montignac;2022;35
33293;Montussan;2022;539
33294;Morizès;2022;134
33295;Mouillac;2022;21
33296;Mouliets-et-Villemartin;2022;233
33297;Moulis-en-Médoc;2022;245
33298;Moulon;2022;196
33299;Mourens;2022;77
33300;Naujac-sur-Mer;2022;294
33301;Naujan-et-Postiac;2022;132
33302;Néac;2022;72
33303;Nérigean;2022;234
33304;Neuffons;2022;46
33305;Le Nizan;2022;95
33306;Noaillac;2022;103
33307;Noaillan;2022;290
33308;Omet;2022;53
33309;Ordonnac;2022;114
33310;Origne;2022;23
33311;Paillet;2022;246
33312;Parempuyre;2022;1727
33314;Pauillac;2022;1149
33315;Les Peintures;2022;360
33316;Pellegrue;2022;269
33317;Périssac;2022;232
33318;Pessac;2022;11651
33319;Pessac-sur-Dordogne;2022;137
33320;Petit-Palais-et-Cornemps;2022;135
33321;Peujard;2022;308
33322;Le Pian-Médoc;2022;1373
33323;Le Pian-sur-Garonne;2022;187
33324;Pineuilh;2022;1548
33325;Plassac;2022;244
33326;Pleine-Selve;2022;48
33327;Podensac;2022;794
33328;Pomerol;2022;150
33329;Pompéjac;2022;55
33330;Pompignac;2022;713
33331;Pondaurat;2022;112
33332;Porchères;2022;245
33333;Le Porge;2022;689
33334;Portets;2022;532
33335;Le Pout;2022;110
33336;Préchac;2022;342
33337;Preignac;2022;487
33339;Prignac-et-Marcamps;2022;304
33341;Pugnac;2022;506
33342;Puisseguin;2022;204
33343;Pujols-sur-Ciron;2022;148
33344;Pujols;2022;150
33345;Le Puy;2022;107
33346;Puybarban;2022;107
33347;Puynormand;2022;53
33348;Queyrac;2022;424
33349;Quinsac;2022;455
33350;Rauzan;2022;364
33351;Reignac;2022;366
33352;La Réole;2022;973
33353;Rimons;2022;46
33354;Riocaud;2022;36
33355;Rions;2022;334
33356;La Rivière;2022;98
33357;Roaillan;2022;349
33358;Romagne;2022;78
33359;Roquebrune;2022;71
33360;La Roquille;2022;74
33361;Ruch;2022;110
33362;Sablons;2022;242
33363;Sadirac;2022;723
33364;Saillans;2022;81
33365;Saint-Aignan;2022;63
33366;Saint-André-de-Cubzac;2022;2294
33367;Saint-André-du-Bois;2022;97
33369;Saint-André-et-Appelles;2022;214
33370;Saint-Androny;2022;124
33372;Saint-Antoine-du-Queyret;2022;14
33373;Saint-Antoine-sur-l'Isle;2022;128
33374;Saint-Aubin-de-Blaye;2022;172
33375;Saint-Aubin-de-Branne;2022;99
33376;Saint-Aubin-de-Médoc;2022;1462
33377;Saint-Avit-de-Soulège;2022;20
33378;Saint-Avit-Saint-Nazaire;2022;375
33379;Saint-Brice;2022;86
33380;Val-de-Livenne;2022;483
33381;Saint-Caprais-de-Bordeaux;2022;699
33382;Saint-Christoly-de-Blaye;2022;466
33383;Saint-Christoly-Médoc;2022;78
33384;Saint-Christophe-des-Bardes;2022;112
33385;Saint-Christophe-de-Double;2022;140
33386;Saint-Cibard;2022;42
33387;Saint-Ciers-d'Abzac;2022;223
33388;Saint-Ciers-de-Canesse;2022;140
33389;Saint-Ciers-sur-Gironde;2022;891
33390;Sainte-Colombe;2022;76
33391;Saint-Côme;2022;85
33392;Sainte-Croix-du-Mont;2022;161
33393;Saint-Denis-de-Pile;2022;1319
33394;Saint-Émilion;2022;432
33395;Saint-Estèphe;2022;344
33396;Saint-Étienne-de-Lisse;2022;36
33397;Sainte-Eulalie;2022;978
33398;Saint-Exupéry;2022;28
33399;Saint-Félix-de-Foncaude;2022;69
33400;Saint-Ferme;2022;90
33401;Sainte-Florence;2022;30
33402;Sainte-Foy-la-Grande;2022;780
33403;Sainte-Foy-la-Longue;2022;25
33404;Sainte-Gemme;2022;54
33405;Saint-Genès-de-Blaye;2022;110
33406;Saint-Genès-de-Castillon;2022;102
33407;Saint-Genès-de-Fronsac;2022;145
33408;Saint-Genès-de-Lombaud;2022;71
33411;Saint-Germain-de-Grave;2022;30
33412;Saint-Germain-d'Esteuil;2022;302
33413;Saint-Germain-du-Puch;2022;496
33414;Saint-Germain-de-la-Rivière;2022;64
33415;Saint-Gervais;2022;298
33416;Saint-Girons-d'Aiguevives;2022;181
33417;Sainte-Hélène;2022;447
33418;Saint-Hilaire-de-la-Noaille;2022;93
33419;Saint-Hilaire-du-Bois;2022;23
33420;Saint-Hippolyte;2022;29
33421;Saint-Jean-de-Blaignac;2022;101
33422;Saint-Jean-d'Illac;2022;1170
33423;Saint-Julien-Beychevelle;2022;116
33424;Saint-Laurent-Médoc;2022;926
33425;Saint-Laurent-d'Arce;2022;261
33426;Saint-Laurent-des-Combes;2022;74
33427;Saint-Laurent-du-Bois;2022;40
33428;Saint-Laurent-du-Plan;2022;20
33429;Saint-Léger-de-Balson;2022;74
33431;Saint-Léon;2022;56
33432;Saint-Loubert;2022;22
33433;Saint-Loubès;2022;1884
33434;Saint-Louis-de-Montferrand;2022;401
33435;Saint-Macaire;2022;464
33436;Saint-Magne;2022;180
33437;Saint-Magne-de-Castillon;2022;609
33438;Saint-Maixant;2022;400
33439;Saint-Mariens;2022;297
33440;Saint-Martial;2022;49
33441;Saint-Martin-Lacaussade;2022;288
33442;Saint-Martin-de-Laye;2022;99
33443;Saint-Martin-de-Lerm;2022;47
33444;Saint-Martin-de-Sescas;2022;115
33445;Saint-Martin-du-Bois;2022;152
33446;Saint-Martin-du-Puy;2022;32
33447;Saint-Médard-de-Guizières;2022;562
33448;Saint-Médard-d'Eyrans;2022;509
33449;Saint-Médard-en-Jalles;2022;6577
33450;Saint-Michel-de-Castelnau;2022;68
33451;Saint-Michel-de-Fronsac;2022;121
33452;Saint-Michel-de-Rieufret;2022;149
33453;Saint-Michel-de-Lapujade;2022;53
33454;Saint-Morillon;2022;217
33456;Saint-Palais;2022;118
33457;Saint-Pardon-de-Conques;2022;110
33458;Saint-Paul;2022;231
33459;Saint-Pey-d'Armens;2022;58
33460;Saint-Pey-de-Castets;2022;159
33461;Saint-Philippe-d'Aiguille;2022;83
33462;Saint-Philippe-du-Seignal;2022;160
33463;Saint-Pierre-d'Aurillac;2022;366
33464;Saint-Pierre-de-Bat;2022;65
33465;Saint-Pierre-de-Mons;2022;232
33466;Saint-Quentin-de-Baron;2022;256
33467;Saint-Quentin-de-Caplong;2022;78
33468;Sainte-Radegonde;2022;103
33470;Saint-Romain-la-Virvée;2022;212
33471;Saint-Sauveur;2022;318
33472;Saint-Sauveur-de-Puynormand;2022;77
33473;Saint-Savin;2022;652
33474;Saint-Selve;2022;378
33475;Saint-Seurin-de-Bourg;2022;75
33476;Saint-Seurin-de-Cadourne;2022;177
33477;Saint-Seurin-de-Cursac;2022;213
33478;Saint-Seurin-sur-l'Isle;2022;999
33479;Saint-Sève;2022;41
33480;Saint-Sulpice-de-Faleyrens;2022;395
33481;Saint-Sulpice-de-Guilleragues;2022;66
33482;Saint-Sulpice-de-Pommiers;2022;52
33483;Saint-Sulpice-et-Cameyrac;2022;1157
33484;Saint-Symphorien;2022;540
33485;Sainte-Terre;2022;500
33486;Saint-Trojan;2022;74
33487;Saint-Vincent-de-Paul;2022;168
33488;Saint-Vincent-de-Pertignas;2022;98
33489;Saint-Vivien-de-Blaye;2022;62
33490;Saint-Vivien-de-Médoc;2022;719
33491;Saint-Vivien-de-Monségur;2022;111
33492;Saint-Yzan-de-Soudiac;2022;366
33493;Saint-Yzans-de-Médoc;2022;94
33494;Salaunes;2022;161
33496;Sallebœuf;2022;605
33498;Salles;2022;1423
33499;Les Salles-de-Castillon;2022;70
33500;Samonac;2022;113
33501;Saucats;2022;491
33502;Saugon;2022;67
33503;Saumos;2022;121
33504;Sauternes;2022;132
33505;La Sauve;2022;264
33506;Sauveterre-de-Guyenne;2022;510
33507;Sauviac;2022;87
33508;Savignac;2022;117
33509;Savignac-de-l'Isle;2022;146
33510;Semens;2022;33
33511;Sendets;2022;66
33512;Sigalens;2022;89
33513;Sillas;2022;29
33514;Soulac-sur-Mer;2022;1424
33515;Soulignac;2022;90
33516;Soussac;2022;28
33517;Soussans;2022;316
33518;Tabanac;2022;255
33519;Le Taillan-Médoc;2022;2020
33520;Taillecavat;2022;66
33521;Talais;2022;269
33522;Talence;2022;6174
33523;Targon;2022;512
33524;Tarnès;2022;70
33525;Tauriac;2022;253
33526;Tayac;2022;34
33527;Le Teich;2022;1889
33528;Le Temple;2022;120
33529;La Teste-de-Buch;2022;8744
33530;Teuillac;2022;165
33531;Tizac-de-Curton;2022;67
33532;Tizac-de-Lapouyade;2022;128
33533;Toulenne;2022;671
33534;Le Tourne;2022;148
33535;Tresses;2022;1109
33536;Le Tuzan;2022;44
33537;Uzeste;2022;128
33538;Valeyrac;2022;134
33539;Vayres;2022;763
33540;Vendays-Montalivet;2022;1039
33541;Vensac;2022;353
33542;Vérac;2022;150
33543;Verdelais;2022;164
33544;Le Verdon-sur-Mer;2022;626
33545;Vertheuil;2022;336
33546;Vignonet;2022;116
33547;Villandraut;2022;299
33548;Villegouge;2022;233
33549;Villenave-de-Rions;2022;83
33550;Villenave-d'Ornon;2022;7028
33551;Villeneuve;2022;95
33552;Virelade;2022;191
33553;Virsac;2022;212
33554;Yvrac;2022;717
33555;Marcheprime;2022;795
34001;Abeilhan;2022;388
34002;Adissan;2022;242
34003;Agde;2022;10206
34004;Agel;2022;99
34005;Agonès;2022;66
34006;Aigne;2022;105
34007;Aigues-Vives;2022;134
34008;Les Aires;2022;163
34009;Alignan-du-Vent;2022;480
34010;Aniane;2022;670
34011;Arboras;2022;15
34012;Argelliers;2022;177
34013;Aspiran;2022;419
34014;Assas;2022;408
34015;Assignan;2022;58
34016;Aumelas;2022;123
34017;Aumes;2022;115
34018;Autignac;2022;257
34019;Avène;2022;102
34020;Azillanet;2022;105
34021;Babeau-Bouldoux;2022;93
34022;Baillargues;2022;1469
34023;Balaruc-les-Bains;2022;2278
34024;Balaruc-le-Vieux;2022;697
34025;Bassan;2022;616
34026;Beaufort;2022;79
34027;Beaulieu;2022;432
34028;Bédarieux;2022;1823
34029;Bélarga;2022;128
34030;Berlou;2022;76
34031;Bessan;2022;1311
34032;Béziers;2022;19143
34033;Boisseron;2022;448
34034;Boisset;2022;19
34035;La Boissière;2022;242
34036;Le Bosc;2022;324
34037;Boujan-sur-Libron;2022;1062
34038;Le Bousquet-d'Orb;2022;537
34039;Bouzigues;2022;508
34040;Brenas;2022;21
34041;Brignac;2022;112
34042;Brissac;2022;136
34043;Buzignargues;2022;56
34044;Cabrerolles;2022;88
34045;Cabrières;2022;131
34046;Cambon-et-Salvergues;2022;21
34047;Campagnan;2022;148
34048;Campagne;2022;60
34049;Camplong;2022;89
34050;Candillargues;2022;270
34051;Canet;2022;665
34052;Capestang;2022;883
34053;Carlencas-et-Levas;2022;34
34054;Cassagnoles;2022;30
34055;Castanet-le-Haut;2022;57
34056;Castelnau-de-Guers;2022;316
34057;Castelnau-le-Lez;2022;4944
34058;Castries;2022;1392
34059;La Caunette;2022;84
34060;Causse-de-la-Selle;2022;105
34061;Causses-et-Veyran;2022;195
34062;Caussiniojouls;2022;34
34063;Caux;2022;752
34064;Le Caylar;2022;101
34065;Cazedarnes;2022;113
34066;Cazevieille;2022;56
34067;Cazilhac;2022;410
34068;Cazouls-d'Hérault;2022;76
34069;Cazouls-lès-Béziers;2022;1088
34070;Cébazan;2022;158
34071;Ceilhes-et-Rocozels;2022;80
34072;Celles;2022;2
34073;Cers;2022;697
34074;Cessenon-sur-Orb;2022;699
34075;Cesseras;2022;128
34076;Ceyras;2022;216
34077;Clapiers;2022;1327
34078;Claret;2022;328
34079;Clermont-l'Hérault;2022;2221
34080;Colombières-sur-Orb;2022;183
34081;Colombiers;2022;749
34082;Combaillaux;2022;332
34083;Combes;2022;86
34084;Corneilhan;2022;525
34085;Coulobres;2022;104
34086;Courniou;2022;188
34087;Cournonsec;2022;559
34088;Cournonterral;2022;1233
34089;Creissan;2022;410
34090;Le Crès;2022;2220
34091;Le Cros;2022;12
34092;Cruzy;2022;288
34094;Espondeilhan;2022;215
34095;Fabrègues;2022;1537
34096;Faugères;2022;165
34097;Félines-Minervois;2022;154
34098;Ferrals-les-Montagnes;2022;43
34099;Ferrières-les-Verreries;2022;14
34100;Ferrières-Poussarou;2022;23
34101;Florensac;2022;1441
34102;Fontanès;2022;69
34103;Fontès;2022;334
34104;Fos;2022;32
34105;Fouzilhon;2022;70
34106;Fozières;2022;59
34107;Fraisse-sur-Agout;2022;111
34108;Frontignan;2022;5902
34109;Gabian;2022;268
34110;Galargues;2022;117
34111;Ganges;2022;1313
34112;Garrigues;2022;38
34113;Gigean;2022;1063
34114;Gignac;2022;1152
34115;Gorniès;2022;57
34116;Grabels;2022;1554
34117;Graissessac;2022;226
34118;Guzargues;2022;149
34119;Hérépian;2022;454
34120;Jacou;2022;1254
34121;Joncels;2022;95
34122;Jonquières;2022;118
34123;Juvignac;2022;2715
34124;Lacoste;2022;95
34125;Lagamas;2022;31
34126;Lamalou-les-Bains;2022;1027
34127;Lansargues;2022;624
34128;Laroque;2022;491
34129;Lattes;2022;4408
34130;Laurens;2022;468
34131;Lauret;2022;97
34132;Lauroux;2022;75
34133;Lavalette;2022;14
34134;Lavérune;2022;694
34135;Lespignan;2022;857
34136;Lézignan-la-Cèbe;2022;363
34137;Liausson;2022;67
34138;Lieuran-Cabrières;2022;80
34139;Lieuran-lès-Béziers;2022;392
34140;Lignan-sur-Orb;2022;953
34141;La Livinière;2022;148
34142;Lodève;2022;2056
34143;Loupian;2022;429
34144;Lunas-les-Châteaux;2022;263
34145;Lunel;2022;6190
34146;Lunel-Viel;2022;860
34147;Magalas;2022;907
34148;Maraussan;2022;1055
34149;Margon;2022;171
34150;Marseillan;2022;3003
34151;Marsillargues;2022;1498
34152;Mas-de-Londres;2022;86
34153;Les Matelles;2022;504
34154;Mauguio;2022;4605
34155;Maureilhan;2022;524
34156;Mérifons;2022;28
34157;Mèze;2022;3955
34158;Minerve;2022;28
34159;Mireval;2022;789
34160;Mons;2022;233
34161;Montady;2022;1083
34162;Montagnac;2022;1142
34163;Montarnaud;2022;637
34164;Montaud;2022;208
34165;Montbazin;2022;563
34166;Montblanc;2022;745
34167;Montels;2022;52
34168;Montesquieu;2022;23
34169;Montferrier-sur-Lez;2022;1138
34170;Montouliers;2022;73
34171;Montoulieu;2022;45
34172;Montpellier;2022;45901
34173;Montpeyroux;2022;297
34174;Moulès-et-Baucels;2022;188
34175;Mourèze;2022;53
34176;Mudaison;2022;544
34177;Murles;2022;94
34178;Murviel-lès-Béziers;2022;743
34179;Murviel-lès-Montpellier;2022;350
34180;Nébian;2022;284
34181;Neffiès;2022;300
34182;Nézignan-l'Évêque;2022;414
34183;Nissan-lez-Enserune;2022;1051
34184;Nizas;2022;181
34185;Notre-Dame-de-Londres;2022;100
34186;Octon;2022;135
34187;Olargues;2022;151
34188;Olmet-et-Villecun;2022;54
34189;Olonzac;2022;542
34190;Oupia;2022;97
34191;Pailhès;2022;163
34192;Palavas-les-Flots;2022;2464
34193;Pardailhan;2022;48
34194;Paulhan;2022;1024
34195;Pégairolles-de-Buèges;2022;17
34196;Pégairolles-de-l'Escalette;2022;56
34197;Péret;2022;277
34198;Pérols;2022;2649
34199;Pézenas;2022;2463
34200;Pézènes-les-Mines;2022;55
34201;Pierrerue;2022;114
34202;Pignan;2022;1522
34203;Pinet;2022;406
34204;Plaissan;2022;292
34205;Les Plans;2022;91
34206;Poilhes;2022;169
34207;Pomérols;2022;729
34208;Popian;2022;64
34209;Portiragnes;2022;1081
34210;Le Pouget;2022;442
34211;Le Poujol-sur-Orb;2022;278
34212;Poujols;2022;45
34213;Poussan;2022;1301
34214;Pouzolles;2022;335
34215;Pouzols;2022;189
34216;Le Pradal;2022;89
34217;Prades-le-Lez;2022;1090
34218;Prades-sur-Vernazobre;2022;115
34219;Prémian;2022;150
34220;Le Puech;2022;62
34221;Puéchabon;2022;122
34222;Puilacher;2022;93
34223;Puimisson;2022;274
34224;Puissalicon;2022;344
34225;Puisserguier;2022;874
34226;Quarante;2022;446
34227;Restinclières;2022;320
34228;Rieussec;2022;34
34229;Riols;2022;204
34230;Les Rives;2022;34
34231;Romiguières;2022;5
34232;Roquebrun;2022;244
34233;Roqueredonde;2022;48
34234;Roquessels;2022;32
34235;Rosis;2022;100
34236;Rouet;2022;10
34237;Roujan;2022;723
34238;Saint-André-de-Buèges;2022;17
34239;Saint-André-de-Sangonis;2022;1199
34240;Saint-Aunès;2022;724
34241;Saint-Bauzille-de-la-Sylve;2022;242
34242;Saint-Bauzille-de-Montmel;2022;257
34243;Saint-Bauzille-de-Putois;2022;409
34244;Saint-Brès;2022;561
34245;Saint-Chinian;2022;660
34246;Entre-Vignes;2022;467
34247;Saint-Clément-de-Rivière;2022;1719
34248;Sainte-Croix-de-Quintillargues;2022;114
34249;Saint-Drézéry;2022;499
34250;Saint-Étienne-d'Albagnan;2022;105
34251;Saint-Étienne-de-Gourgas;2022;133
34252;Saint-Étienne-Estréchoux;2022;78
34253;Saint-Félix-de-l'Héras;2022;8
34254;Saint-Félix-de-Lodez;2022;210
34255;Saint-Gély-du-Fesc;2022;2624
34256;Saint-Geniès-des-Mourgues;2022;392
34257;Saint-Geniès-de-Varensal;2022;52
34258;Saint-Geniès-de-Fontedit;2022;396
34259;Saint-Georges-d'Orques;2022;1302
34260;Saint-Gervais-sur-Mare;2022;349
34261;Saint-Guilhem-le-Désert;2022;64
34262;Saint-Guiraud;2022;64
34263;Saint-Hilaire-de-Beauvoir;2022;67
34264;Saint-Jean-de-Buèges;2022;57
34265;Saint-Jean-de-Cornies;2022;138
34266;Saint-Jean-de-Cuculles;2022;95
34267;Saint-Jean-de-Fos;2022;378
34268;Saint-Jean-de-la-Blaquière;2022;140
34269;Saint-Jean-de-Minervois;2022;63
34270;Saint-Jean-de-Védas;2022;2659
34271;Saint-Julien;2022;59
34272;Saint-Just;2022;514
34273;Saint-Martin-de-l'Arçon;2022;42
34274;Saint-Martin-de-Londres;2022;537
34276;Saint-Mathieu-de-Tréviers;2022;858
34277;Saint-Maurice-Navacelles;2022;61
34278;Saint-Michel;2022;15
34279;Saint-Nazaire-de-Ladarez;2022;103
34280;Saint-Nazaire-de-Pézan;2022;131
34281;Saint-Pargoire;2022;532
34282;Saint-Paul-et-Valmalle;2022;214
34283;Saint-Pierre-de-la-Fage;2022;40
34284;Saint-Pons-de-Thomières;2022;580
34285;Saint-Pons-de-Mauchiens;2022;172
34286;Saint-Privat;2022;97
34287;Saint-Saturnin-de-Lucian;2022;59
34288;Saint-Sériès;2022;170
34289;Saint-Thibéry;2022;622
34290;Saint-Vincent-de-Barbeyrargues;2022;151
34291;Saint-Vincent-d'Olargues;2022;119
34292;Salasc;2022;93
34293;La Salvetat-sur-Agout;2022;402
34294;Saturargues;2022;160
34295;Saussan;2022;311
34296;Saussines;2022;193
34297;Sauteyrargues;2022;76
34298;Sauvian;2022;1542
34299;Sérignan;2022;2896
34300;Servian;2022;1126
34301;Sète;2022;15040
34302;Siran;2022;285
34303;Sorbs;2022;20
34304;Soubès;2022;282
34305;Le Soulié;2022;45
34306;Soumont;2022;46
34307;Sussargues;2022;582
34308;Taussac-la-Billière;2022;123
34309;Teyran;2022;1302
34310;Thézan-lès-Béziers;2022;784
34311;Tourbes;2022;484
34312;La Tour-sur-Orb;2022;378
34313;Tressan;2022;105
34314;Le Triadou;2022;82
34315;Usclas-d'Hérault;2022;84
34316;Usclas-du-Bosc;2022;36
34317;La Vacquerie-et-Saint-Martin-de-Castries;2022;50
34318;Vacquières;2022;97
34319;Vailhan;2022;41
34320;Vailhauquès;2022;506
34321;Valergues;2022;362
34322;Valflaunès;2022;200
34323;Valmascle;2022;17
34324;Valras-Plage;2022;2269
34325;Valros;2022;449
34326;Vélieux;2022;18
34327;Vendargues;2022;1417
34328;Vendémian;2022;227
34329;Vendres;2022;686
34331;Verreries-de-Moussans;2022;28
34332;Vias;2022;1839
34333;Vic-la-Gardiole;2022;702
34334;Vieussan;2022;112
34335;Villemagne-l'Argentière;2022;140
34336;Villeneuve-lès-Béziers;2022;1109
34337;Villeneuve-lès-Maguelone;2022;1878
34338;Villeneuvette;2022;28
34339;Villespassans;2022;50
34340;Villetelle;2022;282
34341;Villeveyrac;2022;725
34342;Viols-en-Laval;2022;48
34343;Viols-le-Fort;2022;238
34344;La Grande-Motte;2022;3841
35001;Acigné;2022;1210
35002;Amanlis;2022;253
35003;Andouillé-Neuville;2022;88
35004;Val-Couesnon;2022;1218
35005;Arbrissel;2022;36
35006;Argentré-du-Plessis;2022;919
35007;Aubigné;2022;43
35008;Availles-sur-Seiche;2022;139
35009;Baguer-Morvan;2022;469
35010;Baguer-Pican;2022;279
35012;Bain-de-Bretagne;2022;1660
35013;Bains-sur-Oust;2022;797
35014;Bais;2022;471
35015;Balazé;2022;345
35016;Baulon;2022;302
35017;La Baussaine;2022;83
35018;La Bazouge-du-Désert;2022;228
35019;Bazouges-la-Pérouse;2022;496
35021;Beaucé;2022;346
35022;Bécherel;2022;158
35023;Bédée;2022;643
35024;Betton;2022;2236
35025;Billé;2022;208
35026;Bléruais;2022;16
35027;Boisgervilly;2022;230
35028;Boistrudan;2022;100
35029;Bonnemain;2022;298
35030;La Bosse-de-Bretagne;2022;76
35031;La Bouëxière;2022;714
35032;Bourgbarré;2022;543
35033;Bourg-des-Comptes;2022;472
35034;La Boussac;2022;240
35035;Bovel;2022;74
35037;Bréal-sous-Montfort;2022;942
35038;Bréal-sous-Vitré;2022;72
35039;Brécé;2022;238
35040;Breteil;2022;646
35041;Brie;2022;100
35042;Brielles;2022;98
35044;Broualan;2022;60
35045;Bruc-sur-Aff;2022;174
35046;Les Brulais;2022;101
35047;Bruz;2022;3040
35049;Cancale;2022;2112
35050;Cardroc;2022;79
35051;Cesson-Sévigné;2022;3845
35052;Champeaux;2022;67
35054;Chanteloup;2022;185
35055;Chantepie;2022;2145
35056;La Chapelle-aux-Filtzméens;2022;112
35057;La Chapelle-Bouëxic;2022;181
35058;La Chapelle-Chaussée;2022;171
35059;La Chapelle-des-Fougeretz;2022;733
35060;La Chapelle du Lou du Lac;2022;78
35061;La Chapelle-Erbrée;2022;93
35062;La Chapelle-Fleurigné;2022;556
35063;La Chapelle-Saint-Aubert;2022;86
35064;La Chapelle-de-Brain;2022;264
35065;La Chapelle-Thouarault;2022;436
35066;Chartres-de-Bretagne;2022;1769
35067;Chasné-sur-Illet;2022;187
35068;Châteaubourg;2022;997
35069;Châteaugiron;2022;1498
35070;Châteauneuf-d'Ille-et-Vilaine;2022;217
35071;Le Châtellier;2022;77
35072;Châtillon-en-Vendelais;2022;326
35075;Chauvigné;2022;132
35076;Chavagne;2022;793
35077;Chelun;2022;41
35078;Cherrueix;2022;418
35079;Chevaigné;2022;302
35080;Cintré;2022;280
35081;Clayes;2022;118
35082;Coësmes;2022;219
35084;Comblessac;2022;150
35085;Combourg;2022;1657
35086;Combourtillé;2022;86
35087;Cornillé;2022;107
35088;Corps-Nuds;2022;577
35089;La Couyère;2022;80
35090;Crevin;2022;326
35091;Le Crouais;2022;75
35092;Cuguen;2022;156
35093;Dinard;2022;4492
35094;Dingé;2022;287
35095;Dol-de-Bretagne;2022;1569
35096;Domagné;2022;308
35097;Domalain;2022;335
35098;La Dominelais;2022;186
35099;Domloup;2022;452
35101;Dourdain;2022;107
35102;Drouges;2022;87
35103;Eancé;2022;82
35104;Epiniac;2022;310
35105;Erbrée;2022;297
35106;Ercé-en-Lamée;2022;252
35107;Ercé-près-Liffré;2022;225
35108;Essé;2022;123
35109;Étrelles;2022;467
35110;Feins;2022;156
35111;Le Ferré;2022;140
35114;Forges-la-Forêt;2022;41
35115;Fougères;2022;5354
35116;La Fresnais;2022;488
35117;Gaël;2022;302
35118;Gahard;2022;214
35119;Gennes-sur-Seiche;2022;166
35120;Gévezé;2022;734
35121;Gosné;2022;261
35122;La Gouesnière;2022;298
35123;Goven;2022;685
35124;Grand-Fougeray;2022;530
35125;La Guerche-de-Bretagne;2022;1401
35126;Guichen;2022;1440
35127;Guignen;2022;508
35128;Guipel;2022;293
35130;Hédé-Bazouges;2022;347
35131;L'Hermitage;2022;932
35132;Hirel;2022;383
35133;Iffendic;2022;719
35134;Les Iffs;2022;44
35135;Irodouër;2022;341
35136;Janzé;2022;1769
35137;Javené;2022;403
35138;Laignelet;2022;298
35139;Laillé;2022;845
35140;Lalleu;2022;95
35141;Landavran;2022;61
35142;Landéan;2022;324
35143;Landujan;2022;125
35144;Langan;2022;179
35145;Langon;2022;349
35146;Langouet;2022;78
35148;Lanrigan;2022;32
35149;Lassy;2022;207
35150;Lécousse;2022;941
35151;Lieuron;2022;133
35152;Liffré;2022;1564
35153;Lillemer;2022;56
35154;Livré-sur-Changeon;2022;283
35155;Lohéac;2022;131
35156;Longaulnay;2022;93
35157;Le Loroux;2022;111
35159;Lourmais;2022;72
35160;Loutehel;2022;52
35161;Louvigné-de-Bais;2022;245
35162;Louvigné-du-Désert;2022;1100
35163;Luitré-Dompierre;2022;390
35164;Marcillé-Raoul;2022;147
35165;Marcillé-Robert;2022;229
35166;Marpiré;2022;117
35167;Martigné-Ferchaud;2022;719
35168;Val d'Anast;2022;816
35169;Maxent;2022;275
35170;Mecé;2022;95
35171;Médréac;2022;347
35172;Meillac;2022;340
35173;Melesse;2022;1301
35174;Mellé;2022;135
35175;Mernel;2022;180
35176;Guipry-Messac;2022;1363
35177;La Mézière;2022;575
35178;Mézières-sur-Couesnon;2022;196
35179;Miniac-Morvan;2022;742
35180;Miniac-sous-Bécherel;2022;103
35181;Le Minihic-sur-Rance;2022;500
35183;Mondevert;2022;83
35184;Montauban-de-Bretagne;2022;1326
35185;Montautour;2022;33
35186;Mont-Dol;2022;269
35187;Monterfil;2022;203
35188;Montfort-sur-Meu;2022;1518
35189;Montgermont;2022;746
35190;Monthault;2022;63
35191;Les Portes du Coglais;2022;459
35192;Montreuil-des-Landes;2022;40
35193;Montreuil-le-Gast;2022;278
35194;Montreuil-sous-Pérouse;2022;178
35195;Montreuil-sur-Ille;2022;364
35196;Mordelles;2022;1784
35197;Mouazé;2022;149
35198;Moulins;2022;68
35199;Moussé;2022;38
35200;Moutiers;2022;131
35201;Muel;2022;157
35202;La Noë-Blanche;2022;171
35203;La Nouaye;2022;32
35204;Nouvoitou;2022;549
35205;Noyal-sous-Bazouges;2022;81
35206;Noyal-Châtillon-sur-Seiche;2022;1482
35207;Noyal-sur-Vilaine;2022;1106
35208;Orgères;2022;820
35210;Pacé;2022;1921
35211;Paimpont;2022;444
35212;Pancé;2022;188
35214;Parcé;2022;136
35215;Parigné;2022;280
35216;Parthenay-de-Bretagne;2022;132
35217;Le Pertre;2022;326
35218;Le Petit-Fougeray;2022;58
35219;Pipriac;2022;773
35220;Piré-Chancé;2022;384
35221;Pléchâtel;2022;512
35222;Pleine-Fougères;2022;576
35223;Plélan-le-Grand;2022;916
35224;Plerguer;2022;534
35225;Plesder;2022;122
35226;Pleugueneuc;2022;336
35227;Pleumeleuc;2022;459
35228;Pleurtuit;2022;2033
35229;Pocé-les-Bois;2022;155
35230;Poilley;2022;87
35231;Poligné;2022;137
35232;Princé;2022;69
35233;Québriac;2022;255
35234;Quédillac;2022;211
35235;Rannée;2022;268
35236;Redon;2022;2418
35237;Renac;2022;203
35238;Rennes;2022;33028
35239;Retiers;2022;1033
35240;Le Rheu;2022;1285
35241;La Richardais;2022;746
35242;Rimou;2022;97
35243;Romagné;2022;414
35244;Romazy;2022;62
35245;Romillé;2022;651
35246;Roz-Landrieux;2022;255
35247;Roz-sur-Couesnon;2022;299
35248;Sains;2022;144
35249;Sainte-Anne-sur-Vilaine;2022;188
35250;Saint-Armel;2022;295
35251;Saint-Aubin-d'Aubigné;2022;671
35252;Saint-Aubin-des-Landes;2022;143
35253;Saint-Aubin-du-Cormier;2022;668
35255;Saint-Benoît-des-Ondes;2022;240
35256;Saint-Briac-sur-Mer;2022;924
35257;Maen Roch;2022;1168
35258;Saint-Brieuc-des-Iffs;2022;56
35259;Saint-Broladre;2022;288
35260;Saint-Christophe-des-Bois;2022;102
35261;Saint-Christophe-de-Valains;2022;35
35262;Sainte-Colombe;2022;58
35263;Saint-Coulomb;2022;869
35264;Saint-Didier;2022;220
35265;Saint-Domineuc;2022;467
35266;Saint-Erblon;2022;564
35268;Saint-Ganton;2022;89
35270;Saint-Georges-de-Gréhaigne;2022;103
35271;Saint-Georges-de-Reintembault;2022;452
35272;Saint-Germain-du-Pinel;2022;127
35273;Saint-Germain-en-Coglès;2022;425
35274;Saint-Germain-sur-Ille;2022;110
35275;Saint-Gilles;2022;927
35276;Saint-Gondran;2022;74
35277;Saint-Gonlay;2022;61
35278;Saint-Grégoire;2022;1963
35279;Saint-Guinoux;2022;164
35280;Saint-Hilaire-des-Landes;2022;203
35281;Saint-Jacques-de-la-Lande;2022;1611
35282;Rives-du-Couesnon;2022;444
35283;Saint-Jean-sur-Vilaine;2022;130
35284;Saint-Jouan-des-Guérets;2022;808
35285;Saint-Just;2022;224
35286;Saint-Léger-des-Prés;2022;41
35287;Saint-Lunaire;2022;958
35288;Saint-Malo;2022;16044
35289;Saint-Malo-de-Phily;2022;145
35290;Saint-Malon-sur-Mel;2022;96
35291;Saint-Marcan;2022;130
35292;Saint-Marc-le-Blanc;2022;371
35294;Sainte-Marie;2022;589
35295;Saint-Maugan;2022;83
35296;Saint-Médard-sur-Ille;2022;184
35297;Saint-Méen-le-Grand;2022;1338
35299;Saint-Méloir-des-Ondes;2022;911
35300;Saint-M'Hervé;2022;241
35302;Saint-Onen-la-Chapelle;2022;154
35304;Saint-Ouen-des-Alleux;2022;190
35305;Saint-Péran;2022;47
35306;Saint-Père-Marc-en-Poulet;2022;452
35307;Saint-Pern;2022;216
35308;Mesnil-Roc'h;2022;837
35309;Saint-Rémy-du-Plain;2022;135
35310;Saint-Sauveur-des-Landes;2022;294
35311;Saint-Séglin;2022;94
35312;Saint-Senoux;2022;234
35314;Saint-Suliac;2022;291
35315;Saint-Sulpice-la-Forêt;2022;232
35316;Saint-Sulpice-des-Landes;2022;123
35317;Saint-Symphorien;2022;69
35318;Saint-Thual;2022;128
35319;Saint-Thurial;2022;267
35320;Saint-Uniac;2022;56
35321;Saulnières;2022;128
35322;Le Sel-de-Bretagne;2022;178
35324;La Selle-en-Luitré;2022;79
35325;La Selle-Guerchaise;2022;22
35326;Sens-de-Bretagne;2022;513
35327;Servon-sur-Vilaine;2022;584
35328;Sixt-sur-Aff;2022;539
35329;Sougeal;2022;174
35330;Taillis;2022;141
35331;Talensac;2022;488
35332;Teillay;2022;174
35333;Le Theil-de-Bretagne;2022;287
35334;Thorigné-Fouillard;2022;1453
35335;Thourie;2022;109
35336;Le Tiercent;2022;39
35337;Tinténiac;2022;753
35338;Torcé;2022;148
35339;Trans-la-Forêt;2022;149
35340;Treffendel;2022;122
35342;Trémeheuc;2022;65
35343;Tresbœuf;2022;157
35345;Trévérien;2022;126
35346;Trimer;2022;29
35347;Val-d'Izé;2022;440
35350;Vergéal;2022;93
35351;Le Verger;2022;189
35352;Vern-sur-Seiche;2022;1489
35353;Vezin-le-Coquet;2022;1103
35354;Vieux-Viel;2022;77
35355;Vieux-Vy-sur-Couesnon;2022;171
35356;Vignoc;2022;197
35357;Villamée;2022;61
35358;La Ville-ès-Nonais;2022;219
35359;Visseiche;2022;129
35360;Vitré;2022;4266
35361;Le Vivier-sur-Mer;2022;320
35362;Le Tronchet;2022;277
35363;Pont-Péan;2022;551
36001;Aigurande;2022;564
36002;Aize;2022;35
36003;Ambrault;2022;148
36004;Anjouin;2022;104
36005;Ardentes;2022;925
36006;Argenton-sur-Creuse;2022;1456
36007;Argy;2022;149
36008;Arpheuilles;2022;74
36009;Arthon;2022;213
36010;Azay-le-Ferron;2022;266
36011;Bagneux;2022;50
36012;Baraize;2022;135
36013;Baudres;2022;149
36014;Bazaiges;2022;65
36015;Beaulieu;2022;21
36016;Bélâbre;2022;349
36017;La Berthenoux;2022;119
36018;Le Blanc;2022;1988
36019;Bommiers;2022;49
36020;Bonneuil;2022;34
36021;Les Bordes;2022;200
36022;Bouesse;2022;117
36023;Bouges-le-Château;2022;67
36024;Bretagne;2022;17
36025;Briantes;2022;140
36026;Brion;2022;111
36027;Brives;2022;49
36028;La Buxerette;2022;37
36029;Buxeuil;2022;63
36030;Buxières-d'Aillac;2022;47
36031;Buzançais;2022;1342
36032;Ceaulmont;2022;160
36033;Celon;2022;79
36034;Chabris;2022;933
36035;Chaillac;2022;427
36036;Chalais;2022;40
36037;La Champenoise;2022;45
36038;Champillet;2022;40
36040;La Chapelle-Orthemale;2022;22
36041;La Chapelle-Saint-Laurian;2022;45
36042;Chasseneuil;2022;213
36043;Chassignolles;2022;139
36044;Châteauroux;2022;10828
36045;Châtillon-sur-Indre;2022;1039
36046;La Châtre;2022;1565
36047;La Châtre-Langlin;2022;200
36048;Chavin;2022;72
36049;Chazelet;2022;36
36050;Chezelles;2022;89
36051;Chitray;2022;39
36052;Chouday;2022;29
36053;Ciron;2022;172
36054;Cléré-du-Bois;2022;69
36055;Clion;2022;404
36056;Cluis;2022;329
36057;Coings;2022;195
36058;Concremiers;2022;177
36059;Condé;2022;59
36060;Crevant;2022;242
36061;Crozon-sur-Vauvre;2022;121
36062;Cuzion;2022;192
36063;Déols;2022;1899
36064;Diors;2022;127
36065;Diou;2022;57
36066;Douadic;2022;117
36067;Dunet;2022;36
36068;Dun-le-Poëlier;2022;160
36069;Écueillé;2022;498
36070;Éguzon-Chantôme;2022;561
36071;Étrechet;2022;293
36073;Feusines;2022;76
36074;Fléré-la-Rivière;2022;179
36075;Fontenay;2022;24
36076;Fontgombault;2022;65
36077;Fontguenand;2022;63
36078;Fougerolles;2022;68
36079;Francillon;2022;12
36080;Frédille;2022;24
36081;Gargilesse-Dampierre;2022;132
36082;Gehée;2022;102
36083;Giroux;2022;27
36084;Gournay;2022;74
36085;Guilly;2022;67
36086;Heugnes;2022;129
36087;Ingrandes;2022;96
36088;Issoudun;2022;3405
36089;Jeu-les-Bois;2022;65
36090;Jeu-Maloches;2022;44
36091;Lacs;2022;172
36092;Langé;2022;93
36093;Levroux;2022;874
36094;Lignac;2022;139
36095;Lignerolles;2022;52
36096;Lingé;2022;71
36097;Liniez;2022;55
36098;Lizeray;2022;18
36099;Lourdoueix-Saint-Michel;2022;127
36100;Lourouer-Saint-Laurent;2022;60
36101;Luant;2022;301
36102;Luçay-le-Libre;2022;24
36103;Luçay-le-Mâle;2022;574
36104;Lurais;2022;92
36105;Lureuil;2022;65
36106;Luzeret;2022;43
36107;Lye;2022;241
36108;Lys-Saint-Georges;2022;51
36109;Le Magny;2022;326
36110;Maillet;2022;63
36111;Malicornay;2022;56
36112;Mâron;2022;142
36113;Martizay;2022;325
36114;Mauvières;2022;93
36115;Menetou-sur-Nahon;2022;37
36116;Ménétréols-sous-Vatan;2022;27
36117;Le Menoux;2022;133
36118;Méobecq;2022;96
36119;Mérigny;2022;244
36120;Mers-sur-Indre;2022;148
36121;Meunet-Planches;2022;31
36122;Meunet-sur-Vatan;2022;46
36123;Mézières-en-Brenne;2022;416
36124;Migné;2022;55
36125;Migny;2022;17
36126;Montchevrier;2022;174
36127;Montgivray;2022;509
36128;Montierchaume;2022;390
36129;Montipouret;2022;158
36130;Montlevicq;2022;38
36131;Mosnay;2022;118
36132;La Motte-Feuilly;2022;17
36133;Mouhers;2022;67
36134;Mouhet;2022;151
36135;Moulins-sur-Céphons;2022;100
36136;Murs;2022;33
36137;Néons-sur-Creuse;2022;97
36138;Néret;2022;92
36139;Neuillay-les-Bois;2022;150
36140;Neuvy-Pailloux;2022;285
36141;Neuvy-Saint-Sépulchre;2022;481
36142;Niherne;2022;386
36143;Nohant-Vic;2022;113
36144;Nuret-le-Ferron;2022;77
36145;Obterre;2022;60
36146;Orsennes;2022;261
36147;Orville;2022;38
36148;Oulches;2022;143
36149;Palluau-sur-Indre;2022;254
36150;Parnac;2022;168
36152;Paudy;2022;100
36153;Paulnay;2022;111
36154;Le Pêchereau;2022;578
36155;Pellevoisin;2022;318
36156;Pérassay;2022;140
36157;La Pérouille;2022;96
36158;Badecon-le-Pin;2022;252
36159;Le Poinçonnet;2022;1735
36160;Pommiers;2022;79
36161;Le Pont-Chrétien-Chabenet;2022;247
36162;Poulaines;2022;284
36163;Pouligny-Notre-Dame;2022;180
36164;Pouligny-Saint-Martin;2022;67
36165;Pouligny-Saint-Pierre;2022;253
36166;Préaux;2022;66
36167;Preuilly-la-Ville;2022;52
36168;Prissac;2022;193
36169;Pruniers;2022;111
36170;Reboursin;2022;18
36171;Reuilly;2022;532
36172;Rivarennes;2022;164
36173;Rosnay;2022;127
36174;Roussines;2022;145
36175;Rouvres-les-Bois;2022;82
36176;Ruffec;2022;148
36177;Sacierges-Saint-Martin;2022;123
36178;Saint-Aigny;2022;74
36179;Saint-Aoustrille;2022;44
36180;Saint-Août;2022;244
36181;Saint-Aubin;2022;24
36182;Saint-Benoît-du-Sault;2022;215
36184;Saint-Chartier;2022;121
36185;Saint-Christophe-en-Bazelle;2022;112
36186;Saint-Christophe-en-Boucherie;2022;63
36187;Saint-Civran;2022;48
36188;Saint-Cyran-du-Jambot;2022;56
36189;Saint-Denis-de-Jouhet;2022;331
36190;Sainte-Fauste;2022;64
36191;Saint-Florentin;2022;134
36192;Saint-Gaultier;2022;649
36193;Sainte-Gemme;2022;82
36194;Saint-Genou;2022;253
36195;Saint-Georges-sur-Arnon;2022;97
36196;Saint-Gilles;2022;37
36197;Saint-Hilaire-sur-Benaize;2022;89
36198;Saint-Lactencin;2022;99
36199;Sainte-Lizaigne;2022;296
36200;Saint-Marcel;2022;501
36202;Saint-Maur;2022;953
36203;Saint-Médard;2022;18
36204;Saint-Michel-en-Brenne;2022;126
36205;Saint-Pierre-de-Jards;2022;34
36207;Saint-Plantaire;2022;223
36208;Sainte-Sévère-sur-Indre;2022;339
36209;Saint-Valentin;2022;63
36210;Sarzay;2022;82
36211;Sassierges-Saint-Germain;2022;85
36212;Saulnay;2022;56
36213;Sauzelles;2022;94
36214;Sazeray;2022;91
36215;Ségry;2022;91
36216;Selles-sur-Nahon;2022;22
36217;Sembleçay;2022;26
36218;Sougé;2022;28
36219;Tendu;2022;121
36220;Thenay;2022;240
36221;Thevet-Saint-Julien;2022;116
36222;Thizay;2022;64
36223;Tilly;2022;65
36224;Tournon-Saint-Martin;2022;418
36225;Le Tranger;2022;53
36226;Tranzault;2022;98
36227;Urciers;2022;89
36228;Valençay;2022;928
36229;Val-Fouzon;2022;305
36230;Vatan;2022;597
36231;Velles;2022;262
36232;Vendœuvres;2022;280
36233;La Vernelle;2022;217
36234;Verneuil-sur-Igneraie;2022;103
36235;Veuil;2022;119
36236;Vicq-Exemplet;2022;106
36237;Vicq-sur-Nahon;2022;242
36238;Vigoulant;2022;43
36239;Vigoux;2022;111
36240;Vijon;2022;101
36241;Villedieu-sur-Indre;2022;642
36242;Villegongis;2022;22
36243;Villegouin;2022;112
36244;Villentrois-Faverolles-en-Berry;2022;272
36246;Villiers;2022;63
36247;Vineuil;2022;216
36248;Vouillon;2022;68
37001;Abilly;2022;410
37002;Ambillou;2022;284
37003;Amboise;2022;3566
37004;Anché;2022;107
37005;Antogny-le-Tillac;2022;128
37006;Artannes-sur-Indre;2022;548
37007;Assay;2022;62
37008;Athée-sur-Cher;2022;576
37009;Autrèche;2022;80
37010;Auzouer-en-Touraine;2022;540
37011;Avoine;2022;468
37012;Avon-les-Roches;2022;130
37013;Avrillé-les-Ponceaux;2022;87
37014;Azay-le-Rideau;2022;812
37015;Azay-sur-Cher;2022;610
37016;Azay-sur-Indre;2022;85
37018;Ballan-Miré;2022;2235
37019;Barrou;2022;142
37020;Beaulieu-lès-Loches;2022;547
37021;Beaumont-Louestault;2022;259
37022;Beaumont-en-Véron;2022;662
37023;Beaumont-Village;2022;74
37024;Benais;2022;244
37025;Berthenay;2022;118
37026;Betz-le-Château;2022;164
37027;Bléré;2022;1585
37028;Bossay-sur-Claise;2022;272
37029;Bossée;2022;80
37030;Le Boulay;2022;151
37031;Bourgueil;2022;1129
37032;Bournan;2022;58
37033;Boussay;2022;87
37034;Braslou;2022;110
37035;Braye-sous-Faye;2022;80
37036;Braye-sur-Maulne;2022;54
37037;Brèches;2022;44
37038;Bréhémont;2022;178
37039;Bridoré;2022;137
37040;Brizay;2022;68
37041;Bueil-en-Touraine;2022;68
37042;Candes-Saint-Martin;2022;69
37043;Cangey;2022;203
37044;La Celle-Guenand;2022;158
37045;La Celle-Saint-Avant;2022;258
37046;Céré-la-Ronde;2022;160
37047;Cerelles;2022;194
37048;Chambon;2022;95
37049;Chambourg-sur-Indre;2022;306
37050;Chambray-lès-Tours;2022;2794
37051;Champigny-sur-Veude;2022;262
37052;Chançay;2022;205
37053;Chanceaux-près-Loches;2022;35
37054;Chanceaux-sur-Choisille;2022;771
37055;Channay-sur-Lathan;2022;151
37056;La Chapelle-aux-Naux;2022;128
37057;La Chapelle-Blanche-Saint-Martin;2022;155
37058;La Chapelle-sur-Loire;2022;374
37059;Charentilly;2022;221
37060;Chargé;2022;267
37061;Charnizay;2022;133
37062;Château-la-Vallière;2022;561
37063;Château-Renault;2022;1300
37064;Chaumussay;2022;88
37065;Chaveignes;2022;197
37066;Chédigny;2022;139
37067;Cheillé;2022;346
37068;Chemillé-sur-Dême;2022;155
37069;Chemillé-sur-Indrois;2022;57
37070;Chenonceaux;2022;88
37071;Chezelles;2022;26
37072;Chinon;2022;2333
37073;Chisseaux;2022;142
37074;Chouzé-sur-Loire;2022;510
37075;Cigogné;2022;70
37076;Cinais;2022;106
37077;Cinq-Mars-la-Pile;2022;549
37078;Ciran;2022;112
37079;Civray-de-Touraine;2022;365
37080;Civray-sur-Esves;2022;43
37081;Cléré-les-Pins;2022;241
37082;Continvoir;2022;120
37083;Cormery;2022;352
37084;Couesmes;2022;86
37085;Courçay;2022;160
37086;Courcelles-de-Touraine;2022;73
37087;Courcoué;2022;62
37088;Couziers;2022;24
37089;Cravant-les-Côteaux;2022;222
37090;Crissay-sur-Manse;2022;42
37091;La Croix-en-Touraine;2022;589
37092;Crotelles;2022;97
37093;Crouzilles;2022;158
37094;Cussay;2022;134
37095;Dame-Marie-les-Bois;2022;48
37096;Dierre;2022;93
37097;Dolus-le-Sec;2022;90
37098;Draché;2022;132
37099;Druye;2022;149
37100;Épeigné-les-Bois;2022;101
37101;Épeigné-sur-Dême;2022;32
37103;Esves-le-Moutier;2022;40
37104;Esvres;2022;1180
37105;Faye-la-Vineuse;2022;93
37106;La Ferrière;2022;50
37107;Ferrière-Larçon;2022;82
37108;Ferrière-sur-Beaulieu;2022;158
37109;Fondettes;2022;2815
37110;Francueil;2022;317
37111;Genillé;2022;446
37112;Gizeux;2022;137
37113;Le Grand-Pressigny;2022;278
37114;La Guerche;2022;55
37115;Descartes;2022;1230
37116;Les Hermites;2022;111
37117;Hommes;2022;172
37118;Huismes;2022;331
37119;L'Île-Bouchard;2022;600
37121;Jaulnay;2022;54
37122;Joué-lès-Tours;2022;8829
37123;Langeais;2022;1169
37124;Larçay;2022;610
37125;Lémeré;2022;98
37126;Lerné;2022;76
37127;Le Liège;2022;65
37128;Lignières-de-Touraine;2022;272
37129;Ligré;2022;323
37130;Ligueil;2022;741
37131;Limeray;2022;243
37132;Loches;2022;2106
37133;Loché-sur-Indrois;2022;139
37134;Louans;2022;94
37136;Le Louroux;2022;78
37137;Lublé;2022;42
37138;Lussault-sur-Loire;2022;158
37139;Luynes;2022;1249
37140;Luzé;2022;62
37141;Luzillé;2022;165
37142;Maillé;2022;147
37143;Manthelan;2022;288
37144;Marçay;2022;122
37145;Marcé-sur-Esves;2022;63
37146;Marcilly-sur-Maulne;2022;46
37147;Marcilly-sur-Vienne;2022;160
37148;Marigny-Marmande;2022;152
37149;Marray;2022;76
37150;Mazières-de-Touraine;2022;236
37151;La Membrolle-sur-Choisille;2022;817
37152;Mettray;2022;506
37153;Monnaie;2022;757
37154;Montbazon;2022;916
37155;Monthodon;2022;107
37156;Montlouis-sur-Loire;2022;2739
37157;Montrésor;2022;125
37158;Montreuil-en-Touraine;2022;146
37159;Monts;2022;1583
37160;Morand;2022;59
37161;Mosnes;2022;186
37162;Mouzay;2022;119
37163;Nazelles-Négron;2022;999
37165;Neuil;2022;81
37166;Neuillé-le-Lierre;2022;131
37167;Neuillé-Pont-Pierre;2022;440
37168;Neuilly-le-Brignon;2022;92
37169;Neuville-sur-Brenne;2022;166
37170;Neuvy-le-Roi;2022;237
37171;Noizay;2022;261
37172;Notre-Dame-d'Oé;2022;1020
37173;Nouans-les-Fontaines;2022;233
37174;Nouâtre;2022;226
37175;Nouzilly;2022;246
37176;Noyant-de-Touraine;2022;172
37177;Orbigny;2022;166
37178;Panzoult;2022;181
37179;Parçay-Meslay;2022;537
37180;Parçay-sur-Vienne;2022;166
37181;Paulmy;2022;56
37182;Pernay;2022;209
37183;Perrusson;2022;470
37184;Le Petit-Pressigny;2022;115
37185;Pocé-sur-Cisse;2022;380
37186;Pont-de-Ruan;2022;137
37187;Ports-sur-Vienne;2022;93
37188;Pouzay;2022;164
37189;Preuilly-sur-Claise;2022;484
37190;Pussigny;2022;60
37191;Razines;2022;53
37192;Reignac-sur-Indre;2022;250
37193;Restigné;2022;343
37194;Reugny;2022;297
37195;La Riche;2022;1852
37196;Richelieu;2022;710
37197;Rigny-Ussé;2022;132
37198;Rillé;2022;89
37199;Rilly-sur-Vienne;2022;101
37200;Rivarennes;2022;179
37201;Rivière;2022;208
37202;La Roche-Clermault;2022;122
37203;Rochecorbon;2022;764
37204;Rouziers-de-Touraine;2022;222
37205;Saché;2022;237
37206;Saint-Antoine-du-Rocher;2022;285
37207;Saint-Aubin-le-Dépeint;2022;48
37208;Saint-Avertin;2022;3928
37210;Saint-Benoît-la-Forêt;2022;282
37211;Saint-Branchs;2022;511
37212;Sainte-Catherine-de-Fierbois;2022;117
37213;Saint-Christophe-sur-le-Nais;2022;277
37214;Saint-Cyr-sur-Loire;2022;4980
37216;Saint-Épain;2022;337
37217;Saint-Étienne-de-Chigny;2022;242
37218;Saint-Flovier;2022;201
37219;Saint-Genouph;2022;198
37220;Saint-Germain-sur-Vienne;2022;101
37221;Saint-Hippolyte;2022;181
37222;Saint-Jean-Saint-Germain;2022;187
37223;Saint-Laurent-de-Lin;2022;70
37224;Saint-Laurent-en-Gâtines;2022;156
37225;Saint-Martin-le-Beau;2022;642
37226;Sainte-Maure-de-Touraine;2022;1347
37228;Saint-Nicolas-de-Bourgueil;2022;299
37229;Saint-Nicolas-des-Motets;2022;39
37230;Saint-Ouen-les-Vignes;2022;224
37231;Saint-Paterne-Racan;2022;372
37232;Coteaux-sur-Loire;2022;446
37233;Saint-Pierre-des-Corps;2022;3311
37234;Saint-Quentin-sur-Indrois;2022;107
37236;Saint-Règle;2022;129
37237;Saint-Roch;2022;214
37238;Saint-Senoch;2022;99
37240;Saunay;2022;122
37241;Savigné-sur-Lathan;2022;331
37242;Savigny-en-Véron;2022;293
37243;Savonnières;2022;681
37244;Sazilly;2022;60
37245;Semblançay;2022;385
37246;Sennevières;2022;66
37247;Sepmes;2022;130
37248;Seuilly;2022;98
37249;Sonzay;2022;242
37250;Sorigny;2022;490
37251;Souvigné;2022;113
37252;Souvigny-de-Touraine;2022;91
37253;Sublaines;2022;32
37254;Tauxigny-Saint-Bauld;2022;300
37255;Tavant;2022;68
37256;Theneuil;2022;85
37257;Thilouze;2022;255
37258;Thizay;2022;75
37259;Tournon-Saint-Pierre;2022;144
37260;La Tour-Saint-Gelin;2022;129
37261;Tours;2022;26324
37262;Trogues;2022;74
37263;Truyes;2022;464
37264;Vallères;2022;193
37265;Varennes;2022;59
37266;Veigné;2022;1494
37267;Véretz;2022;880
37268;Verneuil-le-Château;2022;41
37269;Verneuil-sur-Indre;2022;126
37270;Vernou-sur-Brenne;2022;676
37271;Villaines-les-Rochers;2022;195
37272;Villandry;2022;184
37273;La Ville-aux-Dames;2022;1293
37274;Villebourg;2022;50
37275;Villedômain;2022;39
37276;Villedômer;2022;279
37277;Villeloin-Coulangé;2022;234
37278;Villeperdue;2022;160
37279;Villiers-au-Bouin;2022;168
37280;Vou;2022;64
37281;Vouvray;2022;767
37282;Yzeures-sur-Creuse;2022;505
38001;Les Abrets en Dauphiné;2022;1471
38002;Les Adrets;2022;162
38003;Agnin;2022;219
38004;L'Albenc;2022;235
38005;Allemond;2022;209
38006;Allevard;2022;880
38008;Ambel;2022;14
38009;Anjou;2022;269
38010;Annoisin-Chatelans;2022;92
38011;Anthon;2022;183
38012;Aoste;2022;514
38013;Apprieu;2022;552
38015;Artas;2022;320
38017;Assieu;2022;232
38018;Auberives-en-Royans;2022;59
38019;Auberives-sur-Varèze;2022;215
38020;Auris;2022;51
38022;Les Avenières Veyrins-Thuellin;2022;1601
38023;Avignonet;2022;30
38026;La Balme-les-Grottes;2022;178
38027;Barraux;2022;293
38029;La Bâtie-Montgascon;2022;395
38030;Beaucroissant;2022;320
38031;Beaufin;2022;10
38032;Beaufort;2022;118
38033;Beaulieu;2022;125
38034;Beaurepaire;2022;1376
38035;Beauvoir-de-Marc;2022;259
38036;Beauvoir-en-Royans;2022;23
38037;Bellegarde-Poussieu;2022;223
38038;Belmont;2022;77
38039;Bernin;2022;794
38040;Besse;2022;74
38041;Bessins;2022;23
38042;Bévenais;2022;211
38043;Bilieu;2022;242
38044;Biol;2022;259
38045;Biviers;2022;759
38046;Bizonnes;2022;171
38047;Blandin;2022;27
38048;Bonnefamille;2022;220
38049;Bossieu;2022;75
38050;Le Bouchage;2022;139
38051;Bougé-Chambalud;2022;302
38052;Le Bourg-d'Oisans;2022;750
38053;Bourgoin-Jallieu;2022;5594
38054;Bouvesse-Quirieu;2022;273
38055;Brangues;2022;106
38056;Bressieux;2022;30
38057;Bresson;2022;204
38058;Brézins;2022;318
38059;Brié-et-Angonnes;2022;617
38060;Brion;2022;28
38061;La Buisse;2022;553
38062;La Buissière;2022;126
38063;Burcin;2022;99
38064;Cessieu;2022;528
38065;Châbons;2022;362
38066;Chalon;2022;31
38067;Chamagnieu;2022;270
38068;Champagnier;2022;302
38069;Champier;2022;267
38070;Le Champ-près-Froges;2022;279
38071;Champ-sur-Drac;2022;752
38072;Chanas;2022;481
38073;Chantepérier;2022;81
38074;Chantesse;2022;75
38075;Chapareillan;2022;566
38076;La Chapelle-de-la-Tour;2022;387
38077;La Chapelle-de-Surieu;2022;97
38078;La Chapelle-du-Bard;2022;85
38080;Charancieu;2022;148
38081;Charantonnay;2022;325
38082;Charavines;2022;386
38083;Charette;2022;73
38084;Charnècles;2022;368
38085;Charvieu-Chavagneux;2022;1404
38086;Chasselay;2022;79
38087;Chasse-sur-Rhône;2022;1017
38089;Chassignieu;2022;52
38090;Château-Bernard;2022;67
38091;Châteauvilain;2022;145
38092;Châtelus;2022;22
38093;Châtenay;2022;92
38094;Châtonnay;2022;380
38095;Chatte;2022;694
38097;Chavanoz;2022;723
38098;Chélieu;2022;123
38099;Chevrières;2022;145
38100;Le Cheylas;2022;384
38101;Cheyssieu;2022;199
38102;Chèzeneuve;2022;98
38103;Chichilianne;2022;98
38104;Chimilin;2022;249
38105;Chirens;2022;489
38106;Cholonge;2022;61
38107;Chonas-l'Amballan;2022;323
38108;Choranche;2022;39
38109;Chozeau;2022;244
38110;Chuzelles;2022;448
38111;Claix;2022;1842
38112;Clavans-en-Haut-Oisans;2022;30
38113;Clelles;2022;158
38114;Clonas-sur-Varèze;2022;276
38115;Saint-Martin-de-la-Cluze;2022;145
38116;Cognet;2022;8
38117;Cognin-les-Gorges;2022;114
38118;Colombe;2022;346
38120;La Combe-de-Lancey;2022;131
38124;Corbelin;2022;476
38126;Corenc;2022;1070
38127;Cornillon-en-Trièves;2022;42
38128;Corps;2022;167
38129;Corrençon-en-Vercors;2022;76
38130;La Côte-Saint-André;2022;1219
38131;Les Côtes-d'Arey;2022;436
38132;Les Côtes-de-Corps;2022;25
38133;Coublevie;2022;1195
38134;Cour-et-Buis;2022;172
38135;Courtenay;2022;201
38136;Crachier;2022;77
38137;Cras;2022;81
38138;Crémieu;2022;728
38139;Creys-Mépieu;2022;295
38140;Crolles;2022;1746
38141;Culin;2022;105
38144;Diémoz;2022;603
38146;Dizimieu;2022;127
38147;Doissin;2022;153
38148;Dolomieu;2022;650
38149;Domarin;2022;349
38150;Domène;2022;1425
38151;Échirolles;2022;7103
38152;Eclose-Badinières;2022;205
38153;Engins;2022;107
38154;Entraigues;2022;57
38155;Entre-deux-Guiers;2022;481
38156;Les Éparres;2022;181
38157;Estrablin;2022;871
38158;Eybens;2022;2014
38159;Eydoche;2022;99
38160;Eyzin-Pinet;2022;475
38161;Faramans;2022;235
38162;Faverges-de-la-Tour;2022;254
38163;Le Haut-Bréda;2022;101
38166;La Flachère;2022;75
38167;Flachères;2022;93
38169;Fontaine;2022;4482
38170;Fontanil-Cornillon;2022;759
38171;La Forteresse;2022;78
38172;Four;2022;219
38173;Le Freney-d'Oisans;2022;47
38174;La Frette;2022;229
38175;Froges;2022;728
38176;Frontonas;2022;377
38177;La Garde;2022;28
38179;Gières;2022;1085
38180;Gillonnay;2022;243
38181;Goncelin;2022;449
38182;Le Grand-Lemps;2022;655
38183;Granieu;2022;85
38184;Grenay;2022;248
38185;Grenoble;2022;24085
38186;Gresse-en-Vercors;2022;111
38187;Le Gua;2022;395
38188;Herbeys;2022;363
38189;Heyrieux;2022;1052
38190;Hières-sur-Amby;2022;223
38191;Huez;2022;205
38192;Hurtières;2022;36
38193;L'Isle-d'Abeau;2022;1450
38194;Izeaux;2022;439
38195;Izeron;2022;163
38197;Janneyrias;2022;260
38198;Jarcieu;2022;266
38199;Jardin;2022;496
38200;Jarrie;2022;828
38203;Laffrey;2022;94
38204;Lalley;2022;60
38205;Lans-en-Vercors;2022;420
38206;Laval-en-Belledonne;2022;171
38207;Lavaldens;2022;56
38208;Lavars;2022;46
38209;Lentiol;2022;56
38210;Leyrieu;2022;152
38211;Lieudieu;2022;50
38212;Livet-et-Gavet;2022;221
38213;Longechenal;2022;94
38214;Lumbin;2022;375
38215;Luzinay;2022;393
38216;Malleval-en-Vercors;2022;9
38217;Marcieu;2022;14
38218;Marcilloles;2022;176
38219;Marcollin;2022;157
38221;Marnans;2022;32
38222;Massieu;2022;164
38223;Maubec;2022;344
38224;Mayres-Savel;2022;24
38225;Autrans-Méaudre en Vercors;2022;734
38226;Mens;2022;518
38228;Merlas;2022;100
38229;Meylan;2022;5108
38230;Meyrié;2022;236
38231;Meyrieu-les-Étangs;2022;160
38232;Meyssiez;2022;136
38235;Miribel-Lanchâtre;2022;48
38236;Miribel-les-Échelles;2022;457
38237;Mizoën;2022;37
38238;Moidieu-Détourbe;2022;325
38239;Moirans;2022;1571
38240;Moissieu-sur-Dolon;2022;154
38241;Monestier-d'Ambel;2022;6
38242;Monestier-de-Clermont;2022;267
38243;Monestier-du-Percy;2022;72
38244;Monsteroux-Milieu;2022;131
38245;Montagne;2022;68
38246;Montagnieu;2022;170
38247;Montalieu-Vercieu;2022;550
38248;Montaud;2022;89
38249;Montbonnot-Saint-Martin;2022;1208
38250;Montcarra;2022;69
38252;Montchaboud;2022;106
38253;Les Deux Alpes;2022;282
38254;Monteynard;2022;75
38255;Montfalcon;2022;29
38256;Montferrat;2022;386
38257;Montrevel;2022;68
38258;Mont-Saint-Martin;2022;34
38259;Montseveroux;2022;202
38260;Moras;2022;115
38261;Morestel;2022;1140
38263;Morette;2022;86
38264;La Morte;2022;43
38265;La Motte-d'Aveillans;2022;407
38266;La Motte-Saint-Martin;2022;86
38267;Mottier;2022;136
38268;Le Moutaret;2022;51
38269;La Mure;2022;1473
38270;La Murette;2022;414
38271;Murianette;2022;156
38272;Murinais;2022;78
38273;Nantes-en-Ratier;2022;126
38275;Serre-Nerpol;2022;65
38276;Nivolas-Vermelle;2022;512
38277;Notre-Dame-de-Commiers;2022;76
38278;Notre-Dame-de-l'Osier;2022;158
38279;Notre-Dame-de-Mésage;2022;307
38280;Notre-Dame-de-Vaulx;2022;82
38281;Noyarey;2022;566
38282;Optevoz;2022;120
38283;Oris-en-Rattier;2022;46
38284;Ornacieux-Balbins;2022;191
38285;Ornon;2022;37
38286;Oulles;2022;6
38287;Oyeu;2022;187
38288;Oytier-Saint-Oblas;2022;228
38289;Oz;2022;28
38290;Pact;2022;172
38291;Pajay;2022;229
38292;Villages du Lac de Paladru;2022;502
38294;Panossas;2022;94
38295;Parmilieu;2022;156
38296;Le Passage;2022;164
38297;Arandon-Passins;2022;343
38298;Le Péage-de-Roussillon;2022;1573
38299;Pellafol;2022;47
38300;Penol;2022;68
38301;Le Percy;2022;47
38303;La Pierre;2022;72
38304;Pierre-Châtel;2022;291
38307;Pisieu;2022;120
38308;Plan;2022;43
38309;Poisat;2022;593
38310;Poliénas;2022;235
38311;Pommier-de-Beaurepaire;2022;162
38313;Ponsonnas;2022;81
38314;Pontcharra;2022;1525
38315;Le Pont-de-Beauvoisin;2022;866
38316;Pont-de-Chéruy;2022;946
38317;Le Pont-de-Claix;2022;1936
38318;Pont-Évêque;2022;1037
38319;Pont-en-Royans;2022;219
38320;Porcieu-Amblagnieu;2022;306
38321;Prébois;2022;51
38322;Presles;2022;21
38323;Pressins;2022;224
38324;Primarette;2022;192
38325;Proveysieux;2022;125
38326;Prunières;2022;73
38328;Quaix-en-Chartreuse;2022;187
38329;Quet-en-Beaumont;2022;30
38330;Quincieu;2022;19
38331;Réaumont;2022;166
38332;Renage;2022;700
38333;Rencurel;2022;73
38334;Revel;2022;243
38335;Revel-Tourdan;2022;221
38336;Reventin-Vaugris;2022;393
38337;Rives;2022;1440
38338;La Rivière;2022;109
38339;Roche;2022;345
38340;Les Roches-de-Condrieu;2022;446
38341;Rochetoirin;2022;220
38342;Roissard;2022;58
38343;Romagnieu;2022;373
38344;Roussillon;2022;1811
38345;Rovon;2022;103
38346;Royas;2022;73
38347;Roybon;2022;390
38348;Ruy-Montceau;2022;1038
38349;Sablons;2022;420
38350;Sainte-Agnès;2022;109
38351;Saint-Agnin-sur-Bion;2022;190
38352;Saint-Alban-de-Roche;2022;389
38353;Saint-Alban-du-Rhône;2022;149
38354;Saint-Albin-de-Vaulserre;2022;94
38355;Saint-Andéol;2022;40
38356;Saint-André-en-Royans;2022;91
38357;Saint-André-le-Gaz;2022;506
38358;Sainte-Anne-sur-Gervonde;2022;94
38359;Saint Antoine l'Abbaye;2022;316
38360;Saint-Appolinard;2022;100
38361;Saint-Arey;2022;11
38362;Saint-Aupre;2022;211
38363;Saint-Barthélemy;2022;202
38364;Saint-Barthélemy-de-Séchilienne;2022;67
38365;Saint-Baudille-de-la-Tour;2022;128
38366;Saint-Baudille-et-Pipet;2022;90
38368;Saint-Blaise-du-Buis;2022;211
38369;Sainte-Blandine;2022;212
38370;Saint-Bonnet-de-Chavagne;2022;127
38372;Saint-Bueil;2022;200
38373;Saint-Cassien;2022;300
38374;Saint-Chef;2022;645
38375;Saint-Christophe-en-Oisans;2022;35
38376;Saint-Christophe-sur-Guiers;2022;167
38377;Saint-Clair-de-la-Tour;2022;671
38378;Saint-Clair-du-Rhône;2022;827
38379;Saint-Clair-sur-Galaure;2022;62
38380;Saint-Didier-de-Bizonnes;2022;55
38381;Saint-Didier-de-la-Tour;2022;338
38382;Saint-Égrève;2022;3668
38383;Saint-Étienne-de-Crossey;2022;594
38384;Saint-Étienne-de-Saint-Geoirs;2022;756
38386;Saint-Geoire-en-Valdaine;2022;596
38387;Saint-Geoirs;2022;113
38388;Saint-Georges-de-Commiers;2022;499
38389;Saint-Georges-d'Espéranche;2022;636
38390;Saint-Gervais;2022;80
38391;Saint-Guillaume;2022;63
38392;Saint-Hilaire-de-Brens;2022;91
38393;Saint-Hilaire-de-la-Côte;2022;314
38394;Saint-Hilaire-du-Rosier;2022;449
38395;Plateau-des-Petites-Roches;2022;323
38396;Saint-Honoré;2022;182
38397;Saint-Ismier;2022;1924
38398;Saint-Jean-d'Avelanne;2022;198
38399;Saint-Jean-de-Bournay;2022;1307
38400;Saint-Jean-de-Moirans;2022;614
38401;Saint-Jean-de-Soudain;2022;291
38402;Saint-Jean-de-Vaulx;2022;92
38403;Saint-Jean-d'Hérans;2022;86
38404;Saint-Jean-le-Vieux;2022;53
38405;Saint-Joseph-de-Rivière;2022;191
38406;Saint-Julien-de-l'Herms;2022;30
38407;La Sure en Chartreuse;2022;256
38408;Saint-Just-Chaleyssin;2022;495
38409;Saint-Just-de-Claix;2022;241
38410;Saint-Lattier;2022;325
38412;Saint-Laurent-du-Pont;2022;1042
38413;Saint-Laurent-en-Beaumont;2022;96
38414;Sainte-Luce;2022;7
38415;Saint-Marcel-Bel-Accueil;2022;282
38416;Saint-Marcellin;2022;2258
38417;Sainte-Marie-d'Alloix;2022;94
38418;Sainte-Marie-du-Mont;2022;24
38419;Saint-Martin-de-Clelles;2022;58
38420;Saint-Martin-de-Vaulserre;2022;58
38421;Saint-Martin-d'Hères;2022;4948
38422;Saint-Martin-d'Uriage;2022;1089
38423;Saint-Martin-le-Vinoux;2022;1006
38424;Saint-Maurice-en-Trièves;2022;47
38425;Saint-Maurice-l'Exil;2022;1147
38426;Saint-Maximin;2022;156
38427;Saint-Michel-de-Saint-Geoirs;2022;52
38428;Saint-Michel-en-Beaumont;2022;8
38429;Saint-Michel-les-Portes;2022;57
38430;Saint-Mury-Monteymond;2022;53
38431;Saint-Nazaire-les-Eymes;2022;701
38432;Saint-Nicolas-de-Macherin;2022;205
38433;Saint-Nizier-du-Moucherotte;2022;197
38434;Saint-Ondras;2022;135
38436;Saint-Paul-de-Varces;2022;535
38437;Saint-Paul-d'Izeaux;2022;75
38438;Saint-Paul-lès-Monestier;2022;55
38439;Crêts en Belledonne;2022;566
38440;Saint-Pierre-de-Bressieux;2022;199
38442;Saint-Pierre-de-Chartreuse;2022;197
38443;Saint-Pierre-de-Chérennes;2022;98
38444;Saint-Pierre-de-Méaroz;2022;27
38445;Saint-Pierre-de-Mésage;2022;176
38446;Saint-Pierre-d'Entremont;2022;124
38448;Saint-Prim;2022;259
38449;Saint-Quentin-Fallavier;2022;1067
38450;Saint-Quentin-sur-Isère;2022;266
38451;Saint-Romain-de-Jalionas;2022;704
38452;Saint-Romain-de-Surieu;2022;67
38453;Saint-Romans;2022;404
38454;Saint-Sauveur;2022;567
38455;Saint-Savin;2022;766
38456;Châtel-en-Trièves;2022;139
38457;Saint-Siméon-de-Bressieux;2022;726
38458;Saint-Sorlin-de-Morestel;2022;135
38459;Saint-Sorlin-de-Vienne;2022;189
38460;Saint-Sulpice-des-Rivoires;2022;87
38462;Saint-Théoffrey;2022;93
38463;Saint-Vérand;2022;465
38464;Saint-Victor-de-Cessieu;2022;377
38465;Saint-Victor-de-Morestel;2022;213
38466;Saint-Vincent-de-Mercuze;2022;430
38467;Salagnon;2022;180
38468;Salaise-sur-Sanne;2022;1016
38469;La Salette-Fallavaux;2022;12
38470;La Salle-en-Beaumont;2022;99
38471;Le Sappey-en-Chartreuse;2022;146
38472;Sarcenas;2022;43
38473;Sardieu;2022;176
38474;Sassenage;2022;2473
38475;Satolas-et-Bonce;2022;349
38476;Savas-Mépin;2022;163
38478;Séchilienne;2022;197
38479;Porte-des-Bonnevaux;2022;374
38480;Septème;2022;384
38481;Sérézin-de-la-Tour;2022;170
38483;Sermérieu;2022;295
38484;Serpaize;2022;324
38485;Seyssinet-Pariset;2022;2907
38486;Seyssins;2022;2069
38487;Seyssuel;2022;468
38488;Siccieu-Saint-Julien-et-Carisieu;2022;96
38489;Siévoz;2022;31
38490;Sillans;2022;380
38492;Sinard;2022;112
38494;Soleymieu;2022;152
38495;La Sône;2022;139
38496;Sonnay;2022;245
38497;Sousville;2022;42
38498;Succieu;2022;118
38499;Susville;2022;216
38500;Têche;2022;136
38501;Tencin;2022;242
38503;La Terrasse;2022;484
38504;Theys;2022;404
38505;Thodure;2022;160
38507;Tignieu-Jameyzieu;2022;1277
38508;Torchefelon;2022;108
38509;La Tour-du-Pin;2022;1734
38511;Le Touvet;2022;584
38512;Tramolé;2022;114
38513;Treffort;2022;43
38514;Tréminis;2022;72
38515;Trept;2022;337
38516;La Tronche;2022;1228
38517;Tullins;2022;1736
38518;Valbonnais;2022;158
38519;Valencin;2022;407
38520;Valencogne;2022;117
38521;La Valette;2022;22
38522;Valjouffrey;2022;87
38523;Varacieux;2022;181
38524;Varces-Allières-et-Risset;2022;1226
38525;Vasselin;2022;95
38526;Vatilieu;2022;100
38527;Vaujany;2022;72
38528;Vaulnaveys-le-Bas;2022;251
38529;Vaulnaveys-le-Haut;2022;845
38530;Vaulx-Milieu;2022;459
38531;Velanne;2022;110
38532;Vénérieu;2022;124
38533;Venon;2022;183
38535;Vernas;2022;37
38536;Vernioz;2022;253
38537;La Verpillière;2022;1254
38538;Le Versoud;2022;837
38539;Vertrieu;2022;98
38540;Veurey-Voroize;2022;286
38542;Veyssilieu;2022;56
38543;Vézeronce-Curtin;2022;487
38544;Vienne;2022;6419
38545;Vif;2022;1727
38546;Vignieu;2022;174
38547;Villard-Bonnot;2022;1309
38548;Villard-de-Lans;2022;1187
38549;Villard-Notre-Dame;2022;8
38550;Villard-Reculas;2022;15
38551;Villard-Reymond;2022;13
38552;Villard-Saint-Christophe;2022;80
38553;Villefontaine;2022;2012
38554;Villemoirieu;2022;395
38555;Villeneuve-de-Marc;2022;230
38556;Ville-sous-Anjou;2022;325
38557;Villette-d'Anthon;2022;1072
38558;Villette-de-Vienne;2022;317
38559;Vinay;2022;1027
38560;Val-de-Virieu;2022;375
38561;Viriville;2022;336
38562;Vizille;2022;1634
38563;Voiron;2022;5037
38564;Voissant;2022;63
38565;Voreppe;2022;2221
38566;Vourey;2022;400
38567;Chamrousse;2022;64
39001;Abergement-la-Ronce;2022;160
39002;Abergement-le-Grand;2022;17
39003;Abergement-le-Petit;2022;9
39004;Abergement-lès-Thésy;2022;11
39006;Aiglepierre;2022;94
39007;Alièze;2022;38
39008;Amange;2022;61
39009;Andelot-en-Montagne;2022;136
39010;Andelot-Morval;2022;19
39011;Annoire;2022;109
39013;Arbois;2022;1077
39014;Archelange;2022;53
39015;Ardon;2022;38
39016;Arinthod;2022;359
39017;Arlay;2022;273
39018;Aromas;2022;121
39019;Les Arsures;2022;69
39020;Arsure-Arsurette;2022;30
39021;La Chailleuse;2022;155
39022;Asnans-Beauvoisin;2022;193
39024;Audelange;2022;57
39025;Augea;2022;97
39026;Augerans;2022;46
39027;Augisey;2022;63
39028;Aumont;2022;131
39029;Aumur;2022;95
39030;Authume;2022;213
39031;Auxange;2022;31
39032;Avignon-lès-Saint-Claude;2022;94
39034;Balaiseaux;2022;47
39035;Balanod;2022;62
39037;Bans;2022;39
39038;Barésia-sur-l'Ain;2022;34
39039;La Barre;2022;50
39040;Barretaine;2022;49
39041;Baume-les-Messieurs;2022;50
39042;Baverans;2022;92
39043;Beaufort-Orbagna;2022;290
39045;Beffia;2022;17
39046;Bellecombe;2022;21
39047;Bellefontaine;2022;108
39048;Belmont;2022;78
39049;Bersaillin;2022;84
39050;Besain;2022;34
39051;Biarne;2022;78
39052;Bief-des-Maisons;2022;21
39053;Bief-du-Fourg;2022;34
39054;Biefmorin;2022;12
39055;Billecul;2022;8
39056;Bletterans;2022;484
39057;Blois-sur-Seille;2022;44
39058;Blye;2022;34
39059;Bois-d'Amont;2022;256
39060;Bois-de-Gand;2022;16
39061;Boissia;2022;20
39062;La Boissière;2022;19
39063;Bonlieu;2022;46
39065;Bonnefontaine;2022;30
39066;Bornay;2022;44
39068;Les Bouchoux;2022;81
39070;Bourg-de-Sirod;2022;25
39072;Bracon;2022;178
39073;Brainans;2022;53
39074;Brans;2022;52
39076;La Bretenière;2022;31
39077;Bretenières;2022;18
39078;Brevans;2022;158
39079;Briod;2022;56
39080;Broissia;2022;19
39081;Buvilly;2022;93
39083;Censeau;2022;50
39084;Cernans;2022;23
39085;Cerniébaud;2022;18
39086;Cernon;2022;40
39088;Cesancey;2022;93
39090;Chaînée-des-Coupis;2022;38
39091;Les Chalesmes;2022;17
39092;Chambéria;2022;61
39093;Chamblay;2022;167
39094;Chamole;2022;31
39095;Champagne-sur-Loue;2022;36
39096;Champagney;2022;60
39097;Champagnole;2022;2441
39099;Champdivers;2022;102
39100;Champrougier;2022;26
39101;Champvans;2022;332
39102;Chancia;2022;37
39103;La Chapelle-sur-Furieuse;2022;70
39104;Chapelle-Voland;2022;190
39105;Chapois;2022;63
39106;Charchilla;2022;84
39107;Charcier;2022;40
39108;Charency;2022;9
39109;Charézier;2022;31
39110;La Charme;2022;9
39111;Charnod;2022;15
39112;La Chassagne;2022;35
39114;Château-Chalon;2022;49
39116;La Châtelaine;2022;26
39117;Chatelay;2022;20
39118;Châtel-de-Joux;2022;15
39119;Le Chateley;2022;23
39120;Châtelneuf;2022;26
39121;Châtenois;2022;78
39122;Châtillon;2022;25
39124;Chaumergy;2022;142
39126;La Chaumusse;2022;58
39127;Chaussenans;2022;25
39128;Chaussin;2022;506
39129;Chaux-des-Crotenay;2022;80
39130;Nanchez;2022;182
39131;La Chaux-du-Dombief;2022;100
39132;La Chaux-en-Bresse;2022;10
39133;Chaux-Champagny;2022;18
39134;Chavéria;2022;34
39136;Chemenot;2022;15
39137;Saint-Hymetière-sur-Valouse;2022;93
39138;Chemin;2022;81
39139;Chêne-Bernard;2022;24
39140;Chêne-Sec;2022;14
39141;Chevigny;2022;37
39142;Chevreaux;2022;44
39143;Chevrotaine;2022;8
39145;Chille;2022;97
39146;Chilly-le-Vignoble;2022;105
39147;Chilly-sur-Salins;2022;21
39149;Chissey-sur-Loue;2022;102
39150;Choisey;2022;273
39151;Choux;2022;28
39153;Cize;2022;261
39154;Clairvaux-les-Lacs;2022;387
39155;Clucy;2022;28
39156;Cogna;2022;41
39157;Coiserette;2022;10
39159;Colonne;2022;64
39160;Commenailles;2022;205
39162;Condamine;2022;51
39163;Condes;2022;15
39164;Conliège;2022;172
39165;Conte;2022;17
39166;Cornod;2022;50
39167;Cosges;2022;80
39168;Courbette;2022;10
39169;Courbouzon;2022;187
39170;Courlans;2022;221
39171;Courlaoux;2022;253
39172;Courtefontaine;2022;43
39173;Cousance;2022;407
39174;Coyrière;2022;20
39175;Coyron;2022;15
39176;Cramans;2022;112
39177;Hauteroche;2022;233
39178;Crans;2022;19
39179;Crenans;2022;65
39180;Cressia;2022;60
39182;Crissey;2022;186
39183;Crotenay;2022;137
39184;Les Crozets;2022;56
39185;Cuisia;2022;123
39187;Cuvier;2022;52
39188;Dammartin-Marpain;2022;50
39189;Damparis;2022;549
39190;Dampierre;2022;260
39191;Darbonnay;2022;24
39192;Denezières;2022;36
39193;Le Deschaux;2022;235
39194;Desnes;2022;109
39196;Les Deux-Fays;2022;45
39197;Digna;2022;111
39198;Dole;2022;6353
39199;Domblans;2022;294
39200;Dompierre-sur-Mont;2022;58
39201;Doucier;2022;51
39202;Dournon;2022;19
39203;Doye;2022;25
39204;Dramelay;2022;2
39205;Éclans-Nenon;2022;68
39206;Écleux;2022;63
39207;Écrille;2022;14
39208;Entre-deux-Monts;2022;21
39209;Val-d'Épy;2022;86
39210;Équevillon;2022;183
39211;Les Essards-Taignevaux;2022;67
39214;Esserval-Tartre;2022;24
39216;Étival;2022;55
39217;L'Étoile;2022;149
39218;Étrepigney;2022;81
39219;Évans;2022;127
39220;Falletans;2022;79
39221;La Favière;2022;6
39222;Fay-en-Montagne;2022;17
39223;La Ferté;2022;53
39225;Le Fied;2022;40
39227;Foncine-le-Bas;2022;69
39228;Foncine-le-Haut;2022;219
39229;Fontainebrux;2022;38
39230;Fontenu;2022;18
39232;Fort-du-Plasne;2022;88
39233;Foucherans;2022;582
39234;Foulenay;2022;38
39235;Fraisans;2022;290
39236;Francheville;2022;7
39237;Fraroz;2022;9
39238;Frasne-les-Meulières;2022;19
39239;La Frasnée;2022;11
39240;Le Frasnois;2022;38
39241;Frébuans;2022;103
39244;Frontenay;2022;47
39245;Gatey;2022;79
39246;Gendrey;2022;66
39247;Genod;2022;20
39248;Geraise;2022;9
39249;Germigney;2022;20
39250;Geruge;2022;32
39251;Gevingey;2022;101
39252;Gevry;2022;173
39253;Gigny;2022;84
39254;Gillois;2022;28
39255;Gizia;2022;75
39258;Grande-Rivière Château;2022;135
39259;Grange-de-Vaivre;2022;8
39261;Graye-et-Charnay;2022;45
39262;Gredisans;2022;40
39263;Grozon;2022;79
39265;Hautecour;2022;84
39266;Les Hays;2022;79
39267;Ivory;2022;30
39268;Ivrey;2022;13
39269;Jeurre;2022;66
39270;Jouhe;2022;95
39271;Lac-des-Rouges-Truites;2022;81
39272;Ladoye-sur-Seille;2022;11
39273;Montlainsia;2022;55
39274;Lajoux;2022;53
39275;Lamoura;2022;107
39277;Le Larderet;2022;13
39278;Largillay-Marsonnay;2022;34
39279;Larnaud;2022;125
39280;Larrivoire;2022;26
39281;Le Latet;2022;12
39282;La Latette;2022;18
39283;Lavancia-Epercy;2022;157
39284;Lavangeot;2022;35
39285;Lavans-lès-Dole;2022;55
39286;Lavans-lès-Saint-Claude;2022;561
39288;Lavigny;2022;90
39289;Lect;2022;66
39290;Valzin en Petite Montagne;2022;139
39291;Lemuy;2022;72
39292;Lent;2022;43
39293;Leschères;2022;30
39295;Loisia;2022;48
39296;Lombard;2022;36
39297;Longchaumois;2022;242
39298;Longcochon;2022;10
39299;Longwy-sur-le-Doubs;2022;118
39300;Lons-le-Saunier;2022;4645
39301;Loulle;2022;35
39302;Louvatange;2022;14
39304;Le Louverot;2022;66
39305;La Loye;2022;140
39306;Macornay;2022;275
39307;Maisod;2022;74
39308;Malange;2022;116
39310;Mantry;2022;106
39312;Marigna-sur-Valouse;2022;29
39313;Marigny;2022;50
39314;Marnézia;2022;16
39315;Marnoz;2022;107
39317;La Marre;2022;63
39318;Martigna;2022;45
39319;Mathenay;2022;18
39320;Maynal;2022;74
39321;Menétru-le-Vignoble;2022;48
39322;Menétrux-en-Joux;2022;15
39323;Menotey;2022;61
39324;Mérona;2022;4
39325;Mesnay;2022;161
39326;Mesnois;2022;48
39327;Messia-sur-Sorne;2022;210
39328;Meussia;2022;92
39329;Mièges;2022;40
39330;Miéry;2022;32
39331;Mignovillard;2022;143
39333;Moirans-en-Montagne;2022;430
39334;Moiron;2022;27
39335;Moissey;2022;142
39336;Molain;2022;27
39337;Molamboz;2022;26
39338;Molay;2022;151
39339;Chassal-Molinges;2022;261
39342;Monay;2022;34
39343;Monnetay;2022;4
39344;Monnet-la-Ville;2022;89
39345;Monnières;2022;109
39346;Montagna-le-Reconduit;2022;39
39348;Montaigu;2022;133
39349;Montain;2022;188
39350;Montbarrey;2022;76
39351;Montcusel;2022;37
39352;Monteplain;2022;12
39353;Montfleur;2022;46
39354;Montholier;2022;65
39355;Montigny-lès-Arsures;2022;81
39356;Montigny-sur-l'Ain;2022;35
39359;Montmarlon;2022;7
39360;Montmirey-la-Ville;2022;74
39361;Montmirey-le-Château;2022;24
39362;Montmorot;2022;845
39363;Montrevel;2022;21
39364;Montrond;2022;117
39365;Mont-sous-Vaudrey;2022;352
39366;Mont-sur-Monnet;2022;39
39367;Morbier;2022;471
39368;Hauts de Bienne;2022;840
39370;Mouchard;2022;224
39372;Mournans-Charbonny;2022;28
39373;Les Moussières;2022;43
39375;Moutonne;2022;21
39376;Moutoux;2022;23
39377;Mutigney;2022;36
39378;Les Trois-Châteaux;2022;211
39379;Nance;2022;138
39380;Nancuise;2022;13
39381;Les Nans;2022;37
39385;Neublans-Abergement;2022;140
39386;Neuvilley;2022;16
39387;Nevy-lès-Dole;2022;50
39388;Nevy-sur-Seille;2022;66
39389;Ney;2022;140
39390;Nogna;2022;47
39391;Nozeroy;2022;140
39392;Offlanges;2022;45
39393;Onglières;2022;16
39394;Onoz;2022;17
39396;Orchamps;2022;167
39397;Orgelet;2022;499
39398;Ougney;2022;48
39399;Ounans;2022;76
39400;Our;2022;32
39401;Oussières;2022;59
39402;Pagney;2022;83
39403;Pagnoz;2022;56
39404;Pannessières;2022;116
39405;Parcey;2022;238
39406;Le Pasquier;2022;54
39407;Passenans;2022;98
39408;Patornay;2022;38
39409;Peintre;2022;40
39411;Perrigny;2022;444
39412;Peseux;2022;73
39413;La Pesse;2022;84
39415;Petit-Noir;2022;320
39418;Picarreau;2022;26
39419;Pillemoine;2022;15
39420;Pimorin;2022;44
39421;Le Pin;2022;63
39422;Plainoiseau;2022;136
39423;Plaisia;2022;35
39424;Les Planches-en-Montagne;2022;45
39425;Les Planches-près-Arbois;2022;25
39426;Plasne;2022;53
39427;Plénise;2022;12
39428;Plénisette;2022;3
39429;Pleure;2022;110
39430;Plumont;2022;33
39431;Poids-de-Fiole;2022;66
39432;Pointre;2022;18
39434;Poligny;2022;1022
39435;Pont-de-Poitte;2022;154
39436;Pont-d'Héry;2022;78
39437;Pont-du-Navoy;2022;59
39439;Port-Lesney;2022;136
39441;Prémanon;2022;121
39443;Présilly;2022;34
39444;Pretin;2022;17
39445;Publy;2022;58
39446;Pupillin;2022;69
39447;Quintigny;2022;48
39448;Rahon;2022;131
39449;Rainans;2022;55
39451;Ranchot;2022;103
39452;Rans;2022;79
39453;Ravilloles;2022;81
39454;Recanoz;2022;18
39455;Reithouse;2022;14
39456;Relans;2022;52
39457;Les Repôts;2022;8
39458;Revigny;2022;56
39460;La Rixouse;2022;37
39461;Rix;2022;21
39462;Rochefort-sur-Nenon;2022;219
39463;Rogna;2022;56
39464;Romain;2022;23
39465;Romange;2022;38
39466;Rosay;2022;30
39467;Rotalier;2022;44
39468;Rothonay;2022;29
39469;Rouffange;2022;20
39470;Les Rousses;2022;515
39471;Ruffey-sur-Seille;2022;183
39472;Rye;2022;72
39473;Saffloz;2022;15
39475;Saint-Amour;2022;656
39476;Saint-Aubin;2022;454
39477;Saint-Baraing;2022;53
39478;Saint-Claude;2022;2212
39479;Saint-Cyr-Montmalin;2022;59
39480;Saint-Didier;2022;63
39481;Saint-Germain-en-Montagne;2022;87
39485;Val Suran;2022;297
39486;Saint-Lamain;2022;28
39487;Saint-Laurent-en-Grandvaux;2022;444
39489;Saint-Lothain;2022;87
39490;Saint-Loup;2022;70
39491;Coteaux du Lizon;2022;544
39492;Saint-Maur;2022;60
39493;Saint-Maurice-Crillat;2022;55
39494;Saint-Pierre;2022;54
39495;Saint-Thiébaud;2022;9
39497;Saizenay;2022;24
39498;Salans;2022;125
39499;Saligney;2022;54
39500;Salins-les-Bains;2022;874
39501;Sampans;2022;201
39502;Santans;2022;62
39503;Sapois;2022;86
39504;Sarrogna;2022;49
39505;Saugeot;2022;14
39507;Séligney;2022;24
39508;Sellières;2022;229
39510;Septmoncel les Molunes;2022;165
39511;Sergenaux;2022;16
39512;Sergenon;2022;19
39513;Sermange;2022;50
39514;Serre-les-Moulières;2022;29
39517;Sirod;2022;139
39518;Songeson;2022;20
39519;Soucia;2022;34
39520;Souvans;2022;123
39522;Supt;2022;26
39523;Syam;2022;55
39525;Tassenières;2022;76
39526;Tavaux;2022;982
39527;Taxenne;2022;45
39528;Thervay;2022;96
39529;Thésy;2022;14
39530;Thoirette-Coisia;2022;174
39531;Thoiria;2022;40
39532;Thoissia;2022;14
39533;Toulouse-le-Château;2022;54
39534;La Tour-du-Meix;2022;75
39535;Tourmont;2022;104
39537;Trenal;2022;103
39538;Uxelles;2022;13
39539;Vadans;2022;66
39540;Valempoulières;2022;50
39543;Vannoz;2022;77
39545;Le Vaudioux;2022;42
39546;Vaudrey;2022;65
39547;Vaux-lès-Saint-Claude;2022;150
39550;Verges;2022;40
39551;Véria;2022;25
39552;Vernantois;2022;75
39553;Le Vernois;2022;84
39554;Vers-en-Montagne;2022;65
39555;Vers-sous-Sellières;2022;40
39556;Vertamboz;2022;21
39557;Vescles;2022;42
39558;Vevy;2022;67
39559;La Vieille-Loye;2022;96
39560;Villard-Saint-Sauveur;2022;192
39561;Villards-d'Héria;2022;89
39565;Villeneuve-d'Aval;2022;25
39567;Villeneuve-sous-Pymont;2022;113
39568;Villerserine;2022;10
39569;Villers-Farlay;2022;118
39570;Villers-les-Bois;2022;47
39571;Villers-Robert;2022;46
39572;Villette-lès-Arbois;2022;104
39573;Villette-lès-Dole;2022;184
39574;Villevieux;2022;187
39575;Le Villey;2022;24
39576;Val-Sonnette;2022;275
39577;Vincent-Froideville;2022;77
39579;Viry;2022;211
39581;Vitreux;2022;40
39582;Voiteur;2022;255
39583;Vosbles-Valfin;2022;61
39584;Vriange;2022;31
39585;Vulvoz;2022;2
39586;Aresches;2022;12
40001;Aire-sur-l'Adour;2022;1963
40002;Amou;2022;530
40003;Angoumé;2022;51
40004;Angresse;2022;431
40005;Arboucave;2022;51
40006;Arengosse;2022;234
40007;Argelos;2022;44
40008;Argelouse;2022;37
40011;Arsague;2022;96
40012;Artassenx;2022;70
40013;Arthez-d'Armagnac;2022;14
40014;Arue;2022;97
40015;Arx;2022;25
40016;Aubagnan;2022;48
40017;Audignon;2022;93
40018;Audon;2022;72
40019;Aureilhan;2022;369
40020;Aurice;2022;148
40021;Azur;2022;207
40022;Bahus-Soubiran;2022;95
40023;Baigts;2022;103
40024;Banos;2022;69
40025;Bascons;2022;197
40026;Bas-Mauco;2022;90
40027;Bassercles;2022;35
40028;Bastennes;2022;67
40029;Bats;2022;68
40030;Baudignan;2022;13
40031;Bégaar;2022;303
40032;Belhade;2022;43
40033;Bélis;2022;45
40034;Bélus;2022;140
40035;Bénesse-lès-Dax;2022;134
40036;Bénesse-Maremne;2022;598
40037;Benquet;2022;402
40038;Bergouey;2022;46
40039;Betbezer-d'Armagnac;2022;30
40040;Beylongue;2022;120
40041;Beyries;2022;29
40042;Biarrotte;2022;52
40043;Bias;2022;220
40044;Biaudos;2022;194
40046;Biscarrosse;2022;4991
40047;Bonnegarde;2022;78
40049;Bordères-et-Lamensans;2022;79
40050;Bostens;2022;47
40051;Bougue;2022;168
40052;Bourdalat;2022;51
40053;Bourriot-Bergonce;2022;83
40054;Brassempouy;2022;80
40055;Bretagne-de-Marsan;2022;381
40056;Brocas;2022;198
40057;Buanes;2022;53
40058;Cachen;2022;66
40059;Cagnotte;2022;170
40060;Callen;2022;49
40061;Campagne;2022;222
40062;Campet-et-Lamolère;2022;63
40063;Candresse;2022;224
40064;Canenx-et-Réaut;2022;40
40065;Capbreton;2022;3265
40066;Carcarès-Sainte-Croix;2022;133
40067;Carcen-Ponson;2022;166
40068;Cassen;2022;118
40069;Castaignos-Souslens;2022;101
40070;Castandet;2022;102
40071;Castelnau-Chalosse;2022;137
40072;Castelnau-Tursan;2022;59
40073;Castelner;2022;31
40074;Castel-Sarrazin;2022;113
40075;Castets;2022;592
40076;Cauna;2022;102
40077;Cauneille;2022;185
40078;Caupenne;2022;112
40079;Cazalis;2022;38
40080;Cazères-sur-l'Adour;2022;269
40081;Cère;2022;83
40082;Classun;2022;47
40083;Clèdes;2022;31
40084;Clermont;2022;163
40085;Commensacq;2022;108
40086;Coudures;2022;116
40087;Créon-d'Armagnac;2022;104
40088;Dax;2022;6380
40089;Doazit;2022;205
40090;Donzacq;2022;137
40091;Duhort-Bachen;2022;187
40092;Dumes;2022;33
40093;Escalans;2022;76
40094;Escource;2022;222
40095;Estibeaux;2022;152
40096;Estigarde;2022;25
40097;Eugénie-les-Bains;2022;161
40098;Eyres-Moncube;2022;80
40099;Fargues;2022;78
40100;Le Frêche;2022;109
40101;Gaas;2022;97
40102;Gabarret;2022;531
40103;Gaillères;2022;131
40104;Gamarde-les-Bains;2022;315
40105;Garein;2022;90
40106;Garrey;2022;50
40108;Gastes;2022;218
40109;Gaujacq;2022;156
40110;Geaune;2022;232
40111;Geloux;2022;159
40112;Gibret;2022;26
40113;Goos;2022;121
40114;Gourbera;2022;76
40115;Gousse;2022;41
40116;Gouts;2022;74
40117;Grenade-sur-l'Adour;2022;600
40118;Habas;2022;373
40119;Hagetmau;2022;1443
40120;Hastingues;2022;146
40121;Hauriet;2022;71
40122;Haut-Mauco;2022;184
40123;Herm;2022;268
40124;Herré;2022;30
40125;Heugas;2022;356
40126;Hinx;2022;479
40127;Hontanx;2022;154
40128;Horsarrieu;2022;204
40129;Josse;2022;176
40130;Labastide-Chalosse;2022;39
40131;Labastide-d'Armagnac;2022;261
40132;Labatut;2022;341
40133;Labenne;2022;1499
40134;Labouheyre;2022;741
40135;Labrit;2022;283
40136;Lacajunte;2022;33
40137;Lacquy;2022;59
40138;Lacrabe;2022;58
40139;Laglorieuse;2022;147
40140;Lagrange;2022;69
40141;Lahosse;2022;78
40142;Laluque;2022;212
40143;Lamothe;2022;84
40144;Larbey;2022;59
40145;Larrivière-Saint-Savin;2022;153
40146;Latrille;2022;44
40147;Laurède;2022;86
40148;Lauret;2022;22
40149;Lencouacq;2022;117
40150;Léon;2022;768
40151;Lesgor;2022;93
40152;Lesperon;2022;261
40153;Le Leuy;2022;59
40154;Lévignacq;2022;125
40155;Linxe;2022;435
40156;Liposthey;2022;81
40157;Lit-et-Mixe;2022;627
40158;Losse;2022;118
40159;Louer;2022;62
40160;Lourquen;2022;63
40161;Lubbon;2022;34
40162;Lucbardez-et-Bargues;2022;91
40163;Lüe;2022;149
40164;Retjons;2022;84
40165;Luglon;2022;93
40166;Lussagnet;2022;18
40167;Luxey;2022;243
40168;Magescq;2022;463
40169;Maillas;2022;35
40170;Maillères;2022;53
40171;Mano;2022;40
40172;Mant;2022;76
40173;Marpaps;2022;34
40174;Mauries;2022;19
40175;Maurrin;2022;102
40176;Mauvezin-d'Armagnac;2022;35
40177;Maylis;2022;110
40178;Mazerolles;2022;184
40179;Mées;2022;479
40180;Meilhan;2022;280
40181;Messanges;2022;285
40182;Mézos;2022;302
40183;Mimbaste;2022;263
40184;Mimizan;2022;2676
40185;Miramont-Sensacq;2022;116
40186;Misson;2022;165
40187;Moliets-et-Maa;2022;388
40188;Momuy;2022;118
40189;Monget;2022;22
40190;Monségur;2022;96
40191;Montaut;2022;149
40192;Mont-de-Marsan;2022;6939
40193;Montégut;2022;25
40194;Montfort-en-Chalosse;2022;386
40195;Montgaillard;2022;134
40196;Montsoué;2022;141
40197;Morcenx-la-Nouvelle;2022;1673
40198;Morganx;2022;47
40199;Mouscardès;2022;64
40200;Moustey;2022;164
40201;Mugron;2022;456
40202;Narrosse;2022;888
40203;Nassiet;2022;93
40204;Nerbis;2022;66
40205;Nousse;2022;77
40206;Oeyregave;2022;81
40207;Oeyreluy;2022;338
40208;Onard;2022;88
40209;Ondres;2022;1358
40210;Onesse-Laharie;2022;405
40211;Orist;2022;140
40212;Orthevielle;2022;228
40213;Orx;2022;137
40214;Ossages;2022;119
40215;Ousse-Suzan;2022;59
40216;Ozourt;2022;48
40217;Parentis-en-Born;2022;1820
40218;Parleboscq;2022;156
40219;Payros-Cazautets;2022;25
40220;Pécorade;2022;41
40221;Perquie;2022;100
40222;Pey;2022;154
40223;Peyre;2022;59
40224;Peyrehorade;2022;1018
40225;Philondenx;2022;55
40226;Pimbo;2022;69
40227;Pissos;2022;418
40228;Pomarez;2022;495
40229;Pontenx-les-Forges;2022;443
40230;Pontonx-sur-l'Adour;2022;661
40231;Port-de-Lanne;2022;277
40232;Poudenx;2022;68
40233;Pouillon;2022;915
40234;Pouydesseaux;2022;167
40235;Poyanne;2022;151
40236;Poyartin;2022;187
40237;Préchacq-les-Bains;2022;130
40238;Pujo-le-Plan;2022;154
40239;Puyol-Cazalet;2022;31
40240;Renung;2022;106
40242;Rimbez-et-Baudiets;2022;29
40243;Rion-des-Landes;2022;850
40244;Rivière-Saas-et-Gourby;2022;242
40245;Roquefort;2022;614
40246;Sabres;2022;354
40247;Saint-Agnet;2022;52
40248;Saint-André-de-Seignanx;2022;370
40249;Saint-Aubin;2022;121
40250;Saint-Avit;2022;159
40251;Saint-Barthélemy;2022;65
40252;Sainte-Colombe;2022;117
40253;Saint-Cricq-Chalosse;2022;163
40254;Saint-Cricq-du-Gave;2022;110
40255;Saint-Cricq-Villeneuve;2022;111
40256;Saint-Étienne-d'Orthe;2022;163
40257;Sainte-Eulalie-en-Born;2022;455
40258;Sainte-Foy;2022;44
40259;Saint-Gein;2022;113
40260;Saint-Geours-d'Auribat;2022;99
40261;Saint-Geours-de-Maremne;2022;584
40262;Saint-Gor;2022;91
40263;Saint-Jean-de-Lier;2022;90
40264;Saint-Jean-de-Marsacq;2022;309
40265;Saint-Julien-d'Armagnac;2022;52
40266;Saint-Julien-en-Born;2022;541
40267;Saint-Justin;2022;286
40268;Saint-Laurent-de-Gosse;2022;136
40269;Saint-Lon-les-Mines;2022;318
40270;Saint-Loubouer;2022;119
40271;Sainte-Marie-de-Gosse;2022;226
40272;Saint-Martin-de-Hinx;2022;295
40273;Saint-Martin-de-Seignanx;2022;1463
40274;Saint-Martin-d'Oney;2022;281
40275;Saint-Maurice-sur-Adour;2022;142
40276;Saint-Michel-Escalus;2022;151
40277;Saint-Pandelon;2022;200
40278;Saint-Paul-en-Born;2022;273
40279;Saint-Paul-lès-Dax;2022;4493
40280;Saint-Perdon;2022;319
40281;Saint-Pierre-du-Mont;2022;2042
40282;Saint-Sever;2022;1405
40283;Saint-Vincent-de-Paul;2022;794
40284;Saint-Vincent-de-Tyrosse;2022;2196
40285;Saint-Yaguen;2022;150
40286;Samadet;2022;318
40287;Sanguinet;2022;1175
40288;Sarbazan;2022;262
40289;Sarraziet;2022;48
40290;Sarron;2022;31
40291;Saubion;2022;374
40292;Saubrigues;2022;363
40293;Saubusse;2022;204
40294;Saugnac-et-Cambran;2022;400
40295;Saugnac-et-Muret;2022;165
40296;Seignosse;2022;1027
40297;Le Sen;2022;65
40298;Serres-Gaston;2022;80
40299;Serreslous-et-Arribans;2022;62
40300;Seyresse;2022;245
40301;Siest;2022;20
40303;Solférino;2022;72
40304;Soorts-Hossegor;2022;1686
40305;Sorbets;2022;48
40306;Sorde-l'Abbaye;2022;176
40307;Sore;2022;332
40308;Sort-en-Chalosse;2022;246
40309;Souprosse;2022;353
40310;Soustons;2022;2629
40311;Taller;2022;124
40312;Tarnos;2022;2976
40313;Tartas;2022;988
40314;Tercis-les-Bains;2022;317
40315;Téthieu;2022;161
40316;Tilh;2022;208
40317;Tosse;2022;799
40318;Toulouzette;2022;69
40319;Trensacq;2022;69
40320;Uchacq-et-Parentis;2022;134
40321;Urgons;2022;68
40322;Uza;2022;62
40323;Vert;2022;73
40324;Vicq-d'Auribat;2022;53
40325;Vielle-Tursan;2022;84
40326;Vielle-Saint-Girons;2022;502
40327;Vielle-Soubiran;2022;66
40328;Vieux-Boucau-les-Bains;2022;664
40329;Le Vignau;2022;111
40330;Villenave;2022;98
40331;Villeneuve-de-Marsan;2022;699
40332;Ychoux;2022;561
40333;Ygos-Saint-Saturnin;2022;378
40334;Yzosse;2022;93
41001;Ambloy;2022;36
41002;Angé;2022;182
41003;Areines;2022;164
41004;Artins;2022;90
41006;Autainville;2022;79
41007;Authon;2022;125
41008;Avaray;2022;126
41009;Averdon;2022;169
41010;Azé;2022;200
41012;Baillou;2022;57
41013;Bauzy;2022;67
41014;Beauchêne;2022;27
41016;Billy;2022;244
41017;Binas;2022;155
41018;Blois;2022;9695
41019;Boisseau;2022;22
41020;Bonneveau;2022;137
41022;Bouffry;2022;37
41024;Boursay;2022;48
41025;Bracieux;2022;460
41026;Brévainville;2022;40
41027;Briou;2022;20
41028;Busloup;2022;92
41029;Candé-sur-Beuvron;2022;315
41030;Cellé;2022;74
41031;Cellettes;2022;632
41032;Chailles;2022;663
41034;Chambord;2022;12
41035;Champigny-en-Beauce;2022;99
41036;Chaon;2022;119
41037;La Chapelle-Enchérie;2022;33
41038;La Chapelle-Montmartin;2022;111
41039;La Chapelle-Saint-Martin-en-Plaine;2022;115
41040;La Chapelle-Vendômoise;2022;174
41041;La Chapelle-Vicomtesse;2022;44
41042;Châteauvieux;2022;194
41043;Châtillon-sur-Cher;2022;430
41044;Châtres-sur-Cher;2022;383
41045;Chaumont-sur-Loire;2022;250
41046;Chaumont-sur-Tharonne;2022;271
41047;La Chaussée-Saint-Victor;2022;1281
41048;Chauvigny-du-Perche;2022;52
41049;Chémery;2022;262
41050;Cheverny;2022;266
41051;Chissay-en-Touraine;2022;320
41052;Chitenay;2022;254
41053;Choue;2022;143
41054;Choussy;2022;51
41055;Valloire-sur-Cisse;2022;561
41057;Conan;2022;29
41058;Concriers;2022;31
41059;Le Controis-en-Sologne;2022;1733
41060;Cormenon;2022;225
41061;Cormeray;2022;219
41062;Couddes;2022;133
41063;Couffy;2022;146
41065;Coulommiers-la-Tour;2022;107
41066;Courbouzon;2022;71
41067;Cour-Cheverny;2022;838
41068;Courmemin;2022;131
41069;Cour-sur-Loire;2022;98
41070;Vallée-de-Ronsard;2022;209
41071;Crouy-sur-Cosson;2022;108
41072;Crucheray;2022;79
41073;Danzé;2022;119
41074;Dhuizon;2022;372
41075;Droué;2022;435
41077;Épiais;2022;18
41078;Épuisay;2022;129
41079;Les Essarts;2022;35
41080;Faverolles-sur-Cher;2022;327
41081;Faye;2022;33
41083;La Ferté-Beauharnais;2022;147
41084;La Ferté-Imbault;2022;336
41085;La Ferté-Saint-Cyr;2022;277
41086;Fontaines-en-Sologne;2022;127
41087;Fontaine-les-Coteaux;2022;99
41088;Fontaine-Raoul;2022;64
41089;La Fontenelle;2022;40
41090;Fortan;2022;52
41091;Fossé;2022;280
41093;Françay;2022;47
41094;Fresnes;2022;265
41095;Fréteval;2022;275
41096;Le Gault-du-Perche;2022;110
41097;Gièvres;2022;611
41098;Gombergean;2022;17
41099;Gy-en-Sologne;2022;129
41100;Les Hayes;2022;46
41101;Herbault;2022;268
41102;Houssay;2022;82
41103;Huisseau-en-Beauce;2022;85
41104;Huisseau-sur-Cosson;2022;502
41105;Josnes;2022;184
41106;Lamotte-Beuvron;2022;1402
41107;Lancé;2022;100
41108;Lancôme;2022;28
41109;Landes-le-Gaulois;2022;139
41110;Langon-sur-Cher;2022;212
41112;Lassay-sur-Croisne;2022;73
41113;Lavardin;2022;76
41114;Lestiou;2022;51
41115;Lignières;2022;98
41116;Lisle;2022;39
41118;Loreux;2022;62
41119;Lorges;2022;46
41120;Lunay;2022;311
41121;La Madeleine-Villefrouin;2022;8
41122;Maray;2022;68
41123;Marchenoir;2022;238
41124;Marcilly-en-Beauce;2022;58
41125;Marcilly-en-Gault;2022;249
41126;Mareuil-sur-Cher;2022;288
41127;La Marolle-en-Sologne;2022;82
41128;Marolles;2022;186
41129;Maslives;2022;155
41130;Maves;2022;106
41131;Mazangé;2022;203
41132;Méhers;2022;75
41134;Menars;2022;172
41135;Mennetou-sur-Cher;2022;252
41136;Mer;2022;1564
41137;Mesland;2022;112
41138;Meslay;2022;106
41139;Meusnes;2022;336
41140;Millançay;2022;201
41141;Moisy;2022;65
41142;Valencisse;2022;661
41143;Mondoubleau;2022;583
41144;Monteaux;2022;218
41145;Monthou-sur-Bièvre;2022;139
41146;Monthou-sur-Cher;2022;258
41147;Les Montils;2022;407
41148;Montlivault;2022;328
41149;Montoire-sur-le-Loir;2022;1480
41150;Mont-près-Chambord;2022;895
41151;Montrichard Val de Cher;2022;1390
41152;Montrieux-en-Sologne;2022;153
41153;Montrouveau;2022;41
41154;Morée;2022;373
41155;Muides-sur-Loire;2022;305
41156;Mulsans;2022;93
41157;Mur-de-Sologne;2022;346
41158;Naveil;2022;590
41159;Neung-sur-Beuvron;2022;402
41160;Neuvy;2022;77
41161;Nouan-le-Fuzelier;2022;653
41163;Nourray;2022;36
41164;Noyers-sur-Cher;2022;875
41166;Oisly;2022;72
41167;Veuzain-sur-Loire;2022;991
41168;Orçay;2022;64
41171;Oucques La Nouvelle;2022;455
41172;Ouzouer-le-Doyen;2022;47
41173;Beauce la Romaine;2022;759
41174;Périgny;2022;34
41175;Pezou;2022;228
41176;Pierrefitte-sur-Sauldre;2022;272
41177;Le Plessis-Dorin;2022;81
41178;Le Plessis-l'Échelle;2022;15
41179;Le Poislay;2022;64
41180;Pontlevoy;2022;407
41181;Pouillé;2022;207
41182;Pray;2022;47
41184;Prunay-Cassereau;2022;93
41185;Pruniers-en-Sologne;2022;617
41186;Rahart;2022;64
41187;Renay;2022;49
41188;Rhodon;2022;18
41189;Rilly-sur-Loire;2022;69
41190;Rocé;2022;42
41191;Roches;2022;17
41192;Les Roches-l'Évêque;2022;60
41193;Romilly;2022;48
41194;Romorantin-Lanthenay;2022;4885
41195;Rougeou;2022;28
41196;Ruan-sur-Egvonne;2022;22
41198;Saint-Aignan;2022;1118
41199;Saint-Amand-Longpré;2022;303
41200;Sainte-Anne;2022;84
41201;Saint-Arnoult;2022;81
41203;Saint-Bohaire;2022;90
41204;Saint-Claude-de-Diray;2022;479
41205;Saint-Cyr-du-Gault;2022;47
41206;Saint-Denis-sur-Loire;2022;291
41207;Saint-Dyé-sur-Loire;2022;324
41208;Saint-Étienne-des-Guérets;2022;21
41209;Saint-Firmin-des-Prés;2022;159
41211;Saint-Georges-sur-Cher;2022;755
41212;Saint-Gervais-la-Forêt;2022;940
41213;Saint-Gourgon;2022;25
41214;Saint-Hilaire-la-Gravelle;2022;164
41215;Saint-Jacques-des-Guérets;2022;31
41216;Saint-Jean-Froidmentel;2022;103
41217;Saint-Julien-de-Chédon;2022;240
41218;Saint-Julien-sur-Cher;2022;184
41219;Saint-Laurent-des-Bois;2022;61
41220;Saint-Laurent-Nouan;2022;877
41221;Saint-Léonard-en-Beauce;2022;132
41222;Saint-Loup;2022;76
41223;Saint-Lubin-en-Vergonnois;2022;181
41224;Saint-Marc-du-Cor;2022;40
41225;Saint-Martin-des-Bois;2022;166
41226;Saint-Ouen;2022;1024
41228;Saint-Rimay;2022;76
41229;Saint-Romain-sur-Cher;2022;415
41230;Saint-Sulpice-de-Pommeray;2022;466
41231;Saint-Viâtre;2022;346
41232;Salbris;2022;1490
41233;Sambin;2022;197
41234;Santenay;2022;48
41235;Sargé-sur-Braye;2022;255
41236;Sasnières;2022;28
41237;Sassay;2022;211
41238;Savigny-sur-Braye;2022;617
41239;Seigy;2022;366
41241;Selles-Saint-Denis;2022;457
41242;Selles-sur-Cher;2022;1453
41243;Selommes;2022;201
41245;Séris;2022;70
41246;Seur;2022;85
41247;Soings-en-Sologne;2022;381
41248;Couëtron-au-Perche;2022;276
41249;Souesmes;2022;420
41250;Sougé;2022;135
41251;Souvigny-en-Sologne;2022;145
41252;Suèvres;2022;338
41253;Talcy;2022;50
41254;Le Temple;2022;47
41255;Ternay;2022;70
41256;Theillay;2022;394
41258;Thésée;2022;312
41259;Thoré-la-Rochette;2022;227
41260;Thoury;2022;111
41261;Tourailles;2022;37
41262;Tour-en-Sologne;2022;264
41265;Troo;2022;87
41266;Valaire;2022;24
41267;Vallières-les-Grandes;2022;231
41268;Veilleins;2022;57
41269;Vendôme;2022;4822
41271;Vernou-en-Sologne;2022;142
41273;Vievy-le-Rayé;2022;116
41274;Villavard;2022;43
41275;La Ville-aux-Clercs;2022;352
41276;Villebarou;2022;483
41277;Villebout;2022;37
41278;Villechauve;2022;53
41279;Villedieu-le-Château;2022;136
41280;Villefranche-sur-Cher;2022;722
41281;Villefrancœur;2022;90
41282;Villeherviers;2022;182
41283;Villemardy;2022;50
41284;Villeneuve-Frouville;2022;12
41285;Villeny;2022;85
41286;Villeporcher;2022;40
41287;Villerable;2022;125
41288;Villerbon;2022;170
41289;Villermain;2022;49
41290;Villeromain;2022;62
41291;Villetrun;2022;69
41292;Villexanton;2022;33
41293;Villiersfaux;2022;38
41294;Villiers-sur-Loir;2022;292
41295;Vineuil;2022;2135
41296;Vouzon;2022;319
41297;Yvoy-le-Marron;2022;223
42001;Aboën;2022;87
42002;Ailleux;2022;58
42003;Ambierle;2022;434
42005;Andrézieux-Bouthéon;2022;2226
42006;Apinac;2022;124
42007;Arcinges;2022;32
42008;Arcon;2022;29
42009;Arthun;2022;122
42010;Aveizieux;2022;256
42011;Balbigny;2022;761
42012;Bard;2022;135
42013;Bellegarde-en-Forez;2022;429
42014;Belleroche;2022;75
42015;Belmont-de-la-Loire;2022;490
42016;La Bénisson-Dieu;2022;94
42017;Le Bessat;2022;119
42018;Bessey;2022;65
42019;Boën-sur-Lignon;2022;1056
42020;Boisset-lès-Montrond;2022;184
42021;Boisset-Saint-Priest;2022;211
42022;Bonson;2022;1021
42023;Bourg-Argental;2022;790
42025;Boyer;2022;26
42026;Briennon;2022;458
42027;Bully;2022;100
42028;Burdignes;2022;99
42029;Bussières;2022;409
42030;Bussy-Albieux;2022;113
42031;Caloire;2022;68
42032;Cellieu;2022;362
42033;Le Cergne;2022;141
42034;Cervières;2022;29
42035;Cezay;2022;36
42036;Chagnon;2022;82
42037;Chalain-d'Uzore;2022;109
42038;Chalain-le-Comtal;2022;113
42039;Chalmazel-Jeansagnière;2022;175
42040;La Chamba;2022;17
42041;Chambéon;2022;98
42042;Chambles;2022;197
42043;Chambœuf;2022;377
42044;Le Chambon-Feugerolles;2022;2915
42045;La Chambonie;2022;12
42046;Champdieu;2022;455
42047;Champoly;2022;81
42048;Chandon;2022;366
42049;Changy;2022;132
42050;La Chapelle-en-Lafaye;2022;45
42051;La Chapelle-Villars;2022;78
42052;Charlieu;2022;1078
42053;Châteauneuf;2022;376
42054;Châtelneuf;2022;44
42055;Châtelus;2022;20
42056;Chavanay;2022;580
42058;Chazelles-sur-Lavieu;2022;52
42059;Chazelles-sur-Lyon;2022;1384
42060;Chenereilles;2022;91
42061;Cherier;2022;117
42062;Chevrières;2022;159
42063;Chirassimont;2022;84
42064;Chuyer;2022;134
42065;Civens;2022;342
42066;Cleppé;2022;129
42067;Colombier;2022;53
42068;Combre;2022;51
42069;Commelle-Vernay;2022;814
42070;Cordelle;2022;179
42071;Le Coteau;2022;2428
42073;Cottance;2022;132
42074;Coutouvre;2022;292
42075;Craintilleux;2022;228
42076;Cremeaux;2022;234
42077;Croizet-sur-Gand;2022;56
42078;Le Crozet;2022;70
42079;Cuinzier;2022;119
42081;Cuzieu;2022;254
42083;Dargoire;2022;108
42084;Solore-en-Forez;2022;154
42085;Doizieux;2022;165
42086;Écoche;2022;130
42087;Écotay-l'Olme;2022;386
42088;Épercieux-Saint-Paul;2022;136
42089;Essertines-en-Châtelneuf;2022;145
42090;Essertines-en-Donzy;2022;88
42091;Estivareilles;2022;156
42092;L'Étrat;2022;749
42093;Farnay;2022;312
42094;Feurs;2022;2662
42095;Firminy;2022;4642
42096;Fontanès;2022;121
42097;La Fouillouse;2022;1128
42098;Fourneaux;2022;114
42099;Fraisses;2022;873
42100;La Gimond;2022;52
42101;Graix;2022;31
42102;Grammond;2022;161
42103;La Grand-Croix;2022;997
42104;La Gresle;2022;188
42105;Grézieux-le-Fromental;2022;28
42106;Grézolles;2022;80
42107;Gumières;2022;69
42108;L'Hôpital-le-Grand;2022;150
42110;L'Horme;2022;1077
42112;Jarnosse;2022;79
42113;Jas;2022;53
42115;Jonzieux;2022;277
42116;Juré;2022;60
42117;Lavieu;2022;18
42118;Lay;2022;194
42119;Leigneux;2022;92
42120;Lentigny;2022;410
42121;Lérigneux;2022;29
42122;Lézigneux;2022;320
42123;Lorette;2022;1163
42124;Lupé;2022;45
42125;Luré;2022;38
42126;Luriecq;2022;216
42127;Mably;2022;2316
42128;Machézal;2022;79
42129;Maclas;2022;448
42130;Magneux-Haute-Rive;2022;49
42131;Maizilly;2022;76
42132;Malleval;2022;125
42133;Marcenod;2022;88
42134;Marcilly-le-Châtel;2022;232
42135;Marclopt;2022;91
42136;Marcoux;2022;178
42137;Margerie-Chantagret;2022;136
42138;Maringes;2022;112
42139;Marlhes;2022;356
42140;Marols;2022;97
42141;Mars;2022;130
42142;Merle-Leignec;2022;97
42143;Mizérieux;2022;85
42145;Montagny;2022;274
42146;Montarcher;2022;25
42147;Montbrison;2022;3946
42148;Montchal;2022;102
42149;Montrond-les-Bains;2022;1597
42150;Montverdun;2022;297
42151;Mornand-en-Forez;2022;85
42152;Nandax;2022;66
42153;Neaux;2022;100
42154;Néronde;2022;132
42155;Nervieux;2022;210
42156;Neulise;2022;363
42157;Noailly;2022;158
42158;Les Noës;2022;40
42159;Noirétable;2022;488
42160;Nollieux;2022;50
42161;Notre-Dame-de-Boisset;2022;103
42162;Ouches;2022;280
42163;La Pacaudière;2022;362
42164;Palogneux;2022;18
42165;Panissières;2022;832
42166;Parigny;2022;110
42167;Pavezin;2022;84
42168;Pélussin;2022;899
42169;Périgneux;2022;251
42170;Perreux;2022;531
42171;Pinay;2022;79
42172;Planfoy;2022;212
42173;Pommiers-en-Forez;2022;91
42174;Poncins;2022;214
42175;Pouilly-lès-Feurs;2022;264
42176;Pouilly-les-Nonains;2022;512
42177;Pouilly-sous-Charlieu;2022;718
42178;Pradines;2022;156
42179;Pralong;2022;168
42180;Précieux;2022;176
42181;Régny;2022;389
42182;Renaison;2022;916
42183;La Ricamarie;2022;1527
42184;Riorges;2022;3065
42185;Rivas;2022;98
42186;Rive-de-Gier;2022;2956
42187;Roanne;2022;9365
42188;Roche-en-Forez;2022;63
42189;Roche-la-Molière;2022;2457
42191;Roisey;2022;203
42192;Rozier-Côtes-d'Aurec;2022;114
42193;Rozier-en-Donzy;2022;352
42194;Sail-les-Bains;2022;65
42195;Sail-sous-Couzan;2022;298
42196;Sainte-Agathe-en-Donzy;2022;32
42197;Sainte-Agathe-la-Bouteresse;2022;208
42198;Saint-Alban-les-Eaux;2022;283
42199;Saint-André-d'Apchon;2022;491
42200;Saint-André-le-Puy;2022;311
42201;Saint-Appolinard;2022;145
42202;Saint-Barthélemy-Lestra;2022;153
42203;Saint-Bonnet-des-Quarts;2022;102
42204;Saint-Bonnet-le-Château;2022;500
42205;Saint-Bonnet-le-Courreau;2022;185
42206;Saint-Bonnet-les-Oules;2022;345
42207;Saint-Chamond;2022;8320
42208;Saint-Christo-en-Jarez;2022;301
42209;Sainte-Colombe-sur-Gand;2022;96
42210;Sainte-Croix-en-Jarez;2022;92
42211;Saint-Cyprien;2022;497
42212;Saint-Cyr-de-Favières;2022;156
42213;Saint-Cyr-de-Valorges;2022;54
42214;Saint-Cyr-les-Vignes;2022;157
42215;Saint-Denis-de-Cabanne;2022;343
42216;Saint-Denis-sur-Coise;2022;110
42217;La Côte-Saint-Didier;2022;165
42218;Saint-Étienne;2022;35799
42219;Saint-Étienne-le-Molard;2022;176
42220;Saint-Forgeux-Lespinasse;2022;96
42221;Sainte-Foy-Saint-Sulpice;2022;105
42222;Saint-Galmier;2022;1483
42223;Saint-Genest-Lerpt;2022;1539
42224;Saint-Genest-Malifaux;2022;708
42225;Genilac;2022;696
42226;Saint-Georges-de-Baroille;2022;81
42227;Saint-Georges-en-Couzan;2022;134
42228;Saint-Georges-Haute-Ville;2022;318
42229;Saint-Germain-la-Montagne;2022;58
42230;Saint-Germain-Laval;2022;497
42231;Saint-Germain-Lespinasse;2022;288
42232;Saint-Haon-le-Châtel;2022;125
42233;Saint-Haon-le-Vieux;2022;206
42234;Saint-Héand;2022;949
42235;Saint-Hilaire-Cusson-la-Valmitte;2022;80
42236;Saint-Hilaire-sous-Charlieu;2022;100
42237;Saint-Jean-Bonnefonds;2022;1415
42238;Saint-Jean-la-Vêtre;2022;87
42239;Saint-Jean-Saint-Maurice-sur-Loire;2022;271
42240;Saint-Jean-Soleymieux;2022;256
42241;Saint-Jodard;2022;86
42242;Saint-Joseph;2022;356
42243;Saint-Julien-d'Oddes;2022;62
42245;Vêtre-sur-Anzon;2022;175
42246;Saint-Julien-Molin-Molette;2022;358
42247;Saint-Just-en-Bas;2022;78
42248;Saint-Just-en-Chevalet;2022;403
42249;Saint-Just-la-Pendue;2022;486
42251;Saint-Laurent-la-Conche;2022;111
42253;Saint-Léger-sur-Roanne;2022;272
42254;Saint-Marcel-de-Félines;2022;171
42255;Saint-Marcel-d'Urfé;2022;83
42256;Saint-Marcellin-en-Forez;2022;980
42257;Saint-Martin-d'Estréaux;2022;275
42259;Saint-Martin-la-Plaine;2022;783
42260;Saint-Martin-la-Sauveté;2022;226
42261;Saint-Martin-Lestra;2022;155
42262;Saint-Maurice-en-Gourgois;2022;318
42264;Saint-Médard-en-Forez;2022;192
42265;Saint-Michel-sur-Rhône;2022;191
42266;Saint-Nizier-de-Fornas;2022;177
42267;Saint-Nizier-sous-Charlieu;2022;447
42268;Vézelin-sur-Loire;2022;187
42269;Saint-Paul-d'Uzore;2022;19
42270;Saint-Paul-en-Cornillon;2022;326
42271;Saint-Paul-en-Jarez;2022;977
42272;Saint-Pierre-de-Bœuf;2022;373
42273;Saint-Pierre-la-Noaille;2022;80
42274;Saint-Polgues;2022;48
42275;Saint-Priest-en-Jarez;2022;1583
42276;Saint-Priest-la-Prugne;2022;141
42277;Saint-Priest-la-Roche;2022;73
42278;Saint-Priest-la-Vêtre;2022;40
42279;Saint-Just-Saint-Rambert;2022;3735
42280;Saint-Régis-du-Coin;2022;73
42281;Saint-Rirand;2022;37
42282;Saint-Romain-d'Urfé;2022;70
42283;Saint-Romain-en-Jarez;2022;220
42284;Saint-Romain-la-Motte;2022;370
42285;Saint-Romain-le-Puy;2022;789
42286;Saint-Romain-les-Atheux;2022;180
42287;Saint-Sauveur-en-Rue;2022;267
42288;Saint-Sixte;2022;161
42289;Saint-Symphorien-de-Lay;2022;459
42290;Saint-Thomas-la-Garde;2022;145
42293;Saint-Victor-sur-Rhins;2022;216
42294;Saint-Vincent-de-Boisset;2022;220
42295;Les Salles;2022;127
42296;Salt-en-Donzy;2022;123
42297;Salvizinet;2022;136
42298;Sauvain;2022;108
42299;Savigneux;2022;924
42300;Sevelinges;2022;136
42301;Soleymieux;2022;120
42302;Sorbiers;2022;1826
42303;Souternon;2022;95
42304;Sury-le-Comtal;2022;1160
42305;La Talaudière;2022;2042
42306;Tarentaise;2022;116
42307;Tartaras;2022;98
42308;La Terrasse-sur-Dorlay;2022;128
42310;Thélis-la-Combe;2022;34
42311;La Tour-en-Jarez;2022;260
42312;La Tourette;2022;133
42313;Trelins;2022;167
42314;La Tuilière;2022;88
42315;Unias;2022;68
42316;Unieux;2022;1783
42317;Urbise;2022;30
42318;Usson-en-Forez;2022;527
42319;Valeille;2022;125
42320;Valfleury;2022;89
42321;La Valla-sur-Rochefort;2022;46
42322;La Valla-en-Gier;2022;189
42323;Veauche;2022;2365
42324;Veauchette;2022;168
42325;Vendranges;2022;66
42326;Véranne;2022;180
42327;Vérin;2022;114
42328;Verrières-en-Forez;2022;137
42329;La Versanne;2022;98
42330;Villars;2022;1894
42331;Villemontais;2022;263
42332;Villerest;2022;1454
42333;Villers;2022;114
42334;Violay;2022;351
42335;Viricelles;2022;86
42336;Virigneux;2022;74
42337;Vivans;2022;53
42338;Vougy;2022;438
42339;Chausseterre;2022;66
43001;Agnat;2022;48
43002;Aiguilhe;2022;528
43003;Allègre;2022;309
43004;Alleyrac;2022;35
43005;Alleyras;2022;67
43006;Ally;2022;38
43007;Araules;2022;142
43008;Arlempdes;2022;55
43009;Arlet;2022;8
43010;Arsac-en-Velay;2022;256
43011;Aubazat;2022;58
43012;Aurec-sur-Loire;2022;1382
43013;Vissac-Auteyrac;2022;94
43014;Autrac;2022;13
43015;Auvers;2022;19
43016;Auzon;2022;256
43017;Azérat;2022;74
43018;Bains;2022;265
43019;Barges;2022;42
43020;Bas-en-Basset;2022;1164
43021;Beaulieu;2022;321
43022;Beaumont;2022;69
43023;Beaune-sur-Arzon;2022;71
43024;Beaux;2022;272
43025;Beauzac;2022;675
43026;Bellevue-la-Montagne;2022;125
43027;Berbezit;2022;12
43028;Bessamorel;2022;62
43029;La Besseyre-Saint-Mary;2022;27
43030;Blanzac;2022;68
43031;Blassac;2022;42
43032;Blavozy;2022;396
43033;Blesle;2022;239
43034;Boisset;2022;86
43035;Bonneval;2022;38
43036;Borne;2022;87
43037;Le Bouchet-Saint-Nicolas;2022;63
43038;Bournoncle-Saint-Pierre;2022;269
43039;Le Brignon;2022;127
43040;Brioude;2022;2051
43041;Brives-Charensac;2022;1153
43042;Cayres;2022;203
43043;Céaux-d'Allègre;2022;112
43044;Cerzat;2022;70
43045;Ceyssac;2022;113
43046;Chadrac;2022;824
43047;Chadron;2022;49
43048;La Chaise-Dieu;2022;210
43049;Chamalières-sur-Loire;2022;162
43050;Chambezon;2022;23
43051;Le Chambon-sur-Lignon;2022;923
43052;Champagnac-le-Vieux;2022;78
43053;Champclause;2022;54
43054;Chanaleilles;2022;60
43055;Chaniat;2022;38
43056;Chanteuges;2022;121
43057;La Chapelle-Bertin;2022;23
43058;La Chapelle-d'Aurec;2022;118
43059;La Chapelle-Geneste;2022;41
43060;Charraix;2022;17
43061;Chaspinhac;2022;140
43062;Chaspuzac;2022;130
43063;Chassagnes;2022;24
43064;Chassignolles;2022;36
43065;Chastel;2022;52
43066;Chaudeyrolles;2022;33
43067;Chavaniac-Lafayette;2022;68
43068;Chazelles;2022;5
43069;Chenereilles;2022;65
43070;Chilhac;2022;55
43071;Chomelix;2022;151
43072;La Chomette;2022;36
43073;Cistrières;2022;46
43074;Cohade;2022;198
43075;Collat;2022;26
43076;Connangles;2022;56
43077;Costaros;2022;146
43078;Coubon;2022;801
43079;Couteuges;2022;93
43080;Craponne-sur-Arzon;2022;787
43082;Cronce;2022;19
43083;Cubelles;2022;29
43084;Cussac-sur-Loire;2022;401
43085;Desges;2022;25
43086;Domeyrat;2022;37
43087;Dunières;2022;750
43088;Espalem;2022;55
43089;Espaly-Saint-Marcel;2022;887
43090;Esplantas-Vazeilles;2022;36
43091;Les Estables;2022;78
43092;Fay-sur-Lignon;2022;102
43093;Félines;2022;87
43094;Ferrussac;2022;24
43095;Fix-Saint-Geneys;2022;30
43096;Fontannes;2022;176
43097;Freycenet-la-Cuche;2022;35
43098;Freycenet-la-Tour;2022;43
43099;Frugerès-les-Mines;2022;165
43100;Frugières-le-Pin;2022;33
43101;Goudet;2022;28
43102;Grazac;2022;200
43103;Grenier-Montgon;2022;36
43104;Grèzes;2022;54
43105;Javaugues;2022;36
43106;Jax;2022;48
43107;Josat;2022;35
43108;Jullianges;2022;138
43109;Lafarre;2022;35
43110;Lamothe;2022;179
43111;Landos;2022;250
43112;Langeac;2022;1264
43113;Lantriac;2022;469
43114;Lapte;2022;380
43115;Laussonne;2022;336
43116;Laval-sur-Doulon;2022;23
43117;Lavaudieu;2022;88
43118;Lavoûte-Chilhac;2022;128
43119;Lavoûte-sur-Loire;2022;215
43120;Lempdes-sur-Allagnon;2022;353
43121;Léotoing;2022;60
43122;Lissac;2022;59
43123;Lorlanges;2022;50
43124;Loudes;2022;214
43125;Lubilhac;2022;33
43126;Malrevers;2022;131
43127;Malvalette;2022;141
43128;Malvières;2022;48
43129;Le Mas-de-Tence;2022;45
43130;Mazet-Saint-Voy;2022;383
43131;Mazerat-Aurouze;2022;61
43132;Mazeyrat-d'Allier;2022;318
43133;Mercœur;2022;48
43134;Mézères;2022;43
43135;Le Monastier-sur-Gazeille;2022;550
43136;Monistrol-d'Allier;2022;70
43137;Monistrol-sur-Loire;2022;1892
43138;Monlet;2022;149
43139;Montclard;2022;12
43140;Le Monteil;2022;153
43141;Montfaucon-en-Velay;2022;346
43142;Montregard;2022;160
43143;Montusclat;2022;37
43144;Moudeyres;2022;25
43145;Ouides;2022;17
43147;Paulhac;2022;179
43148;Paulhaguet;2022;294
43149;Pébrac;2022;35
43150;Le Pertuis;2022;108
43151;Pinols;2022;80
43152;Polignac;2022;670
43153;Pont-Salomon;2022;295
43154;Pradelles;2022;178
43155;Prades;2022;38
43156;Présailles;2022;39
43157;Le Puy-en-Velay;2022;4636
43158;Queyrières;2022;66
43159;Raucoules;2022;146
43160;Rauret;2022;68
43162;Retournac;2022;885
43163;Riotord;2022;326
43164;Roche-en-Régnier;2022;184
43165;Rosières;2022;407
43166;Saint-André-de-Chalencon;2022;129
43167;Saint-Arcons-d'Allier;2022;59
43168;Saint-Arcons-de-Barges;2022;47
43169;Saint-Austremoine;2022;17
43170;Saint-Beauzire;2022;69
43171;Saint-Bérain;2022;19
43172;Saint-Bonnet-le-Froid;2022;38
43173;Saint-Christophe-d'Allier;2022;29
43174;Saint-Christophe-sur-Dolaizon;2022;224
43175;Saint-Cirgues;2022;49
43177;Saint-Didier-en-Velay;2022;768
43178;Saint-Didier-sur-Doulon;2022;67
43180;Saint-Étienne-du-Vigan;2022;25
43181;Saint-Étienne-Lardeyrol;2022;150
43182;Saint-Étienne-sur-Blesle;2022;22
43183;Sainte-Eugénie-de-Villeneuve;2022;31
43184;Saint-Ferréol-d'Auroure;2022;531
43185;Sainte-Florine;2022;851
43186;Saint-Front;2022;120
43187;Saint-Geneys-près-Saint-Paulien;2022;70
43188;Saint-Georges-d'Aurac;2022;96
43189;Saint-Georges-Lagricol;2022;146
43190;Saint-Germain-Laprade;2022;795
43191;Saint-Géron;2022;52
43192;Saint-Haon;2022;88
43193;Saint-Hilaire;2022;49
43194;Saint-Hostien;2022;126
43195;Saint-Ilpize;2022;57
43196;Saint-Jean-d'Aubrigoux;2022;66
43197;Saint-Jean-de-Nay;2022;100
43198;Saint-Jean-Lachalm;2022;66
43199;Saint-Jeures;2022;252
43200;Saint-Julien-Chapteuil;2022;508
43201;Saint-Julien-d'Ance;2022;79
43202;Saint-Julien-des-Chazes;2022;31
43203;Saint-Julien-du-Pinet;2022;104
43204;Saint-Julien-Molhesabate;2022;58
43205;Saint-Just-Malmont;2022;845
43206;Saint-Just-près-Brioude;2022;80
43207;Saint-Laurent-Chabreuges;2022;57
43208;Sainte-Marguerite;2022;11
43210;Saint-Martin-de-Fugères;2022;69
43211;Saint-Maurice-de-Lignon;2022;501
43212;Saint-Pal-de-Chalencon;2022;369
43213;Saint-Pal-de-Mons;2022;421
43214;Saint-Pal-de-Senouire;2022;39
43215;Saint-Paul-de-Tartas;2022;73
43216;Saint-Paulien;2022;592
43217;Saint-Pierre-du-Champ;2022;160
43218;Saint-Pierre-Eynac;2022;192
43219;Saint-Préjet-Armandon;2022;30
43220;Saint-Préjet-d'Allier;2022;79
43221;Saint-Privat-d'Allier;2022;117
43222;Saint-Privat-du-Dragon;2022;44
43223;Saint-Romain-Lachalm;2022;180
43224;Sainte-Sigolène;2022;1223
43225;Saint-Vénérand;2022;18
43226;Saint-Vert;2022;29
43227;Saint-Victor-Malescours;2022;125
43228;Saint-Victor-sur-Arlanc;2022;33
43229;Saint-Vidal;2022;107
43230;Saint-Vincent;2022;232
43231;Salettes;2022;69
43232;Salzuit;2022;86
43233;Sanssac-l'Église;2022;248
43234;Saugues;2022;569
43236;La Séauve-sur-Semène;2022;240
43237;Sembadel;2022;67
43238;Séneujols;2022;51
43239;Siaugues-Sainte-Marie;2022;268
43240;Solignac-sous-Roche;2022;63
43241;Solignac-sur-Loire;2022;319
43242;Tailhac;2022;17
43244;Tence;2022;889
43245;Thoras;2022;89
43246;Tiranges;2022;139
43247;Torsiac;2022;27
43249;Valprivas;2022;157
43250;Vals-le-Chastel;2022;13
43251;Vals-près-le-Puy;2022;1045
43252;Varennes-Saint-Honorat;2022;15
43253;Les Vastres;2022;45
43254;Vazeilles-Limandre;2022;44
43256;Venteuges;2022;87
43257;Vergezac;2022;92
43258;Vergongheon;2022;446
43259;Vernassal;2022;103
43260;Le Vernet;2022;6
43261;Vézézoux;2022;140
43262;Vieille-Brioude;2022;289
43263;Vielprat;2022;36
43264;Villeneuve-d'Allier;2022;92
43265;Les Villettes;2022;166
43267;Vorey;2022;478
43268;Yssingeaux;2022;1790
44001;Abbaretz;2022;333
44002;Aigrefeuille-sur-Maine;2022;558
44003;Ancenis-Saint-Géréon;2022;2661
44005;Chaumes-en-Retz;2022;1284
44006;Assérac;2022;420
44007;Avessac;2022;567
44009;Basse-Goulaine;2022;1967
44010;Batz-sur-Mer;2022;1014
44012;La Bernerie-en-Retz;2022;1486
44013;Besné;2022;434
44014;Le Bignon;2022;651
44015;Blain;2022;2057
44016;La Boissière-du-Doré;2022;125
44018;Bouaye;2022;1371
44019;Bouée;2022;175
44020;Bouguenais;2022;3543
44021;Villeneuve-en-Retz;2022;1207
44022;Boussay;2022;534
44023;Bouvron;2022;516
44024;Brains;2022;423
44025;Campbon;2022;738
44026;Carquefou;2022;3538
44027;Casson;2022;270
44028;Le Cellier;2022;769
44029;Divatte-sur-Loire;2022;1247
44030;La Chapelle-des-Marais;2022;897
44031;La Chapelle-Glain;2022;182
44032;La Chapelle-Heulin;2022;468
44033;La Chapelle-Launay;2022;511
44035;La Chapelle-sur-Erdre;2022;3997
44036;Châteaubriant;2022;3265
44037;Château-Thébaud;2022;521
44038;Chauvé;2022;503
44039;Cheix-en-Retz;2022;138
44041;La Chevrolière;2022;1025
44043;Clisson;2022;1703
44044;Conquereuil;2022;203
44045;Cordemais;2022;528
44046;Corsept;2022;443
44047;Couëron;2022;3618
44048;Couffé;2022;317
44049;Le Croisic;2022;2083
44050;Crossac;2022;523
44051;Derval;2022;693
44052;Donges;2022;1353
44053;Drefféac;2022;340
44054;Erbray;2022;574
44055;La Baule-Escoublac;2022;7030
44056;Fay-de-Bretagne;2022;531
44057;Fégréac;2022;519
44058;Fercé;2022;89
44061;Frossay;2022;575
44062;Le Gâvre;2022;253
44063;Gétigné;2022;738
44064;Gorges;2022;748
44065;Grand-Auverné;2022;163
44066;Grandchamp-des-Fontaines;2022;706
44067;Guémené-Penfao;2022;1274
44068;Guenrouet;2022;678
44069;Guérande;2022;4560
44070;La Haie-Fouassière;2022;736
44071;Haute-Goulaine;2022;1235
44072;Herbignac;2022;1437
44073;Héric;2022;955
44074;Indre;2022;576
44075;Issé;2022;419
44076;Jans;2022;202
44077;Joué-sur-Erdre;2022;457
44078;Juigné-des-Moutiers;2022;83
44079;Le Landreau;2022;438
44080;Lavau-sur-Loire;2022;128
44081;Legé;2022;993
44082;Ligné;2022;745
44083;La Limouzinière;2022;344
44084;Le Loroux-Bottereau;2022;1332
44085;Louisfert;2022;188
44086;Lusanger;2022;180
44087;Machecoul-Saint-Même;2022;1931
44088;Maisdon-sur-Sèvre;2022;451
44089;Malville;2022;493
44090;La Marne;2022;189
44091;Marsac-sur-Don;2022;265
44092;Massérac;2022;152
44094;Mauves-sur-Loire;2022;570
44095;La Meilleraye-de-Bretagne;2022;248
44096;Mésanger;2022;804
44097;Mesquer;2022;810
44098;Missillac;2022;1118
44099;Moisdon-la-Rivière;2022;459
44100;Monnières;2022;300
44101;La Montagne;2022;1101
44102;Montbert;2022;533
44103;Montoir-de-Bretagne;2022;1451
44104;Montrelais;2022;140
44105;Mouais;2022;51
44106;Les Moutiers-en-Retz;2022;637
44107;Mouzeil;2022;198
44108;Mouzillon;2022;389
44109;Nantes;2022;46623
44110;Nort-sur-Erdre;2022;1648
44111;Notre-Dame-des-Landes;2022;292
44112;Noyal-sur-Brutz;2022;75
44113;Nozay;2022;864
44114;Orvault;2022;5960
44115;Oudon;2022;726
44116;Paimbœuf;2022;743
44117;Le Pallet;2022;466
44118;Pannecé;2022;189
44119;Paulx;2022;319
44120;Le Pellerin;2022;923
44121;Petit-Auverné;2022;76
44122;Petit-Mars;2022;531
44123;Pierric;2022;179
44124;Le Pin;2022;158
44125;Piriac-sur-Mer;2022;1243
44126;La Plaine-sur-Mer;2022;1665
44127;La Planche;2022;482
44128;Plessé;2022;998
44129;Pontchâteau;2022;2153
44130;Pont-Saint-Martin;2022;1214
44131;Pornic;2022;6396
44132;Pornichet;2022;4566
44133;Port-Saint-Père;2022;491
44134;Pouillé-les-Côteaux;2022;119
44135;Le Pouliguen;2022;2107
44136;Préfailles;2022;589
44137;Prinquiau;2022;492
44138;Puceul;2022;122
44139;Quilly;2022;165
44140;La Regrippière;2022;211
44141;La Remaudière;2022;139
44142;Remouillé;2022;235
44143;Rezé;2022;7957
44144;Riaillé;2022;492
44145;Rouans;2022;494
44146;Rougé;2022;521
44148;Ruffigné;2022;121
44149;Saffré;2022;602
44150;Saint-Aignan-Grandlieu;2022;744
44151;Saint-André-des-Eaux;2022;1387
44152;Sainte-Anne-sur-Brivet;2022;478
44153;Saint-Aubin-des-Châteaux;2022;309
44154;Saint-Brevin-les-Pins;2022;4478
44155;Saint-Colomban;2022;431
44156;Corcoué-sur-Logne;2022;499
44157;Saint-Étienne-de-Mer-Morte;2022;258
44158;Saint-Étienne-de-Montluc;2022;1368
44159;Saint-Fiacre-sur-Maine;2022;219
44161;Saint-Gildas-des-Bois;2022;894
44162;Saint-Herblain;2022;9434
44163;Vair-sur-Loire;2022;764
44164;Saint-Hilaire-de-Chaléons;2022;390
44165;Saint-Hilaire-de-Clisson;2022;294
44166;Saint-Jean-de-Boiseau;2022;1056
44168;Saint-Joachim;2022;956
44169;Saint-Julien-de-Concelles;2022;1414
44170;Saint-Julien-de-Vouvantes;2022;259
44171;Saint-Léger-les-Vignes;2022;267
44172;Sainte-Luce-sur-Loire;2022;2774
44173;Saint-Lumine-de-Clisson;2022;288
44174;Saint-Lumine-de-Coutais;2022;284
44175;Saint-Lyphard;2022;1034
44176;Saint-Malo-de-Guersac;2022;707
44178;Saint-Mars-de-Coutais;2022;459
44179;Saint-Mars-du-Désert;2022;743
44180;Vallons-de-l'Erdre;2022;1333
44182;Saint-Michel-Chef-Chef;2022;1810
44183;Saint-Molf;2022;504
44184;Saint-Nazaire;2022;17941
44185;Saint-Nicolas-de-Redon;2022;853
44186;Sainte-Pazanne;2022;1112
44187;Saint-Père-en-Retz;2022;875
44188;Saint-Philbert-de-Grand-Lieu;2022;1516
44189;Sainte-Reine-de-Bretagne;2022;500
44190;Saint-Sébastien-sur-Loire;2022;5924
44192;Saint-Viaud;2022;447
44193;Saint-Vincent-des-Landes;2022;343
44194;Sautron;2022;2159
44195;Savenay;2022;1512
44196;Sévérac;2022;411
44197;Sion-les-Mines;2022;361
44198;Les Sorinières;2022;1676
44199;Soudan;2022;451
44200;Soulvache;2022;57
44201;Sucé-sur-Erdre;2022;1528
44202;Teillé;2022;379
44203;Le Temple-de-Bretagne;2022;263
44204;Thouaré-sur-Loire;2022;1811
44205;Les Touches;2022;491
44206;Touvois;2022;345
44207;Trans-sur-Erdre;2022;212
44208;Treffieux;2022;136
44209;Treillières;2022;1542
44210;Trignac;2022;1645
44211;La Turballe;2022;1936
44212;Vallet;2022;1578
44213;Loireauxence;2022;1435
44214;Vay;2022;272
44215;Vertou;2022;5553
44216;Vieillevigne;2022;790
44217;Vigneux-de-Bretagne;2022;1043
44218;Villepot;2022;101
44220;Vue;2022;202
44221;La Chevallerais;2022;136
44222;La Roche-Blanche;2022;194
44223;Geneston;2022;661
44224;La Grigonnais;2022;219
45001;Adon;2022;42
45002;Aillant-sur-Milleron;2022;100
45004;Amilly;2022;3885
45005;Andonville;2022;26
45006;Ardon;2022;289
45008;Artenay;2022;388
45009;Aschères-le-Marché;2022;206
45010;Ascoux;2022;197
45011;Attray;2022;38
45012;Audeville;2022;18
45013;Augerville-la-Rivière;2022;56
45014;Aulnay-la-Rivière;2022;135
45015;Autruy-sur-Juine;2022;180
45016;Autry-le-Châtel;2022;221
45017;Auvilliers-en-Gâtinais;2022;92
45018;Auxy;2022;261
45019;Baccon;2022;130
45020;Le Bardon;2022;169
45021;Barville-en-Gâtinais;2022;65
45022;Batilly-en-Gâtinais;2022;82
45023;Batilly-en-Puisaye;2022;30
45024;Baule;2022;373
45025;Bazoches-les-Gallerandes;2022;290
45026;Bazoches-sur-le-Betz;2022;219
45027;Beauchamps-sur-Huillard;2022;87
45028;Beaugency;2022;1855
45029;Beaulieu-sur-Loire;2022;456
45030;Beaune-la-Rolande;2022;617
45031;Bellegarde;2022;431
45032;Le Bignon-Mirabeau;2022;86
45033;Boësses;2022;90
45034;Boigny-sur-Bionne;2022;450
45035;Boiscommun;2022;252
45036;Boismorand;2022;223
45037;Boisseaux;2022;38
45038;Bondaroy;2022;115
45039;Bonnée;2022;177
45040;Bonny-sur-Loire;2022;589
45041;Bordeaux-en-Gâtinais;2022;34
45042;Les Bordes;2022;353
45043;Bou;2022;183
45044;Bougy-lez-Neuville;2022;36
45045;Bouilly-en-Gâtinais;2022;76
45046;Boulay-les-Barres;2022;73
45047;Bouzonville-aux-Bois;2022;87
45049;Bouzy-la-Forêt;2022;228
45050;Boynes;2022;222
45051;Bray-Saint-Aignan;2022;323
45052;Breteau;2022;19
45053;Briare;2022;1670
45054;Briarres-sur-Essonne;2022;106
45055;Bricy;2022;81
45056;Bromeilles;2022;87
45058;Bucy-le-Roi;2022;32
45059;Bucy-Saint-Liphard;2022;66
45060;La Bussière;2022;196
45061;Cepoy;2022;622
45062;Cercottes;2022;184
45063;Cerdon;2022;310
45064;Cernoy-en-Berry;2022;114
45065;Césarville-Dossainville;2022;33
45066;Chailly-en-Gâtinais;2022;141
45067;Chaingy;2022;714
45068;Châlette-sur-Loing;2022;2634
45069;Chambon-la-Forêt;2022;182
45070;Champoulet;2022;26
45072;Chanteau;2022;272
45073;Chantecoq;2022;124
45074;La Chapelle-Onzerain;2022;20
45075;La Chapelle-Saint-Mesmin;2022;2415
45076;La Chapelle-Saint-Sépulcre;2022;59
45077;La Chapelle-sur-Aveyron;2022;100
45078;Chapelon;2022;52
45079;Le Charme;2022;50
45080;Charmont-en-Beauce;2022;85
45081;Charsonville;2022;117
45082;Châteauneuf-sur-Loire;2022;1962
45083;Château-Renard;2022;669
45084;Châtenoy;2022;106
45085;Châtillon-Coligny;2022;620
45086;Châtillon-le-Roi;2022;70
45087;Châtillon-sur-Loire;2022;782
45088;Chaussy;2022;56
45089;Chécy;2022;2005
45091;Chevannes;2022;61
45092;Chevillon-sur-Huillard;2022;286
45093;Chevilly;2022;549
45094;Chevry-sous-le-Bignon;2022;71
45095;Chilleurs-aux-Bois;2022;384
45096;Les Choux;2022;113
45097;Chuelles;2022;284
45098;Cléry-Saint-André;2022;673
45099;Coinces;2022;90
45100;Combleux;2022;127
45101;Combreux;2022;66
45102;Conflans-sur-Loing;2022;117
45103;Corbeilles;2022;347
45104;Corquilleroy;2022;577
45105;Cortrat;2022;23
45107;Coudroy;2022;74
45108;Coullons;2022;624
45109;Coulmiers;2022;134
45110;Courcelles-le-Roi;2022;62
45111;Courcy-aux-Loges;2022;99
45112;La Cour-Marigny;2022;76
45113;Courtemaux;2022;71
45114;Courtempierre;2022;58
45115;Courtenay;2022;1313
45116;Cravant;2022;199
45118;Crottes-en-Pithiverais;2022;55
45119;Dadonville;2022;534
45120;Dammarie-en-Puisaye;2022;47
45121;Dammarie-sur-Loing;2022;117
45122;Dampierre-en-Burly;2022;191
45123;Darvoy;2022;453
45124;Desmonts;2022;35
45125;Dimancheville;2022;24
45126;Donnery;2022;556
45127;Dordives;2022;821
45129;Douchy-Montcorbon;2022;391
45130;Dry;2022;372
45131;Échilleuses;2022;85
45132;Égry;2022;71
45133;Engenville;2022;78
45134;Épieds-en-Beauce;2022;259
45135;Erceville;2022;55
45136;Ervauville;2022;160
45137;Escrennes;2022;154
45138;Escrignelles;2022;17
45139;Estouy;2022;106
45141;Faverelles;2022;41
45142;Fay-aux-Loges;2022;646
45143;Feins-en-Gâtinais;2022;8
45144;Férolles;2022;221
45145;Ferrières-en-Gâtinais;2022;911
45146;La Ferté-Saint-Aubin;2022;1603
45147;Fleury-les-Aubrais;2022;3909
45148;Fontenay-sur-Loing;2022;389
45149;Foucherolles;2022;81
45150;Fréville-du-Gâtinais;2022;34
45151;Gaubertin;2022;49
45152;Gémigny;2022;41
45153;Germigny-des-Prés;2022;125
45154;Gidy;2022;354
45155;Gien;2022;3278
45156;Girolles;2022;128
45157;Givraines;2022;76
45158;Gondreville;2022;87
45159;Grangermont;2022;47
45160;Greneville-en-Beauce;2022;122
45161;Griselles;2022;205
45162;Guigneville;2022;94
45164;Guilly;2022;126
45165;Gy-les-Nonains;2022;150
45166;Huêtre;2022;20
45167;Huisseau-sur-Mauves;2022;432
45168;Ingrannes;2022;104
45169;Ingré;2022;1653
45170;Intville-la-Guétard;2022;18
45171;Isdes;2022;108
45173;Jargeau;2022;907
45174;Jouy-en-Pithiverais;2022;38
45175;Jouy-le-Potier;2022;297
45176;Juranville;2022;106
45177;Laas;2022;34
45178;Ladon;2022;317
45179;Lailly-en-Val;2022;631
45180;Langesse;2022;22
45181;Léouville;2022;8
45182;Ligny-le-Ribault;2022;312
45183;Lion-en-Beauce;2022;14
45184;Lion-en-Sullias;2022;95
45185;Lombreuil;2022;65
45186;Lorcy;2022;156
45187;Lorris;2022;965
45188;Loury;2022;460
45189;Louzouer;2022;72
45191;Le Malesherbois;2022;1526
45193;Marcilly-en-Villette;2022;497
45194;Mardié;2022;575
45195;Mareau-aux-Bois;2022;117
45196;Mareau-aux-Prés;2022;293
45197;Marigny-les-Usages;2022;253
45198;Marsainvilliers;2022;46
45199;Melleroy;2022;132
45200;Ménestreau-en-Villette;2022;327
45201;Mérinville;2022;40
45202;Messas;2022;177
45203;Meung-sur-Loire;2022;1512
45204;Mézières-lez-Cléry;2022;164
45205;Mézières-en-Gâtinais;2022;65
45206;Mignères;2022;56
45207;Mignerette;2022;63
45208;Montargis;2022;3264
45209;Montbarrois;2022;76
45210;Montbouy;2022;180
45212;Montcresson;2022;335
45213;Montereau;2022;162
45214;Montigny;2022;38
45215;Montliard;2022;48
45216;Mormant-sur-Vernisson;2022;30
45217;Morville-en-Beauce;2022;25
45218;Le Moulinet-sur-Solin;2022;28
45219;Moulon;2022;41
45220;Nancray-sur-Rimarde;2022;114
45222;Nargis;2022;326
45223;Nesploy;2022;78
45224;Neuville-aux-Bois;2022;1114
45225;La Neuville-sur-Essonne;2022;90
45226;Neuvy-en-Sullias;2022;173
45227;Nevoy;2022;278
45228;Nibelle;2022;257
45229;Nogent-sur-Vernisson;2022;669
45230;Noyers;2022;202
45231;Oison;2022;21
45232;Olivet;2022;4955
45233;Ondreville-sur-Essonne;2022;93
45234;Orléans;2022;19156
45235;Ormes;2022;629
45237;Orville;2022;29
45238;Ousson-sur-Loire;2022;221
45239;Oussoy-en-Gâtinais;2022;65
45240;Outarville;2022;334
45241;Ouvrouer-les-Champs;2022;86
45242;Ouzouer-des-Champs;2022;111
45243;Ouzouer-sous-Bellegarde;2022;61
45244;Ouzouer-sur-Loire;2022;512
45245;Ouzouer-sur-Trézée;2022;316
45246;Pannecières;2022;25
45247;Pannes;2022;847
45248;Patay;2022;493
45249;Paucourt;2022;278
45250;Pers-en-Gâtinais;2022;37
45251;Pierrefitte-ès-Bois;2022;78
45252;Pithiviers;2022;1908
45253;Pithiviers-le-Vieil;2022;424
45254;Poilly-lez-Gien;2022;726
45255;Préfontaines;2022;107
45256;Presnoy;2022;48
45257;Pressigny-les-Pins;2022;88
45258;Puiseaux;2022;752
45259;Quiers-sur-Bezonde;2022;300
45260;Ramoulu;2022;46
45261;Rebréchien;2022;242
45262;Rouvray-Sainte-Croix;2022;24
45263;Rouvres-Saint-Jean;2022;38
45264;Rozières-en-Beauce;2022;38
45265;Rozoy-le-Vieil;2022;95
45266;Ruan;2022;41
45268;Saint-Aignan-le-Jaillard;2022;187
45269;Saint-Ay;2022;734
45270;Saint-Benoît-sur-Loire;2022;562
45271;Saint-Brisson-sur-Loire;2022;253
45272;Saint-Cyr-en-Val;2022;985
45273;Saint-Denis-de-l'Hôtel;2022;656
45274;Saint-Denis-en-Val;2022;1805
45275;Saint-Firmin-des-Bois;2022;105
45276;Saint-Firmin-sur-Loire;2022;123
45277;Saint-Florent;2022;132
45278;Sainte-Geneviève-des-Bois;2022;271
45279;Saint-Germain-des-Prés;2022;416
45280;Saint-Gondon;2022;245
45281;Saint-Hilaire-les-Andrésis;2022;221
45282;Saint-Hilaire-Saint-Mesmin;2022;641
45283;Saint-Hilaire-sur-Puiseaux;2022;44
45284;Saint-Jean-de-Braye;2022;3644
45285;Saint-Jean-de-la-Ruelle;2022;3135
45286;Saint-Jean-le-Blanc;2022;2378
45288;Saint-Loup-des-Vignes;2022;81
45289;Saint-Lyé-la-Forêt;2022;175
45290;Saint-Martin-d'Abbat;2022;289
45291;Saint-Martin-sur-Ocre;2022;290
45292;Saint-Maurice-sur-Aveyron;2022;216
45293;Saint-Maurice-sur-Fessard;2022;245
45294;Saint-Michel;2022;46
45296;Saint-Péravy-la-Colombe;2022;102
45297;Saint-Père-sur-Loire;2022;279
45298;Saint-Pryvé-Saint-Mesmin;2022;1290
45299;Saint-Sigismond;2022;54
45300;Sandillon;2022;848
45301;Santeau;2022;70
45302;Saran;2022;3279
45303;Sceaux-du-Gâtinais;2022;133
45305;Seichebrières;2022;68
45306;La Selle-en-Hermoy;2022;186
45307;La Selle-sur-le-Bied;2022;244
45308;Semoy;2022;663
45309;Sennely;2022;142
45310;Sermaises;2022;327
45311;Sigloy;2022;101
45312;Solterre;2022;106
45313;Sougy;2022;146
45314;Sully-la-Chapelle;2022;54
45315;Sully-sur-Loire;2022;1441
45316;Sury-aux-Bois;2022;158
45317;Tavers;2022;374
45320;Thignonville;2022;68
45321;Thimory;2022;86
45322;Thorailles;2022;26
45323;Thou;2022;62
45324;Tigy;2022;489
45325;Tivernon;2022;34
45326;Tournoisis;2022;56
45327;Traînou;2022;549
45328;Treilles-en-Gâtinais;2022;64
45329;Triguères;2022;305
45330;Trinay;2022;41
45331;Vannes-sur-Cosson;2022;119
45332;Varennes-Changy;2022;382
45333;Vennecy;2022;269
45334;Vieilles-Maisons-sur-Joudry;2022;143
45335;Vienne-en-Val;2022;412
45336;Viglain;2022;219
45337;Villamblain;2022;38
45338;Villemandeur;2022;1896
45339;Villemoutiers;2022;124
45340;Villemurlin;2022;117
45341;Villeneuve-sur-Conie;2022;37
45342;Villereau;2022;59
45343;Villevoques;2022;50
45344;Villorceau;2022;202
45345;Vimory;2022;226
45346;Vitry-aux-Loges;2022;445
45347;Vrigny;2022;141
45348;Yèvre-la-Ville;2022;182
46001;Albas;2022;199
46002;Albiac;2022;18
46003;Alvignac;2022;176
46004;Anglars;2022;50
46005;Anglars-Juillac;2022;108
46006;Anglars-Nozac;2022;90
46007;Arcambal;2022;297
46008;Les Arques;2022;89
46009;Assier;2022;217
46010;Aujols;2022;97
46011;Autoire;2022;108
46012;Aynac;2022;172
46013;Bach;2022;61
46015;Bagnac-sur-Célé;2022;450
46016;Baladou;2022;116
46017;Bannes;2022;53
46018;Le Bastit;2022;32
46020;Beauregard;2022;82
46021;Béduer;2022;192
46022;Bélaye;2022;91
46023;Belfort-du-Quercy;2022;160
46024;Belmont-Bretenoux;2022;104
46026;Belmont-Sainte-Foi;2022;39
46027;Berganty;2022;35
46028;Bétaille;2022;295
46029;Biars-sur-Cère;2022;515
46030;Bio;2022;75
46031;Blars;2022;64
46032;Boissières;2022;99
46033;Porte-du-Quercy;2022;201
46034;Le Bourg;2022;82
46035;Boussac;2022;49
46036;Le Bouyssou;2022;29
46037;Bouziès;2022;31
46038;Bretenoux;2022;550
46039;Brengues;2022;48
46040;Cabrerets;2022;73
46041;Cadrieu;2022;69
46042;Cahors;2022;5840
46043;Cahus;2022;61
46044;Caillac;2022;161
46045;Cajarc;2022;467
46046;Calamane;2022;90
46047;Calès;2022;64
46049;Calvignac;2022;93
46050;Cambayrac;2022;24
46051;Cambes;2022;90
46052;Camboulit;2022;75
46053;Camburat;2022;90
46054;Caniac-du-Causse;2022;110
46055;Capdenac;2022;320
46056;Carayac;2022;28
46057;Cardaillac;2022;166
46058;Carennac;2022;143
46059;Carlucet;2022;59
46060;Carnac-Rouffiac;2022;91
46061;Cassagnes;2022;58
46062;Castelfranc;2022;101
46063;Castelnau-Montratier;2022;641
46064;Catus;2022;275
46065;Cavagnac;2022;100
46066;Cazals;2022;300
46068;Cénevières;2022;69
46069;Cézac;2022;54
46070;Cieurac;2022;117
46072;Concorès;2022;129
46073;Concots;2022;122
46074;Condat;2022;92
46075;Corn;2022;78
46076;Cornac;2022;102
46078;Couzou;2022;31
46079;Cras;2022;34
46080;Crayssac;2022;181
46081;Crégols;2022;28
46082;Cremps;2022;118
46083;Cressensac-Sarrazac;2022;337
46084;Creysse;2022;112
46085;Cuzac;2022;61
46086;Cuzance;2022;133
46087;Dégagnac;2022;216
46088;Douelle;2022;243
46089;Duravel;2022;360
46090;Durbans;2022;49
46091;Escamps;2022;63
46092;Esclauzels;2022;83
46093;Espagnac-Sainte-Eulalie;2022;29
46094;Espédaillac;2022;106
46095;Espère;2022;260
46096;Espeyroux;2022;30
46097;Estal;2022;34
46098;Fajoles;2022;94
46100;Faycelles;2022;197
46101;Felzins;2022;116
46102;Figeac;2022;2864
46103;Saint-Paul-Flaugnac;2022;278
46104;Flaujac-Gare;2022;34
46105;Flaujac-Poujols;2022;217
46106;Floirac;2022;79
46107;Floressas;2022;58
46108;Fons;2022;122
46109;Fontanes;2022;123
46111;Fourmagnac;2022;53
46112;Francoulès;2022;47
46113;Frayssinet;2022;99
46114;Frayssinet-le-Gélat;2022;159
46115;Frayssinhes;2022;43
46116;Frontenac;2022;19
46117;Gagnac-sur-Cère;2022;214
46118;Gignac;2022;193
46119;Gigouzac;2022;74
46120;Gindou;2022;94
46121;Ginouillac;2022;49
46122;Gintrac;2022;24
46123;Girac;2022;105
46124;Glanes;2022;91
46125;Gorses;2022;87
46126;Goujounac;2022;66
46127;Gourdon;2022;1631
46128;Gramat;2022;1278
46129;Gréalou;2022;83
46130;Grézels;2022;97
46131;Grèzes;2022;41
46132;Issendolus;2022;141
46133;Issepts;2022;61
46134;Les Junies;2022;73
46135;Labastide-du-Haut-Mont;2022;15
46136;Labastide-du-Vert;2022;71
46137;Labastide-Marnhac;2022;256
46138;Cœur de Causse;2022;310
46139;Labathude;2022;60
46140;Laburgade;2022;77
46142;Lacapelle-Cabanac;2022;53
46143;Lacapelle-Marival;2022;510
46144;Lacave;2022;110
46145;Lachapelle-Auzac;2022;260
46146;Ladirat;2022;32
46147;Lagardelle;2022;55
46148;Lalbenque;2022;484
46149;Lamagdelaine;2022;240
46151;Lamothe-Cassel;2022;33
46152;Lamothe-Fénelon;2022;128
46153;Lanzac;2022;178
46154;Laramière;2022;101
46155;Larnagol;2022;62
46156;Bellefont-La Rauze;2022;332
46157;Larroque-Toirac;2022;41
46159;Latouille-Lentillac;2022;58
46160;Latronquière;2022;163
46161;Lauresses;2022;75
46162;Lauzès;2022;80
46163;Laval-de-Cère;2022;81
46164;Lavercantière;2022;79
46165;Lavergne;2022;117
46167;Lentillac-du-Causse;2022;37
46168;Lentillac-Saint-Blaise;2022;46
46169;Léobard;2022;67
46170;Leyme;2022;272
46171;Lherm;2022;79
46172;Pern-Lhospitalet;2022;201
46173;Limogne-en-Quercy;2022;341
46174;Linac;2022;79
46175;Lissac-et-Mouret;2022;275
46176;Livernon;2022;187
46177;Loubressac;2022;145
46178;Loupiac;2022;105
46179;Lugagnac;2022;60
46180;Lunan;2022;109
46181;Lunegarde;2022;31
46182;Luzech;2022;546
46183;Marcilhac-sur-Célé;2022;76
46184;Marminiac;2022;134
46185;Martel;2022;599
46186;Masclat;2022;98
46187;Mauroux;2022;178
46188;Maxou;2022;78
46189;Mayrinhac-Lentour;2022;117
46190;Mechmont;2022;31
46191;Mercuès;2022;357
46192;Meyronne;2022;102
46193;Miers;2022;124
46194;Milhac;2022;71
46195;Molières;2022;108
46196;Montamel;2022;35
46197;Le Montat;2022;233
46198;Montbrun;2022;38
46199;Montcabrier;2022;140
46200;Montcléra;2022;117
46201;Montcuq-en-Quercy-Blanc;2022;712
46202;Montdoumerc;2022;138
46203;Montet-et-Bouxal;2022;60
46204;Montfaucon;2022;237
46205;Montgesty;2022;128
46206;Montlauzun;2022;34
46207;Montredon;2022;128
46208;Montvalent;2022;78
46209;Nadaillac-de-Rouge;2022;65
46210;Nadillac;2022;16
46211;Nuzéjouls;2022;64
46212;Orniac;2022;27
46213;Padirac;2022;55
46214;Parnac;2022;116
46215;Payrac;2022;251
46216;Payrignac;2022;194
46218;Pescadoires;2022;53
46219;Peyrilles;2022;125
46220;Pinsac;2022;223
46221;Planioles;2022;138
46222;Pomarède;2022;47
46223;Pontcirq;2022;69
46224;Pradines;2022;983
46225;Prayssac;2022;1128
46226;Prendeignes;2022;80
46227;Promilhanes;2022;82
46228;Prudhomat;2022;193
46229;Puybrun;2022;258
46230;Puyjourdes;2022;34
46231;Puy-l'Évêque;2022;770
46232;Le Vignon-en-Quercy;2022;318
46233;Quissac-en-Quercy;2022;34
46234;Rampoux;2022;31
46235;Reilhac;2022;47
46236;Reilhaguet;2022;53
46237;Reyrevignes;2022;98
46238;Rignac;2022;85
46239;Le Roc;2022;74
46240;Rocamadour;2022;201
46241;Rouffilhac;2022;68
46242;Rudelle;2022;51
46243;Rueyres;2022;44
46244;Sabadel-Latronquière;2022;38
46245;Sabadel-Lauzès;2022;42
46246;Saignes;2022;17
46247;Saillac;2022;63
46249;Saint-Bressou;2022;27
46250;Saint-Caprais;2022;30
46251;Saint-Céré;2022;1250
46252;Les Pechs du Vers;2022;127
46253;Saint-Chamarand;2022;55
46254;Saint-Chels;2022;66
46255;Saint-Cirgues;2022;115
46256;Saint-Cirq-Lapopie;2022;72
46257;Saint-Cirq-Madelon;2022;41
46258;Saint-Cirq-Souillaguet;2022;64
46259;Saint-Clair;2022;50
46260;Sainte-Colombe;2022;62
46262;Lendou-en-Quercy;2022;205
46263;Barguelonne-en-Quercy;2022;237
46264;Saint-Denis-Catus;2022;46
46265;Saint-Denis-lès-Martel;2022;93
46266;Saint-Félix;2022;95
46267;Saint-Germain-du-Bel-Air;2022;245
46268;Saint Géry-Vers;2022;284
46269;Saint-Hilaire;2022;19
46270;Saint-Jean-de-Laur;2022;107
46271;Saint-Jean-Lespinasse;2022;99
46272;Saint-Jean-Mirabel;2022;57
46273;Saint-Laurent-les-Tours;2022;287
46276;Saint-Martin-Labouval;2022;82
46277;Saint-Martin-le-Redon;2022;70
46279;Saint-Maurice-en-Quercy;2022;74
46280;Saint-Médard;2022;65
46281;Saint-Médard-de-Presque;2022;54
46282;Saint-Médard-Nicourby;2022;30
46283;Saint-Michel-de-Bannières;2022;82
46284;Saint-Michel-Loubéjou;2022;110
46286;Saint-Paul-de-Vern;2022;48
46288;Saint-Perdoux;2022;69
46289;Saint-Pierre-Toirac;2022;50
46290;Saint-Projet;2022;124
46292;Saint-Simon;2022;52
46293;Saint-Sozy;2022;174
46294;Saint-Sulpice;2022;51
46295;Saint-Vincent-du-Pendit;2022;51
46296;Saint-Vincent-Rive-d'Olt;2022;166
46297;Salviac;2022;452
46299;Sauliac-sur-Célé;2022;43
46301;Sauzet;2022;133
46302;Sénaillac-Latronquière;2022;45
46303;Sénaillac-Lauzès;2022;62
46304;Séniergues;2022;43
46305;Sérignac;2022;109
46306;Sonac;2022;24
46307;Soturac;2022;214
46308;Soucirac;2022;39
46309;Souillac;2022;1072
46310;Soulomès;2022;42
46311;Sousceyrac-en-Quercy;2022;516
46312;Strenquels;2022;81
46313;Tauriac;2022;117
46314;Terrou;2022;50
46315;Teyssieu;2022;57
46316;Thédirac;2022;89
46317;Thégra;2022;128
46318;Thémines;2022;66
46319;Théminettes;2022;33
46320;Tour-de-Faure;2022;115
46321;Touzac;2022;130
46322;Trespoux-Rassiels;2022;202
46323;Ussel;2022;34
46324;Uzech;2022;67
46328;Varaire;2022;90
46329;Vaylats;2022;107
46330;Vayrac;2022;496
46332;Viazac;2022;106
46333;Vidaillac;2022;67
46334;Le Vigan-en-Quercy;2022;514
46335;Villesèque;2022;129
46336;Vire-sur-Lot;2022;127
46337;Mayrac;2022;64
46338;Bessonies;2022;34
46339;Saint-Jean-Lagineste;2022;76
46340;Saint-Pierre-Lafeuille;2022;90
47001;Agen;2022;6615
47002;Agmé;2022;33
47003;Agnac;2022;175
47004;Aiguillon;2022;1107
47005;Allemans-du-Dropt;2022;180
47006;Allez-et-Cazeneuve;2022;149
47007;Allons;2022;59
47008;Ambrus;2022;27
47009;Andiran;2022;58
47010;Antagnac;2022;56
47011;Anthé;2022;61
47012;Anzex;2022;111
47013;Argenton;2022;94
47014;Armillac;2022;55
47015;Astaffort;2022;578
47016;Aubiac;2022;222
47017;Auradou;2022;87
47018;Auriac-sur-Dropt;2022;64
47019;Bajamont;2022;241
47020;Baleyssagues;2022;62
47021;Barbaste;2022;414
47022;Bazens;2022;116
47023;Beaugas;2022;103
47024;Beaupuy;2022;444
47025;Beauville;2022;143
47026;Beauziac;2022;74
47027;Bias;2022;897
47028;Birac-sur-Trec;2022;196
47029;Blanquefort-sur-Briolance;2022;154
47030;Blaymont;2022;60
47031;Boé;2022;1272
47032;Bon-Encontre;2022;1570
47033;Boudy-de-Beauregard;2022;88
47034;Bouglon;2022;140
47035;Bourgougnague;2022;88
47036;Bourlens;2022;104
47037;Bournel;2022;85
47038;Bourran;2022;149
47039;Boussès;2022;11
47040;Brax;2022;518
47041;Bruch;2022;176
47042;Brugnac;2022;51
47043;Buzet-sur-Baïse;2022;351
47044;Cahuzac;2022;113
47045;Calignac;2022;106
47046;Calonges;2022;147
47047;Cambes;2022;53
47048;Cancon;2022;428
47049;Casseneuil;2022;670
47050;Cassignas;2022;33
47051;Castelculier;2022;645
47052;Casteljaloux;2022;1809
47053;Castella;2022;79
47054;Castelmoron-sur-Lot;2022;618
47055;Castelnaud-de-Gratecambe;2022;166
47056;Castelnau-sur-Gupie;2022;213
47057;Castillonnès;2022;472
47058;Caubeyres;2022;80
47059;Caubon-Saint-Sauveur;2022;79
47060;Caudecoste;2022;248
47061;Caumont-sur-Garonne;2022;137
47062;Cauzac;2022;99
47063;Cavarc;2022;46
47064;Cazideroque;2022;58
47065;Clairac;2022;694
47066;Clermont-Dessous;2022;172
47067;Clermont-Soubiran;2022;83
47068;Cocumont;2022;304
47069;Colayrac-Saint-Cirq;2022;699
47070;Condezaygues;2022;316
47071;Coulx;2022;81
47072;Courbiac;2022;43
47073;Cours;2022;61
47074;Couthures-sur-Garonne;2022;93
47075;La Croix-Blanche;2022;188
47076;Cuq;2022;78
47077;Cuzorn;2022;254
47078;Damazan;2022;346
47079;Dausse;2022;109
47080;Dévillac;2022;60
47081;Dolmayrac;2022;174
47082;Dondas;2022;75
47083;Doudrac;2022;27
47084;Douzains;2022;82
47085;Durance;2022;83
47086;Duras;2022;508
47087;Engayrac;2022;41
47088;Escassefort;2022;143
47089;Esclottes;2022;55
47090;Espiens;2022;82
47091;Estillac;2022;451
47092;Fals;2022;77
47093;Fargues-sur-Ourbise;2022;115
47094;Fauguerolles;2022;145
47095;Fauillet;2022;214
47096;Ferrensac;2022;59
47097;Feugarolles;2022;255
47098;Fieux;2022;84
47099;Fongrave;2022;165
47100;Foulayronnes;2022;1337
47101;Fourques-sur-Garonne;2022;325
47102;Francescas;2022;252
47103;Fréchou;2022;79
47104;Frégimont;2022;51
47105;Frespech;2022;71
47106;Fumel;2022;1612
47107;Galapian;2022;83
47108;Gaujac;2022;74
47109;Gavaudun;2022;94
47110;Gontaud-de-Nogaret;2022;441
47111;Granges-sur-Lot;2022;174
47112;Grateloup-Saint-Gayrand;2022;111
47113;Grayssas;2022;37
47114;Grézet-Cavagnan;2022;110
47115;Guérin;2022;62
47117;Hautefage-la-Tour;2022;180
47118;Hautesvignes;2022;45
47119;Houeillès;2022;207
47120;Jusix;2022;21
47121;Labastide-Castel-Amouroux;2022;102
47122;Labretonie;2022;48
47123;Lacapelle-Biron;2022;139
47124;Lacaussade;2022;51
47125;Lacépède;2022;82
47126;Lachapelle;2022;16
47127;Lafitte-sur-Lot;2022;195
47128;Lafox;2022;216
47129;Lagarrigue;2022;66
47130;Lagruère;2022;69
47131;Lagupie;2022;189
47132;Lalandusse;2022;64
47133;Lamontjoie;2022;180
47134;Lannes;2022;123
47135;Laparade;2022;98
47136;Laperche;2022;43
47137;Laplume;2022;300
47138;Laroque-Timbaut;2022;401
47139;Lasserre;2022;27
47140;Laugnac;2022;134
47141;Laussou;2022;87
47142;Lauzun;2022;284
47143;Lavardac;2022;696
47144;Lavergne;2022;192
47145;Layrac;2022;1012
47146;Lédat;2022;294
47147;Lévignac-de-Guyenne;2022;235
47148;Leyritz-Moncassin;2022;55
47150;Longueville;2022;82
47151;Loubès-Bernac;2022;142
47152;Lougratte;2022;134
47154;Lusignan-Petit;2022;82
47155;Madaillan;2022;154
47156;Marcellus;2022;187
47157;Marmande;2022;5104
47158;Marmont-Pachas;2022;16
47159;Le Mas-d'Agenais;2022;397
47160;Masquières;2022;46
47161;Massels;2022;30
47162;Massoulès;2022;61
47163;Mauvezin-sur-Gupie;2022;150
47164;Mazières-Naresse;2022;49
47165;Meilhan-sur-Garonne;2022;364
47167;Mézin;2022;510
47168;Miramont-de-Guyenne;2022;1190
47169;Moirax;2022;274
47170;Monbahus;2022;175
47171;Monbalen;2022;83
47172;Moncaut;2022;102
47173;Monclar;2022;252
47174;Moncrabeau;2022;235
47175;Monflanquin;2022;746
47176;Montgaillard-en-Albret;2022;48
47177;Monheurt;2022;59
47178;Monségur;2022;137
47179;Monsempron-Libos;2022;756
47180;Montagnac-sur-Auvignon;2022;154
47181;Montagnac-sur-Lède;2022;85
47182;Montastruc;2022;75
47183;Montauriol;2022;76
47184;Montaut;2022;87
47185;Montayral;2022;1011
47186;Montesquieu;2022;178
47187;Monteton;2022;79
47188;Montignac-de-Lauzun;2022;91
47189;Montignac-Toupinerie;2022;55
47190;Montpezat;2022;156
47191;Montpouillan;2022;189
47192;Monviel;2022;28
47193;Moulinet;2022;53
47194;Moustier;2022;89
47195;Nérac;2022;2292
47196;Nicole;2022;58
47197;Nomdieu;2022;43
47198;Pailloles;2022;93
47199;Pardaillan;2022;88
47200;Parranquet;2022;48
47201;Le Passage;2022;2342
47202;Paulhiac;2022;76
47203;Penne-d'Agenais;2022;808
47204;Peyrière;2022;89
47205;Pindères;2022;65
47206;Pinel-Hauterive;2022;138
47207;Pompiey;2022;58
47208;Pompogne;2022;60
47209;Pont-du-Casse;2022;1170
47210;Port-Sainte-Marie;2022;445
47211;Poudenas;2022;75
47212;Poussignac;2022;78
47213;Prayssas;2022;360
47214;Puch-d'Agenais;2022;193
47215;Pujols;2022;1140
47216;Puymiclan;2022;110
47217;Puymirol;2022;275
47218;Puysserampion;2022;103
47219;Rayet;2022;37
47220;Razimet;2022;76
47221;Réaup-Lisse;2022;171
47222;La Réunion;2022;151
47223;Rives;2022;75
47224;Romestaing;2022;54
47225;Roquefort;2022;462
47226;Roumagne;2022;174
47227;Ruffiac;2022;64
47228;Saint-Antoine-de-Ficalba;2022;152
47229;Saint-Astier;2022;64
47230;Saint-Aubin;2022;112
47231;Saint-Avit;2022;55
47232;Saint-Barthélemy-d'Agenais;2022;197
47233;Sainte-Bazeille;2022;942
47234;Saint-Caprais-de-Lerm;2022;108
47235;Saint-Colomb-de-Lauzun;2022;193
47236;Sainte-Colombe-de-Duras;2022;27
47237;Sainte-Colombe-de-Villeneuve;2022;117
47238;Sainte-Colombe-en-Bruilhois;2022;350
47239;Saint-Étienne-de-Fougères;2022;187
47240;Saint-Étienne-de-Villeréal;2022;82
47241;Saint-Eutrope-de-Born;2022;197
47242;Saint-Front-sur-Lémance;2022;153
47244;Sainte-Gemme-Martaillac;2022;80
47245;Saint-Géraud;2022;19
47246;Saint-Hilaire-de-Lusignan;2022;326
47247;Saint-Jean-de-Duras;2022;54
47248;Saint-Jean-de-Thurac;2022;120
47249;Saint-Laurent;2022;137
47250;Saint-Léger;2022;32
47251;Saint-Léon;2022;87
47252;Sainte-Livrade-sur-Lot;2022;1814
47253;Sainte-Marthe;2022;131
47254;Saint-Martin-Curton;2022;93
47255;Saint-Martin-de-Beauville;2022;50
47256;Saint-Martin-de-Villeréal;2022;37
47257;Saint-Martin-Petit;2022;134
47258;Sainte-Maure-de-Peyriac;2022;108
47259;Saint-Maurice-de-Lestapel;2022;24
47260;Saint-Maurin;2022;122
47262;Saint-Nicolas-de-la-Balerme;2022;94
47263;Saint-Pardoux-du-Breuil;2022;175
47264;Saint-Pardoux-Isaac;2022;470
47265;Saint-Pastour;2022;98
47266;Saint-Pé-Saint-Simon;2022;79
47267;Saint-Pierre-de-Buzet;2022;59
47269;Saint-Pierre-de-Clairac;2022;206
47271;Saint-Pierre-sur-Dropt;2022;98
47272;Saint-Quentin-du-Dropt;2022;50
47273;Saint-Robert;2022;42
47274;Saint-Romain-le-Noble;2022;115
47275;Saint-Salvy;2022;49
47276;Saint-Sardos;2022;83
47277;Saint-Sauveur-de-Meilhan;2022;64
47278;Saint-Sernin;2022;135
47279;Saint-Sixte;2022;69
47280;Saint-Sylvestre-sur-Lot;2022;876
47281;Saint-Urcisse;2022;53
47282;Saint-Vincent-de-Lamontjoie;2022;61
47283;Saint-Vite;2022;320
47284;Salles;2022;83
47285;Samazan;2022;258
47286;Sauméjan;2022;17
47287;Saumont;2022;59
47288;Sauvagnas;2022;107
47289;La Sauvetat-de-Savères;2022;72
47290;La Sauvetat-du-Dropt;2022;166
47291;La Sauvetat-sur-Lède;2022;111
47292;Sauveterre-la-Lémance;2022;223
47293;Sauveterre-Saint-Denis;2022;82
47294;Savignac-de-Duras;2022;70
47295;Savignac-sur-Leyze;2022;81
47296;Ségalas;2022;52
47297;Sembas;2022;41
47298;Sénestis;2022;60
47299;Sérignac-Péboudou;2022;52
47300;Sérignac-sur-Garonne;2022;261
47301;Seyches;2022;305
47302;Sos;2022;298
47303;Soumensac;2022;75
47304;Taillebourg;2022;14
47305;Tayrac;2022;85
47306;Le Temple-sur-Lot;2022;317
47307;Thézac;2022;80
47308;Thouars-sur-Garonne;2022;59
47309;Tombebœuf;2022;122
47310;Tonneins;2022;2760
47311;Tourliac;2022;38
47312;Tournon-d'Agenais;2022;298
47313;Tourtrès;2022;45
47314;Trémons;2022;89
47315;Trentels;2022;209
47316;Varès;2022;193
47317;Verteuil-d'Agenais;2022;181
47318;Vianne;2022;322
47319;Villebramar;2022;32
47320;Villefranche-du-Queyran;2022;113
47321;Villeneuve-de-Duras;2022;68
47323;Villeneuve-sur-Lot;2022;6638
47324;Villeréal;2022;605
47325;Villeton;2022;123
47326;Virazeil;2022;532
47327;Xaintrailles;2022;128
47328;Saint-Georges;2022;126
48001;Albaret-le-Comtal;2022;43
48002;Albaret-Sainte-Marie;2022;140
48003;Allenc;2022;59
48004;Altier;2022;79
48005;Antrenas;2022;81
48007;Arzenc-d'Apcher;2022;14
48008;Arzenc-de-Randon;2022;60
48009;Peyre en Aubrac;2022;675
48010;Auroux;2022;157
48012;Les Monts-Verts;2022;112
48013;Badaroux;2022;230
48015;Pied-de-Borne;2022;60
48016;Balsièges;2022;113
48017;Banassac-Canilhac;2022;239
48018;Barjac;2022;139
48019;Barre-des-Cévennes;2022;60
48020;Bassurels;2022;25
48021;La Bastide-Puylaurent;2022;49
48025;Les Bessons;2022;101
48026;Blavignac;2022;80
48027;Mont Lozère et Goulet;2022;384
48028;Les Bondons;2022;44
48029;Le Born;2022;38
48030;Brenoux;2022;63
48031;Brion;2022;22
48032;Le Buisson;2022;36
48034;La Canourgue;2022;579
48036;Cassagnas;2022;42
48037;Chadenet;2022;31
48038;Bel-Air-Val-d'Ance;2022;177
48039;Chanac;2022;312
48041;Chastanier;2022;28
48042;Chastel-Nouvel;2022;162
48043;Châteauneuf-de-Randon;2022;143
48044;Chauchailles;2022;28
48045;Chaudeyrac;2022;55
48046;Chaulhac;2022;26
48048;Cheylard-l'Évêque;2022;29
48050;Bédouès-Cocurès;2022;92
48051;Le Collet-de-Dèze;2022;250
48053;Cubières;2022;66
48054;Cubiérettes;2022;15
48055;Cultures;2022;26
48056;Esclanèdes;2022;47
48058;La Fage-Montivernoux;2022;35
48059;La Fage-Saint-Julien;2022;76
48061;Florac Trois Rivières;2022;583
48063;Fontans;2022;57
48064;Fournels;2022;151
48065;Fraissinet-de-Fourques;2022;32
48067;Gabriac;2022;46
48068;Gabrias;2022;38
48069;Gatuzières;2022;23
48070;Grandrieu;2022;219
48071;Grandvals;2022;22
48072;Grèzes;2022;41
48073;Les Hermaux;2022;39
48074;Hures-la-Parade;2022;48
48075;Ispagnac;2022;256
48077;Julianges;2022;19
48079;Lajo;2022;31
48080;Langogne;2022;891
48081;Lanuéjols;2022;52
48082;Laubert;2022;26
48083;Les Laubies;2022;48
48085;Laval-du-Tarn;2022;40
48086;Luc;2022;81
48087;Prinsuéjols-Malbouzon;2022;84
48088;La Malène;2022;36
48089;Le Malzieu-Forain;2022;125
48090;Le Malzieu-Ville;2022;293
48091;Marchastel;2022;13
48092;Marvejols;2022;1418
48094;Massegros Causses Gorges;2022;255
48095;Mende;2022;2549
48096;Meyrueis;2022;294
48097;Moissac-Vallée-Française;2022;62
48098;Molezon;2022;38
48099;Bourgs sur Colagne;2022;506
48100;Montbel;2022;38
48103;Montrodat;2022;257
48104;Nasbinals;2022;186
48105;Naussac-Fontanes;2022;80
48106;Noalhac;2022;22
48107;Palhers;2022;51
48108;La Panouse;2022;20
48110;Paulhac-en-Margeride;2022;36
48111;Pelouse;2022;37
48112;Pierrefiche;2022;48
48115;Le Pompidou;2022;59
48116;Pont de Montvert - Sud Mont Lozère;2022;141
48117;Pourcharesses;2022;32
48119;Prévenchères;2022;79
48121;Prunières;2022;42
48123;Recoules-d'Aubrac;2022;77
48124;Recoules-de-Fumas;2022;34
48126;Lachamp-Ribennes;2022;93
48127;Monts-de-Randon;2022;277
48128;Rimeize;2022;120
48129;Rocles;2022;81
48130;Rousses;2022;32
48131;Le Rozier;2022;51
48132;Saint-Alban-sur-Limagnole;2022;485
48135;Saint-André-Capcèze;2022;60
48136;Saint-André-de-Lancize;2022;44
48137;Saint-Bauzile;2022;128
48138;Saint-Bonnet-de-Chirac;2022;12
48139;Saint Bonnet-Laval;2022;73
48140;Saint-Chély-d'Apcher;2022;1055
48141;Mas-Saint-Chély;2022;33
48144;Sainte-Croix-Vallée-Française;2022;101
48145;Saint-Denis-en-Margeride;2022;60
48146;Gorges du Tarn Causses;2022;251
48147;Saint-Étienne-du-Valdonnez;2022;123
48148;Saint-Étienne-Vallée-Française;2022;164
48149;Sainte-Eulalie;2022;10
48150;Saint-Flour-de-Mercoire;2022;29
48151;Saint-Frézal-d'Albuges;2022;13
48152;Ventalon en Cévennes;2022;81
48153;Saint-Gal;2022;19
48155;Saint-Germain-de-Calberte;2022;166
48156;Saint-Germain-du-Teil;2022;248
48157;Sainte-Hélène;2022;9
48158;Saint-Hilaire-de-Lavit;2022;28
48160;Saint-Jean-la-Fouillouse;2022;43
48161;Saint-Juéry;2022;25
48163;Saint-Julien-des-Points;2022;52
48165;Saint-Laurent-de-Muret;2022;51
48166;Cans et Cévennes;2022;80
48167;Saint-Laurent-de-Veyrès;2022;8
48168;Saint-Léger-de-Peyre;2022;39
48169;Saint-Léger-du-Malzieu;2022;58
48170;Saint-Martin-de-Boubaux;2022;51
48171;Saint-Martin-de-Lansuscle;2022;54
48173;Saint-Michel-de-Dèze;2022;71
48174;Saint-Paul-le-Froid;2022;44
48175;Saint-Pierre-de-Nogaret;2022;55
48176;Saint-Pierre-des-Tripiers;2022;31
48177;Saint-Pierre-le-Vieux;2022;82
48178;Saint-Privat-de-Vallongue;2022;77
48179;Saint-Privat-du-Fau;2022;49
48181;Saint-Saturnin;2022;23
48182;Saint-Sauveur-de-Ginestoux;2022;9
48185;Les Salelles;2022;28
48187;Les Salces;2022;29
48188;Serverette;2022;72
48190;Termes;2022;44
48191;La Tieule;2022;23
48192;Trélans;2022;26
48193;Vebron;2022;52
48194;Vialas;2022;186
48198;Villefort;2022;231
49002;Allonnes;2022;683
49003;Tuffalun;2022;320
49007;Angers;2022;28055
49008;Angrie;2022;159
49009;Antoigné;2022;85
49010;Armaillé;2022;42
49011;Artannes-sur-Thouet;2022;86
49012;Aubigné-sur-Layon;2022;81
49015;Avrillé;2022;4013
49017;Baracé;2022;76
49018;Baugé-en-Anjou;2022;2855
49020;Beaucouzé;2022;1109
49021;Beaufort-en-Anjou;2022;1569
49022;Beaulieu-sur-Layon;2022;252
49023;Beaupréau-en-Mauges;2022;4816
49026;Bécon-les-Granits;2022;494
49027;Bégrolles-en-Mauges;2022;327
49028;Béhuard;2022;26
49029;Blaison-Saint-Sulpice;2022;336
49030;Blou;2022;162
49035;Bouchemaine;2022;1892
49036;Bouillé-Ménard;2022;122
49038;Bourg-l'Évêque;2022;42
49041;Brain-sur-Allonnes;2022;473
49045;La Breille-les-Pins;2022;111
49048;Briollay;2022;637
49050;Brissac Loire Aubance;2022;1955
49053;Brossay;2022;65
49054;Candé;2022;819
49055;Cantenay-Épinard;2022;498
49056;Carbay;2022;44
49057;Cernusson;2022;47
49058;Les Cerqueux;2022;148
49060;Bellevigne-les-Châteaux;2022;903
49061;Challain-la-Potherie;2022;192
49063;Chalonnes-sur-Loire;2022;1574
49064;Chambellay;2022;57
49067;Chenillé-Champteussé;2022;99
49068;Champtocé-sur-Loire;2022;400
49070;Chanteloup-les-Bois;2022;143
49076;La Chapelle-Saint-Laud;2022;84
49080;Les Hauts-d'Anjou;2022;1825
49082;Chaudefonds-sur-Layon;2022;180
49086;Terranjou;2022;685
49089;Chazé-sur-Argos;2022;180
49090;Cheffes;2022;182
49092;Chemillé-en-Anjou;2022;4092
49099;Cholet;2022;12390
49100;Cizay-la-Madeleine;2022;87
49102;Cléré-sur-Layon;2022;93
49107;Cornillé-les-Caves;2022;111
49109;Coron;2022;371
49110;Corzé;2022;296
49112;Le Coudray-Macouard;2022;229
49113;Courchamps;2022;109
49114;Courléon;2022;50
49120;Denée;2022;283
49121;Dénezé-sous-Doué;2022;77
49123;Distré;2022;308
49125;Doué-en-Anjou;2022;2625
49126;Orée d'Anjou;2022;2913
49127;Durtal;2022;770
49129;Écouflant;2022;1150
49130;Écuillé;2022;70
49131;Épieds;2022;126
49132;Étriché;2022;234
49135;Feneu;2022;480
49138;Les Bois d'Anjou;2022;451
49140;Fontevraud-l'Abbaye;2022;309
49155;Grez-Neuville;2022;228
49160;Ingrandes-le-Fresne-sur-Loire;2022;696
49161;La Jaille-Yvon;2022;52
49163;Jarzé Villages;2022;545
49167;Les Garennes sur Loire;2022;1127
49170;Juvardeil;2022;187
49171;La Lande-Chasles;2022;28
49174;Huillé-Lézigné;2022;195
49176;Le Lion-d'Angers;2022;994
49178;Loiré;2022;179
49180;Longué-Jumelles;2022;1752
49182;Louresse-Rochemenier;2022;150
49183;Val d'Erdre-Auxence;2022;820
49188;Marcé;2022;139
49192;Maulévrier;2022;684
49193;Le May-sur-Èvre;2022;846
49194;Mazé-Milon;2022;1127
49195;Mazières-en-Mauges;2022;227
49200;Longuenée-en-Anjou;2022;1102
49201;La Ménitré;2022;487
49205;Miré;2022;247
49209;Montigné-lès-Rairies;2022;77
49211;Montilliers;2022;305
49214;Montreuil-Juigné;2022;1756
49215;Montreuil-Bellay;2022;980
49216;Montreuil-sur-Loir;2022;89
49217;Montreuil-sur-Maine;2022;111
49218;Montrevault-sur-Èvre;2022;3163
49219;Montsoreau;2022;169
49220;Morannes sur Sarthe-Daumeray;2022;854
49221;Mouliherne;2022;219
49222;Mozé-sur-Louet;2022;404
49223;Mûrs-Erigné;2022;1416
49224;Neuillé;2022;201
49228;Noyant-Villages;2022;1599
49231;Nuaillé;2022;335
49235;Parnay;2022;112
49236;Passavant-sur-Layon;2022;45
49237;La Pellerine;2022;45
49240;La Plaine;2022;179
49241;Le Plessis-Grammoire;2022;454
49244;Mauges-sur-Loire;2022;4067
49246;Les Ponts-de-Cé;2022;3163
49247;La Possonnière;2022;574
49248;Ombrée d'Anjou;2022;2245
49253;Le Puy-Notre-Dame;2022;280
49257;Les Rairies;2022;213
49259;Rochefort-sur-Loire;2022;486
49260;La Romagne;2022;326
49261;Gennes-Val-de-Loire;2022;2155
49262;Rou-Marson;2022;177
49266;Saint-Augustin-des-Bois;2022;160
49267;Saint-Barthélemy-d'Anjou;2022;2519
49269;Saint-Christophe-du-Bois;2022;593
49271;Saint-Clément-de-la-Place;2022;313
49272;Saint-Clément-des-Levées;2022;274
49278;Sainte-Gemmes-sur-Loire;2022;959
49283;Saint-Georges-sur-Loire;2022;764
49284;Saint-Germain-des-Prés;2022;279
49288;Saint-Jean-de-la-Croix;2022;39
49291;Saint-Just-sur-Dive;2022;72
49292;Val-du-Layon;2022;516
49294;Saint-Lambert-la-Potherie;2022;534
49298;Saint-Léger-de-Linières;2022;622
49299;Saint-Léger-sous-Cholet;2022;559
49301;Sèvremoine;2022;4629
49302;Saint-Macaire-du-Bois;2022;84
49306;Saint-Martin-du-Fouilloux;2022;335
49307;Loire-Authion;2022;3281
49308;Saint-Melaine-sur-Aubance;2022;501
49310;Saint-Paul-du-Bois;2022;109
49311;Saint-Philbert-du-Peuple;2022;270
49323;Verrières-en-Anjou;2022;1531
49326;Sarrigné;2022;168
49328;Saumur;2022;6989
49329;Savennières;2022;283
49330;Sceaux-d'Anjou;2022;117
49331;Segré-en-Anjou Bleu;2022;3917
49332;La Séguinière;2022;906
49333;Seiches-sur-le-Loir;2022;562
49334;Sermaise;2022;49
49336;Somloire;2022;206
49338;Soulaines-sur-Aubance;2022;260
49339;Soulaire-et-Bourg;2022;231
49341;Souzay-Champigny;2022;168
49343;La Tessoualle;2022;827
49344;Thorigné-d'Anjou;2022;158
49345;Bellevigne-en-Layon;2022;1169
49347;Tiercé;2022;1056
49352;Toutlemonde;2022;244
49353;Trélazé;2022;2492
49355;Trémentines;2022;661
49358;Turquant;2022;104
49359;Les Ulmes;2022;91
49361;Varennes-sur-Loire;2022;517
49362;Varrains;2022;343
49364;Vaudelnay;2022;208
49367;Erdre-en-Anjou;2022;773
49368;Vernantes;2022;527
49369;Vernoil-le-Fourrier;2022;368
49370;Verrie;2022;103
49371;Vezins;2022;311
49373;Lys-Haut-Layon;2022;1884
49374;Villebernier;2022;318
49377;Rives-du-Loir-en-Anjou;2022;1121
49378;Vivy;2022;555
49381;Yzernay;2022;380
50002;Agneaux;2022;1232
50003;Agon-Coutainville;2022;1433
50004;Airel;2022;110
50006;Amigny;2022;20
50008;Anctoville-sur-Boscq;2022;73
50013;Anneville-en-Saire;2022;135
50016;Appeville;2022;48
50019;Aucey-la-Plaine;2022;104
50021;Audouville-la-Hubert;2022;19
50022;Aumeville-Lestre;2022;42
50023;Auvers;2022;125
50024;Auxais;2022;28
50025;Avranches;2022;2908
50026;Azeville;2022;12
50027;Bacilly;2022;216
50028;La Baleine;2022;30
50029;Barenton;2022;420
50030;Barfleur;2022;279
50031;Barneville-Carteret;2022;978
50032;La Barre-de-Semilly;2022;201
50033;Baubigny;2022;50
50034;Baudre;2022;117
50036;Baupte;2022;106
50038;Beauchamps;2022;81
50039;Beaucoudray;2022;23
50040;Beauficel;2022;42
50041;La Hague;2022;2104
50042;Beauvoir;2022;106
50044;Belval;2022;67
50045;Benoîtville;2022;92
50046;Bérigny;2022;82
50048;Beslon;2022;123
50049;Besneville;2022;173
50050;Beuvrigny;2022;19
50052;Beuzeville-la-Bastille;2022;39
50054;Biéville;2022;31
50055;Biniville;2022;20
50058;Blainville-sur-Mer;2022;527
50059;Blosville;2022;58
50060;La Bloutière;2022;104
50062;Boisyvon;2022;23
50064;La Bonneville;2022;42
50066;Jullouville;2022;1032
50069;Bourguenolles;2022;60
50070;Boutteville;2022;21
50072;Brainville;2022;34
50074;Brécey;2022;732
50076;Bréhal;2022;1435
50077;Bretteville;2022;238
50078;Bretteville-sur-Ay;2022;157
50079;Breuville;2022;73
50081;Bréville-sur-Mer;2022;246
50082;Bricquebec-en-Cotentin;2022;1451
50083;Bricquebosq;2022;92
50084;Bricqueville-la-Blouette;2022;173
50085;Bricqueville-sur-Mer;2022;393
50086;Brillevast;2022;76
50087;Brix;2022;472
50088;Brouains;2022;52
50090;Buais-Les-Monts;2022;225
50092;Cambernon;2022;197
50093;Cametours;2022;91
50094;Camprond;2022;78
50095;Canisy;2022;439
50096;Canteloup;2022;54
50097;Canville-la-Rocque;2022;34
50098;Carantilly;2022;124
50099;Carentan-les-Marais;2022;2853
50101;Carneville;2022;45
50102;Carolles;2022;330
50105;Catteville;2022;20
50106;Cavigny;2022;53
50108;Céaux;2022;88
50109;Cérences;2022;571
50110;Cerisy-la-Forêt;2022;263
50111;Cerisy-la-Salle;2022;264
50112;La Chaise-Baudouin;2022;110
50115;Le Grippon;2022;62
50117;Champeaux;2022;142
50118;Champrepus;2022;57
50120;Chanteloup;2022;58
50121;La Chapelle-Cécelin;2022;53
50124;La Chapelle-Urée;2022;40
50126;Chavoy;2022;16
50129;Cherbourg-en-Cotentin;2022;16804
50130;Chérencé-le-Héron;2022;82
50135;Clitourps;2022;38
50137;La Colombe;2022;140
50138;Colomby;2022;90
50139;Condé-sur-Vire;2022;964
50142;Vicq-sur-Mer;2022;326
50143;Coudeville-sur-Mer;2022;206
50144;Coulouvray-Boisbenâtre;2022;148
50145;Courcy;2022;137
50146;Courtils;2022;58
50147;Coutances;2022;2187
50148;Couvains;2022;82
50149;Couville;2022;193
50150;Crasville;2022;51
50151;Créances;2022;674
50152;Les Cresnays;2022;56
50155;Crollon;2022;44
50156;Crosville-sur-Douve;2022;9
50158;Cuves;2022;73
50159;Dangy;2022;175
50161;Le Dézert;2022;172
50162;Digosville;2022;340
50164;Domjean;2022;223
50165;Donville-les-Bains;2022;1168
50166;Doville;2022;52
50167;Dragey-Ronthon;2022;242
50168;Ducey-Les Chéris;2022;829
50169;Écausseville;2022;25
50172;Émondeville;2022;72
50174;Équilly;2022;37
50175;Éroudeville;2022;35
50176;L'Étang-Bertrand;2022;68
50177;Étienville;2022;106
50178;Fermanville;2022;434
50181;Feugères;2022;61
50182;La Feuillie;2022;79
50183;Fierville-les-Mines;2022;81
50184;Flamanville;2022;451
50185;Fleury;2022;183
50186;Flottemanville;2022;36
50188;Folligny;2022;190
50190;Fontenay-sur-Mer;2022;45
50192;Fourneaux;2022;25
50193;Le Fresne-Poret;2022;56
50194;Fresville;2022;70
50195;Gathemo;2022;63
50196;Gatteville-le-Phare;2022;194
50197;Gavray-sur-Sienne;2022;690
50198;Geffosses;2022;140
50199;Genêts;2022;174
50200;Ger;2022;253
50205;La Godefroy;2022;43
50207;Golleville;2022;46
50208;Gonfreville;2022;24
50209;Gonneville-Le Theil;2022;259
50210;Gorges;2022;76
50214;Gouvets;2022;57
50215;Gouville-sur-Mer;2022;1153
50216;Graignes-Mesnil-Angot;2022;175
50217;Le Grand-Celland;2022;106
50218;Granville;2022;5022
50219;Gratot;2022;177
50221;Grimesnil;2022;14
50222;Grosville;2022;123
50225;Le Guislain;2022;33
50227;Le Ham;2022;67
50228;Hambye;2022;339
50229;Hamelin;2022;31
50230;Hardinvast;2022;184
50231;Hauteville-sur-Mer;2022;314
50232;Hauteville-la-Guichard;2022;70
50233;Hautteville-Bocage;2022;23
50234;La Haye-Bellefond;2022;14
50235;La Haye-d'Ectot;2022;76
50236;La Haye;2022;1283
50237;La Haye-Pesnel;2022;461
50238;Héauville;2022;129
50239;Thèreval;2022;369
50240;Helleville;2022;44
50241;Hémevez;2022;25
50243;Heugueville-sur-Sienne;2022;140
50246;Hiesville;2022;18
50247;Hocquigny;2022;47
50251;Huberville;2022;48
50252;Hudimesnil;2022;184
50253;Huisnes-sur-Mer;2022;36
50256;Isigny-le-Buat;2022;677
50258;Joganville;2022;11
50259;Juilley;2022;105
50260;Juvigny les Vallées;2022;454
50261;Lamberville;2022;48
50262;La Lande-d'Airou;2022;105
50263;Lapenty;2022;85
50265;Laulne;2022;54
50266;Lengronne;2022;97
50267;Lessay;2022;603
50268;Lestre;2022;50
50269;Liesville-sur-Douve;2022;54
50270;Lieusaint;2022;72
50271;Lingeard;2022;30
50272;Tourneville-sur-Mer;2022;662
50273;Montsenelle;2022;350
50274;Les Loges-Marchis;2022;226
50275;Les Loges-sur-Brécey;2022;28
50276;Lolif;2022;122
50277;Longueville;2022;187
50278;Le Loreur;2022;29
50279;Le Lorey;2022;96
50281;La Lucerne-d'Outremer;2022;188
50282;Le Luot;2022;51
50283;La Luzerne;2022;16
50285;Magneville;2022;78
50288;Marcey-les-Grèves;2022;382
50289;Marchésieux;2022;118
50290;Marcilly;2022;86
50291;Margueray;2022;32
50292;Marigny-Le-Lozon;2022;651
50294;Martinvast;2022;313
50295;Maupertuis;2022;32
50296;Maupertus-sur-Mer;2022;70
50297;La Meauffe;2022;272
50298;Méautis;2022;140
50299;Le Mesnil;2022;57
50300;Le Mesnil-Adelée;2022;39
50302;Le Mesnil-Amey;2022;38
50304;Le Mesnil-Aubert;2022;37
50305;Le Mesnil-au-Val;2022;136
50310;Le Mesnil-Eury;2022;28
50311;Le Mesnil-Garnier;2022;60
50312;Le Mesnil-Gilbert;2022;38
50315;Le Mesnillard;2022;61
50317;Le Mesnil-Ozenne;2022;27
50321;Le Mesnil-Rouxelin;2022;134
50324;Le Mesnil-Véneron;2022;17
50326;Le Mesnil-Villeman;2022;69
50327;La Meurdraquière;2022;42
50328;Millières;2022;149
50332;Les Moitiers-d'Allonne;2022;215
50334;Montabot;2022;55
50335;Montaigu-la-Brisette;2022;107
50336;Montaigu-les-Bois;2022;62
50338;Montbray;2022;86
50340;Montcuit;2022;37
50341;Montebourg;2022;577
50342;Montfarville;2022;264
50345;Monthuchon;2022;150
50347;Montjoie-Saint-Martin;2022;57
50349;Montmartin-sur-Mer;2022;538
50350;Montpinchon;2022;102
50351;Montrabot;2022;16
50352;Montreuil-sur-Lozon;2022;49
50353;Le Mont-Saint-Michel;2022;2
50356;Moon-sur-Elle;2022;175
50357;Morigny;2022;22
50359;Mortain-Bocage;2022;1053
50360;Morville;2022;45
50361;La Mouche;2022;33
50362;Moulines;2022;65
50363;Moyon Villages;2022;270
50364;Muneville-le-Bingard;2022;152
50365;Muneville-sur-Mer;2022;85
50368;Nay;2022;16
50369;Négreville;2022;148
50370;Néhou;2022;123
50371;Le Neufbourg;2022;145
50372;Neufmesnil;2022;40
50373;Neuville-au-Plain;2022;23
50374;Neuville-en-Beaumont;2022;9
50376;Nicorps;2022;96
50378;Notre-Dame-de-Cenilly;2022;147
50379;Notre-Dame-de-Livoye;2022;30
50382;Nouainville;2022;100
50384;Octeville-l'Avenel;2022;47
50387;Orglandes;2022;68
50388;Orval sur Sienne;2022;320
50389;Ouville;2022;113
50390;Ozeville;2022;44
50391;Grandparigny;2022;839
50393;Percy-en-Normandie;2022;815
50394;Périers;2022;868
50395;La Pernelle;2022;58
50397;Perriers-en-Beauficel;2022;65
50398;Le Perron;2022;38
50399;Le Petit-Celland;2022;45
50400;Picauville;2022;820
50401;Pierreville;2022;132
50402;Les Pieux;2022;576
50403;Pirou;2022;551
50405;Le Plessis-Lastelle;2022;67
50407;Poilley;2022;175
50408;Pontaubault;2022;121
50409;Pont-Hébert;2022;531
50410;Pontorson;2022;1533
50411;Ponts;2022;148
50412;Port-Bail-sur-Mer;2022;1001
50413;Précey;2022;92
50417;Quettehou;2022;606
50419;Quettreville-sur-Sienne;2022;771
50420;Quibou;2022;165
50421;Quinéville;2022;114
50422;Raids;2022;38
50423;Rampan;2022;57
50425;Rauville-la-Bigot;2022;206
50426;Rauville-la-Place;2022;116
50428;Reffuveille;2022;156
50429;Regnéville-sur-Mer;2022;283
50430;Reigneville-Bocage;2022;11
50431;Remilly Les Marais;2022;243
50433;Réville;2022;369
50435;Rocheville;2022;122
50436;Romagny Fontenay;2022;338
50437;Roncey;2022;235
50442;Le Rozel;2022;61
50443;Sacey;2022;122
50444;Saint-Amand-Villages;2022;516
50445;Saint-André-de-Bohon;2022;63
50446;Saint-André-de-l'Épine;2022;114
50447;Saint-Aubin-des-Préaux;2022;105
50448;Saint-Aubin-de-Terregatte;2022;158
50450;Saint-Barthélemy;2022;114
50451;Saint-Brice;2022;21
50452;Saint-Brice-de-Landelles;2022;167
50453;Sainte-Cécile;2022;231
50454;Saint-Christophe-du-Foc;2022;57
50455;Saint-Clair-sur-l'Elle;2022;285
50456;Saint-Clément-Rancoudray;2022;167
50457;Sainte-Colombe;2022;27
50461;Saint-Cyr;2022;39
50462;Saint-Cyr-du-Bailleul;2022;100
50463;Saint-Denis-le-Gast;2022;137
50464;Saint-Denis-le-Vêtu;2022;108
50467;Saint-Floxel;2022;90
50468;Saint-Fromond;2022;186
50469;Sainte-Geneviève;2022;84
50471;Saint-Georges-de-la-Rivière;2022;98
50472;Saint-Georges-de-Livoye;2022;56
50473;Saint-Georges-d'Elle;2022;81
50474;Saint-Georges-de-Rouelley;2022;162
50475;Saint-Georges-Montcocq;2022;254
50476;Saint-Germain-d'Elle;2022;44
50478;Saint-Germain-de-Tournebut;2022;66
50479;Saint-Germain-de-Varreville;2022;37
50480;Saint-Germain-le-Gaillard;2022;153
50481;Saint-Germain-sur-Ay;2022;342
50482;Saint-Germain-sur-Sèves;2022;30
50483;Saint-Gilles;2022;201
50484;Saint-Hilaire-du-Harcouët;2022;2090
50486;Saint-Jacques-de-Néhou;2022;101
50487;Saint-James;2022;1432
50488;Saint-Jean-de-Daye;2022;174
50489;Saint-Jean-de-la-Haize;2022;106
50490;Saint-Jean-de-la-Rivière;2022;114
50491;Saint-Jean-de-Savigny;2022;79
50492;Saint-Jean-d'Elle;2022;461
50493;Saint-Jean-des-Champs;2022;291
50495;Saint-Jean-du-Corail-des-Bois;2022;20
50496;Saint-Jean-le-Thomas;2022;171
50498;Saint-Joseph;2022;145
50499;Saint-Laurent-de-Cuves;2022;111
50500;Saint-Laurent-de-Terregatte;2022;123
50502;Saint-Lô;2022;4543
50504;Saint-Louet-sur-Vire;2022;22
50505;Saint-Loup;2022;112
50506;Saint-Malo-de-la-Lande;2022;109
50507;Saint-Marcouf;2022;129
50509;Sainte-Marie-du-Mont;2022;234
50510;Saint-Martin-d'Aubigny;2022;128
50511;Saint-Martin-d'Audouville;2022;18
50512;Saint-Martin-de-Bonfossé;2022;104
50513;Saint-Martin-de-Cenilly;2022;50
50514;Chaulieu;2022;53
50517;Saint-Martin-de-Varreville;2022;62
50518;Saint-Martin-le-Bouillant;2022;74
50519;Saint-Martin-le-Gréard;2022;45
50521;Saint-Maur-des-Bois;2022;39
50522;Saint-Maurice-en-Cotentin;2022;57
50523;Sainte-Mère-Église;2022;884
50525;Saint-Michel-de-Montjoie;2022;110
50528;Saint-Nicolas-de-Pierrepont;2022;72
50529;Saint-Nicolas-des-Bois;2022;27
50531;Saint-Ovin;2022;134
50532;Saint-Pair-sur-Mer;2022;1819
50533;Saint-Patrice-de-Claids;2022;46
50535;Le Parc;2022;190
50536;Saint-Pierre-d'Arthéglise;2022;49
50537;Saint-Pierre-de-Coutances;2022;109
50538;Saint-Pierre-de-Semilly;2022;104
50539;Saint-Pierre-Église;2022;500
50540;Saint-Pierre-Langers;2022;109
50541;Saint-Planchers;2022;371
50542;Saint-Pois;2022;194
50543;Saint-Quentin-sur-le-Homme;2022;261
50546;Bourgvallées;2022;667
50548;Saint-Sauveur-de-Pierrepont;2022;31
50549;Saint-Sauveur-la-Pommeraye;2022;59
50550;Saint-Sauveur-Villages;2022;801
50551;Saint-Sauveur-le-Vicomte;2022;594
50552;Saint-Sébastien-de-Raids;2022;56
50553;Saint-Senier-de-Beuvron;2022;106
50554;Saint-Senier-sous-Avranches;2022;436
50556;Sainte-Suzanne-sur-Vire;2022;134
50562;Saint-Vaast-la-Hougue;2022;706
50563;Saint-Vigor-des-Monts;2022;65
50564;Terre-et-Marais;2022;225
50565;Sartilly-Baie-Bocage;2022;774
50567;Saussemesnil;2022;184
50568;Saussey;2022;140
50569;Savigny;2022;60
50570;Savigny-le-Vieux;2022;126
50571;Sébeville;2022;4
50572;Sénoville;2022;43
50574;Servon;2022;74
50575;Sideville;2022;107
50576;Siouville-Hague;2022;181
50577;Sortosville-en-Beaumont;2022;75
50578;Sortosville;2022;21
50579;Sottevast;2022;225
50580;Sotteville;2022;62
50582;Sourdeval;2022;1175
50584;Subligny;2022;78
50585;Surtainville;2022;281
50587;Taillepied;2022;5
50588;Tamerville;2022;120
50589;Tanis;2022;56
50590;Le Tanu;2022;65
50591;Le Teilleul;2022;620
50592;Tessy-Bocage;2022;614
50593;Teurthéville-Bocage;2022;130
50594;Teurthéville-Hague;2022;150
50596;Théville;2022;62
50597;Tirepied-sur-Sée;2022;185
50598;Tocqueville;2022;65
50599;Tollevast;2022;257
50601;Torigny-les-Villes;2022;1105
50603;Tourville-sur-Sienne;2022;242
50604;Tréauville;2022;136
50606;Tribehou;2022;144
50607;La Trinité;2022;73
50609;Turqueville;2022;40
50610;Urville;2022;50
50612;Vains;2022;193
50613;Valcanville;2022;87
50615;Valognes;2022;2031
50616;Le Val-Saint-Père;2022;517
50617;Varenguebec;2022;81
50618;Varouville;2022;64
50619;Le Vast;2022;73
50621;Vaudreville;2022;16
50624;La Vendelée;2022;85
50626;Ver;2022;71
50628;Vernix;2022;31
50629;Vesly;2022;131
50633;Le Vicel;2022;41
50634;Videcosville;2022;23
50637;Villebaudon;2022;61
50639;Villedieu-les-Poêles-Rouffigny;2022;1268
50641;Villiers-Fossard;2022;113
50643;Virandeville;2022;168
50647;Yquelon;2022;402
50648;Yvetot-Bocage;2022;188
51001;Ablancourt;2022;34
51002;Saint-Martin-d'Ablois;2022;417
51003;Aigny;2022;58
51004;Allemanche-Launay-et-Soyer;2022;32
51005;Allemant;2022;42
51006;Alliancelles;2022;45
51007;Ambonnay;2022;160
51008;Ambrières;2022;47
51009;Anglure;2022;220
51010;Angluzelles-et-Courcelles;2022;32
51012;Anthenay;2022;11
51013;Aougny;2022;11
51014;Arcis-le-Ponsart;2022;89
51015;Argers;2022;21
51016;Arrigny;2022;70
51017;Arzillières-Neuville;2022;55
51018;Athis;2022;214
51019;Aubérive;2022;42
51020;Aubilly;2022;8
51022;Aulnay-l'Aître;2022;28
51023;Aulnay-sur-Marne;2022;58
51025;Auménancourt;2022;173
51027;Auve;2022;45
51028;Avenay-Val-d'Or;2022;237
51029;Avize;2022;400
51030;Aÿ-Champagne;2022;1483
51031;Baconnes;2022;35
51032;Bagneux;2022;86
51033;Le Baizil;2022;38
51034;Bannay;2022;10
51035;Bannes;2022;46
51036;Barbonne-Fayel;2022;121
51037;Baslieux-lès-Fismes;2022;58
51038;Baslieux-sous-Châtillon;2022;28
51039;Bassu;2022;23
51040;Bassuet;2022;68
51041;Baudement;2022;27
51042;Baye;2022;109
51043;Bazancourt;2022;422
51044;Beaumont-sur-Vesle;2022;130
51045;Beaunay;2022;25
51046;Beine-Nauroy;2022;172
51047;Belval-en-Argonne;2022;12
51048;Belval-sous-Châtillon;2022;26
51049;Bergères-lès-Vertus;2022;129
51050;Bergères-sous-Montmirail;2022;39
51051;Berméricourt;2022;51
51052;Berru;2022;112
51053;Berzieux;2022;15
51054;Bétheniville;2022;149
51055;Bétheny;2022;1833
51056;Bethon;2022;73
51057;Bettancourt-la-Longue;2022;29
51058;Bezannes;2022;776
51059;Bignicourt-sur-Marne;2022;118
51060;Bignicourt-sur-Saulx;2022;40
51061;Billy-le-Grand;2022;23
51062;Binarville;2022;35
51065;Blacy;2022;140
51066;Blaise-sous-Arzillières;2022;100
51068;Blesme;2022;31
51069;Bligny;2022;18
51070;Boissy-le-Repos;2022;60
51071;Bouchy-Saint-Genest;2022;35
51072;Bouilly;2022;42
51073;Bouleuse;2022;34
51074;Boult-sur-Suippe;2022;307
51075;Bourgogne-Fresne;2022;320
51076;Boursault;2022;108
51077;Bouvancourt;2022;40
51078;Bouy;2022;94
51079;Bouzy;2022;199
51080;Brandonvillers;2022;31
51081;Branscourt;2022;44
51082;Braux-Sainte-Cohière;2022;22
51083;Braux-Saint-Remy;2022;19
51084;Bréban;2022;12
51085;Le Breuil;2022;90
51086;Breuil-sur-Vesle;2022;36
51087;Breuvery-sur-Coole;2022;58
51088;Brimont;2022;87
51089;Brouillet;2022;14
51090;Broussy-le-Grand;2022;56
51091;Broussy-le-Petit;2022;46
51092;Broyes;2022;87
51093;Brugny-Vaudancourt;2022;93
51094;Brusson;2022;25
51095;Le Buisson;2022;19
51097;Bussy-le-Château;2022;40
51098;Bussy-le-Repos;2022;31
51099;Bussy-Lettrée;2022;54
51100;La Caure;2022;26
51101;Caurel;2022;141
51102;Cauroy-lès-Hermonville;2022;84
51103;La Celle-sous-Chantemerle;2022;38
51104;Cernay-en-Dormois;2022;36
51105;Cernay-lès-Reims;2022;367
51106;Cernon;2022;24
51107;Chaintrix-Bierges;2022;65
51108;Châlons-en-Champagne;2022;9006
51109;Châlons-sur-Vesle;2022;36
51110;Chaltrait;2022;17
51111;Chambrecy;2022;18
51112;Chamery;2022;91
51113;Champaubert;2022;30
51115;Champfleury;2022;173
51116;Champguyon;2022;57
51117;Champigneul-Champagne;2022;62
51118;Champigny;2022;280
51119;Champillon;2022;124
51120;Champlat-et-Boujacourt;2022;28
51121;Champvoisy;2022;39
51122;Changy;2022;36
51124;Chantemerle;2022;11
51125;Chapelaine;2022;10
51126;La Chapelle-Felcourt;2022;14
51127;La Chapelle-Lasson;2022;23
51128;La Chapelle-sous-Orbais;2022;8
51129;Charleville;2022;39
51130;Charmont;2022;61
51132;Les Charmontois;2022;43
51133;Le Châtelier;2022;15
51134;Châtelraould-Saint-Louvent;2022;53
51135;Châtillon-sur-Broué;2022;23
51136;Châtillon-sur-Marne;2022;156
51137;Châtillon-sur-Morin;2022;45
51138;Châtrices;2022;7
51139;Chaudefontaine;2022;89
51140;Chaumuzy;2022;63
51141;La Chaussée-sur-Marne;2022;138
51142;Chavot-Courcourt;2022;86
51143;Le Chemin;2022;21
51144;Cheminon;2022;153
51145;Chenay;2022;78
51146;Cheniers;2022;16
51147;La Cheppe;2022;52
51148;Cheppes-la-Prairie;2022;42
51149;Chepy;2022;107
51150;Cherville;2022;24
51151;Chichey;2022;39
51152;Chigny-les-Roses;2022;120
51153;Chouilly;2022;215
51154;Clamanges;2022;37
51155;Clesles;2022;131
51156;Cloyes-sur-Marne;2022;35
51157;Coizard-Joches;2022;21
51158;Val-des-Marais;2022;111
51160;Compertrix;2022;298
51161;Condé-sur-Marne;2022;140
51162;Conflans-sur-Seine;2022;147
51163;Congy;2022;49
51164;Connantray-Vaurefroy;2022;37
51165;Connantre;2022;232
51166;Contault;2022;21
51167;Coole;2022;35
51168;Coolus;2022;77
51169;Corbeil;2022;21
51170;Corfélix;2022;18
51171;Cormicy;2022;242
51172;Cormontreuil;2022;1992
51173;Cormoyeux;2022;25
51174;Corribert;2022;9
51175;Corrobert;2022;36
51176;Corroy;2022;31
51177;Coulommes-la-Montagne;2022;48
51178;Coupetz;2022;19
51179;Coupéville;2022;24
51181;Courcelles-Sapicourt;2022;54
51182;Courcemain;2022;24
51183;Courcy;2022;212
51184;Courdemanges;2022;143
51185;Courgivaux;2022;60
51186;Courjeonnet;2022;17
51187;Courlandon;2022;34
51188;Courmas;2022;45
51190;Courtagnon;2022;19
51191;Courtémont;2022;20
51192;Courthiézy;2022;78
51193;Courtisols;2022;527
51194;Courville;2022;73
51195;Couvrot;2022;255
51196;Cramant;2022;223
51197;La Croix-en-Champagne;2022;12
51198;Crugny;2022;108
51199;Cuchery;2022;82
51200;Cuis;2022;100
51201;Cuisles;2022;32
51202;Cumières;2022;193
51203;Cuperly;2022;45
51204;Damery;2022;352
51206;Dampierre-le-Château;2022;18
51208;Dampierre-sur-Moivre;2022;17
51210;Dizy;2022;380
51211;Dommartin-Dampierre;2022;13
51212;Dommartin-Lettrée;2022;36
51213;Dommartin-sous-Hans;2022;12
51214;Dommartin-Varimont;2022;31
51215;Dompremy;2022;17
51216;Dontrien;2022;52
51217;Dormans;2022;808
51218;Val-de-Vière;2022;33
51219;Drosnay;2022;53
51220;Drouilly;2022;25
51222;Éclaires;2022;16
51223;Écollemont;2022;20
51224;Écriennes;2022;41
51225;Écueil;2022;67
51226;Écury-le-Repos;2022;26
51227;Écury-sur-Coole;2022;101
51228;Élise-Daucourt;2022;19
51229;Épense;2022;24
51230;Épernay;2022;5104
51231;L'Épine;2022;191
51232;Époye;2022;69
51233;Escardes;2022;19
51234;Esclavolles-Lurey;2022;138
51235;Les Essarts-lès-Sézanne;2022;50
51236;Les Essarts-le-Vicomte;2022;24
51237;Esternay;2022;472
51238;Étoges;2022;54
51239;Étréchy;2022;22
51240;Étrepy;2022;30
51241;Euvy;2022;26
51242;Fagnières;2022;1127
51243;Faux-Fresnay;2022;82
51244;Faux-Vésigneul;2022;51
51245;Faverolles-et-Coëmy;2022;109
51246;Favresse;2022;53
51247;Fèrebrianges;2022;35
51248;Fère-Champenoise;2022;504
51249;Festigny;2022;108
51250;Fismes;2022;1323
51251;Flavigny;2022;39
51252;Fleury-la-Rivière;2022;107
51253;Florent-en-Argonne;2022;64
51254;Fontaine-Denis-Nuisy;2022;58
51255;Fontaine-en-Dormois;2022;7
51256;Fontaine-sur-Ay;2022;74
51258;La Forestière;2022;56
51259;Francheville;2022;29
51260;Le Fresne;2022;10
51262;Frignicourt;2022;506
51263;Fromentières;2022;55
51264;Le Gault-Soigny;2022;112
51265;Gaye;2022;129
51266;Germaine;2022;82
51267;Germigny;2022;50
51268;Germinon;2022;26
51269;Giffaumont-Champaubert;2022;104
51270;Gigny-Bussy;2022;57
51272;Givry-en-Argonne;2022;122
51273;Givry-lès-Loisy;2022;23
51274;Gizaucourt;2022;20
51275;Glannes;2022;37
51276;Gourgançon;2022;36
51277;Sainte-Marie-du-Lac-Nuisement;2022;78
51278;Les Grandes-Loges;2022;41
51279;Granges-sur-Aube;2022;32
51280;Gratreuil;2022;9
51281;Grauves;2022;121
51282;Gueux;2022;421
51283;Hans;2022;34
51284;Haussignémont;2022;48
51285;Haussimont;2022;39
51286;Hauteville;2022;43
51287;Hautvillers;2022;173
51288;Heiltz-le-Hutier;2022;41
51289;Heiltz-le-Maurupt;2022;76
51290;Heiltz-l'Évêque;2022;63
51291;Hermonville;2022;318
51292;Herpont;2022;32
51293;Heutrégiville;2022;68
51294;Hourges;2022;16
51295;Huiron;2022;79
51296;Humbauville;2022;24
51298;Igny-Comblizy;2022;60
51299;Isles-sur-Suippe;2022;145
51300;Isle-sur-Marne;2022;20
51301;Isse;2022;17
51302;Les Istres-et-Bury;2022;22
51303;Jâlons;2022;90
51304;Janvilliers;2022;21
51305;Janvry;2022;24
51306;Joiselle;2022;25
51307;Jonchery-sur-Suippe;2022;48
51308;Jonchery-sur-Vesle;2022;486
51309;Jonquery;2022;20
51310;Jouy-lès-Reims;2022;61
51311;Jussecourt-Minecourt;2022;47
51312;Juvigny;2022;208
51313;Lachy;2022;80
51314;Lagery;2022;27
51315;Landricourt;2022;36
51316;Larzicourt;2022;88
51317;Laval-sur-Tourbe;2022;13
51318;Lavannes;2022;134
51319;Lenharrée;2022;35
51320;Leuvrigny;2022;64
51321;Lhéry;2022;17
51322;Lignon;2022;20
51323;Linthelles;2022;25
51324;Linthes;2022;16
51325;Lisse-en-Champagne;2022;23
51326;Livry-Louvercy;2022;141
51327;Loisy-en-Brie;2022;46
51328;Loisy-sur-Marne;2022;351
51329;Loivre;2022;240
51333;Ludes;2022;144
51334;Luxémont-et-Villotte;2022;136
51336;Maffrécourt;2022;17
51337;Magneux;2022;26
51338;Mailly-Champagne;2022;143
51339;Mairy-sur-Marne;2022;139
51340;Maisons-en-Champagne;2022;113
51341;Malmy;2022;8
51342;Mancy;2022;66
51343;Marcilly-sur-Seine;2022;201
51344;Mardeuil;2022;448
51345;Mareuil-en-Brie;2022;47
51346;Mareuil-le-Port;2022;247
51348;Marfaux;2022;37
51349;Margerie-Hancourt;2022;55
51350;Margny;2022;24
51351;Marigny;2022;22
51352;Marolles;2022;124
51353;Marsangis;2022;12
51354;Marson;2022;54
51355;Massiges;2022;10
51356;Matignicourt-Goncourt;2022;27
51357;Matougues;2022;134
51358;Maurupt-le-Montois;2022;115
51359;Mécringes;2022;43
51360;Le Meix-Saint-Epoing;2022;63
51361;Le Meix-Tiercelin;2022;17
51362;Merfy;2022;148
51363;Merlaut;2022;37
51364;Méry-Prémecy;2022;11
51365;Les Mesneux;2022;228
51367;Le Mesnil-sur-Oger;2022;213
51368;Minaucourt-le-Mesnil-lès-Hurlus;2022;14
51369;Mœurs-Verdey;2022;67
51370;Moiremont;2022;48
51371;Moivre;2022;16
51372;Moncetz-Longevas;2022;116
51373;Moncetz-l'Abbaye;2022;31
51374;Mondement-Montgivroux;2022;17
51375;Montbré;2022;82
51376;Montgenost;2022;27
51377;Montépreux;2022;6
51378;Monthelon;2022;92
51379;Montigny-sur-Vesle;2022;97
51380;Montmirail;2022;1038
51381;Montmort-Lucy;2022;159
51382;Mont-sur-Courville;2022;21
51384;Morangis;2022;62
51386;Morsains;2022;28
51387;Moslins;2022;71
51388;Mourmelon-le-Grand;2022;521
51389;Mourmelon-le-Petit;2022;111
51390;Moussy;2022;177
51391;Muizon;2022;521
51392;Mutigny;2022;42
51393;Nanteuil-la-Forêt;2022;39
51395;Nesle-la-Reposte;2022;31
51396;Nesle-le-Repons;2022;32
51397;La Neuville-aux-Bois;2022;39
51398;La Neuville-aux-Larris;2022;30
51399;La Neuville-au-Pont;2022;128
51402;Neuvy;2022;56
51403;Nogent-l'Abbesse;2022;95
51404;Noirlieu;2022;23
51406;Norrois;2022;38
51407;La Noue;2022;55
51409;Nuisement-sur-Coole;2022;58
51410;Œuilly;2022;210
51412;Ognes;2022;17
51413;Oiry;2022;214
51414;Olizy;2022;30
51415;Omey;2022;58
51416;Orbais-l'Abbaye;2022;110
51417;Orconte;2022;79
51418;Ormes;2022;99
51419;Outines;2022;39
51420;Outrepont;2022;33
51421;Oyes;2022;20
51422;Pargny-lès-Reims;2022;88
51423;Pargny-sur-Saulx;2022;411
51424;Passavant-en-Argonne;2022;68
51425;Passy-Grigny;2022;83
51426;Péas;2022;16
51428;Les Petites-Loges;2022;78
51429;Pévy;2022;36
51430;Pierre-Morains;2022;14
51431;Pierry;2022;311
51432;Pleurs;2022;214
51433;Plichancourt;2022;33
51434;Plivot;2022;133
51435;Pocancy;2022;38
51436;Pogny;2022;160
51437;Poilly;2022;18
51438;Poix;2022;20
51439;Pomacle;2022;70
51440;Pontfaverger-Moronvilliers;2022;272
51441;Ponthion;2022;27
51442;Possesse;2022;23
51443;Potangis;2022;17
51444;Pouillon;2022;116
51445;Pourcy;2022;46
51446;Pringy;2022;94
51447;Prosnes;2022;78
51448;Prouilly;2022;107
51449;Prunay;2022;170
51450;Puisieulx;2022;82
51451;Queudes;2022;14
51452;Rapsécourt;2022;5
51453;Recy;2022;295
51454;Reims;2022;30411
51455;Reims-la-Brûlée;2022;39
51456;Remicourt;2022;16
51457;Cœur-de-la-Vallée;2022;156
51458;Reuves;2022;21
51459;Réveillon;2022;19
51460;Rieux;2022;37
51461;Rilly-la-Montagne;2022;235
51463;Les Rivières-Henruel;2022;47
51464;Romain;2022;59
51465;Romery;2022;31
51466;Romigny;2022;50
51468;Rosnay;2022;65
51469;Rouffy;2022;16
51470;Rouvroy-Ripont;2022;3
51471;Sacy;2022;97
51472;Saint-Amand-sur-Fion;2022;178
51473;Saint-Bon;2022;20
51474;Saint-Brice-Courcelles;2022;864
51475;Saint-Chéron;2022;21
51476;Saint-Étienne-au-Temple;2022;102
51477;Saint-Étienne-sur-Suippe;2022;43
51478;Saint-Eulien;2022;59
51479;Saint-Euphraise-et-Clairizet;2022;54
51480;Sainte-Gemme;2022;20
51482;Saint-Germain-la-Ville;2022;189
51483;Saint-Gibrien;2022;116
51484;Saint-Gilles;2022;50
51485;La Neuville-au-Temple;2022;104
51486;Saint-Hilaire-le-Grand;2022;55
51487;Saint-Hilaire-le-Petit;2022;60
51488;Saint-Imoges;2022;57
51489;Saint-Jean-devant-Possesse;2022;11
51490;Saint-Jean-sur-Moivre;2022;40
51491;Saint-Jean-sur-Tourbe;2022;28
51492;Saint-Just-Sauvage;2022;375
51493;Saint-Léonard;2022;16
51495;Saint-Loup;2022;23
51496;Saint-Lumier-en-Champagne;2022;56
51497;Saint-Lumier-la-Populeuse;2022;13
51498;Saint-Mard-sur-Auve;2022;8
51499;Saint-Mard-lès-Rouffy;2022;17
51500;Saint-Mard-sur-le-Mont;2022;24
51501;Sainte-Marie-à-Py;2022;53
51502;Saint-Martin-aux-Champs;2022;23
51503;Saint-Martin-l'Heureux;2022;19
51504;Saint-Martin-sur-le-Pré;2022;237
51505;Saint-Masmes;2022;88
51506;Saint-Memmie;2022;1284
51507;Sainte-Menehould;2022;1294
51508;Saint-Ouen-Domprot;2022;61
51509;Saint-Pierre;2022;67
51510;Saint-Quentin-les-Marais;2022;16
51511;Saint-Quentin-le-Verger;2022;31
51512;Saint-Quentin-sur-Coole;2022;22
51513;Saint-Remy-en-Bouzemont-Saint-Genest-et-Isson;2022;115
51514;Saint-Remy-sous-Broyes;2022;22
51515;Saint-Remy-sur-Bussy;2022;50
51516;Saint-Saturnin;2022;16
51517;Saint-Souplet-sur-Py;2022;29
51518;Saint-Thierry;2022;142
51519;Saint-Thomas-en-Argonne;2022;11
51520;Saint-Utin;2022;24
51521;Saint-Vrain;2022;40
51522;Sapignicourt;2022;87
51523;Sarcy;2022;54
51524;Saron-sur-Aube;2022;75
51525;Sarry;2022;564
51526;Saudoy;2022;107
51527;Savigny-sur-Ardres;2022;54
51528;Scrupt;2022;29
51529;Selles;2022;62
51530;Sept-Saulx;2022;103
51531;Sermaize-les-Bains;2022;469
51532;Sermiers;2022;114
51533;Servon-Melzicourt;2022;26
51534;Serzy-et-Prin;2022;40
51535;Sézanne;2022;1390
51536;Sillery;2022;415
51537;Sivry-Ante;2022;55
51538;Sogny-aux-Moulins;2022;42
51539;Sogny-en-l'Angle;2022;16
51542;Soizy-aux-Bois;2022;36
51543;Somme-Bionne;2022;20
51544;Sommepy-Tahure;2022;118
51545;Sommesous;2022;92
51546;Somme-Suippe;2022;65
51547;Somme-Tourbe;2022;33
51548;Somme-Vesle;2022;38
51549;Somme-Yèvre;2022;31
51550;Sompuis;2022;78
51551;Somsois;2022;65
51552;Songy;2022;67
51553;Souain-Perthes-lès-Hurlus;2022;35
51555;Soudé;2022;34
51556;Soudron;2022;53
51557;Soulanges;2022;108
51558;Soulières;2022;36
51559;Suippes;2022;565
51560;Suizy-le-Franc;2022;21
51562;Taissy;2022;590
51563;Talus-Saint-Prix;2022;19
51564;Val de Livre;2022;111
51565;Thaas;2022;21
51566;Thibie;2022;69
51567;Thiéblemont-Farémont;2022;216
51568;Thil;2022;83
51569;Thillois;2022;57
51570;Le Thoult-Trosnay;2022;30
51571;Val-de-Vesle;2022;172
51572;Tilloy-et-Bellay;2022;34
51573;Tinqueux;2022;2528
51574;Togny-aux-Bœufs;2022;31
51576;Tours-sur-Marne;2022;280
51577;Tramery;2022;38
51578;Trécon;2022;28
51579;Tréfols;2022;34
51580;Trépail;2022;94
51581;Treslon;2022;40
51582;Trigny;2022;130
51583;Trois-Fontaines-l'Abbaye;2022;35
51584;Trois-Puits;2022;40
51585;Troissy;2022;168
51586;Unchair;2022;40
51587;Vadenay;2022;48
51588;Valmy;2022;57
51589;Vanault-le-Châtel;2022;29
51590;Vanault-les-Dames;2022;97
51591;Vandeuil;2022;43
51592;Vandières;2022;49
51594;Vassimont-et-Chapelaine;2022;17
51595;Vatry;2022;28
51596;Vauchamps;2022;72
51597;Vauciennes;2022;66
51598;Vauclerc;2022;122
51599;Vaudemange;2022;32
51600;Vaudesincourt;2022;28
51601;Vavray-le-Grand;2022;45
51602;Vavray-le-Petit;2022;13
51603;Vélye;2022;28
51604;Ventelay;2022;48
51605;Venteuil;2022;122
51607;Verdon;2022;30
51608;Vernancourt;2022;20
51609;Verneuil;2022;184
51610;Verrières;2022;119
51611;Vert-Toulon;2022;69
51612;Blancs-Coteaux;2022;911
51613;Verzenay;2022;247
51614;Verzy;2022;170
51616;Vésigneul-sur-Marne;2022;45
51617;La Veuve;2022;124
51618;Le Vézier;2022;46
51619;Le Vieil-Dampierre;2022;22
51620;Vienne-la-Ville;2022;55
51621;Vienne-le-Château;2022;197
51622;Ville-Dommange;2022;102
51623;Ville-en-Selve;2022;77
51624;Ville-en-Tardenois;2022;110
51625;Villeneuve-la-Lionne;2022;46
51626;La Villeneuve-lès-Charleville;2022;21
51627;Villeneuve-Renneville-Chevigny;2022;74
51628;Villeneuve-Saint-Vistre-et-Villevotte;2022;25
51629;Villers-Allerand;2022;277
51630;Villers-aux-Bois;2022;46
51631;Villers-aux-Nœuds;2022;59
51632;Villers-en-Argonne;2022;67
51633;Villers-Franqueux;2022;51
51634;Villers-le-Château;2022;76
51635;Villers-le-Sec;2022;29
51636;Villers-Marmery;2022;115
51638;Villeseneux;2022;30
51639;La Ville-sous-Orbais;2022;7
51640;Ville-sur-Tourbe;2022;47
51641;Villevenard;2022;48
51642;Villiers-aux-Corneilles;2022;28
51643;Vinay;2022;127
51644;Vincelles;2022;69
51645;Vindey;2022;36
51646;Virginy;2022;22
51647;Vitry-en-Perthois;2022;234
51648;Vitry-la-Ville;2022;56
51649;Vitry-le-François;2022;2873
51650;Voilemont;2022;12
51652;Vouarces;2022;20
51654;Vouillers;2022;35
51655;Vouzy;2022;65
51656;Vraux;2022;66
51657;Vrigny;2022;50
51658;Vroil;2022;32
51659;Wargemoulin-Hurlus;2022;12
51660;Warmeriville;2022;346
51662;Witry-lès-Reims;2022;961
51663;Magenta;2022;356
52001;Ageville;2022;68
52002;Aigremont;2022;16
52003;Aillianville;2022;46
52004;Aingoulaincourt;2022;4
52005;Aizanville;2022;6
52006;Allichamps;2022;84
52007;Ambonville;2022;14
52008;Andelot-Blancheville;2022;229
52009;Andilly-en-Bassigny;2022;32
52011;Annéville-la-Prairie;2022;25
52012;Annonville;2022;8
52013;Anrosey;2022;40
52014;Aprey;2022;50
52015;Arbigny-sous-Varennes;2022;32
52016;Arbot;2022;29
52017;Arc-en-Barrois;2022;252
52019;Arnancourt;2022;33
52021;Attancourt;2022;67
52022;Aubepierre-sur-Aube;2022;53
52023;Auberive;2022;48
52025;Audeloncourt;2022;35
52027;Aujeurres;2022;20
52028;Aulnoy-sur-Aube;2022;13
52029;Autigny-le-Grand;2022;42
52030;Autigny-le-Petit;2022;18
52031;Autreville-sur-la-Renne;2022;96
52033;Avrecourt;2022;32
52034;Bailly-aux-Forges;2022;31
52035;Baissey;2022;51
52037;Bannes;2022;80
52038;Bassoncourt;2022;23
52039;Baudrecourt;2022;34
52040;Bay-sur-Aube;2022;19
52042;Beauchemin;2022;18
52043;Belmont;2022;15
52044;Roches-Bettaincourt;2022;159
52045;Bettancourt-la-Ferrée;2022;650
52047;Beurville;2022;35
52050;Biesles;2022;314
52051;Bize;2022;14
52053;Blaisy;2022;15
52055;Blécourt;2022;31
52056;Blessonville;2022;43
52057;Blumeray;2022;26
52058;Bologne;2022;467
52059;Bonnecourt;2022;38
52060;Bourbonne-les-Bains;2022;796
52061;Bourdons-sur-Rognon;2022;72
52062;Bourg;2022;30
52063;Bourg-Sainte-Marie;2022;21
52064;Bourmont-entre-Meuse-et-Mouzon;2022;267
52065;Bouzancourt;2022;20
52066;Brachay;2022;16
52067;Brainville-sur-Meuse;2022;23
52069;Braux-le-Châtel;2022;37
52070;Brennes;2022;37
52072;Brethenay;2022;102
52074;Breuvannes-en-Bassigny;2022;171
52075;Briaucourt;2022;40
52076;Bricon;2022;85
52079;Brousseval;2022;152
52082;Bugnières;2022;45
52083;Champsevraine;2022;254
52084;Busson;2022;10
52085;Buxières-lès-Clefmont;2022;6
52087;Buxières-lès-Villiers;2022;28
52088;Ceffonds;2022;153
52089;Celles-en-Bassigny;2022;20
52090;Celsoy;2022;26
52091;Cerisières;2022;19
52092;Chalancey;2022;27
52093;Chalindrey;2022;653
52094;Vals-des-Tilles;2022;52
52095;Chalvraines;2022;57
52097;Chambroncourt;2022;11
52099;Chamouilley;2022;185
52101;Champigneulles-en-Bassigny;2022;15
52102;Champigny-lès-Langres;2022;104
52103;Champigny-sous-Varennes;2022;33
52104;Chancenay;2022;271
52105;Changey;2022;87
52106;Chanoy;2022;27
52107;Chantraines;2022;43
52108;Charmes;2022;30
52109;Charmes-en-l'Angle;2022;4
52110;Charmes-la-Grande;2022;39
52113;Chassigny;2022;64
52114;Châteauvillain;2022;429
52115;Chatenay-Mâcheron;2022;25
52116;Chatenay-Vaudin;2022;6
52118;Chatonrupt-Sommermont;2022;54
52119;Chaudenay;2022;93
52120;Chauffourt;2022;57
52121;Chaumont;2022;5231
52122;Chaumont-la-Ville;2022;24
52123;Chevillon;2022;309
52124;Chézeaux;2022;40
52125;Chamarandes-Choignes;2022;280
52126;Choilley-Dardenay;2022;43
52127;Choiseul;2022;25
52128;Cirey-lès-Mareilles;2022;25
52129;Cirey-sur-Blaise;2022;35
52130;Cirfontaines-en-Azois;2022;51
52131;Cirfontaines-en-Ornois;2022;23
52132;Clefmont;2022;37
52133;Clinchamp;2022;31
52134;Cohons;2022;60
52135;Coiffy-le-Bas;2022;40
52136;Coiffy-le-Haut;2022;40
52137;Colmier-le-Bas;2022;8
52138;Colmier-le-Haut;2022;20
52140;Colombey les Deux Églises;2022;164
52141;Condes;2022;84
52142;Consigny;2022;27
52145;Coublanc;2022;31
52146;Coupray;2022;34
52147;Courcelles-en-Montagne;2022;21
52149;Courcelles-sur-Blaise;2022;25
52151;Cour-l'Évêque;2022;46
52155;Culmont;2022;149
52156;Curel;2022;86
52157;Curmont;2022;7
52158;Cusey;2022;48
52159;Cuves;2022;6
52160;Daillancourt;2022;22
52161;Daillecourt;2022;24
52162;Dammartin-sur-Meuse;2022;44
52163;Dampierre;2022;74
52164;Damrémont;2022;47
52165;Dancevoir;2022;81
52167;Darmannes;2022;42
52168;Dinteville;2022;14
52169;Domblain;2022;12
52170;Dommarien;2022;47
52171;Dommartin-le-Franc;2022;64
52172;Dommartin-le-Saint-Père;2022;74
52173;Domremy-Landéville;2022;21
52174;Doncourt-sur-Meuse;2022;14
52175;Donjeux;2022;77
52177;Doulaincourt-Saucourt;2022;278
52178;Doulevant-le-Château;2022;77
52179;Doulevant-le-Petit;2022;6
52181;Échenay;2022;24
52182;Éclaron-Braucourt-Sainte-Livière;2022;458
52183;Ecot-la-Combe;2022;9
52184;Effincourt;2022;22
52185;Enfonvelle;2022;37
52187;Épizon;2022;53
52189;Le Val-d'Esnoms;2022;93
52190;Esnouveaux;2022;58
52193;Euffigneix;2022;73
52194;Eurville-Bienville;2022;455
52195;Farincourt;2022;14
52196;Faverolles;2022;31
52197;Fayl-Billot;2022;416
52198;Fays;2022;14
52199;Ferrière-et-Lafolie;2022;11
52200;Flagey;2022;17
52201;Flammerécourt;2022;7
52203;Fontaines-sur-Marne;2022;31
52204;Forcey;2022;24
52205;Foulain;2022;161
52206;Frampas;2022;32
52207;Frécourt;2022;34
52208;Fresnes-sur-Apance;2022;68
52211;Froncles;2022;447
52212;Fronville;2022;73
52213;Genevrières;2022;50
52214;La Genevroye;2022;6
52216;Germaines;2022;11
52217;Germainvilliers;2022;26
52218;Germay;2022;13
52219;Germisay;2022;7
52220;Giey-sur-Aujon;2022;44
52221;Gillancourt;2022;31
52222;Gillaumé;2022;7
52223;Gilley;2022;30
52227;Graffigny-Chemin;2022;73
52228;Grandchamp;2022;23
52229;Grenant;2022;42
52230;Gudmont-Villiers;2022;72
52231;Guindrecourt-aux-Ormes;2022;22
52232;Guindrecourt-sur-Blaise;2022;10
52233;Guyonvelle;2022;35
52234;Hâcourt;2022;9
52235;Hallignicourt;2022;75
52237;Harréville-les-Chanteurs;2022;62
52240;Heuilley-le-Grand;2022;34
52242;Haute-Amance;2022;258
52243;Huilliécourt;2022;44
52244;Humbécourt;2022;166
52245;Humberville;2022;20
52246;Humes-Jorquenay;2022;141
52247;Illoud;2022;56
52248;Is-en-Bassigny;2022;124
52249;Isômes;2022;33
52250;Joinville;2022;951
52251;Jonchery;2022;183
52253;Juzennecourt;2022;30
52254;Lachapelle-en-Blaisy;2022;39
52256;Lafauche;2022;29
52257;Laferté-sur-Amance;2022;46
52258;Laferté-sur-Aube;2022;99
52260;Lamancine;2022;23
52264;Laneuvelle;2022;26
52265;Bayard-sur-Marne;2022;290
52266;Laneuville-à-Rémy;2022;17
52267;Laneuville-au-Pont;2022;52
52269;Langres;2022;1796
52271;Lanques-sur-Rognon;2022;48
52272;Lanty-sur-Aube;2022;32
52273;Larivière-Arnoncourt;2022;34
52274;Latrecey-Ormoy-sur-Aube;2022;84
52275;Lavernoy;2022;30
52276;Laville-aux-Bois;2022;56
52277;Lavilleneuve;2022;20
52278;Lavilleneuve-au-Roi;2022;33
52280;Lecey;2022;66
52282;Leffonds;2022;72
52284;Leschères-sur-le-Blaiseron;2022;28
52285;Leuchey;2022;13
52286;Leurville;2022;12
52287;Levécourt;2022;37
52288;Lezéville;2022;27
52289;Liffol-le-Petit;2022;78
52290;Les Loges;2022;35
52291;Longchamp;2022;20
52292;Longeau-Percey;2022;226
52294;Louvemont;2022;136
52295;Louvières;2022;33
52297;Luzy-sur-Marne;2022;61
52298;Maâtz;2022;21
52300;Magneux;2022;61
52301;Maisoncelles;2022;19
52302;Maizières;2022;43
52303;Maizières-sur-Amance;2022;35
52304;Malaincourt-sur-Meuse;2022;21
52305;Mandres-la-Côte;2022;98
52306;Manois;2022;158
52307;Marac;2022;46
52308;Maranville;2022;104
52310;Marbéville;2022;29
52311;Marcilly-en-Bassigny;2022;61
52312;Mardor;2022;9
52313;Mareilles;2022;32
52315;Marnay-sur-Marne;2022;63
52316;Mathons;2022;11
52318;Melay;2022;100
52319;Mennouveaux;2022;17
52320;Merrey;2022;23
52321;Mertrud;2022;47
52322;Meures;2022;34
52325;Millières;2022;34
52326;Mirbel;2022;10
52327;Moëslains;2022;133
52328;Montcharvot;2022;14
52330;Montheries;2022;13
52331;La Porte du Der;2022;637
52332;Val-de-Meuse;2022;460
52335;Montot-sur-Rognon;2022;36
52336;Montreuil-sur-Blaise;2022;25
52337;Montreuil-sur-Thonnance;2022;23
52341;Morancourt;2022;21
52342;Morionvilliers;2022;6
52344;Mouilleron;2022;6
52346;Mussey-sur-Marne;2022;66
52347;Narcy;2022;73
52348;Neuilly-l'Évêque;2022;145
52349;Neuilly-sur-Suize;2022;95
52350;Neuvelle-lès-Voisey;2022;26
52352;Ninville;2022;18
52353;Nogent;2022;1071
52354;Noidant-Chatenoy;2022;31
52355;Noidant-le-Rocheux;2022;42
52356;Nomécourt;2022;22
52357;Noncourt-sur-le-Rongeant;2022;47
52358;Noyers;2022;23
52359;Nully;2022;36
52360;Occey;2022;30
52362;Orbigny-au-Mont;2022;38
52363;Orbigny-au-Val;2022;31
52364;Orcevaux;2022;20
52365;Orges;2022;87
52366;Ormancey;2022;19
52367;Ormoy-lès-Sexfontaines;2022;7
52369;Orquevaux;2022;32
52370;Osne-le-Val;2022;76
52371;Oudincourt;2022;20
52372;Outremécourt;2022;18
52373;Ozières;2022;10
52374;Le Pailly;2022;73
52375;Palaiseul;2022;10
52376;Pansey;2022;9
52377;Parnoy-en-Bassigny;2022;80
52378;Paroy-sur-Saulx;2022;14
52380;Peigney;2022;109
52383;Perrancey-les-Vieux-Moulins;2022;97
52384;Perrogney-les-Fontaines;2022;39
52385;Perrusse;2022;11
52386;Perthes;2022;114
52388;Pierremont-sur-Amance;2022;55
52390;Pisseloup;2022;20
52391;Planrupt;2022;55
52392;Plesnoy;2022;20
52393;Poinsenot;2022;11
52394;Poinson-lès-Fayl;2022;45
52395;Poinson-lès-Grancey;2022;20
52396;Poinson-lès-Nogent;2022;46
52397;Poiseul;2022;12
52398;Poissons;2022;185
52399;Pont-la-Ville;2022;40
52400;Le Châtelet-sur-Meuse;2022;36
52401;Poulangy;2022;104
52403;Praslay;2022;16
52405;Le Montsaugeonnais;2022;242
52406;Pressigny;2022;66
52407;Prez-sous-Lafauche;2022;64
52411;Rives Dervoises;2022;320
52413;Rachecourt-Suzémont;2022;14
52414;Rachecourt-sur-Marne;2022;151
52415;Rançonnières;2022;44
52416;Rangecourt;2022;26
52419;Rennepont;2022;38
52420;Reynel;2022;37
52421;Riaucourt;2022;160
52422;Richebourg;2022;68
52423;Rimaucourt;2022;167
52424;Rivières-le-Bois;2022;18
52425;Rivière-les-Fosses;2022;45
52426;Rizaucourt-Buchey;2022;39
52428;Rochefort-sur-la-Côte;2022;17
52429;Roches-sur-Marne;2022;180
52431;Rochetaillée;2022;42
52432;Rolampont;2022;363
52433;Romain-sur-Meuse;2022;31
52436;Rouécourt;2022;16
52437;Rouelles;2022;11
52438;Rougeux;2022;27
52439;Rouvres-sur-Aube;2022;29
52440;Rouvroy-sur-Marne;2022;75
52442;Rupt;2022;89
52443;Sailly;2022;6
52444;Saint-Blin;2022;92
52445;Saint-Broingt-le-Bois;2022;18
52446;Saint-Broingt-les-Fosses;2022;56
52447;Saint-Ciergues;2022;46
52448;Saint-Dizier;2022;5261
52449;Saints-Geosmes;2022;303
52450;Saint-Loup-sur-Aujon;2022;25
52452;Saint-Martin-lès-Langres;2022;15
52453;Saint-Maurice;2022;35
52455;Saint-Thiébault;2022;75
52456;Saint-Urbain-Maconcourt;2022;139
52457;Saint-Vallier-sur-Marne;2022;43
52459;Sarcey;2022;14
52461;Sarrey;2022;70
52463;Saudron;2022;12
52464;Saulles;2022;17
52465;Saulxures;2022;26
52467;Savigny;2022;21
52468;Semilly;2022;25
52469;Semoutiers-Montsaon;2022;98
52470;Serqueux;2022;113
52472;Sexfontaines;2022;25
52473;Signéville;2022;27
52474;Silvarouvres;2022;13
52475;Sommancourt;2022;9
52476;Sommerécourt;2022;19
52479;Sommevoire;2022;210
52480;Soncourt-sur-Marne;2022;76
52482;Soulaucourt-sur-Mouzon;2022;31
52483;Soyers;2022;36
52484;Suzannecourt;2022;72
52486;Ternat;2022;15
52487;Thilleux;2022;23
52488;Thivet;2022;78
52489;Thol-lès-Millières;2022;6
52490;Thonnance-lès-Joinville;2022;187
52491;Thonnance-les-Moulins;2022;20
52492;Torcenay;2022;148
52493;Tornay;2022;12
52494;Treix;2022;56
52495;Trémilly;2022;19
52497;Troisfontaines-la-Ville;2022;105
52499;Vaillant;2022;12
52500;Valcourt;2022;168
52502;Valleret;2022;22
52503;Valleroy;2022;10
52504;Varennes-sur-Amance;2022;98
52505;Vaudrecourt;2022;13
52506;Vaudrémont;2022;24
52507;Vauxbons;2022;13
52510;Vaux-sur-Blaise;2022;80
52511;Vaux-sur-Saint-Urbain;2022;20
52512;Vecqueville;2022;150
52513;Velles;2022;17
52514;Verbiesles;2022;84
52515;Verseilles-le-Bas;2022;25
52516;Verseilles-le-Haut;2022;7
52517;Vesaignes-sous-Lafauche;2022;25
52518;Vesaignes-sur-Marne;2022;30
52519;Vesvres-sous-Chalancey;2022;20
52520;Vicq;2022;62
52522;Viéville;2022;43
52523;Vignes-la-Côte;2022;29
52524;Vignory;2022;69
52525;Villars-en-Azois;2022;20
52526;Villars-Santenoge;2022;22
52528;Ville-en-Blaisois;2022;25
52529;Villegusien-le-Lac;2022;294
52534;Villiers-en-Lieu;2022;377
52535;Villiers-le-Sec;2022;129
52536;Villiers-lès-Aprey;2022;12
52538;Villiers-sur-Suize;2022;69
52539;Violot;2022;26
52540;Vitry-en-Montagne;2022;7
52541;Vitry-lès-Nogent;2022;36
52542;Vivey;2022;15
52543;Voillecomte;2022;96
52544;Voisey;2022;115
52545;Voisines;2022;33
52546;Voncourt;2022;8
52547;Vouécourt;2022;49
52548;Vraincourt;2022;21
52549;Vroncourt-la-Côte;2022;11
52550;Wassy;2022;746
53001;Ahuillé;2022;352
53002;Alexain;2022;122
53003;Ambrières-les-Vallées;2022;765
53005;Andouillé;2022;477
53007;Argentré;2022;528
53008;Aron;2022;450
53009;Arquenay;2022;104
53010;Assé-le-Bérenger;2022;63
53011;Astillé;2022;110
53012;Athée;2022;83
53013;Averton;2022;115
53015;La Baconnière;2022;263
53016;Bais;2022;369
53017;Val-du-Maine;2022;192
53018;Ballots;2022;297
53019;Bannes;2022;23
53021;La Bazoge-Montpinçon;2022;121
53022;La Bazouge-de-Chemeré;2022;73
53023;La Bazouge-des-Alleux;2022;45
53025;Bazougers;2022;194
53026;Beaulieu-sur-Oudon;2022;52
53027;Beaumont-Pied-de-Bœuf;2022;40
53028;Belgeard;2022;56
53029;Bierné-les-Villages;2022;212
53030;Le Bignon-du-Maine;2022;30
53031;La Bigottière;2022;69
53033;La Boissière;2022;16
53034;Bonchamp-lès-Laval;2022;1523
53035;Bouchamps-lès-Craon;2022;60
53036;Bouère;2022;223
53037;Bouessay;2022;118
53038;Boulay-les-Ifs;2022;38
53039;Le Bourgneuf-la-Forêt;2022;463
53040;Bourgon;2022;100
53041;Brains-sur-les-Marches;2022;48
53042;Brecé;2022;194
53043;Brée;2022;108
53045;La Brûlatte;2022;138
53046;Le Buret;2022;41
53047;Carelles;2022;78
53048;Chailland;2022;224
53049;Châlons-du-Maine;2022;74
53051;Champéon;2022;108
53052;Champfrémont;2022;64
53053;Champgenéteux;2022;109
53054;Changé;2022;1551
53055;Chantrigné;2022;166
53056;La Chapelle-Anthenaise;2022;108
53057;La Chapelle-au-Riboul;2022;115
53058;La Chapelle-Craonnaise;2022;43
53059;La Chapelle-Rainsouin;2022;42
53061;Charchigné;2022;94
53062;Château-Gontier-sur-Mayenne;2022;4870
53063;Châtelain;2022;66
53064;Châtillon-sur-Colmont;2022;241
53066;Chemazé;2022;239
53067;Chémeré-le-Roi;2022;78
53068;Chérancé;2022;38
53069;Chevaigné-du-Maine;2022;54
53071;Colombiers-du-Plessis;2022;104
53072;Commer;2022;170
53073;Congrier;2022;178
53074;Contest;2022;157
53075;Cosmes;2022;40
53076;Cossé-en-Champagne;2022;51
53077;Cossé-le-Vivien;2022;795
53078;Coudray;2022;109
53079;Couesmes-Vaucé;2022;93
53080;Couptrain;2022;43
53082;Courbeveille;2022;91
53083;Courcité;2022;224
53084;Craon;2022;1527
53085;Crennes-sur-Fraubée;2022;40
53086;La Croixille;2022;117
53087;La Cropte;2022;36
53088;Cuillé;2022;210
53089;Daon;2022;108
53090;Denazé;2022;28
53091;Désertines;2022;123
53093;La Dorée;2022;107
53094;Entrammes;2022;499
53096;Ernée;2022;1717
53097;Évron;2022;2440
53098;Fontaine-Couverte;2022;85
53099;Forcé;2022;209
53100;Fougerolles-du-Plessis;2022;496
53101;Fromentières;2022;123
53102;Gastines;2022;31
53103;Le Genest-Saint-Isle;2022;392
53104;Gennes-Longuefuye;2022;196
53105;Gesnes;2022;30
53106;Gesvres;2022;123
53107;Gorron;2022;986
53108;La Gravelle;2022;73
53109;Grazay;2022;99
53110;Grez-en-Bouère;2022;169
53111;La Haie-Traversaine;2022;82
53112;Le Ham;2022;86
53113;Hambers;2022;121
53114;Hardanges;2022;59
53115;Hercé;2022;83
53116;Le Horps;2022;170
53117;Houssay;2022;62
53118;Le Housseau-Brétignolles;2022;55
53119;L'Huisserie;2022;1022
53120;Izé;2022;125
53121;Javron-les-Chapelles;2022;484
53122;Jublains;2022;168
53123;Juvigné;2022;303
53124;Prée-d'Anjou;2022;164
53125;Landivy;2022;372
53126;Larchamp;2022;234
53127;Lassay-les-Châteaux;2022;741
53128;Laubrières;2022;63
53129;Launay-Villiers;2022;57
53130;Laval;2022;11097
53131;Lesbois;2022;51
53132;Levaré;2022;62
53133;Lignières-Orgères;2022;219
53134;Livet;2022;33
53135;Livré-la-Touche;2022;123
53136;La Roche-Neuville;2022;166
53137;Loiron-Ruillé;2022;417
53139;Loupfougères;2022;93
53140;Louverné;2022;987
53141;Louvigné;2022;152
53142;Madré;2022;88
53143;Maisoncelles-du-Maine;2022;70
53144;Marcillé-la-Ville;2022;146
53145;Marigné-Peuton;2022;77
53146;Martigné-sur-Mayenne;2022;394
53147;Mayenne;2022;3471
53148;Mée;2022;22
53150;Ménil;2022;171
53151;Méral;2022;203
53152;Meslay-du-Maine;2022;923
53153;Mézangers;2022;115
53154;Montaudin;2022;249
53155;Montenay;2022;302
53156;Montflours;2022;31
53157;Montigné-le-Brillant;2022;195
53158;Montjean;2022;163
53160;Montreuil-Poulay;2022;85
53161;Montsûrs;2022;791
53162;Moulay;2022;285
53163;Neau;2022;122
53164;Neuilly-le-Vendin;2022;110
53165;Niafles;2022;74
53168;Nuillé-sur-Vicoin;2022;190
53169;Olivet;2022;71
53170;Oisseau;2022;244
53172;Origné;2022;33
53173;La Pallu;2022;35
53174;Parigné-sur-Braye;2022;123
53175;Parné-sur-Roc;2022;180
53176;Le Pas;2022;149
53177;La Pellerine;2022;71
53178;Peuton;2022;21
53179;Placé;2022;61
53180;Pommerieux;2022;91
53181;Pontmain;2022;363
53182;Port-Brillet;2022;415
53184;Préaux;2022;18
53185;Pré-en-Pail-Saint-Samson;2022;684
53186;Quelaines-Saint-Gault;2022;431
53187;Ravigny;2022;60
53188;Renazé;2022;838
53189;Rennes-en-Grenouilles;2022;22
53190;Le Ribay;2022;111
53191;La Roë;2022;38
53192;La Rouaudière;2022;44
53193;Ruillé-Froid-Fonds;2022;71
53195;Sacé;2022;42
53196;Saint-Aignan-de-Couptrain;2022;98
53197;Saint-Aignan-sur-Roë;2022;282
53198;Saint-Aubin-du-Désert;2022;70
53199;Saint-Aubin-Fosse-Louvain;2022;57
53200;Saint-Baudelle;2022;182
53201;Saint-Berthevin;2022;2039
53202;Saint-Berthevin-la-Tannière;2022;96
53203;Saint-Brice;2022;94
53204;Saint-Calais-du-Désert;2022;88
53206;Saint-Charles-la-Forêt;2022;36
53208;Saint-Cyr-en-Pail;2022;109
53209;Saint-Cyr-le-Gravelais;2022;90
53210;Saint-Denis-d'Anjou;2022;394
53211;Saint-Denis-de-Gastines;2022;453
53212;Saint-Denis-du-Maine;2022;49
53213;Saint-Ellier-du-Maine;2022;111
53214;Saint-Erblon;2022;18
53216;Saint-Fraimbault-de-Prières;2022;174
53218;Sainte-Gemmes-le-Robert;2022;165
53219;Saint-Georges-Buttavent;2022;286
53220;Saint-Georges-le-Fléchard;2022;44
53221;Saint-Georges-sur-Erve;2022;94
53222;Saint-Germain-d'Anxure;2022;56
53223;Saint-Germain-de-Coulamer;2022;100
53224;Saint-Germain-le-Fouilloux;2022;122
53225;Saint-Germain-le-Guillaume;2022;65
53226;Saint-Hilaire-du-Maine;2022;114
53228;Blandouet-Saint Jean;2022;112
53229;Saint-Jean-sur-Mayenne;2022;243
53230;Saint-Julien-du-Terroux;2022;57
53232;Saint-Léger;2022;39
53233;Saint-Loup-du-Dorat;2022;62
53234;Saint-Loup-du-Gast;2022;72
53235;Sainte-Marie-du-Bois;2022;67
53236;Saint-Mars-du-Désert;2022;46
53237;Saint-Mars-sur-Colmont;2022;104
53238;Saint-Mars-sur-la-Futaie;2022;142
53240;Saint-Martin-du-Limet;2022;91
53242;Saint-Michel-de-la-Roë;2022;48
53243;Saint-Ouën-des-Toits;2022;273
53245;Saint-Pierre-des-Landes;2022;174
53246;Saint-Pierre-des-Nids;2022;520
53247;Saint-Pierre-la-Cour;2022;454
53248;Saint-Pierre-sur-Erve;2022;26
53249;Vimartin-sur-Orthe;2022;301
53250;Saint-Poix;2022;68
53251;Saint-Quentin-les-Anges;2022;51
53253;Saint-Saturnin-du-Limet;2022;141
53255;Sainte-Suzanne-et-Chammes;2022;334
53256;Saint-Thomas-de-Courceriers;2022;64
53257;Saulges;2022;81
53258;La Selle-Craonnaise;2022;158
53259;Senonnes;2022;54
53260;Simplé;2022;46
53261;Soucé;2022;34
53262;Soulgé-sur-Ouette;2022;212
53263;Thubœuf;2022;76
53264;Thorigné-en-Charnie;2022;35
53265;Torcé-Viviers-en-Charnie;2022;162
53266;Trans;2022;56
53267;Vaiges;2022;281
53269;Vautorte;2022;105
53270;Vieuvy;2022;24
53271;Villaines-la-Juhel;2022;1008
53272;Villepail;2022;44
53273;Villiers-Charlemagne;2022;167
53276;Voutré;2022;185
54001;Abaucourt;2022;72
54002;Abbéville-lès-Conflans;2022;48
54003;Aboncourt;2022;29
54004;Affléville;2022;31
54005;Affracourt;2022;33
54006;Agincourt;2022;97
54007;Aingeray;2022;95
54008;Allain;2022;71
54009;Allamont;2022;24
54010;Allamps;2022;114
54011;Allondrelle-la-Malmaison;2022;83
54012;Amance;2022;69
54013;Amenoncourt;2022;20
54014;Ancerviller;2022;61
54015;Anderny;2022;53
54016;Andilly;2022;44
54017;Angomont;2022;24
54018;Anoux;2022;72
54019;Ansauville;2022;21
54020;Anthelupt;2022;108
54021;Armaucourt;2022;48
54022;Arnaville;2022;126
54023;Arracourt;2022;62
54024;Arraye-et-Han;2022;52
54025;Art-sur-Meurthe;2022;278
54026;Athienville;2022;29
54027;Atton;2022;123
54028;Auboué;2022;567
54029;Audun-le-Roman;2022;395
54030;Autrepierre;2022;22
54031;Autreville-sur-Moselle;2022;57
54032;Autrey;2022;34
54033;Avillers;2022;14
54034;Avrainville;2022;42
54035;Avricourt;2022;109
54036;Avril;2022;125
54037;Azelot;2022;103
54038;Azerailles;2022;186
54039;Baccarat;2022;1226
54040;Badonviller;2022;424
54041;Bagneux;2022;33
54042;Bainville-aux-Miroirs;2022;65
54043;Bainville-sur-Madon;2022;427
54044;Barbas;2022;36
54045;Barbonville;2022;90
54046;Barisey-au-Plain;2022;73
54047;Barisey-la-Côte;2022;43
54048;Les Baroches;2022;80
54049;Baslieux;2022;107
54050;Bathelémont;2022;22
54051;Batilly;2022;263
54052;Battigny;2022;22
54053;Bauzemont;2022;24
54054;Bayon;2022;421
54055;Bayonville-sur-Mad;2022;76
54056;Bazailles;2022;35
54057;Beaumont;2022;17
54058;Béchamps;2022;15
54059;Belleau;2022;118
54060;Belleville;2022;249
54061;Bénaménil;2022;106
54062;Benney;2022;126
54063;Bernécourt;2022;41
54064;Bertrambois;2022;87
54065;Bertrichamps;2022;297
54066;Bettainvillers;2022;40
54067;Beuveille;2022;109
54068;Beuvezin;2022;27
54069;Beuvillers;2022;68
54070;Bey-sur-Seille;2022;34
54071;Bezange-la-Grande;2022;46
54072;Bezaumont;2022;54
54073;Bicqueley;2022;182
54074;Bienville-la-Petite;2022;2
54075;Bionville;2022;37
54076;Blainville-sur-l'Eau;2022;694
54077;Blâmont;2022;246
54078;Blémerey;2022;12
54079;Blénod-lès-Pont-à-Mousson;2022;914
54080;Blénod-lès-Toul;2022;188
54081;Boismont;2022;104
54082;Boncourt;2022;45
54083;Bonviller;2022;36
54084;Mont-Bonvillers;2022;162
54085;Borville;2022;17
54086;Boucq;2022;80
54087;Bouillonville;2022;28
54088;Bouvron;2022;42
54089;Bouxières-aux-Chênes;2022;291
54090;Bouxières-aux-Dames;2022;1119
54091;Bouxières-sous-Froidmont;2022;43
54092;Bouzanville;2022;14
54093;Brainville;2022;26
54094;Bralleville;2022;31
54095;Bratte;2022;2
54096;Bréhain-la-Ville;2022;39
54097;Bréménil;2022;25
54098;Brémoncourt;2022;40
54099;Val de Briey;2022;1685
54100;Brin-sur-Seille;2022;143
54101;Brouville;2022;30
54102;Bruley;2022;121
54103;Bruville;2022;53
54104;Buissoncourt;2022;45
54105;Bulligny;2022;114
54106;Bures;2022;10
54107;Buriville;2022;5
54108;Burthecourt-aux-Chênes;2022;27
54109;Ceintrey;2022;137
54110;Cerville;2022;114
54111;Chaligny;2022;671
54112;Chambley-Bussières;2022;80
54113;Champenoux;2022;294
54114;Champey-sur-Moselle;2022;66
54115;Champigneulles;2022;1600
54116;Chanteheux;2022;530
54117;Chaouilley;2022;20
54118;Charency-Vezin;2022;89
54119;Charey;2022;16
54120;Charmes-la-Côte;2022;80
54121;Charmois;2022;66
54122;Chaudeney-sur-Moselle;2022;125
54123;Chavigny;2022;352
54124;Chazelles-sur-Albe;2022;13
54125;Chenevières;2022;110
54126;Chenicourt;2022;47
54127;Chenières;2022;118
54128;Choloy-Ménillot;2022;140
54129;Cirey-sur-Vezouze;2022;479
54130;Clayeures;2022;50
54131;Clémery;2022;69
54132;Clérey-sur-Brenon;2022;14
54133;Coincourt;2022;28
54134;Colmey;2022;55
54135;Colombey-les-Belles;2022;264
54136;Conflans-en-Jarnisy;2022;649
54137;Cons-la-Grandville;2022;111
54138;Cosnes-et-Romain;2022;533
54139;Courbesseaux;2022;56
54140;Courcelles;2022;11
54141;Coyviller;2022;34
54142;Crantenoy;2022;39
54143;Crépey;2022;62
54144;Crévéchamps;2022;62
54145;Crévic;2022;173
54146;Crézilles;2022;52
54147;Crion;2022;18
54148;Croismare;2022;131
54149;Crusnes;2022;306
54150;Custines;2022;602
54151;Cutry;2022;200
54152;Damelevières;2022;587
54153;Dampvitoux;2022;12
54154;Deneuvre;2022;114
54155;Deuxville;2022;80
54156;Diarville;2022;82
54157;Dieulouard;2022;988
54158;Dolcourt;2022;33
54159;Dombasle-sur-Meurthe;2022;2054
54160;Domèvre-en-Haye;2022;63
54161;Domèvre-sur-Vezouze;2022;62
54162;Domgermain;2022;264
54163;Domjevin;2022;46
54164;Dommarie-Eulmont;2022;21
54165;Dommartemont;2022;198
54166;Dommartin-la-Chaussée;2022;2
54167;Dommartin-lès-Toul;2022;421
54168;Dommartin-sous-Amance;2022;82
54169;Domprix;2022;11
54170;Domptail-en-l'Air;2022;17
54171;Doncourt-lès-Conflans;2022;161
54172;Doncourt-lès-Longuyon;2022;47
54173;Drouville;2022;36
54174;Écrouves;2022;684
54175;Einvaux;2022;47
54176;Einville-au-Jard;2022;287
54177;Emberménil;2022;58
54178;Épiez-sur-Chiers;2022;33
54179;Éply;2022;48
54180;Erbéviller-sur-Amezule;2022;28
54181;Errouville;2022;160
54182;Essey-et-Maizerais;2022;55
54183;Essey-la-Côte;2022;21
54184;Essey-lès-Nancy;2022;2026
54185;Étreval;2022;17
54186;Eulmont;2022;219
54187;Euvezin;2022;15
54188;Faulx;2022;329
54189;Favières;2022;107
54190;Fécocourt;2022;26
54191;Fenneviller;2022;34
54192;Ferrières;2022;64
54193;Fey-en-Haye;2022;18
54194;Fillières;2022;64
54195;Flainval;2022;33
54196;Flavigny-sur-Moselle;2022;367
54197;Fléville-devant-Nancy;2022;791
54198;Fléville-Lixières;2022;56
54199;Flin;2022;82
54200;Flirey;2022;27
54201;Fontenoy-la-Joûte;2022;59
54202;Fontenoy-sur-Moselle;2022;54
54203;Forcelles-Saint-Gorgon;2022;34
54204;Forcelles-sous-Gugney;2022;14
54205;Foug;2022;647
54206;Fraimbois;2022;66
54207;Fraisnes-en-Saintois;2022;22
54208;Francheville;2022;69
54209;Franconville;2022;5
54210;Fréménil;2022;34
54211;Frémonville;2022;52
54212;Fresnois-la-Montagne;2022;66
54213;Friauville;2022;72
54214;Frolois;2022;116
54215;Frouard;2022;1438
54216;Froville;2022;29
54217;Gélacourt;2022;36
54218;Gélaucourt;2022;14
54219;Gellenoncourt;2022;10
54220;Gémonville;2022;10
54221;Gerbécourt-et-Haplemont;2022;45
54222;Gerbéviller;2022;332
54223;Germiny;2022;40
54224;Germonville;2022;19
54225;Gézoncourt;2022;34
54226;Gibeaumeix;2022;32
54227;Giraumont;2022;315
54228;Giriviller;2022;15
54229;Glonville;2022;85
54230;Gogney;2022;17
54231;Gondrecourt-Aix;2022;25
54232;Gondreville;2022;529
54233;Gondrexon;2022;1
54234;Gorcy;2022;440
54235;Goviller;2022;66
54236;Grand-Failly;2022;61
54237;Grimonviller;2022;29
54238;Gripport;2022;46
54239;Griscourt;2022;18
54240;Grosrouvres;2022;10
54241;Gugney;2022;23
54242;Gye;2022;27
54243;Hablainville;2022;39
54244;Hagéville;2022;20
54245;Haigneville;2022;12
54246;Halloville;2022;18
54247;Hammeville;2022;26
54248;Hamonville;2022;28
54249;Hannonville-Suzémont;2022;39
54250;Haraucourt;2022;157
54251;Harbouey;2022;37
54252;Haroué;2022;146
54253;Hatrize;2022;132
54254;Haucourt-Moulaine;2022;620
54255;Haudonville;2022;30
54256;Haussonville;2022;61
54257;Heillecourt;2022;1579
54258;Hénaménil;2022;25
54259;Herbéviller;2022;54
54260;Hériménil;2022;209
54261;Herserange;2022;688
54262;Hoéville;2022;33
54263;Homécourt;2022;1298
54264;Houdelmont;2022;45
54265;Houdemont;2022;580
54266;Houdreville;2022;73
54268;Housséville;2022;26
54269;Hudiviller;2022;70
54270;Hussigny-Godbrange;2022;724
54271;Igney;2022;31
54272;Jaillon;2022;58
54273;Jarny;2022;1971
54274;Jarville-la-Malgrange;2022;1907
54275;Jaulny;2022;30
54276;Jeandelaincourt;2022;110
54277;Jeandelize;2022;84
54278;Jevoncourt;2022;9
54279;Jezainville;2022;194
54280;Jœuf;2022;1740
54281;Jolivet;2022;254
54282;Joppécourt;2022;15
54283;Jouaville;2022;45
54284;Joudreville;2022;298
54285;Juvrecourt;2022;8
54286;Labry;2022;407
54287;Lachapelle;2022;42
54288;Lagney;2022;91
54289;Laître-sous-Amance;2022;96
54290;Laix;2022;39
54291;Lalœuf;2022;59
54292;Lamath;2022;35
54293;Landécourt;2022;17
54294;Landremont;2022;22
54295;Landres;2022;198
54296;Laneuvelotte;2022;92
54297;Laneuveville-aux-Bois;2022;63
54298;Laneuveville-derrière-Foug;2022;32
54299;Laneuveville-devant-Bayon;2022;28
54300;Laneuveville-devant-Nancy;2022;1110
54301;Lanfroicourt;2022;28
54302;Lantéfontaine;2022;165
54303;Laronxe;2022;100
54304;Laxou;2022;3129
54305;Lay-Saint-Christophe;2022;628
54306;Lay-Saint-Remy;2022;72
54307;Lebeuville;2022;28
54308;Leintrey;2022;35
54309;Lemainville;2022;64
54310;Leménil-Mitry;2022;0
54311;Lenoncourt;2022;110
54312;Lesménils;2022;102
54313;Létricourt;2022;29
54314;Lexy;2022;917
54315;Leyr;2022;182
54316;Limey-Remenauville;2022;37
54317;Lironville;2022;14
54318;Liverdun;2022;1289
54320;Loisy;2022;70
54321;Longlaville;2022;458
54322;Longuyon;2022;1372
54323;Longwy;2022;2855
54324;Lorey;2022;11
54325;Loromontzey;2022;17
54326;Lubey;2022;34
54327;Lucey;2022;126
54328;Ludres;2022;1723
54329;Lunéville;2022;4332
54330;Lupcourt;2022;89
54331;Magnières;2022;72
54332;Maidières;2022;375
54333;Mailly-sur-Seille;2022;50
54334;Mairy-Mainville;2022;98
54335;Maixe;2022;83
54336;Maizières;2022;233
54337;Malavillers;2022;26
54338;Malleloy;2022;206
54339;Malzéville;2022;1706
54340;Mamey;2022;49
54343;Mandres-aux-Quatre-Tours;2022;32
54344;Mangonville;2022;43
54345;Manoncourt-en-Vermois;2022;58
54346;Manoncourt-en-Woëvre;2022;55
54348;Manonville;2022;46
54349;Manonviller;2022;42
54350;Marainviller;2022;129
54351;Marbache;2022;353
54352;Maron;2022;182
54353;Mars-la-Tour;2022;226
54354;Marthemont;2022;6
54355;Martincourt;2022;22
54356;Mattexey;2022;11
54357;Maxéville;2022;1569
54358;Mazerulles;2022;67
54359;Méhoncourt;2022;48
54360;Ménil-la-Tour;2022;73
54362;Mercy-le-Bas;2022;284
54363;Mercy-le-Haut;2022;63
54364;Méréville;2022;300
54365;Merviller;2022;68
54366;Messein;2022;393
54367;Mexy;2022;500
54368;Mignéville;2022;37
54369;Millery;2022;124
54370;Minorville;2022;47
54371;Moineville;2022;205
54372;Moivrons;2022;66
54373;Moncel-lès-Lunéville;2022;123
54374;Moncel-sur-Seille;2022;97
54375;Montauville;2022;231
54376;Montenoy;2022;81
54377;Montigny;2022;43
54378;Montigny-sur-Chiers;2022;105
54379;Mont-l'Étroit;2022;22
54380;Mont-le-Vignoble;2022;79
54381;Montreux;2022;14
54382;Mont-Saint-Martin;2022;1457
54383;Mont-sur-Meurthe;2022;222
54385;Morfontaine;2022;161
54386;Moriviller;2022;21
54387;Morville-sur-Seille;2022;25
54388;Mouacourt;2022;20
54389;Mouaville;2022;18
54390;Mousson;2022;30
54391;Moutiers;2022;383
54392;Moutrot;2022;50
54393;Moyen;2022;97
54394;Murville;2022;55
54395;Nancy;2022;15357
54396;Neufmaisons;2022;45
54397;Neuves-Maisons;2022;1452
54398;Neuviller-lès-Badonviller;2022;19
54399;Neuviller-sur-Moselle;2022;51
54400;Nomeny;2022;270
54401;Nonhigny;2022;20
54402;Norroy-le-Sec;2022;84
54403;Norroy-lès-Pont-à-Mousson;2022;244
54404;Noviant-aux-Prés;2022;27
54405;Ochey;2022;42
54406;Ogéviller;2022;59
54407;Ognéville;2022;29
54408;Olley;2022;37
54409;Omelmont;2022;39
54410;Onville;2022;114
54411;Ormes-et-Ville;2022;54
54412;Othe;2022;10
54413;Ozerailles;2022;22
54414;Pagney-derrière-Barine;2022;124
54415;Pagny-sur-Moselle;2022;923
54416;Pannes;2022;29
54417;Parey-Saint-Césaire;2022;56
54418;Parroy;2022;48
54419;Parux;2022;29
54420;Petit-Failly;2022;13
54421;Petitmont;2022;98
54422;Pettonville;2022;17
54423;Pexonne;2022;85
54424;Phlin;2022;4
54425;Piennes;2022;483
54426;Pierre-la-Treiche;2022;116
54427;Pierre-Percée;2022;28
54428;Pierrepont;2022;199
54429;Pierreville;2022;52
54430;Pompey;2022;1170
54431;Pont-à-Mousson;2022;2869
54432;Pont-Saint-Vincent;2022;388
54433;Port-sur-Seille;2022;38
54434;Praye;2022;58
54435;Prény;2022;76
54436;Preutin-Higny;2022;29
54437;Pulligny;2022;255
54438;Pulney;2022;15
54439;Pulnoy;2022;1256
54440;Puxe;2022;22
54441;Puxieux;2022;30
54442;Quevilloncourt;2022;21
54443;Raon-lès-Leau;2022;14
54444;Raucourt;2022;43
54445;Raville-sur-Sânon;2022;17
54446;Réchicourt-la-Petite;2022;14
54447;Réclonville;2022;23
54449;Rehainviller;2022;229
54450;Reherrey;2022;36
54451;Réhon;2022;668
54452;Reillon;2022;12
54453;Rembercourt-sur-Mad;2022;26
54455;Remenoville;2022;34
54456;Réméréville;2022;91
54457;Remoncourt;2022;14
54458;Repaix;2022;28
54459;Richardménil;2022;736
54460;Rogéville;2022;30
54461;Romain;2022;7
54462;Rosières-aux-Salines;2022;617
54463;Rosières-en-Haye;2022;35
54464;Rouves;2022;15
54465;Roville-devant-Bayon;2022;147
54466;Royaumeix;2022;114
54467;Rozelieures;2022;29
54468;Saffais;2022;33
54469;Saint-Ail;2022;80
54470;Saint-Baussant;2022;16
54471;Saint-Boingt;2022;20
54472;Saint-Clément;2022;221
54473;Saint-Firmin;2022;112
54474;Sainte-Geneviève;2022;51
54475;Saint-Germain;2022;27
54476;Saint-Jean-lès-Longuyon;2022;71
54477;Saint-Julien-lès-Gorze;2022;21
54478;Saint-Marcel;2022;22
54479;Saint-Mard;2022;13
54480;Saint-Martin;2022;15
54481;Saint-Maurice-aux-Forges;2022;27
54482;Saint-Max;2022;2415
54483;Saint-Nicolas-de-Port;2022;1775
54484;Sainte-Pôle;2022;51
54485;Saint-Pancré;2022;76
54486;Saint-Remimont;2022;72
54487;Saint-Rémy-aux-Bois;2022;15
54488;Saint-Sauveur;2022;18
54489;Saint-Supplet;2022;24
54490;Saizerais;2022;242
54491;Sancy;2022;75
54492;Sanzey;2022;34
54493;Saulnes;2022;480
54494;Saulxerotte;2022;9
54495;Saulxures-lès-Nancy;2022;1066
54496;Saulxures-lès-Vannes;2022;59
54497;Saxon-Sion;2022;21
54498;Seichamps;2022;1326
54499;Seicheprey;2022;21
54500;Selaincourt;2022;49
54501;Seranville;2022;13
54502;Serres;2022;46
54504;Serrouville;2022;96
54505;Sexey-aux-Forges;2022;123
54507;Sionviller;2022;23
54508;Sivry;2022;43
54509;Sommerviller;2022;234
54510;Sornéville;2022;43
54511;Sponville;2022;23
54512;Tanconville;2022;25
54513;Tantonville;2022;150
54514;Tellancourt;2022;89
54515;Thélod;2022;72
54516;They-sous-Vaudemont;2022;3
54517;Thézey-Saint-Martin;2022;41
54518;Thiaucourt-Regniéville;2022;272
54519;Thiaville-sur-Meurthe;2022;132
54520;Thiébauménil;2022;79
54521;Thil;2022;334
54522;Thorey-Lyautey;2022;26
54523;Thuilley-aux-Groseilles;2022;30
54524;Thumeréville;2022;23
54525;Tiercelet;2022;167
54526;Tomblaine;2022;1542
54527;Tonnoy;2022;162
54528;Toul;2022;3203
54529;Tramont-Émy;2022;9
54530;Tramont-Lassus;2022;21
54531;Tramont-Saint-André;2022;16
54532;Tremblecourt;2022;44
54533;Trieux;2022;409
54534;Trondes;2022;77
54535;Tronville;2022;37
54536;Tucquegnieux;2022;625
54537;Ugny;2022;112
54538;Uruffe;2022;82
54539;Vacqueville;2022;46
54540;Val-et-Châtillon;2022;147
54541;Valhey;2022;28
54542;Valleroy;2022;559
54543;Vallois;2022;42
54544;Vandelainville;2022;31
54545;Vandeléville;2022;38
54546;Vandières;2022;203
54547;Vandœuvre-lès-Nancy;2022;5299
54548;Vannes-le-Châtel;2022;122
54549;Varangéville;2022;811
54550;Vathiménil;2022;61
54551;Vaucourt;2022;19
54552;Vaudémont;2022;22
54553;Vaudeville;2022;42
54554;Vaudigny;2022;8
54555;Vaxainville;2022;17
54556;Vého;2022;16
54557;Bois-de-Haye;2022;413
54558;Velaine-sous-Amance;2022;68
54559;Velle-sur-Moselle;2022;63
54560;Veney;2022;8
54561;Vennezey;2022;7
54562;Verdenal;2022;23
54563;Vézelise;2022;325
54564;Viéville-en-Haye;2022;29
54565;Vigneulles;2022;49
54566;Vilcey-sur-Trey;2022;19
54567;Villacourt;2022;90
54568;Ville-au-Montois;2022;49
54569;Ville-au-Val;2022;36
54570;Villecey-sur-Mad;2022;46
54571;Ville-en-Vermois;2022;147
54572;Ville-Houdlémont;2022;75
54573;Villers-en-Haye;2022;33
54574;Villers-la-Chèvre;2022;86
54575;Villers-la-Montagne;2022;359
54576;Villers-le-Rond;2022;27
54577;Villers-lès-Moivrons;2022;23
54578;Villers-lès-Nancy;2022;3987
54579;Villers-sous-Prény;2022;90
54580;Villerupt;2022;1992
54581;Ville-sur-Yron;2022;53
54582;Villette;2022;41
54583;Villey-le-Sec;2022;58
54584;Villey-Saint-Étienne;2022;261
54585;Virecourt;2022;103
54586;Viterne;2022;134
54587;Vitrey;2022;36
54588;Vitrimont;2022;82
54589;Vittonville;2022;19
54590;Viviers-sur-Chiers;2022;126
54591;Voinémont;2022;66
54592;Vroncourt;2022;49
54593;Waville;2022;73
54594;Xammes;2022;18
54595;Xermaménil;2022;103
54596;Xeuilley;2022;190
54597;Xirocourt;2022;90
54598;Xivry-Circourt;2022;57
54599;Xonville;2022;19
54600;Xousse;2022;26
54601;Xures;2022;31
54602;Han-devant-Pierrepont;2022;31
55001;Abainville;2022;69
55002;Abaucourt-Hautecourt;2022;22
55004;Aincreville;2022;23
55005;Amanty;2022;16
55007;Ambly-sur-Meuse;2022;50
55008;Amel-sur-l'Étang;2022;27
55009;Ancemont;2022;129
55010;Ancerville;2022;641
55011;Andernay;2022;56
55012;Apremont-la-Forêt;2022;73
55013;Arrancy-sur-Crusnes;2022;80
55014;Aubréville;2022;94
55015;Aulnois-en-Perthois;2022;84
55017;Autrécourt-sur-Aire;2022;36
55018;Autréville-Saint-Lambert;2022;10
55021;Avillers-Sainte-Croix;2022;17
55022;Avioth;2022;38
55023;Avocourt;2022;39
55024;Azannes-et-Soumazannes;2022;34
55025;Baâlon;2022;50
55026;Badonvilliers-Gérauvilliers;2022;38
55027;Bannoncourt;2022;27
55028;Bantheville;2022;24
55029;Bar-le-Duc;2022;3830
55031;Baudonvilliers;2022;123
55032;Baudrémont;2022;7
55033;Baulny;2022;4
55034;Bazeilles-sur-Othain;2022;21
55035;Bazincourt-sur-Saulx;2022;29
55036;Beauclair;2022;23
55037;Beaufort-en-Argonne;2022;37
55038;Beaulieu-en-Argonne;2022;10
55039;Beaumont-en-Verdunois;2022;0
55040;Beausite;2022;77
55041;Behonne;2022;248
55042;Belleray;2022;135
55043;Belleville-sur-Meuse;2022;730
55044;Belrain;2022;7
55045;Belrupt-en-Verdunois;2022;122
55046;Beney-en-Woëvre;2022;18
55047;Béthelainville;2022;27
55048;Béthincourt;2022;10
55049;Beurey-sur-Saulx;2022;98
55050;Bezonvaux;2022;0
55051;Biencourt-sur-Orge;2022;36
55053;Billy-sous-Mangiennes;2022;67
55054;Bislée;2022;20
55055;Blanzée;2022;6
55057;Boinville-en-Woëvre;2022;16
55058;Boncourt-sur-Meuse;2022;78
55059;Bonnet;2022;54
55060;Bonzée;2022;83
55061;Le Bouchon-sur-Saulx;2022;52
55062;Bouconville-sur-Madt;2022;19
55063;Bouligny;2022;640
55064;Bouquemont;2022;22
55065;Boureuilles;2022;31
55066;Bovée-sur-Barboure;2022;23
55067;Boviolles;2022;21
55068;Brabant-en-Argonne;2022;21
55069;Brabant-le-Roi;2022;60
55070;Brabant-sur-Meuse;2022;12
55071;Brandeville;2022;50
55072;Braquis;2022;17
55073;Bras-sur-Meuse;2022;149
55075;Brauvilliers;2022;37
55076;Bréhéville;2022;48
55077;Breux;2022;55
55078;Brieulles-sur-Meuse;2022;94
55079;Brillon-en-Barrois;2022;136
55080;Brixey-aux-Chanoines;2022;22
55081;Brizeaux;2022;16
55082;Brocourt-en-Argonne;2022;16
55083;Brouennes;2022;32
55084;Broussey-en-Blois;2022;9
55085;Broussey-Raulecourt;2022;53
55087;Bure;2022;20
55088;Burey-en-Vaux;2022;46
55089;Burey-la-Côte;2022;24
55093;Buxières-sous-les-Côtes;2022;88
55094;Buzy-Darmont;2022;111
55095;Cesse;2022;26
55096;Chaillon;2022;35
55097;Chalaines;2022;82
55099;Champneuville;2022;28
55100;Champougny;2022;11
55101;Chardogne;2022;79
55102;Charny-sur-Meuse;2022;118
55103;Charpentry;2022;10
55104;Chassey-Beaupré;2022;28
55105;Châtillon-sous-les-Côtes;2022;35
55106;Chattancourt;2022;20
55107;Chaumont-devant-Damvillers;2022;13
55108;Chaumont-sur-Aire;2022;36
55109;Chauvency-le-Château;2022;46
55110;Chauvency-Saint-Hubert;2022;50
55111;Chauvoncourt;2022;144
55113;Cheppy;2022;44
55114;Chonville-Malaumont;2022;38
55115;Cierges-sous-Montfaucon;2022;19
55116;Le Claon;2022;10
55117;Clermont-en-Argonne;2022;428
55118;Cléry-le-Grand;2022;15
55119;Cléry-le-Petit;2022;54
55120;Combles-en-Barrois;2022;255
55121;Combres-sous-les-Côtes;2022;27
55122;Commercy;2022;1351
55123;Les Hauts-de-Chée;2022;191
55124;Consenvoye;2022;66
55125;Contrisson;2022;160
55127;Courcelles-en-Barrois;2022;14
55128;Courcelles-sur-Aire;2022;15
55129;Courouvre;2022;6
55132;Cousances-les-Forges;2022;373
55133;Couvertpuis;2022;26
55134;Couvonges;2022;26
55137;Cuisy;2022;13
55138;Culey;2022;32
55139;Cumières-le-Mort-Homme;2022;0
55140;Cunel;2022;5
55141;Dagonville;2022;27
55142;Dainville-Bertheléville;2022;41
55143;Damloup;2022;23
55144;Dammarie-sur-Saulx;2022;104
55145;Damvillers;2022;160
55146;Dannevoux;2022;50
55148;Delouze-Rosières;2022;28
55149;Delut;2022;22
55150;Demange-Baudignécourt;2022;130
55153;Dieppe-sous-Douaumont;2022;35
55154;Dieue-sur-Meuse;2022;353
55155;Dombasle-en-Argonne;2022;83
55156;Dombras;2022;34
55157;Dommartin-la-Montagne;2022;11
55158;Dommary-Baroncourt;2022;133
55159;Dompcevrin;2022;108
55160;Dompierre-aux-Bois;2022;13
55162;Domremy-la-Canne;2022;11
55163;Doncourt-aux-Templiers;2022;10
55165;Doulcon;2022;120
55166;Dugny-sur-Meuse;2022;300
55167;Dun-sur-Meuse;2022;207
55168;Duzey;2022;6
55169;Écouviez;2022;88
55170;Écurey-en-Verdunois;2022;28
55171;Eix;2022;36
55172;Les Éparges;2022;13
55173;Épiez-sur-Meuse;2022;13
55174;Épinonville;2022;20
55175;Érize-la-Brûlée;2022;41
55177;Érize-la-Petite;2022;8
55178;Érize-Saint-Dizier;2022;38
55179;Erneville-aux-Bois;2022;39
55180;Esnes-en-Argonne;2022;18
55181;Étain;2022;844
55182;Éton;2022;43
55183;Étraye;2022;5
55184;Euville;2022;345
55185;Èvres;2022;24
55186;Fains-Véel;2022;630
55188;Flassigny;2022;9
55189;Fleury-devant-Douaumont;2022;0
55191;Foameix-Ornel;2022;36
55192;Fontaines-Saint-Clair;2022;14
55193;Forges-sur-Meuse;2022;33
55194;Foucaucourt-sur-Thabas;2022;11
55195;Fouchères-aux-Bois;2022;43
55196;Frémeréville-sous-les-Côtes;2022;20
55197;Fresnes-au-Mont;2022;30
55198;Fresnes-en-Woëvre;2022;134
55199;Froidos;2022;16
55200;Fromeréville-les-Vallons;2022;33
55201;Fromezey;2022;12
55202;Futeau;2022;56
55204;Génicourt-sur-Meuse;2022;53
55206;Gercourt-et-Drillancourt;2022;28
55207;Géry;2022;10
55208;Gesnes-en-Argonne;2022;9
55210;Gimécourt;2022;9
55211;Gincrey;2022;13
55212;Girauvoisin;2022;24
55214;Givrauval;2022;69
55215;Gondrecourt-le-Château;2022;385
55216;Gouraincourt;2022;10
55217;Goussaincourt;2022;37
55218;Gremilly;2022;3
55219;Grimaucourt-en-Woëvre;2022;24
55220;Grimaucourt-près-Sampigny;2022;16
55221;Guerpont;2022;65
55222;Gussainville;2022;6
55224;Haironville;2022;103
55225;Halles-sous-les-Côtes;2022;29
55226;Han-lès-Juvigny;2022;16
55228;Hannonville-sous-les-Côtes;2022;189
55229;Han-sur-Meuse;2022;69
55232;Harville;2022;21
55236;Haudainville;2022;198
55237;Haudiomont;2022;37
55239;Haumont-près-Samogneux;2022;0
55241;Heippes;2022;20
55242;Hennemont;2022;25
55243;Herbeuville;2022;42
55244;Herméville-en-Woëvre;2022;64
55245;Heudicourt-sous-les-Côtes;2022;39
55246;Hévilliers;2022;26
55247;Horville-en-Ornois;2022;12
55248;Houdelaincourt;2022;85
55250;Inor;2022;42
55251;Ippécourt;2022;19
55252;Iré-le-Sec;2022;19
55253;Les Islettes;2022;168
55254;Les Trois-Domaines;2022;34
55255;Jametz;2022;44
55256;Jonville-en-Woëvre;2022;32
55257;Jouy-en-Argonne;2022;9
55258;Geville;2022;108
55260;Julvécourt;2022;14
55261;Juvigny-en-Perthois;2022;40
55262;Juvigny-sur-Loison;2022;64
55263;Kœur-la-Grande;2022;40
55264;Kœur-la-Petite;2022;54
55265;Labeuville;2022;29
55266;Lachalade;2022;9
55267;Lachaussée;2022;36
55268;Lacroix-sur-Meuse;2022;145
55269;Lahaymeix;2022;18
55270;Lahayville;2022;10
55271;Laheycourt;2022;96
55272;Laimont;2022;105
55274;Lamorville;2022;73
55275;Lamouilly;2022;22
55276;Landrecourt-Lempire;2022;42
55278;Laneuville-au-Rupt;2022;34
55279;Laneuville-sur-Meuse;2022;103
55280;Lanhères;2022;11
55281;Latour-en-Woëvre;2022;16
55282;Lavallée;2022;20
55284;Lavincourt;2022;17
55285;Lavoye;2022;42
55286;Lemmes;2022;31
55288;Lérouville;2022;328
55289;Levoncourt;2022;13
55290;Lignières-sur-Aire;2022;10
55291;Ligny-en-Barrois;2022;1228
55292;Liny-devant-Dun;2022;37
55293;Lion-devant-Dun;2022;30
55295;Lisle-en-Barrois;2022;9
55296;L'Isle-en-Rigault;2022;119
55297;Lissey;2022;18
55298;Loisey;2022;54
55299;Loison;2022;16
55300;Longeaux;2022;47
55301;Longchamps-sur-Aire;2022;39
55302;Longeville-en-Barrois;2022;315
55303;Loupmont;2022;31
55304;Louppy-le-Château;2022;47
55306;Louppy-sur-Loison;2022;23
55307;Louvemont-Côte-du-Poivre;2022;0
55310;Luzy-Saint-Martin;2022;34
55311;Maizeray;2022;5
55312;Maizey;2022;52
55313;Malancourt;2022;10
55315;Mandres-en-Barrois;2022;27
55316;Mangiennes;2022;65
55317;Manheulles;2022;28
55320;Marchéville-en-Woëvre;2022;15
55321;Marre;2022;22
55322;Marson-sur-Barboure;2022;17
55323;Martincourt-sur-Meuse;2022;11
55324;Marville;2022;108
55325;Maucourt-sur-Orne;2022;12
55326;Maulan;2022;27
55327;Mauvages;2022;44
55328;Maxey-sur-Vaise;2022;72
55329;Mécrin;2022;45
55330;Méligny-le-Grand;2022;13
55331;Méligny-le-Petit;2022;20
55332;Menaucourt;2022;70
55333;Ménil-aux-Bois;2022;13
55334;Ménil-la-Horgne;2022;31
55335;Ménil-sur-Saulx;2022;56
55336;Merles-sur-Loison;2022;32
55338;Milly-sur-Bradon;2022;39
55339;Mogeville;2022;18
55340;Mognéville;2022;104
55341;Moirey-Flabas-Crépion;2022;22
55343;Montblainville;2022;15
55344;Montbras;2022;7
55345;Mont-devant-Sassey;2022;35
55346;Montfaucon-d'Argonne;2022;101
55347;Les Monthairons;2022;74
55348;Montiers-sur-Saulx;2022;102
55349;Montigny-devant-Sassey;2022;39
55350;Montigny-lès-Vaucouleurs;2022;24
55351;Montmédy;2022;417
55352;Montplonne;2022;43
55353;Montsec;2022;21
55355;Montzéville;2022;29
55356;Moranville;2022;12
55357;Morgemoulin;2022;14
55358;Chanteraine;2022;51
55359;Morley;2022;40
55360;Mouilly;2022;41
55361;Moulainville;2022;27
55362;Moulins-Saint-Hubert;2022;38
55363;Moulotte;2022;15
55364;Mouzay;2022;188
55365;Murvaux;2022;41
55366;Val-d'Ornain;2022;250
55367;Muzeray;2022;19
55368;Naives-en-Blois;2022;20
55369;Naives-Rosières;2022;236
55370;Naix-aux-Forges;2022;48
55371;Nançois-le-Grand;2022;13
55372;Nançois-sur-Ornain;2022;107
55373;Nant-le-Grand;2022;19
55374;Nant-le-Petit;2022;21
55375;Nantillois;2022;20
55376;Nantois;2022;17
55377;Nepvant;2022;25
55378;Nettancourt;2022;63
55379;Le Neufour;2022;14
55380;Neuville-en-Verdunois;2022;11
55381;Neuville-lès-Vaucouleurs;2022;49
55382;Neuville-sur-Ornain;2022;86
55383;Neuvilly-en-Argonne;2022;62
55384;Nicey-sur-Aire;2022;36
55385;Nixéville-Blercourt;2022;102
55386;Nonsard-Lamarche;2022;32
55387;Nouillonpont;2022;46
55388;Noyers-Auzécourt;2022;50
55389;Nubécourt;2022;76
55391;Olizy-sur-Chiers;2022;32
55394;Ornes;2022;1
55395;Osches;2022;10
55396;Ourches-sur-Meuse;2022;50
55397;Pagny-la-Blanche-Côte;2022;49
55398;Pagny-sur-Meuse;2022;168
55399;Pareid;2022;18
55400;Parfondrupt;2022;4
55401;Les Paroches;2022;106
55403;Peuvillers;2022;9
55404;Pierrefitte-sur-Aire;2022;82
55405;Pillon;2022;42
55406;Pintheville;2022;18
55407;Pont-sur-Meuse;2022;28
55408;Pouilly-sur-Meuse;2022;43
55409;Pretz-en-Argonne;2022;9
55410;Quincy-Landzécourt;2022;25
55411;Rambluzin-et-Benoite-Vaux;2022;24
55412;Rambucourt;2022;42
55414;Rancourt-sur-Ornain;2022;58
55415;Ranzières;2022;16
55416;Rarécourt;2022;53
55419;Récicourt;2022;26
55420;Récourt-le-Creux;2022;21
55421;Reffroy;2022;13
55422;Regnéville-sur-Meuse;2022;12
55423;Rembercourt-Sommaisne;2022;79
55424;Remennecourt;2022;15
55425;Remoiville;2022;26
55426;Resson;2022;96
55427;Revigny-sur-Ornain;2022;674
55428;Réville-aux-Bois;2022;27
55429;Riaville;2022;12
55430;Ribeaucourt;2022;32
55431;Richecourt;2022;8
55433;Rigny-la-Salle;2022;57
55434;Rigny-Saint-Martin;2022;14
55435;Robert-Espagne;2022;185
55436;Les Roises;2022;11
55437;Romagne-sous-les-Côtes;2022;32
55438;Romagne-sous-Montfaucon;2022;42
55439;Ronvaux;2022;20
55442;Raival;2022;63
55443;Rouvres-en-Woëvre;2022;53
55444;Rouvrois-sur-Meuse;2022;29
55445;Rouvrois-sur-Othain;2022;32
55446;Rumont;2022;15
55447;Rupt-aux-Nonains;2022;74
55448;Rupt-devant-Saint-Mihiel;2022;14
55449;Rupt-en-Woëvre;2022;86
55450;Rupt-sur-Othain;2022;11
55452;Saint-Amand-sur-Ornain;2022;20
55453;Saint-André-en-Barrois;2022;11
55454;Saint-Aubin-sur-Aire;2022;22
55456;Saint-Germain-sur-Meuse;2022;54
55457;Saint-Hilaire-en-Woëvre;2022;29
55458;Saint-Jean-lès-Buzy;2022;57
55459;Saint-Joire;2022;55
55460;Saint-Julien-sous-les-Côtes;2022;32
55461;Saint-Laurent-sur-Othain;2022;80
55462;Saint-Maurice-sous-les-Côtes;2022;73
55463;Saint-Mihiel;2022;1056
55464;Saint-Pierrevillers;2022;22
55465;Saint-Remy-la-Calonne;2022;22
55466;Salmagne;2022;70
55467;Sampigny;2022;156
55468;Samogneux;2022;18
55469;Sassey-sur-Meuse;2022;25
55470;Saudrupt;2022;53
55471;Saulmory-Villefranche;2022;25
55472;Saulvaux;2022;31
55473;Saulx-lès-Champlon;2022;24
55474;Sauvigny;2022;69
55475;Sauvoy;2022;11
55476;Savonnières-devant-Bar;2022;115
55477;Savonnières-en-Perthois;2022;105
55479;Seigneulles;2022;33
55481;Senon;2022;43
55482;Senoncourt-les-Maujouy;2022;18
55484;Septsarges;2022;8
55485;Sepvigny;2022;17
55487;Seuzey;2022;23
55488;Silmont;2022;48
55489;Sivry-la-Perche;2022;70
55490;Sivry-sur-Meuse;2022;99
55492;Sommedieue;2022;249
55493;Sommeilles;2022;44
55494;Sommelonne;2022;103
55495;Sorbey;2022;32
55496;Sorcy-Saint-Martin;2022;220
55497;Les Souhesmes-Rampont;2022;64
55498;Souilly;2022;100
55500;Spincourt;2022;173
55501;Stainville;2022;80
55502;Stenay;2022;748
55503;Taillancourt;2022;32
55504;Tannois;2022;96
55505;Thierville-sur-Meuse;2022;594
55506;Thillombois;2022;11
55507;Thillot;2022;54
55508;Thonne-la-Long;2022;27
55509;Thonne-le-Thil;2022;54
55510;Thonne-les-Près;2022;24
55511;Thonnelle;2022;22
55512;Tilly-sur-Meuse;2022;53
55514;Trémont-sur-Saulx;2022;157
55515;Trésauvaux;2022;20
55516;Tréveray;2022;148
55517;Seuil-d'Argonne;2022;150
55518;Cousances-lès-Triconville;2022;32
55519;Tronville-en-Barrois;2022;318
55520;Troussey;2022;81
55521;Troyon;2022;41
55522;Ugny-sur-Meuse;2022;25
55523;Vacherauville;2022;28
55525;Vadelaincourt;2022;12
55526;Vadonville;2022;54
55527;Varennes-en-Argonne;2022;242
55528;Varnéville;2022;11
55530;Valbois;2022;28
55531;Vassincourt;2022;61
55532;Vaubecourt;2022;70
55533;Vaucouleurs;2022;532
55534;Vaudeville-le-Haut;2022;11
55535;Vaudoncourt;2022;11
55536;Vauquois;2022;9
55537;Douaumont-Vaux;2022;16
55540;Vaux-lès-Palameix;2022;17
55541;Vavincourt;2022;123
55543;Velaines;2022;301
55544;Velosnes;2022;15
55545;Verdun;2022;4272
55546;Verneuil-Grand;2022;34
55547;Verneuil-Petit;2022;16
55549;Véry;2022;33
55551;Vigneulles-lès-Hattonchâtel;2022;333
55552;Vigneul-sous-Montmédy;2022;15
55553;Vignot;2022;338
55554;Villécloye;2022;42
55555;Ville-devant-Belrain;2022;12
55556;Ville-devant-Chaumont;2022;11
55557;Ville-en-Woëvre;2022;28
55559;Villeroy-sur-Méholle;2022;12
55560;Villers-aux-Vents;2022;32
55561;Villers-devant-Dun;2022;12
55562;Villers-le-Sec;2022;39
55563;Villers-lès-Mangiennes;2022;21
55565;Villers-sous-Pareid;2022;15
55566;Villers-sur-Meuse;2022;59
55567;Ville-sur-Cousances;2022;28
55568;Ville-sur-Saulx;2022;56
55569;Villotte-devant-Louppy;2022;40
55570;Villotte-sur-Aire;2022;53
55571;Vilosnes-Haraumont;2022;49
55572;Vittarville;2022;12
55573;Void-Vacon;2022;370
55574;Vouthon-Bas;2022;7
55575;Vouthon-Haut;2022;24
55577;Waly;2022;18
55578;Warcq;2022;36
55579;Watronville;2022;25
55580;Wavrille;2022;10
55581;Willeroncourt;2022;26
55582;Wiseppe;2022;29
55583;Woël;2022;42
55584;Woimbey;2022;24
55586;Xivray-et-Marvoisin;2022;21
56001;Allaire;2022;1032
56002;Ambon;2022;546
56003;Arradon;2022;2147
56004;Arzal;2022;505
56005;Arzon;2022;1251
56006;Augan;2022;379
56007;Auray;2022;4124
56008;Baden;2022;1641
56009;Bangor;2022;323
56010;Baud;2022;1456
56011;Béganne;2022;509
56012;Beignon;2022;294
56013;Belz;2022;1405
56014;Berné;2022;316
56015;Berric;2022;356
56017;Bignan;2022;611
56018;Billiers;2022;290
56019;Billio;2022;89
56020;Bohal;2022;106
56021;Brandérion;2022;241
56022;Brandivy;2022;215
56023;Brech;2022;1519
56024;Bréhan;2022;678
56025;Brignac;2022;50
56026;Bubry;2022;704
56027;Buléon;2022;109
56028;Caden;2022;415
56029;Calan;2022;152
56030;Camoël;2022;315
56031;Camors;2022;708
56032;Campénéac;2022;372
56033;Carentoir;2022;909
56034;Carnac;2022;1824
56035;Caro;2022;248
56036;Caudan;2022;1864
56039;La Chapelle-Neuve;2022;166
56040;Cléguer;2022;752
56041;Cléguérec;2022;739
56042;Colpo;2022;487
56043;Concoret;2022;177
56044;Cournon;2022;178
56045;Le Cours;2022;91
56046;Crach;2022;1169
56047;Crédin;2022;396
56048;Le Croisty;2022;223
56050;La Croix-Helléan;2022;162
56051;Cruguel;2022;166
56052;Damgan;2022;1096
56053;Elven;2022;1140
56054;Erdeven;2022;1147
56055;Étel;2022;881
56056;Évriguet;2022;70
56057;Le Faouët;2022;1025
56058;Férel;2022;808
56060;Les Fougerêts;2022;252
56061;La Gacilly;2022;1132
56062;Gâvres;2022;296
56063;Gestel;2022;530
56065;Gourhel;2022;148
56066;Gourin;2022;1259
56067;Grand-Champ;2022;1214
56068;La Grée-Saint-Laurent;2022;91
56069;Groix;2022;984
56070;Guégon;2022;631
56071;Guéhenno;2022;213
56072;Gueltas;2022;126
56073;Guémené-sur-Scorff;2022;477
56074;Guénin;2022;258
56075;Guer;2022;1237
56076;Guern;2022;366
56077;Le Guerno;2022;211
56078;Guidel;2022;3137
56079;Guillac;2022;285
56080;Guilliers;2022;427
56081;Guiscriff;2022;599
56082;Helléan;2022;85
56083;Hennebont;2022;3992
56084;Le Hézo;2022;208
56085;Hœdic;2022;28
56086;Île-d'Houat;2022;87
56087;Île-aux-Moines;2022;293
56088;Île-d'Arz;2022;148
56089;Inguiniel;2022;456
56090;Inzinzac-Lochrist;2022;1412
56091;Josselin;2022;877
56092;Kerfourn;2022;155
56093;Kergrist;2022;162
56094;Kervignac;2022;1270
56096;Landaul;2022;365
56097;Landévant;2022;742
56098;Lanester;2022;5262
56099;Langoëlan;2022;113
56100;Langonnet;2022;553
56101;Languidic;2022;1620
56102;Forges de Lanouée;2022;537
56103;Lantillac;2022;87
56104;Lanvaudan;2022;192
56105;Lanvénégen;2022;295
56106;Larmor-Baden;2022;452
56107;Larmor-Plage;2022;3554
56108;Larré;2022;167
56109;Lauzach;2022;200
56110;Lignol;2022;281
56111;Limerzel;2022;317
56112;Lizio;2022;208
56113;Locmalo;2022;273
56114;Locmaria;2022;328
56115;Locmaria-Grand-Champ;2022;194
56116;Locmariaquer;2022;716
56117;Locminé;2022;994
56118;Locmiquélic;2022;1253
56119;Locoal-Mendon;2022;715
56120;Locqueltas;2022;288
56121;Lorient;2022;13266
56122;Loyat;2022;391
56123;Malansac;2022;640
56124;Malestroit;2022;983
56125;Malguénac;2022;375
56126;Marzan;2022;568
56127;Mauron;2022;1092
56128;Melrand;2022;505
56129;Ménéac;2022;460
56130;Merlevenez;2022;664
56131;Meslan;2022;295
56132;Meucon;2022;574
56133;Missiriac;2022;288
56134;Mohon;2022;296
56135;Molac;2022;282
56136;Monteneuf;2022;157
56137;Monterblanc;2022;500
56139;Montertelot;2022;76
56140;Moréac;2022;624
56141;Moustoir-Ac;2022;300
56143;Muzillac;2022;1797
56144;Évellys;2022;719
56145;Néant-sur-Yvel;2022;247
56146;Neulliac;2022;346
56147;Nivillac;2022;1317
56148;Nostang;2022;287
56149;Noyal-Muzillac;2022;656
56151;Noyal-Pontivy;2022;877
56152;Le Palais;2022;745
56153;Péaule;2022;702
56154;Peillac;2022;517
56155;Pénestin;2022;1072
56156;Persquen;2022;85
56157;Plaudren;2022;378
56158;Plescop;2022;1208
56159;Pleucadeuc;2022;434
56160;Pleugriffet;2022;316
56161;Ploemel;2022;624
56162;Ploemeur;2022;6258
56163;Ploërdut;2022;403
56164;Ploeren;2022;1413
56165;Ploërmel;2022;2558
56166;Plouay;2022;1416
56167;Plougoumelen;2022;537
56168;Plouharnel;2022;620
56169;Plouhinec;2022;1727
56170;Plouray;2022;373
56171;Pluherlin;2022;347
56172;Plumelec;2022;580
56173;Pluméliau-Bieuzy;2022;1085
56174;Plumelin;2022;595
56175;Plumergat;2022;698
56176;Pluneret;2022;1320
56177;Pluvigner;2022;1682
56178;Pontivy;2022;3402
56179;Pont-Scorff;2022;755
56180;Porcaro;2022;149
56181;Port-Louis;2022;1063
56182;Priziac;2022;269
56184;Questembert;2022;1922
56185;Quéven;2022;2349
56186;Quiberon;2022;2245
56188;Quistinic;2022;357
56189;Radenac;2022;222
56190;Réguiny;2022;459
56191;Réminiac;2022;91
56193;Riantec;2022;1698
56194;Rieux;2022;701
56195;La Roche-Bernard;2022;216
56196;Rochefort-en-Terre;2022;298
56197;Val d'Oust;2022;602
56198;Rohan;2022;393
56199;Roudouallec;2022;199
56200;Ruffiac;2022;423
56201;Le Saint;2022;191
56202;Saint-Abraham;2022;80
56203;Saint-Aignan;2022;184
56204;Saint-Allouestre;2022;126
56205;Saint-Armel;2022;357
56206;Saint-Avé;2022;2728
56207;Saint-Barthélemy;2022;292
56208;Saint-Brieuc-de-Mauron;2022;91
56209;Sainte-Brigitte;2022;57
56210;Saint-Caradec-Trégomel;2022;123
56211;Saint-Congard;2022;205
56212;Saint-Dolay;2022;587
56213;Saint-Gérand-Croixanvec;2022;215
56214;Saint-Gildas-de-Rhuys;2022;915
56215;Saint-Gonnery;2022;237
56216;Saint-Gorgon;2022;89
56218;Saint-Gravé;2022;211
56219;Saint-Guyomard;2022;215
56220;Sainte-Hélène;2022;321
56221;Saint-Jacut-les-Pins;2022;499
56222;Saint-Jean-Brévelay;2022;618
56223;Saint-Jean-la-Poterie;2022;341
56224;Saint-Laurent-sur-Oust;2022;93
56225;Saint-Léry;2022;37
56226;Saint-Malo-de-Beignon;2022;68
56227;Saint-Malo-des-Trois-Fontaines;2022;115
56228;Saint-Marcel;2022;214
56229;Saint-Martin-sur-Oust;2022;409
56230;Saint-Nicolas-du-Tertre;2022;108
56231;Saint-Nolff;2022;915
56232;Saint-Perreux;2022;261
56233;Saint-Philibert;2022;683
56234;Saint-Pierre-Quiberon;2022;970
56236;Saint-Servant;2022;230
56237;Saint-Thuriau;2022;461
56238;Saint-Tugdual;2022;108
56239;Saint-Vincent-sur-Oust;2022;369
56240;Sarzeau;2022;3937
56241;Sauzon;2022;317
56242;Séglien;2022;157
56243;Séné;2022;2861
56244;Sérent;2022;751
56245;Silfiac;2022;113
56246;Le Sourn;2022;569
56247;Sulniac;2022;640
56248;Surzur;2022;1181
56249;Taupont;2022;538
56250;Théhillac;2022;117
56251;Theix-Noyalo;2022;2033
56252;Le Tour-du-Parc;2022;494
56253;Tréal;2022;171
56254;Trédion;2022;233
56255;Treffléan;2022;402
56256;Tréhorenteuc;2022;35
56257;La Trinité-Porhoët;2022;212
56258;La Trinité-sur-Mer;2022;872
56259;La Trinité-Surzur;2022;223
56260;Vannes;2022;14696
56261;La Vraie-Croix;2022;303
56262;Le Bono;2022;739
56263;Sainte-Anne-d'Auray;2022;745
56264;Kernascléden;2022;99
57001;Aboncourt;2022;59
57002;Aboncourt-sur-Seille;2022;7
57003;Abreschviller;2022;433
57004;Achain;2022;16
57006;Achen;2022;211
57007;Adaincourt;2022;24
57008;Adelange;2022;45
57009;Ajoncourt;2022;18
57010;Alaincourt-la-Côte;2022;17
57011;Albestroff;2022;153
57012;Algrange;2022;1287
57013;Alsting;2022;584
57014;Altrippe;2022;65
57015;Altviller;2022;148
57016;Alzing;2022;94
57017;Amanvillers;2022;403
57018;Amelécourt;2022;24
57019;Amnéville;2022;2114
57020;Ancerville;2022;50
57021;Ancy-Dornot;2022;339
57022;Angevillers;2022;222
57024;Antilly;2022;29
57025;Anzeling;2022;86
57026;Apach;2022;171
57027;Arraincourt;2022;25
57028;Argancy;2022;268
57029;Arriance;2022;35
57030;Arry;2022;85
57031;Ars-Laquenexy;2022;212
57032;Ars-sur-Moselle;2022;940
57033;Arzviller;2022;101
57034;Aspach;2022;8
57035;Assenoncourt;2022;22
57036;Attilloncourt;2022;18
57037;Aube;2022;45
57038;Audun-le-Tiche;2022;1263
57039;Augny;2022;369
57040;Aulnois-sur-Seille;2022;28
57041;Aumetz;2022;471
57042;Avricourt;2022;137
57043;Ay-sur-Moselle;2022;354
57044;Azoudange;2022;20
57045;Bacourt;2022;27
57046;Baerenthal;2022;218
57047;Bambiderstroff;2022;203
57048;Bannay;2022;12
57049;Le Ban-Saint-Martin;2022;792
57050;Barchain;2022;17
57051;Baronville;2022;54
57052;Barst;2022;128
57053;Bassing;2022;16
57054;Baudrecourt;2022;43
57055;Bazoncourt;2022;66
57056;Bébing;2022;49
57057;Béchy;2022;86
57058;Behren-lès-Forbach;2022;1393
57059;Bellange;2022;14
57060;Bénestroff;2022;94
57061;Béning-lès-Saint-Avold;2022;246
57062;Berg-sur-Moselle;2022;67
57063;Bérig-Vintrange;2022;52
57064;Berling;2022;66
57065;Bermering;2022;50
57066;Berthelming;2022;115
57067;Bertrange;2022;568
57069;Berviller-en-Moselle;2022;111
57070;Bettange;2022;38
57071;Bettborn;2022;76
57072;Bettelainville;2022;117
57073;Betting;2022;238
57074;Bettviller;2022;162
57075;Beux;2022;36
57076;Beyren-lès-Sierck;2022;72
57077;Bezange-la-Petite;2022;21
57079;Bibiche;2022;77
57080;Bickenholtz;2022;11
57081;Bidestroff;2022;20
57082;Biding;2022;65
57083;Bining;2022;257
57084;Bioncourt;2022;56
57085;Bionville-sur-Nied;2022;68
57086;Belles-Forêts;2022;44
57087;Bisten-en-Lorraine;2022;67
57088;Bistroff;2022;64
57089;Bitche;2022;1064
57090;Blanche-Église;2022;22
57091;Bliesbruck;2022;263
57092;Blies-Ébersing;2022;120
57093;Blies-Guersviller;2022;184
57095;Boucheporn;2022;111
57096;Boulange;2022;388
57097;Boulay-Moselle;2022;1174
57098;Bourgaltroff;2022;46
57099;Bourdonnay;2022;34
57100;Bourscheid;2022;20
57101;Bousbach;2022;223
57102;Bousse;2022;649
57103;Bousseviller;2022;20
57104;Boust;2022;155
57105;Boustroff;2022;27
57106;Bouzonville;2022;833
57107;Bréhain;2022;21
57108;Breidenbach;2022;69
57109;Breistroff-la-Grande;2022;76
57110;Brettnach;2022;82
57111;Bronvaux;2022;113
57112;Brouck;2022;15
57113;Brouderdorff;2022;167
57114;Brouviller;2022;71
57115;Brulange;2022;16
57116;Buchy;2022;12
57117;Buding;2022;98
57118;Budling;2022;21
57119;Buhl-Lorraine;2022;216
57120;Burlioncourt;2022;22
57121;Burtoncourt;2022;36
57122;Cappel;2022;160
57123;Carling;2022;812
57124;Cattenom;2022;457
57125;Chailly-lès-Ennery;2022;71
57126;Chambrey;2022;64
57127;Chanville;2022;16
57128;Charleville-sous-Bois;2022;85
57129;Charly-Oradour;2022;106
57130;Château-Bréhain;2022;23
57131;Château-Rouge;2022;27
57132;Château-Salins;2022;542
57133;Château-Voué;2022;24
57134;Châtel-Saint-Germain;2022;416
57136;Chémery-les-Deux;2022;91
57137;Cheminot;2022;122
57138;Chenois;2022;16
57139;Chérisey;2022;50
57140;Chesny;2022;73
57141;Chicourt;2022;28
57142;Chieulles;2022;88
57143;Clouange;2022;831
57144;Cocheren;2022;781
57145;Coincy;2022;65
57146;Coin-lès-Cuvry;2022;144
57147;Coin-sur-Seille;2022;76
57148;Colligny-Maizery;2022;111
57149;Colmen;2022;46
57150;Condé-Northen;2022;122
57151;Conthil;2022;29
57152;Contz-les-Bains;2022;76
57153;Corny-sur-Moselle;2022;393
57154;Coume;2022;132
57155;Courcelles-Chaussy;2022;626
57156;Courcelles-sur-Nied;2022;266
57158;Craincourt;2022;42
57159;Créhange;2022;911
57160;Creutzwald;2022;3074
57161;Cutting;2022;27
57162;Cuvry;2022;266
57163;Dabo;2022;656
57165;Dalem;2022;142
57166;Dalhain;2022;18
57167;Dalstein;2022;48
57168;Danne-et-Quatre-Vents;2022;130
57169;Dannelbourg;2022;96
57171;Delme;2022;251
57172;Denting;2022;46
57173;Desseling;2022;16
57174;Destry;2022;18
57175;Diane-Capelle;2022;52
57176;Diebling;2022;423
57177;Dieuze;2022;833
57178;Diffembach-lès-Hellimer;2022;81
57179;Distroff;2022;386
57180;Dolving;2022;69
57181;Domnom-lès-Dieuze;2022;31
57182;Donjeux;2022;18
57183;Donnelay;2022;45
57186;Ébersviller;2022;134
57187;Éblange;2022;59
57188;Éguelshardt;2022;90
57189;Eincheville;2022;48
57190;Elvange;2022;78
57191;Elzange;2022;142
57192;Enchenberg;2022;262
57193;Ennery;2022;493
57194;Entrange;2022;210
57195;Epping;2022;124
57196;Erching;2022;96
57197;Ernestviller;2022;120
57198;Erstroff;2022;51
57199;Escherange;2022;70
57200;Les Étangs;2022;63
57201;Etting;2022;199
57202;Etzling;2022;274
57203;Évrange;2022;36
57204;Failly;2022;113
57205;Falck;2022;635
57206;Fameck;2022;2765
57207;Farébersviller;2022;1015
57208;Farschviller;2022;287
57209;Faulquemont;2022;1159
57210;Fénétrange;2022;196
57211;Fèves;2022;177
57212;Féy;2022;120
57213;Filstroff;2022;217
57214;Fixem;2022;68
57215;Flastroff;2022;66
57216;Fleisheim;2022;14
57217;Flétrange;2022;173
57218;Fleury;2022;255
57219;Flévy;2022;93
57220;Flocourt;2022;25
57221;Florange;2022;2304
57222;Folkling;2022;367
57224;Folschviller;2022;889
57225;Fonteny;2022;32
57226;Fontoy;2022;734
57227;Forbach;2022;4587
57228;Fossieux;2022;32
57229;Foulcrey;2022;49
57230;Fouligny;2022;39
57231;Foville;2022;11
57232;Francaltroff;2022;129
57233;Fraquelfing;2022;24
57234;Frauenberg;2022;148
57235;Freistroff;2022;209
57236;Frémery;2022;6
57237;Frémestroff;2022;77
57238;Fresnes-en-Saulnois;2022;23
57239;Freybouse;2022;76
57240;Freyming-Merlebach;2022;3080
57241;Fribourg;2022;29
57242;Gandrange;2022;592
57244;Garrebourg;2022;124
57245;Gavisse;2022;89
57246;Gelucourt;2022;56
57247;Gerbécourt;2022;19
57248;Givrycourt;2022;22
57249;Glatigny;2022;80
57250;Goetzenbruck;2022;378
57251;Goin;2022;64
57252;Gomelange;2022;92
57253;Gondrexange;2022;106
57254;Gorze;2022;391
57255;Gosselming;2022;116
57256;Gravelotte;2022;120
57257;Grémecey;2022;17
57258;Gréning;2022;38
57259;Grindorff-Bizing;2022;58
57260;Grosbliederstroff;2022;803
57261;Gros-Réderching;2022;265
57262;Grostenquin;2022;135
57263;Grundviller;2022;143
57264;Guebenhouse;2022;86
57265;Guébestroff;2022;6
57266;Guéblange-lès-Dieuze;2022;20
57267;Le Val-de-Guéblange;2022;219
57268;Guébling;2022;35
57269;Guénange;2022;1506
57270;Val-de-Bride;2022;155
57271;Guenviller;2022;165
57272;Guermange;2022;20
57273;Guerstling;2022;91
57274;Guerting;2022;189
57275;Guessling-Hémering;2022;196
57276;Guinglange;2022;52
57277;Guinkirchen;2022;26
57278;Guinzeling;2022;13
57280;Guntzviller;2022;68
57281;Haboudange;2022;64
57282;Hagen;2022;24
57283;Hagondange;2022;1861
57284;Hallering;2022;18
57286;Halstroff;2022;50
57287;Basse-Ham;2022;528
57288;Ham-sous-Varsberg;2022;673
57289;Hambach;2022;631
57290;Hampont;2022;47
57291;Hangviller;2022;44
57292;Hannocourt;2022;0
57293;Han-sur-Nied;2022;43
57294;Hanviller;2022;45
57295;Haraucourt-sur-Seille;2022;28
57296;Hargarten-aux-Mines;2022;242
57297;Harprich;2022;50
57298;Harreberg;2022;87
57299;Hartzviller;2022;214
57300;Haselbourg;2022;80
57301;Haspelschiedt;2022;79
57302;Hattigny;2022;33
57303;Hauconcourt;2022;117
57304;Haut-Clocher;2022;71
57305;Havange;2022;43
57306;Hayange;2022;3025
57307;Hayes;2022;34
57308;Hazembourg;2022;28
57309;Heining-lès-Bouzonville;2022;119
57310;Hellering-lès-Fénétrange;2022;30
57311;Hellimer;2022;137
57312;Helstroff;2022;74
57313;Hémilly;2022;31
57314;Héming;2022;82
57315;Henridorff;2022;140
57316;Henriville;2022;219
57317;Hérange;2022;19
57318;Hermelange;2022;44
57319;Herny;2022;99
57320;Hertzing;2022;27
57321;Hesse;2022;129
57322;Hestroff;2022;78
57323;Hettange-Grande;2022;1263
57324;Hilbesheim;2022;112
57325;Hilsprich;2022;204
57326;Hinckange;2022;55
57328;Holacourt;2022;18
57329;Holling;2022;58
57330;Holving;2022;270
57331;Hombourg-Budange;2022;93
57332;Hombourg-Haut;2022;1612
57333;Hommarting;2022;175
57334;Hommert;2022;81
57335;Honskirch;2022;30
57336;L'Hôpital;2022;1033
57337;Hoste;2022;102
57338;Hottviller;2022;142
57339;Hultehouse;2022;92
57340;Hundling;2022;307
57341;Hunting;2022;153
57342;Ibigny;2022;17
57343;Illange;2022;501
57344;Imling;2022;146
57345;Inglange;2022;54
57346;Insming;2022;127
57347;Insviller;2022;52
57348;Ippling;2022;162
57349;Jallaucourt;2022;28
57350;Jouy-aux-Arches;2022;420
57351;Jury;2022;199
57352;Jussy;2022;113
57353;Juvelize;2022;29
57354;Juville;2022;20
57355;Kalhausen;2022;162
57356;Kanfen;2022;204
57357;Kappelkinger;2022;82
57358;Kédange-sur-Canner;2022;226
57359;Kemplich;2022;26
57360;Kerbach;2022;277
57361;Kerling-lès-Sierck;2022;95
57362;Kerprich-aux-Bois;2022;27
57364;Kirsch-lès-Sierck;2022;59
57365;Kirschnaumen;2022;111
57366;Kirviller;2022;19
57367;Klang;2022;53
57368;Knutange;2022;565
57370;Kœnigsmacker;2022;398
57371;Haute-Kontz;2022;67
57372;Kuntzig;2022;244
57373;Lachambre;2022;168
57374;Lafrimbolle;2022;52
57375;Lagarde;2022;69
57376;Lambach;2022;124
57377;Landange;2022;53
57379;Landroff;2022;72
57380;Laneuveville-lès-Lorquin;2022;28
57381;Laneuveville-en-Saulnois;2022;22
57382;Langatte;2022;103
57383;Languimberg;2022;44
57384;Laning;2022;114
57385;Laquenexy;2022;235
57386;Laudrefang;2022;82
57387;Laumesfeld;2022;49
57388;Launstroff;2022;43
57389;Lelling;2022;87
57390;Lemberg;2022;321
57391;Lemoncourt;2022;17
57392;Lemud;2022;78
57393;Lengelsheim;2022;58
57394;Léning;2022;54
57395;Lesse;2022;43
57396;Lessy;2022;239
57397;Ley;2022;28
57398;Leyviller;2022;92
57399;Lezey;2022;16
57401;Lidrezing;2022;15
57402;Liederschiedt;2022;27
57403;Liéhon;2022;24
57404;Lindre-Basse;2022;72
57405;Lindre-Haute;2022;16
57406;Liocourt;2022;25
57407;Lixheim;2022;104
57408;Lixing-lès-Rouhling;2022;170
57409;Lixing-lès-Saint-Avold;2022;157
57410;Lhor;2022;31
57411;Lommerange;2022;75
57412;Longeville-lès-Metz;2022;879
57413;Longeville-lès-Saint-Avold;2022;859
57414;Lorquin;2022;290
57415;Lorry-lès-Metz;2022;434
57416;Lorry-Mardigny;2022;107
57417;Lostroff;2022;13
57418;Loudrefing;2022;71
57419;Loupershouse;2022;199
57421;Loutzviller;2022;43
57422;Louvigny;2022;190
57423;Lubécourt;2022;12
57424;Lucy;2022;51
57425;Luppy;2022;81
57426;Luttange;2022;152
57427;Lutzelbourg;2022;172
57428;Macheren;2022;660
57430;Mainvillers;2022;57
57431;Maizeroy;2022;49
57433;Maizières-lès-Metz;2022;2191
57434;Maizières-lès-Vic;2022;90
57436;Malaucourt-sur-Seille;2022;23
57437;Malling;2022;107
57438;Malroy;2022;93
57439;Manderen-Ritzing;2022;100
57440;Manhoué;2022;43
57441;Manom;2022;651
57442;Many;2022;40
57443;Marange-Silvange;2022;1122
57444;Marange-Zondrange;2022;63
57445;Marieulles;2022;141
57446;Marimont-lès-Bénestroff;2022;11
57447;Marly;2022;2976
57448;Marsal;2022;61
57449;Marsilly;2022;83
57451;Marthille;2022;45
57452;La Maxe;2022;157
57453;Maxstadt;2022;56
57454;Mécleuves;2022;299
57455;Mégange;2022;26
57456;Meisenthal;2022;205
57457;Menskirch;2022;25
57459;Merschweiller;2022;32
57460;Merten;2022;396
57461;Métairies-Saint-Quirin;2022;54
57462;Metting;2022;57
57463;Metz;2022;21331
57464;Metzeresche;2022;173
57465;Metzervisse;2022;329
57466;Metzing;2022;124
57467;Mey;2022;62
57468;Mittelbronn;2022;119
57469;Mittersheim;2022;156
57470;Molring;2022;3
57471;Momerstroff;2022;46
57472;Moncheux;2022;15
57473;Moncourt;2022;15
57474;Mondelange;2022;1132
57475;Mondorff;2022;60
57476;Monneren;2022;54
57477;Montbronn;2022;439
57478;Montdidier;2022;23
57479;Montenach;2022;73
57480;Montigny-lès-Metz;2022;4935
57481;Montois-la-Montagne;2022;591
57482;Ogy-Montoy-Flanville;2022;344
57483;Morhange;2022;829
57484;Morsbach;2022;582
57485;Morville-lès-Vic;2022;30
57486;Morville-sur-Nied;2022;26
57487;Moulins-lès-Metz;2022;1266
57488;Moussey;2022;152
57489;Mouterhouse;2022;52
57490;Moyenvic;2022;85
57491;Moyeuvre-Grande;2022;1552
57492;Moyeuvre-Petite;2022;108
57493;Mulcey;2022;50
57494;Munster;2022;51
57495;Narbéfontaine;2022;29
57496;Nébing;2022;80
57497;Nelling;2022;48
57498;Neufchef;2022;587
57499;Neufgrange;2022;397
57500;Neufmoulins;2022;11
57501;Neufvillage;2022;4
57502;Neunkirchen-lès-Bouzonville;2022;72
57504;Niderhoff;2022;60
57505;Niderviller;2022;364
57506;Niederstinzel;2022;60
57507;Niedervisse;2022;37
57508;Nilvange;2022;1106
57509;Nitting;2022;121
57510;Noisseville;2022;285
57511;Norroy-le-Veneur;2022;201
57512;Nouilly;2022;96
57513;Nousseviller-lès-Bitche;2022;29
57514;Nousseviller-Saint-Nabor;2022;221
57515;Novéant-sur-Moselle;2022;381
57516;Oberdorff;2022;79
57517;Obergailbach;2022;60
57518;Oberstinzel;2022;59
57519;Obervisse;2022;26
57520;Obreck;2022;7
57521;Œting;2022;530
57524;Ommeray;2022;17
57525;Oriocourt;2022;9
57526;Ormersviller;2022;47
57527;Orny;2022;54
57528;Oron;2022;13
57529;Ottange;2022;636
57530;Ottonville;2022;83
57531;Oudrenne;2022;149
57532;Pagny-lès-Goin;2022;26
57533;Pange;2022;214
57534;Peltre;2022;442
57535;Petit-Réderching;2022;324
57536;Petit-Tenquin;2022;48
57537;Petite-Rosselle;2022;1243
57538;Pettoncourt;2022;63
57539;Pévange;2022;12
57540;Phalsbourg;2022;880
57541;Philippsbourg;2022;126
57542;Piblange;2022;107
57543;Pierrevillers;2022;298
57544;Plaine-de-Walsch;2022;102
57545;Plappeville;2022;562
57546;Plesnois;2022;154
57547;Pommérieux;2022;111
57548;Pontoy;2022;86
57549;Pontpierre;2022;132
57550;Porcelette;2022;655
57551;Postroff;2022;42
57552;Pouilly;2022;202
57553;Pournoy-la-Chétive;2022;164
57554;Pournoy-la-Grasse;2022;127
57555;Prévocourt;2022;21
57556;Puttelange-aux-Lacs;2022;775
57557;Puttelange-lès-Thionville;2022;104
57558;Puttigny;2022;18
57559;Puzieux;2022;30
57560;Racrange;2022;124
57561;Rahling;2022;172
57562;Ranguevaux;2022;241
57563;Raville;2022;44
57564;Réchicourt-le-Château;2022;153
57565;Rédange;2022;185
57566;Réding;2022;543
57567;Rémelfang;2022;30
57568;Rémelfing;2022;327
57569;Rémeling;2022;60
57570;Rémering;2022;97
57571;Rémering-lès-Puttelange;2022;212
57572;Rémilly;2022;532
57573;Réning;2022;38
57574;Basse-Rentgen;2022;59
57575;Retonfey;2022;330
57576;Rettel;2022;127
57577;Reyersviller;2022;87
57578;Rezonville-Vionville;2022;102
57579;Rhodes;2022;24
57580;Riche;2022;35
57581;Richeling;2022;64
57582;Richemont;2022;451
57583;Richeval;2022;31
57584;Rimling;2022;110
57586;Rochonvillers;2022;17
57587;Rodalbe;2022;46
57588;Rodemack;2022;162
57589;Rohrbach-lès-Bitche;2022;564
57590;Rolbing;2022;70
57591;Rombas;2022;2001
57592;Romelfing;2022;89
57593;Roncourt;2022;176
57594;Roppeviller;2022;25
57595;Rorbach-lès-Dieuze;2022;14
57596;Rosbruck;2022;191
57597;Rosselange;2022;520
57598;Rouhling;2022;427
57599;Roupeldange;2022;83
57600;Roussy-le-Village;2022;186
57601;Rozérieulles;2022;310
57602;Rurange-lès-Thionville;2022;321
57603;Russange;2022;239
57604;Rustroff;2022;179
57605;Sailly-Achâtel;2022;48
57606;Saint-Avold;2022;3521
57607;Sainte-Barbe;2022;132
57609;Saint-Epvre;2022;70
57610;Saint-François-Lacroix;2022;31
57611;Saint-Georges;2022;46
57612;Saint-Hubert;2022;40
57613;Saint-Jean-de-Bassel;2022;140
57614;Saint-Jean-Kourtzerode;2022;44
57615;Saint-Jean-Rohrbach;2022;191
57616;Saint-Julien-lès-Metz;2022;870
57617;Saint-Jure;2022;44
57618;Saint-Louis;2022;129
57619;Saint-Louis-lès-Bitche;2022;130
57620;Sainte-Marie-aux-Chênes;2022;854
57621;Saint-Médard;2022;21
57622;Saint-Privat-la-Montagne;2022;336
57623;Saint-Quirin;2022;249
57624;Sainte-Ruffine;2022;179
57625;Salonnes;2022;25
57626;Sanry-lès-Vigy;2022;116
57627;Sanry-sur-Nied;2022;65
57628;Sarralbe;2022;942
57629;Sarraltroff;2022;168
57630;Sarrebourg;2022;2738
57631;Sarreguemines;2022;5087
57633;Sarreinsming;2022;344
57634;Saulny;2022;326
57635;Schalbach;2022;75
57636;Schmittviller;2022;62
57637;Schneckenbusch;2022;69
57638;Schœneck;2022;609
57639;Schorbach;2022;176
57640;Schwerdorff;2022;110
57641;Schweyen;2022;74
57642;Scy-Chazelles;2022;594
57643;Secourt;2022;31
57644;Seingbouse;2022;420
57645;Semécourt;2022;288
57647;Serémange-Erzange;2022;958
57648;Servigny-lès-Raville;2022;62
57649;Servigny-lès-Sainte-Barbe;2022;117
57650;Sierck-les-Bains;2022;278
57651;Siersthal;2022;180
57652;Sillegny;2022;91
57653;Silly-en-Saulnois;2022;10
57654;Silly-sur-Nied;2022;175
57655;Solgne;2022;165
57656;Sorbey;2022;52
57657;Sotzeling;2022;3
57658;Soucht;2022;262
57659;Spicheren;2022;751
57660;Stiring-Wendel;2022;2707
57661;Sturzelbronn;2022;50
57662;Suisse;2022;13
57663;Talange;2022;1582
57664;Tarquimpol;2022;15
57665;Tenteling;2022;211
57666;Terville;2022;1324
57667;Téterchen;2022;140
57668;Teting-sur-Nied;2022;260
57669;Théding;2022;503
57670;Thicourt;2022;28
57671;Thimonville;2022;28
57672;Thionville;2022;8525
57673;Thonville;2022;8
57674;Tincry;2022;26
57675;Torcheville;2022;20
57676;Tragny;2022;31
57677;Trémery;2022;208
57678;Tressange;2022;486
57679;Tritteling-Redlach;2022;91
57680;Troisfontaines;2022;296
57681;Tromborn;2022;76
57682;Turquestein-Blancrupt;2022;3
57683;Uckange;2022;1274
57684;Vahl-Ebersing;2022;107
57685;Vahl-lès-Bénestroff;2022;22
57686;Vahl-lès-Faulquemont;2022;60
57687;Vallerange;2022;50
57689;Valmestroff;2022;56
57690;Valmont;2022;658
57691;Valmunster;2022;20
57692;Vannecourt;2022;14
57693;Vantoux;2022;296
57694;Vany;2022;83
57695;Varize-Vaudoncourt;2022;95
57696;Varsberg;2022;222
57697;Vasperviller;2022;82
57698;Vatimont;2022;68
57700;Vaudreching;2022;114
57701;Vaux;2022;205
57702;Vaxy;2022;76
57703;Veckersviller;2022;40
57704;Veckring;2022;138
57705;Velving;2022;56
57706;Vergaville;2022;116
57707;Vernéville;2022;110
57708;Verny;2022;355
57709;Vescheim;2022;32
57711;Vibersviller;2022;85
57712;Vic-sur-Seille;2022;343
57713;Vieux-Lixheim;2022;28
57714;Haute-Vigneulles;2022;81
57715;Vigny;2022;65
57716;Vigy;2022;267
57717;Viller;2022;48
57718;Villers-Stoncourt;2022;44
57719;Villers-sur-Nied;2022;10
57720;Villing;2022;78
57721;Vilsberg;2022;91
57723;Virming;2022;55
57724;Vitry-sur-Orne;2022;511
57725;Vittersbourg;2022;80
57726;Vittoncourt;2022;51
57727;Viviers;2022;24
57728;Voimhaut;2022;38
57730;Volmerange-lès-Boulay;2022;79
57731;Volmerange-les-Mines;2022;372
57732;Volmunster;2022;194
57733;Volstroff;2022;281
57734;Voyer;2022;101
57736;Vry;2022;73
57737;Vulmont;2022;5
57738;Waldhouse;2022;78
57739;Waldweistroff;2022;77
57740;Waldwisse;2022;106
57741;Walschbronn;2022;109
57742;Walscheid;2022;487
57743;Waltembourg;2022;37
57745;Wiesviller;2022;225
57746;Willerwald;2022;308
57747;Wintersbourg;2022;41
57748;Wittring;2022;164
57749;Vœlfling-lès-Bouzonville;2022;37
57750;Wœlfling-lès-Sarreguemines;2022;138
57751;Woippy;2022;2253
57752;Woustviller;2022;721
57753;Wuisse;2022;19
57754;Xanrey;2022;23
57755;Xocourt;2022;9
57756;Xouaxange;2022;45
57757;Yutz;2022;3167
57759;Zarbeling;2022;16
57760;Zetting;2022;199
57761;Zilling;2022;47
57762;Zimming;2022;94
57763;Zommange;2022;13
57764;Zoufftgen;2022;128
57765;Diesen;2022;262
57767;Stuckange;2022;173
58001;Achun;2022;65
58002;Alligny-Cosne;2022;241
58003;Alligny-en-Morvan;2022;211
58004;Alluy;2022;119
58005;Amazy;2022;68
58006;Anlezy;2022;80
58007;Annay;2022;83
58008;Anthien;2022;34
58009;Arbourse;2022;51
58010;Arleuf;2022;239
58011;Armes;2022;72
58012;Arquian;2022;144
58013;Arthel;2022;30
58014;Arzembouy;2022;21
58015;Asnan;2022;48
58016;Asnois;2022;50
58017;Aunay-en-Bazois;2022;96
58018;Authiou;2022;20
58019;Avrée;2022;30
58020;Avril-sur-Loire;2022;56
58021;Azy-le-Vif;2022;55
58023;Bazoches;2022;63
58024;Bazolles;2022;103
58025;Béard;2022;33
58026;Beaulieu;2022;57
58027;Beaumont-la-Ferrière;2022;31
58028;Beaumont-Sardolles;2022;31
58029;Beuvron;2022;26
58030;Biches;2022;99
58031;Billy-Chevannes;2022;60
58032;Billy-sur-Oisy;2022;91
58033;Bitry;2022;92
58034;Blismes;2022;50
58035;Bona;2022;87
58036;Bouhy;2022;171
58037;Brassy;2022;210
58038;Breugnon;2022;40
58039;Brèves;2022;94
58040;Brinay;2022;46
58041;Brinon-sur-Beuvron;2022;60
58042;Bulcy;2022;54
58043;Bussy-la-Pesle;2022;24
58044;La Celle-sur-Loire;2022;224
58045;La Celle-sur-Nièvre;2022;56
58046;Cercy-la-Tour;2022;640
58047;Cervon;2022;202
58048;Cessy-les-Bois;2022;49
58049;Chalaux;2022;33
58050;Challement;2022;20
58051;Challuy;2022;370
58052;Champallement;2022;16
58053;Champlemy;2022;113
58054;Champlin;2022;18
58055;Champvert;2022;230
58056;Champvoux;2022;61
58057;Chantenay-Saint-Imbert;2022;293
58058;La Chapelle-Saint-André;2022;95
58059;La Charité-sur-Loire;2022;1678
58060;Charrin;2022;188
58061;Chasnay;2022;44
58062;Château-Chinon (Ville);2022;594
58063;Château-Chinon (Campagne);2022;211
58064;Châteauneuf-Val-de-Bargis;2022;177
58065;Châtillon-en-Bazois;2022;292
58066;Châtin;2022;32
58067;Chaulgnes;2022;349
58068;Chaumard;2022;103
58069;Chaumot;2022;48
58070;Chazeuil;2022;28
58071;Chevannes-Changy;2022;52
58072;Chevenon;2022;114
58073;Chevroches;2022;23
58074;Chiddes;2022;112
58075;Chitry-les-Mines;2022;83
58076;Chougny;2022;21
58077;Ciez;2022;128
58078;Cizely;2022;18
58079;Clamecy;2022;1114
58080;La Collancelle;2022;62
58081;Colméry;2022;125
58082;Corancy;2022;97
58083;Corbigny;2022;555
58084;Corvol-d'Embernard;2022;42
58085;Corvol-l'Orgueilleux;2022;196
58086;Cosne-Cours-sur-Loire;2022;3495
58087;Cossaye;2022;201
58088;Coulanges-lès-Nevers;2022;1185
58089;Couloutre;2022;96
58090;Courcelles;2022;64
58092;Crux-la-Ville;2022;167
58093;Cuncy-lès-Varzy;2022;44
58094;Dampierre-sous-Bouhy;2022;193
58095;Decize;2022;1864
58096;Devay;2022;119
58097;Diennes-Aubigny;2022;19
58098;Dirol;2022;38
58099;Dommartin;2022;52
58101;Dompierre-sur-Nièvre;2022;51
58102;Donzy;2022;590
58103;Dornecy;2022;144
58104;Dornes;2022;370
58105;Druy-Parigny;2022;72
58106;Dun-les-Places;2022;148
58107;Dun-sur-Grandry;2022;61
58108;Empury;2022;38
58109;Entrains-sur-Nohain;2022;271
58110;Epiry;2022;70
58111;Fâchin;2022;48
58112;La Fermeté;2022;142
58113;Fertrève;2022;42
58114;Fléty;2022;31
58115;Fleury-sur-Loire;2022;50
58116;Flez-Cuzy;2022;43
58117;Fourchambault;2022;1072
58118;Fours;2022;233
58119;Frasnay-Reugny;2022;15
58120;Gâcogne;2022;89
58121;Garchizy;2022;825
58122;Garchy;2022;127
58123;Germenay;2022;42
58124;Germigny-sur-Loire;2022;153
58125;Gien-sur-Cure;2022;26
58126;Gimouille;2022;75
58127;Giry;2022;71
58128;Glux-en-Glenne;2022;27
58129;Gouloux;2022;50
58130;Grenois;2022;49
58131;Guérigny;2022;639
58132;Guipy;2022;72
58133;Héry;2022;18
58134;Imphy;2022;977
58135;Isenay;2022;24
58136;Jailly;2022;24
58137;Lamenay-sur-Loire;2022;23
58138;Langeron;2022;68
58139;Lanty;2022;50
58140;Larochemillay;2022;85
58141;Lavault-de-Frétoy;2022;25
58142;Limanton;2022;82
58143;Limon;2022;30
58144;Livry;2022;136
58145;Lormes;2022;524
58146;Lucenay-lès-Aix;2022;253
58147;Lurcy-le-Bourg;2022;102
58148;Luthenay-Uxeloup;2022;124
58149;Luzy;2022;870
58150;Lys;2022;49
58151;La Machine;2022;1094
58152;Magny-Cours;2022;394
58153;Magny-Lormes;2022;33
58154;La Maison-Dieu;2022;41
58155;La Marche;2022;161
58156;Marcy;2022;59
58157;Marigny-l'Église;2022;111
58158;Mars-sur-Allier;2022;52
58159;Marigny-sur-Yonne;2022;54
58160;Marzy;2022;911
58161;Maux;2022;45
58162;Menestreau;2022;41
58163;Menou;2022;84
58164;Mesves-sur-Loire;2022;172
58165;Metz-le-Comte;2022;54
58166;Mhère;2022;109
58168;Millay;2022;170
58169;Moissy-Moulinot;2022;3
58170;Monceaux-le-Comte;2022;34
58171;Montapas;2022;95
58172;Montambert;2022;35
58173;Montaron;2022;77
58174;Montenoison;2022;46
58175;Mont-et-Marré;2022;53
58176;Montigny-aux-Amognes;2022;155
58177;Montigny-en-Morvan;2022;107
58178;Montigny-sur-Canne;2022;49
58179;Montreuillon;2022;83
58180;Montsauche-les-Settons;2022;181
58181;Moraches;2022;45
58182;Moulins-Engilbert;2022;572
58183;Mouron-sur-Yonne;2022;22
58184;Moussy;2022;48
58185;Moux-en-Morvan;2022;219
58186;Murlin;2022;13
58187;Myennes;2022;141
58188;Nannay;2022;44
58189;Narcy;2022;107
58190;Neuffontaines;2022;47
58191;Neuilly;2022;39
58192;Neuville-lès-Decize;2022;70
58193;Neuvy-sur-Loire;2022;390
58194;Nevers;2022;8592
58195;La Nocle-Maulaix;2022;132
58196;Nolay;2022;109
58197;Nuars;2022;58
58198;Oisy;2022;87
58199;Onlay;2022;74
58200;Ouagne;2022;63
58201;Oudan;2022;55
58202;Ougny;2022;10
58203;Oulon;2022;19
58204;Vaux d'Amognes;2022;97
58205;Ouroux-en-Morvan;2022;230
58206;Parigny-la-Rose;2022;16
58207;Parigny-les-Vaux;2022;194
58208;Pazy;2022;109
58209;Perroy;2022;53
58210;Planchez;2022;105
58211;Poil;2022;44
58212;Poiseux;2022;58
58213;Pougny;2022;104
58214;Pougues-les-Eaux;2022;602
58215;Pouilly-sur-Loire;2022;512
58216;Pouques-Lormes;2022;55
58217;Pousseaux;2022;41
58218;Prémery;2022;695
58219;Préporché;2022;87
58220;Raveau;2022;196
58221;Rémilly;2022;45
58222;Rix;2022;71
58223;Rouy;2022;147
58224;Ruages;2022;23
58225;Saincaize-Meauce;2022;80
58226;Saint-Agnan;2022;53
58227;Saint-Amand-en-Puisaye;2022;461
58228;Saint-Andelain;2022;160
58229;Saint-André-en-Morvan;2022;100
58230;Saint-Aubin-des-Chaumes;2022;22
58231;Saint-Aubin-les-Forges;2022;85
58232;Saint-Benin-d'Azy;2022;365
58233;Saint-Benin-des-Bois;2022;50
58234;Saint-Bonnot;2022;71
58235;Saint-Brisson;2022;92
58236;Sainte-Colombe-des-Bois;2022;38
58237;Saint-Didier;2022;16
58238;Saint-Éloi;2022;495
58239;Saint-Firmin;2022;35
58240;Saint-Franchy;2022;32
58241;Saint-Germain-Chassenay;2022;96
58242;Saint-Germain-des-Bois;2022;44
58243;Saint-Gratien-Savigny;2022;23
58244;Saint-Hilaire-en-Morvan;2022;66
58245;Saint-Hilaire-Fontaine;2022;50
58246;Saint-Honoré-les-Bains;2022;298
58247;Saint-Jean-aux-Amognes;2022;97
58248;Saint-Laurent-l'Abbaye;2022;56
58249;Saint-Léger-de-Fougeret;2022;89
58250;Saint-Léger-des-Vignes;2022;505
58251;Saint-Loup-des-Bois;2022;126
58252;Saint-Malo-en-Donziois;2022;57
58253;Sainte-Marie;2022;31
58254;Saint-Martin-d'Heuille;2022;127
58255;Saint-Martin-du-Puy;2022;91
58256;Saint-Martin-sur-Nohain;2022;84
58257;Saint-Maurice;2022;18
58258;Saint-Ouen-sur-Loire;2022;112
58259;Saint-Parize-en-Viry;2022;51
58260;Saint-Parize-le-Châtel;2022;280
58261;Saint-Père;2022;331
58262;Saint-Péreuse;2022;76
58263;Saint-Pierre-du-Mont;2022;43
58264;Saint-Pierre-le-Moûtier;2022;595
58265;Saint-Quentin-sur-Nohain;2022;32
58266;Saint-Révérien;2022;81
58267;Saint-Saulge;2022;267
58268;Saint-Seine;2022;64
58269;Saint-Sulpice;2022;79
58270;Saint-Vérain;2022;100
58271;Saizy;2022;112
58272;Sardy-lès-Épiry;2022;42
58273;Sauvigny-les-Bois;2022;375
58274;Savigny-Poil-Fol;2022;33
58275;Saxi-Bourdon;2022;77
58276;Sémelay;2022;94
58277;Sermages;2022;63
58278;Sermoise-sur-Loire;2022;428
58279;Sichamps;2022;42
58280;Sougy-sur-Loire;2022;163
58281;Suilly-la-Tour;2022;192
58282;Surgy;2022;125
58283;Taconnay;2022;35
58284;Talon;2022;6
58285;Tamnay-en-Bazois;2022;65
58286;Tannay;2022;235
58287;Tazilly;2022;64
58288;Teigny;2022;44
58289;Ternant;2022;60
58290;Thaix;2022;14
58291;Thianges;2022;59
58292;Tintury;2022;61
58293;Toury-Lurcy;2022;113
58294;Toury-sur-Jour;2022;28
58295;Tracy-sur-Loire;2022;260
58296;Tresnay;2022;42
58297;Trois-Vèvres;2022;57
58298;Tronsanges;2022;74
58299;Trucy-l'Orgueilleux;2022;78
58300;Urzy;2022;424
58301;Vandenesse;2022;109
58302;Varennes-lès-Narcy;2022;314
58303;Varennes-Vauzelles;2022;3089
58304;Varzy;2022;395
58305;Vauclaix;2022;40
58306;Verneuil;2022;62
58307;Vielmanay;2022;35
58308;Vignol;2022;16
58309;Villapourçon;2022;168
58310;Villiers-le-Sec;2022;9
58311;Ville-Langy;2022;75
58312;Villiers-sur-Yonne;2022;81
58313;Vitry-Laché;2022;38
59001;Abancourt;2022;103
59002;Abscon;2022;838
59003;Aibes;2022;67
59004;Aix-en-Pévèle;2022;200
59005;Allennes-les-Marais;2022;553
59006;L'Orée de Mormal;2022;95
59007;Anhiers;2022;144
59008;Aniche;2022;1486
59009;Villeneuve-d'Ascq;2022;9157
59010;Anneux;2022;45
59011;Annœullin;2022;1793
59012;Anor;2022;644
59013;Anstaing;2022;266
59014;Anzin;2022;2165
59015;Arleux;2022;665
59016;Armbouts-Cappel;2022;500
59017;Armentières;2022;4250
59018;Arnèke;2022;431
59019;Artres;2022;203
59021;Assevent;2022;391
59022;Attiches;2022;447
59023;Aubencheul-au-Bac;2022;97
59024;Auberchicourt;2022;943
59025;Aubers;2022;378
59026;Aubigny-au-Bac;2022;201
59027;Aubry-du-Hainaut;2022;390
59028;Auby;2022;1292
59029;Auchy-lez-Orchies;2022;275
59031;Audignies;2022;59
59032;Aulnoy-lez-Valenciennes;2022;1336
59033;Aulnoye-Aymeries;2022;1825
59034;Avelin;2022;540
59035;Avesnelles;2022;598
59036;Avesnes-sur-Helpe;2022;938
59037;Avesnes-les-Aubert;2022;752
59038;Avesnes-le-Sec;2022;248
59039;Awoingt;2022;124
59041;Bachant;2022;425
59042;Bachy;2022;314
59043;Bailleul;2022;3297
59044;Baisieux;2022;862
59045;Baives;2022;36
59046;Bambecque;2022;110
59047;Banteux;2022;53
59048;Bantigny;2022;108
59049;Bantouzelle;2022;64
59050;Bas-Lieu;2022;72
59051;La Bassée;2022;1313
59052;Bauvin;2022;1004
59053;Bavay;2022;815
59054;Bavinchove;2022;179
59055;Bazuel;2022;119
59056;Beaucamps-Ligny;2022;163
59057;Beaudignies;2022;112
59058;Beaufort;2022;224
59059;Beaumont-en-Cambrésis;2022;108
59060;Beaurain;2022;42
59061;Beaurepaire-sur-Sambre;2022;46
59062;Beaurieux;2022;35
59063;Beauvois-en-Cambrésis;2022;386
59064;Bellaing;2022;330
59065;Bellignies;2022;159
59066;Bérelles;2022;21
59067;Bergues;2022;1039
59068;Berlaimont;2022;766
59069;Bermerain;2022;134
59071;Bersée;2022;432
59072;Bersillies;2022;71
59073;Berthen;2022;107
59074;Bertry;2022;453
59075;Béthencourt;2022;134
59076;Bettignies;2022;72
59077;Bettrechies;2022;31
59078;Beugnies;2022;123
59079;Beuvrages;2022;1146
59080;Beuvry-la-Forêt;2022;594
59081;Bévillers;2022;85
59082;Bierne;2022;299
59083;Bissezeele;2022;36
59084;Blaringhem;2022;355
59085;Blécourt;2022;64
59086;Boeschepe;2022;462
59087;Boëseghem;2022;131
59088;Bois-Grenier;2022;343
59089;Bollezeele;2022;355
59090;Bondues;2022;2362
59091;Borre;2022;95
59092;Bouchain;2022;1043
59093;Boulogne-sur-Helpe;2022;59
59094;Bourbourg;2022;1433
59096;Bourghelles;2022;306
59097;Boursies;2022;51
59098;Bousbecque;2022;884
59099;Bousies;2022;355
59100;Bousignies;2022;49
59101;Bousignies-sur-Roc;2022;67
59102;Boussières-en-Cambrésis;2022;87
59103;Boussières-sur-Sambre;2022;108
59104;Boussois;2022;598
59105;Bouvignies;2022;295
59106;Bouvines;2022;147
59107;Bray-Dunes;2022;1352
59108;Briastre;2022;151
59109;Brillon;2022;143
59110;Brouckerque;2022;255
59111;Broxeele;2022;54
59112;Bruay-sur-l'Escaut;2022;1872
59113;Bruille-lez-Marchiennes;2022;212
59114;Bruille-Saint-Amand;2022;366
59115;Brunémont;2022;112
59116;Bry;2022;77
59117;Bugnicourt;2022;203
59118;Busigny;2022;463
59119;Buysscheure;2022;112
59120;Caëstre;2022;346
59121;Cagnoncles;2022;102
59122;Cambrai;2022;7731
59123;Camphin-en-Carembault;2022;307
59124;Camphin-en-Pévèle;2022;366
59125;Cantaing-sur-Escaut;2022;81
59126;Cantin;2022;319
59127;Capelle;2022;21
59128;Capinghem;2022;511
59129;Cappelle-en-Pévèle;2022;363
59130;Cappelle-Brouck;2022;172
59131;Cappelle-la-Grande;2022;1415
59132;Carnières;2022;183
59133;Carnin;2022;194
59134;Cartignies;2022;229
59135;Cassel;2022;514
59136;Le Cateau-Cambrésis;2022;1444
59137;Catillon-sur-Sambre;2022;177
59138;Cattenières;2022;131
59139;Caudry;2022;2918
59140;Caullery;2022;93
59141;Cauroir;2022;119
59142;Cerfontaine;2022;117
59143;La Chapelle-d'Armentières;2022;1653
59144;Château-l'Abbaye;2022;149
59145;Chemy;2022;154
59146;Chéreng;2022;688
59147;Choisies;2022;13
59148;Clairfayts;2022;45
59149;Clary;2022;214
59150;Cobrieux;2022;120
59151;Colleret;2022;331
59152;Comines;2022;2168
59153;Condé-sur-l'Escaut;2022;1898
59155;Coudekerque-Branche;2022;4145
59156;Courchelettes;2022;758
59157;Cousolre;2022;485
59158;Coutiches;2022;532
59159;Craywick;2022;50
59160;Crespin;2022;765
59161;Crèvecœur-sur-l'Escaut;2022;132
59162;Crochte;2022;104
59163;Croix;2022;3736
59164;Croix-Caluyau;2022;45
59165;Cuincy;2022;1454
59166;Curgies;2022;245
59167;Cuvillers;2022;54
59168;Cysoing;2022;1038
59169;Damousies;2022;56
59170;Dechy;2022;1093
59171;Dehéries;2022;4
59172;Denain;2022;2923
59173;Deûlémont;2022;253
59174;Dimechaux;2022;71
59175;Dimont;2022;66
59176;Doignies;2022;42
59177;Dompierre-sur-Helpe;2022;208
59178;Douai;2022;7341
59179;Douchy-les-Mines;2022;1816
59180;Le Doulieu;2022;273
59181;Dourlers;2022;115
59182;Drincham;2022;40
59183;Dunkerque;2022;19159
59184;Ebblinghem;2022;84
59185;Écaillon;2022;422
59186;Eccles;2022;29
59187;Éclaibes;2022;55
59188;Écuélin;2022;16
59189;Eecke;2022;174
59190;Élesmes;2022;254
59191;Élincourt;2022;118
59192;Émerchicourt;2022;188
59193;Emmerin;2022;560
59194;Englefontaine;2022;264
59195;Englos;2022;118
59196;Ennetières-en-Weppes;2022;295
59197;Ennevelin;2022;434
59198;Eppe-Sauvage;2022;53
59199;Erchin;2022;147
59200;Eringhem;2022;71
59201;Erquinghem-le-Sec;2022;76
59202;Erquinghem-Lys;2022;915
59203;Erre;2022;257
59204;Escarmain;2022;98
59205;Escaudain;2022;1518
59206;Escaudœuvres;2022;816
59207;Escautpont;2022;774
59208;Escobecques;2022;78
59209;Esnes;2022;142
59210;Esquelbecq;2022;460
59211;Esquerchin;2022;176
59212;Estaires;2022;1250
59213;Estourmel;2022;99
59214;Estrées;2022;224
59215;Estreux;2022;208
59216;Eswars;2022;98
59217;Eth;2022;68
59218;Étrœungt;2022;249
59219;Estrun;2022;85
59220;Faches-Thumesnil;2022;3302
59221;Famars;2022;442
59222;Faumont;2022;362
59223;Le Favril;2022;97
59224;Féchain;2022;490
59225;Feignies;2022;1260
59226;Felleries;2022;306
59227;Fenain;2022;1009
59228;Férin;2022;340
59229;Féron;2022;107
59230;Ferrière-la-Grande;2022;1028
59231;Ferrière-la-Petite;2022;188
59232;La Flamengrie;2022;84
59233;Flaumont-Waudrechies;2022;62
59234;Flers-en-Escrebieux;2022;1000
59236;Flesquières;2022;54
59237;Flêtre;2022;118
59238;Flines-lès-Mortagne;2022;296
59239;Flines-lez-Raches;2022;1063
59240;Floursies;2022;29
59241;Floyon;2022;81
59242;Fontaine-au-Bois;2022;149
59243;Fontaine-au-Pire;2022;250
59244;Fontaine-Notre-Dame;2022;307
59246;Forest-en-Cambrésis;2022;106
59247;Forest-sur-Marque;2022;367
59249;Fourmies;2022;2632
59250;Fournes-en-Weppes;2022;472
59251;Frasnoy;2022;46
59252;Frelinghien;2022;504
59253;Fresnes-sur-Escaut;2022;1295
59254;Fressain;2022;188
59255;Fressies;2022;91
59256;Fretin;2022;562
59257;Fromelles;2022;179
59258;Genech;2022;456
59259;Ghissignies;2022;91
59260;Ghyvelde;2022;833
59261;Glageon;2022;314
59262;Godewaersvelde;2022;372
59263;Gœulzin;2022;244
59264;Gognies-Chaussée;2022;178
59265;Gommegnies;2022;432
59266;Gondecourt;2022;822
59267;Gonnelieu;2022;54
59268;La Gorgue;2022;1058
59269;Gouzeaucourt;2022;283
59270;Grand-Fayt;2022;82
59271;Grande-Synthe;2022;3296
59272;Grand-Fort-Philippe;2022;1170
59273;Gravelines;2022;2024
59274;La Groise;2022;73
59275;Gruson;2022;290
59276;Guesnain;2022;1092
59277;Gussignies;2022;69
59278;Hallennes-lez-Haubourdin;2022;788
59279;Halluin;2022;3375
59280;Hamel;2022;220
59281;Hantay;2022;137
59282;Hardifort;2022;74
59283;Hargnies;2022;96
59284;Hasnon;2022;707
59285;Haspres;2022;536
59286;Haubourdin;2022;2653
59287;Haucourt-en-Cambrésis;2022;40
59288;Haulchin;2022;435
59289;Haussy;2022;329
59290;Haut-Lieu;2022;80
59291;Hautmont;2022;2554
59292;Haveluy;2022;535
59293;Haverskerque;2022;299
59294;Haynecourt;2022;47
59295;Hazebrouck;2022;5047
59296;Hecq;2022;45
59297;Hélesmes;2022;315
59299;Hem;2022;3619
59300;Hem-Lenglet;2022;107
59301;Hergnies;2022;760
59302;Hérin;2022;662
59303;Herlies;2022;463
59304;Herrin;2022;85
59305;Herzeele;2022;277
59306;Hestrud;2022;71
59307;Holque;2022;189
59308;Hondeghem;2022;163
59309;Hondschoote;2022;786
59310;Hon-Hergies;2022;158
59311;Honnechy;2022;67
59312;Honnecourt-sur-Escaut;2022;188
59313;Hordain;2022;284
59314;Hornaing;2022;593
59315;Houdain-lez-Bavay;2022;150
59316;Houplin-Ancoisne;2022;728
59317;Houplines;2022;1306
59318;Houtkerque;2022;154
59319;Hoymille;2022;839
59320;Illies;2022;215
59321;Inchy;2022;161
59322;Iwuy;2022;538
59323;Jenlain;2022;217
59324;Jeumont;2022;1818
59325;Jolimetz;2022;194
59326;Killem;2022;198
59327;Lallaing;2022;1446
59328;Lambersart;2022;5237
59329;Lambres-lez-Douai;2022;1200
59330;Landas;2022;486
59331;Landrecies;2022;762
59332;Lannoy;2022;383
59333;Larouillies;2022;53
59334;Lauwin-Planque;2022;392
59335;Lecelles;2022;575
59336;Lécluse;2022;275
59337;Lederzeele;2022;120
59338;Ledringhem;2022;104
59339;Leers;2022;2325
59340;Leffrinckoucke;2022;1131
59341;Lesdain;2022;80
59342;Lez-Fontaine;2022;62
59343;Lesquin;2022;1242
59344;Leval;2022;498
59345;Lewarde;2022;482
59346;Lezennes;2022;620
59347;Liessies;2022;97
59348;Lieu-Saint-Amand;2022;281
59349;Ligny-en-Cambrésis;2022;317
59350;Lille;2022;26280
59351;Limont-Fontaine;2022;131
59352;Linselles;2022;1852
59353;Locquignol;2022;67
59354;Loffre;2022;182
59356;Lompret;2022;494
59357;La Longueville;2022;465
59358;Looberghe;2022;243
59359;Loon-Plage;2022;1059
59360;Loos;2022;2958
59361;Lourches;2022;544
59363;Louvignies-Quesnoy;2022;197
59364;Louvil;2022;171
59365;Louvroil;2022;1054
59366;Lynde;2022;103
59367;Lys-lez-Lannoy;2022;2343
59368;La Madeleine;2022;3529
59369;Maing;2022;895
59370;Mairieux;2022;174
59371;Le Maisnil;2022;142
59372;Malincourt;2022;129
59374;Marbaix;2022;96
59375;Marchiennes;2022;839
59377;Marcoing;2022;385
59378;Marcq-en-Barœul;2022;8141
59379;Marcq-en-Ostrevent;2022;102
59381;Maresches;2022;155
59382;Maretz;2022;251
59383;Marly;2022;2432
59384;Maroilles;2022;340
59385;Marpent;2022;573
59386;Marquette-lez-Lille;2022;1717
59387;Marquette-en-Ostrevant;2022;355
59388;Marquillies;2022;363
59389;Masnières;2022;511
59390;Masny;2022;793
59391;Mastaing;2022;222
59392;Maubeuge;2022;5974
59393;Maulde;2022;190
59394;Maurois;2022;45
59395;Mazinghien;2022;60
59396;Mecquignies;2022;133
59397;Merckeghem;2022;129
59398;Mérignies;2022;551
59399;Merris;2022;199
59400;Merville;2022;1729
59401;Méteren;2022;468
59402;Millam;2022;131
59403;Millonfosse;2022;137
59405;Mœuvres;2022;72
59406;Monceau-Saint-Waast;2022;107
59407;Monchaux-sur-Écaillon;2022;105
59408;Moncheaux;2022;285
59409;Monchecourt;2022;395
59410;Mons-en-Barœul;2022;3317
59411;Mons-en-Pévèle;2022;487
59412;Montay;2022;63
59413;Montigny-en-Cambrésis;2022;135
59414;Montigny-en-Ostrevent;2022;1143
59415;Montrécourt;2022;40
59416;Morbecque;2022;556
59418;Mortagne-du-Nord;2022;237
59419;Mouchin;2022;276
59420;Moustier-en-Fagne;2022;19
59421;Mouvaux;2022;2904
59422;Naves;2022;113
59423;Neuf-Berquin;2022;232
59424;Neuf-Mesnil;2022;264
59425;Neuville-en-Avesnois;2022;62
59426;Neuville-en-Ferrain;2022;2088
59427;La Neuville;2022;173
59428;Neuville-Saint-Rémy;2022;920
59429;Neuville-sur-Escaut;2022;511
59430;Neuvilly;2022;205
59431;Nieppe;2022;1553
59432;Niergnies;2022;123
59433;Nieurlet;2022;156
59434;Nivelle;2022;260
59435;Nomain;2022;524
59436;Noordpeene;2022;157
59437;Noyelles-lès-Seclin;2022;233
59438;Noyelles-sur-Escaut;2022;152
59439;Noyelles-sur-Sambre;2022;70
59440;Noyelles-sur-Selle;2022;144
59441;Obies;2022;120
59442;Obrechies;2022;59
59443;Ochtezeele;2022;62
59444;Odomez;2022;147
59445;Ohain;2022;254
59446;Oisy;2022;116
59447;Onnaing;2022;1539
59448;Oost-Cappel;2022;96
59449;Orchies;2022;1503
59450;Ors;2022;140
59451;Orsinval;2022;133
59452;Ostricourt;2022;973
59453;Oudezeele;2022;106
59454;Oxelaëre;2022;97
59455;Paillencourt;2022;185
59456;Pecquencourt;2022;1089
59457;Pérenchies;2022;1520
59458;Péronne-en-Mélantois;2022;160
59459;Petite-Forêt;2022;884
59461;Petit-Fayt;2022;65
59462;Phalempin;2022;1117
59463;Pitgam;2022;139
59464;Poix-du-Nord;2022;380
59465;Pommereuil;2022;146
59466;Pont-à-Marcq;2022;558
59467;Pont-sur-Sambre;2022;473
59468;Potelle;2022;112
59469;Pradelles;2022;47
59470;Prémesques;2022;377
59471;Préseau;2022;439
59472;Preux-au-Bois;2022;195
59473;Preux-au-Sart;2022;50
59474;Prisches;2022;214
59475;Prouvy;2022;390
59476;Proville;2022;876
59477;Provin;2022;703
59478;Quaëdypre;2022;186
59479;Quarouble;2022;615
59480;Quérénaing;2022;188
59481;Le Quesnoy;2022;1229
59482;Quesnoy-sur-Deûle;2022;1236
59483;Quiévelon;2022;27
59484;Quiévrechain;2022;1070
59485;Quiévy;2022;333
59486;Râches;2022;543
59487;Radinghem-en-Weppes;2022;297
59488;Raillencourt-Sainte-Olle;2022;564
59489;Raimbeaucourt;2022;1005
59490;Rainsars;2022;54
59491;Raismes;2022;2236
59492;Ramillies;2022;113
59493;Ramousies;2022;43
59494;Raucourt-au-Bois;2022;29
59495;Recquignies;2022;391
59496;Rejet-de-Beaulieu;2022;52
59497;Renescure;2022;461
59498;Reumont;2022;66
59499;Rexpoëde;2022;339
59500;Ribécourt-la-Tour;2022;82
59501;Rieulay;2022;343
59502;Rieux-en-Cambrésis;2022;308
59503;Robersart;2022;33
59504;Rœulx;2022;708
59505;Rombies-et-Marchipont;2022;122
59506;Romeries;2022;82
59507;Ronchin;2022;3370
59508;Roncq;2022;2855
59509;Roost-Warendin;2022;1264
59511;Rosult;2022;328
59512;Roubaix;2022;12176
59513;Roucourt;2022;108
59514;Rousies;2022;848
59515;Rouvignies;2022;103
59516;Rubrouck;2022;109
59517;Les Rues-des-Vignes;2022;167
59518;Ruesnes;2022;106
59519;Rumegies;2022;298
59520;Rumilly-en-Cambrésis;2022;300
59521;Sailly-lez-Cambrai;2022;85
59522;Sailly-lez-Lannoy;2022;406
59523;Sainghin-en-Mélantois;2022;630
59524;Sainghin-en-Weppes;2022;1056
59525;Sains-du-Nord;2022;629
59526;Saint-Amand-les-Eaux;2022;3387
59527;Saint-André-lez-Lille;2022;2058
59528;Saint-Aubert;2022;275
59529;Saint-Aubin;2022;73
59530;Saint-Aybert;2022;67
59531;Saint-Benin;2022;70
59532;Saint-Georges-sur-l'Aa;2022;43
59533;Saint-Hilaire-lez-Cambrai;2022;333
59534;Saint-Hilaire-sur-Helpe;2022;166
59535;Saint-Jans-Cappel;2022;375
59536;Sainte-Marie-Cappel;2022;147
59537;Saint-Martin-sur-Écaillon;2022;104
59538;Saint-Momelin;2022;80
59539;Saint-Pierre-Brouck;2022;139
59541;Saint-Python;2022;211
59542;Saint-Remy-Chaussée;2022;68
59543;Saint-Remy-du-Nord;2022;256
59544;Saint-Saulve;2022;2440
59545;Saint-Souplet;2022;211
59546;Saint-Sylvestre-Cappel;2022;246
59547;Saint-Vaast-en-Cambrésis;2022;163
59548;Saint-Waast;2022;110
59549;Salesches;2022;54
59550;Salomé;2022;468
59551;Saméon;2022;356
59552;Sancourt;2022;38
59553;Santes;2022;1143
59554;Sars-et-Rosières;2022;76
59555;Sars-Poteries;2022;251
59556;Sassegnies;2022;56
59557;Saultain;2022;420
59558;Saulzoir;2022;383
59559;Sebourg;2022;385
59560;Seclin;2022;2458
59562;Sémeries;2022;121
59563;Semousies;2022;55
59564;La Sentinelle;2022;560
59565;Sepmeries;2022;106
59566;Sequedin;2022;798
59567;Séranvillers-Forenville;2022;72
59568;Sercus;2022;70
59569;Sin-le-Noble;2022;2916
59570;Socx;2022;237
59571;Solesmes;2022;939
59572;Solre-le-Château;2022;418
59573;Solrinnes;2022;21
59574;Somain;2022;2363
59575;Sommaing;2022;89
59576;Spycker;2022;309
59577;Staple;2022;132
59578;Steenbecque;2022;368
59579;Steene;2022;242
59580;Steenvoorde;2022;1056
59581;Steenwerck;2022;718
59582;Strazeele;2022;122
59583;Taisnières-en-Thiérache;2022;83
59584;Taisnières-sur-Hon;2022;194
59585;Templemars;2022;752
59586;Templeuve-en-Pévèle;2022;1328
59587;Terdeghem;2022;120
59588;Téteghem-Coudekerque-Village;2022;1826
59589;Thiant;2022;498
59590;Thiennes;2022;135
59591;Thivencelle;2022;137
59592;Thumeries;2022;718
59593;Thun-l'Évêque;2022;123
59594;Thun-Saint-Amand;2022;157
59595;Thun-Saint-Martin;2022;128
59596;Tilloy-lez-Marchiennes;2022;63
59597;Tilloy-lez-Cambrai;2022;164
59598;Toufflers;2022;785
59599;Tourcoing;2022;13612
59600;Tourmignies;2022;122
59601;Trélon;2022;582
59602;Tressin;2022;223
59603;Trith-Saint-Léger;2022;1176
59604;Troisvilles;2022;144
59605;Uxem;2022;248
59606;Valenciennes;2022;7610
59607;Vendegies-au-Bois;2022;85
59608;Vendegies-sur-Écaillon;2022;202
59609;Vendeville;2022;307
59610;Verchain-Maugré;2022;183
59611;Verlinghem;2022;500
59612;Vertain;2022;86
59613;Vicq;2022;211
59614;Viesly;2022;305
59615;Vieux-Berquin;2022;496
59616;Vieux-Condé;2022;1901
59617;Vieux-Mesnil;2022;84
59618;Vieux-Reng;2022;134
59619;Villereau;2022;234
59620;Villers-au-Tertre;2022;129
59622;Villers-en-Cauchies;2022;239
59623;Villers-Guislain;2022;131
59624;Villers-Outréaux;2022;491
59625;Villers-Plouich;2022;67
59626;Villers-Pol;2022;284
59627;Villers-Sire-Nicole;2022;190
59628;Volckerinckhove;2022;111
59629;Vred;2022;247
59630;Wahagnies;2022;494
59631;Walincourt-Selvigny;2022;420
59632;Wallers;2022;1116
59633;Wallers-en-Fagne;2022;45
59634;Wallon-Cappel;2022;194
59635;Wambaix;2022;69
59636;Wambrechies;2022;2187
59637;Wandignies-Hamage;2022;234
59638;Wannehain;2022;165
59639;Wargnies-le-Grand;2022;176
59640;Wargnies-le-Petit;2022;134
59641;Warhem;2022;404
59642;Warlaing;2022;85
59643;Warneton;2022;49
59645;Wasnes-au-Bac;2022;116
59646;Wasquehal;2022;4100
59647;Watten;2022;594
59648;Wattignies;2022;2920
59649;Wattignies-la-Victoire;2022;33
59650;Wattrelos;2022;6749
59651;Wavrechain-sous-Denain;2022;278
59652;Wavrechain-sous-Faulx;2022;67
59653;Wavrin;2022;1294
59654;Waziers;2022;1155
59655;Wemaers-Cappel;2022;36
59656;Wervicq-Sud;2022;940
59657;West-Cappel;2022;93
59658;Wicres;2022;64
59659;Wignehies;2022;680
59660;Willems;2022;582
59661;Willies;2022;22
59662;Winnezeele;2022;206
59663;Wormhout;2022;1345
59664;Wulverdinghe;2022;39
59665;Wylder;2022;35
59666;Zegerscappel;2022;251
59667;Zermezeele;2022;39
59668;Zuydcoote;2022;421
59669;Zuytpeene;2022;87
59670;Don;2022;265
60001;Abancourt;2022;137
60002;Abbecourt;2022;164
60003;Abbeville-Saint-Lucien;2022;84
60004;Achy;2022;66
60005;Acy-en-Multien;2022;140
60006;Les Ageux;2022;251
60007;Agnetz;2022;508
60008;Airion;2022;93
60009;Allonne;2022;334
60010;Amblainville;2022;295
60011;Amy;2022;71
60012;Andeville;2022;517
60013;Angicourt;2022;295
60014;Angivillers;2022;19
60015;Angy;2022;239
60016;Ansacq;2022;49
60017;Ansauvillers;2022;169
60019;Antheuil-Portes;2022;75
60020;Antilly;2022;82
60021;Appilly;2022;83
60022;Apremont;2022;183
60023;Armancourt;2022;121
60024;Arsy;2022;190
60025;Attichy;2022;514
60026;Auchy-la-Montagne;2022;90
60027;Auger-Saint-Vincent;2022;94
60028;Aumont-en-Halatte;2022;122
60029;Auneuil;2022;572
60030;Auteuil;2022;94
60031;Autheuil-en-Valois;2022;38
60032;Autrêches;2022;131
60033;Avilly-Saint-Léonard;2022;198
60034;Avrechy;2022;242
60035;Avricourt;2022;61
60036;Avrigny;2022;66
60037;Babœuf;2022;97
60039;Bacouël;2022;84
60040;Bailleul-le-Soc;2022;99
60041;Bailleul-sur-Thérain;2022;336
60042;Bailleval;2022;295
60043;Bailly;2022;129
60044;Balagny-sur-Thérain;2022;278
60045;Barbery;2022;72
60046;Bargny;2022;32
60047;Baron;2022;161
60048;Baugy;2022;57
60049;Bazancourt;2022;30
60050;Bazicourt;2022;71
60051;Beaudéduit;2022;25
60052;Beaugies-sous-Bois;2022;14
60053;Beaulieu-les-Fontaines;2022;142
60054;Beaumont-les-Nonains;2022;61
60055;Beaurains-lès-Noyon;2022;68
60056;Beaurepaire;2022;14
60057;Beauvais;2022;9859
60058;Beauvoir;2022;51
60059;Béhéricourt;2022;59
60060;Belle-Église;2022;98
60061;Belloy;2022;19
60062;Berlancourt;2022;43
60063;Berneuil-en-Bray;2022;158
60064;Berneuil-sur-Aisne;2022;210
60065;Berthecourt;2022;261
60066;Béthancourt-en-Valois;2022;51
60067;Béthisy-Saint-Martin;2022;187
60068;Béthisy-Saint-Pierre;2022;577
60069;Betz;2022;132
60070;Bienville;2022;94
60071;Biermont;2022;36
60072;Bitry;2022;51
60073;Blacourt;2022;94
60074;Blaincourt-lès-Précy;2022;223
60075;Blancfossé;2022;23
60076;Blargies;2022;118
60077;Blicourt;2022;44
60078;Blincourt;2022;18
60079;Boissy-Fresnoy;2022;100
60081;Bonlier;2022;81
60082;Bonneuil-les-Eaux;2022;176
60083;Bonneuil-en-Valois;2022;163
60084;Bonnières;2022;38
60085;Bonvillers;2022;32
60086;Boran-sur-Oise;2022;394
60087;Borest;2022;63
60088;Bornel;2022;818
60089;Boubiers;2022;63
60090;Bouconvillers;2022;68
60091;Bouillancy;2022;58
60092;Boullarre;2022;28
60093;Boulogne-la-Grasse;2022;64
60094;Boursonne;2022;33
60095;Boury-en-Vexin;2022;92
60097;Boutencourt;2022;38
60098;Bouvresse;2022;28
60099;Braisnes-sur-Aronde;2022;30
60100;Brasseuse;2022;19
60101;Brégy;2022;77
60102;Brenouille;2022;321
60103;Bresles;2022;818
60104;Breteuil;2022;973
60105;Brétigny;2022;66
60106;Breuil-le-Sec;2022;505
60107;Breuil-le-Vert;2022;702
60108;Briot;2022;65
60109;Brombos;2022;48
60110;Broquiers;2022;48
60111;Broyes;2022;21
60112;Brunvillers-la-Motte;2022;53
60113;Bucamps;2022;19
60114;Buicourt;2022;25
60115;Bulles;2022;154
60116;Bury;2022;553
60117;Bussy;2022;47
60118;Caisnes;2022;91
60119;Cambronne-lès-Ribécourt;2022;395
60120;Cambronne-lès-Clermont;2022;215
60121;Campagne;2022;35
60122;Campeaux;2022;104
60123;Campremy;2022;53
60124;Candor;2022;56
60125;Canly;2022;148
60126;Cannectancourt;2022;108
60127;Canny-sur-Matz;2022;49
60128;Canny-sur-Thérain;2022;27
60129;Carlepont;2022;295
60130;Catenoy;2022;186
60131;Catheux;2022;16
60132;Catigny;2022;42
60133;Catillon-Fumechon;2022;101
60134;Cauffry;2022;421
60135;Cauvigny;2022;229
60136;Cempuis;2022;89
60137;Cernoy;2022;22
60138;Chamant;2022;325
60139;Chambly;2022;1633
60140;Chambors;2022;59
60141;Chantilly;2022;2493
60142;La Chapelle-en-Serval;2022;357
60143;Chaumont-en-Vexin;2022;836
60144;Chavençon;2022;30
60145;Chelles;2022;80
60146;Chepoix;2022;63
60147;Chevincourt;2022;171
60148;Chèvreville;2022;62
60149;Chevrières;2022;416
60150;Chiry-Ourscamp;2022;229
60151;Choisy-au-Bac;2022;832
60152;Choisy-la-Victoire;2022;32
60153;Choqueuse-les-Bénards;2022;21
60154;Cinqueux;2022;396
60155;Cires-lès-Mello;2022;675
60156;Clairoix;2022;421
60157;Clermont;2022;1825
60158;Coivrel;2022;44
60159;Compiègne;2022;7747
60160;Conchy-les-Pots;2022;95
60161;Conteville;2022;15
60162;Corbeil-Cerf;2022;57
60163;Cormeilles;2022;57
60164;Le Coudray-Saint-Germer;2022;154
60165;Le Coudray-sur-Thelle;2022;70
60166;Coudun;2022;257
60167;Couloisy;2022;103
60168;Courcelles-Epayelles;2022;37
60169;Courcelles-lès-Gisors;2022;148
60170;Courteuil;2022;149
60171;Courtieux;2022;40
60172;Coye-la-Forêt;2022;744
60173;Cramoisy;2022;102
60174;Crapeaumesnil;2022;37
60175;Creil;2022;3830
60176;Crépy-en-Valois;2022;3236
60177;Cressonsacq;2022;65
60178;Crèvecœur-le-Grand;2022;818
60179;Crèvecœur-le-Petit;2022;17
60180;Crillon;2022;74
60181;Crisolles;2022;183
60182;Le Crocq;2022;20
60183;Croissy-sur-Celle;2022;36
60184;Croutoy;2022;34
60185;Crouy-en-Thelle;2022;243
60186;Cuignières;2022;20
60187;Cuigy-en-Bray;2022;182
60188;Cuise-la-Motte;2022;415
60189;Cuts;2022;210
60190;Cuvergnon;2022;56
60191;Cuvilly;2022;93
60192;Cuy;2022;48
60193;Daméraucourt;2022;41
60194;Dargies;2022;57
60195;Delincourt;2022;129
60196;La Drenne;2022;147
60197;Dieudonné;2022;157
60198;Dives;2022;89
60199;Doméliers;2022;41
60200;Domfront;2022;154
60201;Dompierre;2022;48
60203;Duvy;2022;90
60204;Écuvilly;2022;61
60205;Élencourt;2022;9
60206;Élincourt-Sainte-Marguerite;2022;177
60207;Éméville;2022;57
60208;Énencourt-Léage;2022;23
60209;La Corne-en-Vexin;2022;113
60210;Épineuse;2022;35
60211;Éragny-sur-Epte;2022;106
60212;Ercuis;2022;191
60213;Ermenonville;2022;98
60214;Ernemont-Boutavent;2022;36
60215;Erquery;2022;128
60216;Erquinvillers;2022;25
60217;Escames;2022;41
60218;Esches;2022;229
60219;Escles-Saint-Pierre;2022;35
60220;Espaubourg;2022;87
60221;Esquennoy;2022;141
60222;Essuiles;2022;104
60223;Estrées-Saint-Denis;2022;778
60224;Étavigny;2022;14
60225;Étouy;2022;157
60226;Ève;2022;124
60227;Évricourt;2022;34
60228;Fay-les-Étangs;2022;74
60229;Le Fayel;2022;36
60230;Le Fay-Saint-Quentin;2022;67
60231;Feigneux;2022;74
60232;Ferrières;2022;92
60233;Feuquières;2022;271
60234;Fitz-James;2022;472
60235;Flavacourt;2022;113
60236;Flavy-le-Meldeux;2022;32
60237;Fléchy;2022;23
60238;Fleurines;2022;360
60239;Fleury;2022;84
60240;Fontaine-Bonneleau;2022;59
60241;Fontaine-Chaalis;2022;66
60242;Fontaine-Lavaganne;2022;59
60243;Fontaine-Saint-Lucien;2022;32
60244;Fontenay-Torcy;2022;30
60245;Formerie;2022;603
60247;Fouilleuse;2022;8
60248;Fouilloy;2022;45
60249;Foulangues;2022;41
60250;Fouquenies;2022;121
60251;Fouquerolles;2022;59
60252;Fournival;2022;73
60253;Francastel;2022;67
60254;Francières;2022;59
60255;Fréniches;2022;44
60256;Montchevreuil;2022;173
60257;Fresne-Léguillon;2022;64
60258;Fresnières;2022;24
60259;Fresnoy-en-Thelle;2022;141
60260;Fresnoy-la-Rivière;2022;98
60261;Fresnoy-le-Luat;2022;60
60262;Le Frestoy-Vaux;2022;42
60263;Frétoy-le-Château;2022;54
60264;Frocourt;2022;84
60265;Froissy;2022;193
60267;Le Gallet;2022;14
60268;Gannes;2022;58
60269;Gaudechart;2022;70
60270;Genvry;2022;63
60271;Gerberoy;2022;27
60272;Gilocourt;2022;89
60273;Giraumont;2022;151
60274;Glaignes;2022;91
60275;Glatigny;2022;22
60276;Godenvillers;2022;20
60277;Goincourt;2022;353
60278;Golancourt;2022;83
60279;Gondreville;2022;49
60280;Gourchelles;2022;26
60281;Gournay-sur-Aronde;2022;94
60282;Gouvieux;2022;2119
60283;Gouy-les-Groseillers;2022;6
60284;Grandfresnoy;2022;282
60285;Grandvillers-aux-Bois;2022;34
60286;Grandvilliers;2022;839
60287;Grandrû;2022;71
60288;Grémévillers;2022;72
60289;Grez;2022;27
60290;Guignecourt;2022;85
60291;Guiscard;2022;377
60292;Gury;2022;32
60293;Hadancourt-le-Haut-Clocher;2022;71
60294;Hainvillers;2022;11
60295;Halloy;2022;103
60296;Hannaches;2022;30
60297;Le Hamel;2022;25
60298;Hanvoile;2022;98
60299;Hardivillers;2022;103
60301;Haucourt;2022;25
60302;Haudivillers;2022;149
60303;Hautbos;2022;28
60304;Haute-Épine;2022;52
60305;Hautefontaine;2022;71
60306;Hécourt;2022;27
60307;Heilles;2022;105
60308;Hémévillers;2022;55
60309;Hénonville;2022;120
60310;Herchies;2022;132
60311;La Hérelle;2022;34
60312;Héricourt-sur-Thérain;2022;12
60313;Hermes;2022;410
60314;Hétomesnil;2022;44
60315;Hodenc-en-Bray;2022;80
60316;Hodenc-l'Évêque;2022;38
60317;Hondainville;2022;135
60318;Houdancourt;2022;136
60319;La Houssoye;2022;69
60320;Ivors;2022;30
60321;Ivry-le-Temple;2022;121
60322;Jaméricourt;2022;45
60323;Janville;2022;113
60324;Jaulzy;2022;142
60325;Jaux;2022;368
60326;Jonquières;2022;153
60327;Jouy-sous-Thelle;2022;158
60328;Juvignies;2022;54
60329;Laberlière;2022;39
60330;Laboissière-en-Thelle;2022;266
60331;Labosse;2022;73
60332;Labruyère;2022;237
60333;Lachapelle-aux-Pots;2022;314
60334;Lachapelle-Saint-Pierre;2022;156
60335;Lachapelle-sous-Gerberoy;2022;32
60336;Lachaussée-du-Bois-d'Écu;2022;41
60337;Lachelle;2022;129
60338;Lacroix-Saint-Ouen;2022;1080
60339;Lafraye;2022;48
60340;Lagny;2022;103
60341;Lagny-le-Sec;2022;318
60342;Laigneville;2022;789
60343;Lalande-en-Son;2022;103
60344;Lalandelle;2022;59
60345;Lamécourt;2022;25
60346;Lamorlaye;2022;2232
60347;Lannoy-Cuillère;2022;56
60348;Larbroye;2022;91
60350;Lassigny;2022;243
60351;Lataule;2022;19
60352;Lattainville;2022;30
60353;Lavacquerie;2022;26
60354;Laverrière;2022;8
60355;Laversines;2022;192
60356;Lavilletertre;2022;163
60357;Léglantiers;2022;66
60358;Lévignen;2022;164
60359;Lhéraule;2022;31
60360;Liancourt;2022;1154
60361;Liancourt-Saint-Pierre;2022;117
60362;Libermont;2022;41
60363;Lierville;2022;27
60364;Lieuvillers;2022;159
60365;Lihus;2022;66
60366;Litz;2022;53
60367;Loconville;2022;50
60368;Longueil-Annel;2022;509
60369;Longueil-Sainte-Marie;2022;275
60370;Lormaison;2022;202
60371;Loueuse;2022;37
60372;Luchy;2022;77
60373;Machemont;2022;153
60374;Maignelay-Montigny;2022;462
60375;Maimbeville;2022;51
60376;Maisoncelle-Saint-Pierre;2022;32
60377;Maisoncelle-Tuilerie;2022;43
60378;Marest-sur-Matz;2022;80
60379;Mareuil-la-Motte;2022;83
60380;Mareuil-sur-Ourcq;2022;217
60381;Margny-aux-Cerises;2022;46
60382;Margny-lès-Compiègne;2022;1372
60383;Margny-sur-Matz;2022;96
60385;Marolles;2022;114
60386;Marquéglise;2022;81
60387;Marseille-en-Beauvaisis;2022;252
60388;Martincourt;2022;24
60389;Maucourt;2022;32
60390;Maulers;2022;27
60391;Maysel;2022;51
60392;Mélicocq;2022;120
60393;Mello;2022;73
60394;Ménévillers;2022;12
60395;Méru;2022;2109
60396;Méry-la-Bataille;2022;100
60397;Le Mesnil-Conteville;2022;19
60398;Le Mesnil-en-Thelle;2022;463
60399;Le Mesnil-Saint-Firmin;2022;38
60400;Le Mesnil-sur-Bulles;2022;28
60401;Le Mesnil-Théribus;2022;101
60402;Le Meux;2022;346
60403;Milly-sur-Thérain;2022;402
60404;Mogneville;2022;188
60405;Moliens;2022;190
60406;Monceaux;2022;155
60407;Monceaux-l'Abbaye;2022;35
60408;Monchy-Humières;2022;146
60409;Monchy-Saint-Éloi;2022;431
60410;Mondescourt;2022;60
60411;Monneville;2022;91
60412;Montagny-en-Vexin;2022;84
60413;Montagny-Sainte-Félicité;2022;79
60414;Montataire;2022;1778
60415;Montépilloy;2022;28
60416;Montgérain;2022;29
60418;Montiers;2022;54
60420;Montjavoult;2022;89
60421;Mont-l'Évêque;2022;100
60422;Montlognon;2022;30
60423;Montmacq;2022;280
60424;Montmartin;2022;28
60425;Montreuil-sur-Brêche;2022;74
60426;Montreuil-sur-Thérain;2022;43
60427;Monts;2022;28
60428;Le Mont-Saint-Adrien;2022;164
60429;Morangles;2022;57
60430;Morienval;2022;162
60431;Morlincourt;2022;116
60432;Mortefontaine;2022;135
60433;Mortefontaine-en-Thelle;2022;102
60434;Mortemer;2022;33
60435;Morvillers;2022;85
60436;Mory-Montcrux;2022;14
60437;Mouchy-le-Châtel;2022;12
60438;Moulin-sous-Touvent;2022;16
60439;Mouy;2022;977
60440;Moyenneville;2022;86
60441;Moyvillers;2022;107
60442;Muidorge;2022;19
60443;Muirancourt;2022;88
60444;Mureaumont;2022;26
60445;Nampcel;2022;120
60446;Nanteuil-le-Haudouin;2022;547
60447;Néry;2022;103
60448;Neufchelles;2022;46
60449;Neufvy-sur-Aronde;2022;30
60450;Neuilly-en-Thelle;2022;575
60451;Neuilly-sous-Clermont;2022;295
60452;Neuville-Bosc;2022;88
60454;La Neuville-en-Hez;2022;178
60456;La Neuville-Roy;2022;156
60457;La Neuville-Saint-Pierre;2022;26
60458;La Neuville-sur-Oudeuil;2022;50
60459;La Neuville-sur-Ressons;2022;45
60460;La Neuville-Vault;2022;23
60461;Nivillers;2022;46
60462;Noailles;2022;495
60463;Nogent-sur-Oise;2022;3056
60464;Nointel;2022;222
60465;Noirémont;2022;11
60466;Noroy;2022;35
60468;Nourard-le-Franc;2022;64
60469;Novillers;2022;45
60470;Noyers-Saint-Martin;2022;148
60471;Noyon;2022;2818
60472;Offoy;2022;24
60473;Ognes;2022;43
60474;Ognolles;2022;45
60476;Omécourt;2022;44
60477;Ons-en-Bray;2022;255
60478;Ormoy-le-Davien;2022;20
60479;Ormoy-Villers;2022;118
60480;Oroër;2022;102
60481;Orrouy;2022;169
60482;Orry-la-Ville;2022;746
60483;Orvillers-Sorel;2022;82
60484;Oudeuil;2022;39
60485;Oursel-Maison;2022;42
60486;Paillart;2022;133
60487;Parnes;2022;57
60488;Passel;2022;67
60489;Péroy-les-Gombries;2022;118
60490;Pierrefitte-en-Beauvaisis;2022;87
60491;Pierrefonds;2022;439
60492;Pimprez;2022;105
60493;Pisseleu;2022;50
60494;Plailly;2022;440
60495;Plainval;2022;55
60496;Plainville;2022;27
60497;Le Plessier-sur-Bulles;2022;27
60498;Le Plessier-sur-Saint-Just;2022;98
60499;Plessis-de-Roye;2022;45
60500;Le Plessis-Belleville;2022;484
60501;Le Plessis-Brion;2022;349
60502;Le Plessis-Patte-d'Oie;2022;21
60503;Le Ployron;2022;17
60504;Ponchon;2022;182
60505;Pontarmé;2022;112
60506;Pont-l'Évêque;2022;140
60507;Pontoise-lès-Noyon;2022;100
60508;Pontpoint;2022;629
60509;Pont-Sainte-Maxence;2022;1995
60510;Porcheux;2022;40
60511;Porquéricourt;2022;77
60512;Pouilly;2022;43
60513;Précy-sur-Oise;2022;703
60514;Prévillers;2022;21
60515;Pronleroy;2022;60
60516;Puiseux-en-Bray;2022;84
60517;Puiseux-le-Hauberger;2022;142
60518;Puits-la-Vallée;2022;16
60519;Quesmy;2022;23
60520;Le Quesnel-Aubry;2022;43
60521;Quincampoix-Fleuzy;2022;101
60522;Quinquempoix;2022;35
60523;Rainvillers;2022;211
60524;Rantigny;2022;437
60525;Raray;2022;25
60526;Ravenel;2022;186
60527;Réez-Fosse-Martin;2022;18
60528;Reilly;2022;23
60529;Rémécourt;2022;11
60530;Rémérangles;2022;42
60531;Remy;2022;344
60533;Ressons-sur-Matz;2022;377
60534;Rethondes;2022;124
60535;Reuil-sur-Brêche;2022;47
60536;Rhuis;2022;23
60537;Ribécourt-Dreslincourt;2022;696
60538;Ricquebourg;2022;29
60539;Rieux;2022;318
60540;Rivecourt;2022;100
60541;Roberval;2022;45
60542;Rochy-Condé;2022;125
60543;Rocquemont;2022;21
60544;Rocquencourt;2022;33
60545;Romescamps;2022;84
60546;Rosières;2022;6
60547;Rosoy;2022;93
60548;Rosoy-en-Multien;2022;75
60549;Rotangy;2022;30
60550;Rothois;2022;35
60551;Rousseloy;2022;58
60552;Rouville;2022;45
60553;Rouvillers;2022;44
60554;Rouvres-en-Multien;2022;55
60555;Rouvroy-les-Merles;2022;5
60556;Royaucourt;2022;31
60557;Roy-Boissy;2022;69
60558;Roye-sur-Matz;2022;75
60559;La Rue-Saint-Pierre;2022;115
60560;Rully;2022;104
60561;Russy-Bémont;2022;30
60562;Sacy-le-Grand;2022;328
60563;Sacy-le-Petit;2022;98
60564;Sains-Morainvillers;2022;39
60565;Saint-André-Farivillers;2022;85
60566;Saint-Arnoult;2022;61
60567;Saint-Aubin-en-Bray;2022;168
60568;Saint-Aubin-sous-Erquery;2022;62
60569;Saint-Crépin-aux-Bois;2022;48
60570;Saint-Crépin-Ibouvillers;2022;259
60571;Saint-Deniscourt;2022;14
60572;Saint-Étienne-Roilaye;2022;68
60573;Sainte-Eusoye;2022;39
60574;Saint-Félix;2022;106
60575;Sainte-Geneviève;2022;458
60576;Saint-Germain-la-Poterie;2022;95
60577;Saint-Germer-de-Fly;2022;414
60578;Saintines;2022;154
60579;Saint-Jean-aux-Bois;2022;97
60581;Saint-Just-en-Chaussée;2022;1168
60582;Saint-Léger-aux-Bois;2022;164
60583;Saint-Léger-en-Bray;2022;62
60584;Saint-Leu-d'Esserent;2022;870
60585;Saint-Martin-aux-Bois;2022;48
60586;Saint-Martin-le-Nœud;2022;231
60587;Saint-Martin-Longueau;2022;242
60588;Saint-Maur;2022;62
60589;Saint-Maximin;2022;479
60590;Saint-Omer-en-Chaussée;2022;266
60591;Saint-Paul;2022;307
60592;Saint-Pierre-es-Champs;2022;153
60593;Saint-Pierre-lès-Bitry;2022;14
60594;Saint-Quentin-des-Prés;2022;47
60595;Saint-Remy-en-l'Eau;2022;98
60596;Saint-Samson-la-Poterie;2022;48
60597;Saint-Sauveur;2022;341
60598;Saint-Sulpice;2022;167
60599;Saint-Thibault;2022;61
60600;Saint-Vaast-de-Longmont;2022;135
60601;Saint-Vaast-lès-Mello;2022;130
60602;Saint-Valery;2022;12
60603;Salency;2022;224
60604;Sarcus;2022;50
60605;Sarnois;2022;59
60608;Le Saulchoy;2022;22
60609;Savignies;2022;145
60610;Sempigny;2022;177
60611;Senantes;2022;112
60612;Senlis;2022;3025
60613;Senots;2022;49
60614;Serans;2022;49
60615;Sérévillers;2022;20
60616;Sérifontaine;2022;541
60617;Sermaize;2022;46
60618;Séry-Magneval;2022;46
60619;Silly-le-Long;2022;198
60620;Silly-Tillard;2022;95
60621;Solente;2022;25
60622;Sommereux;2022;74
60623;Songeons;2022;301
60624;Sully;2022;41
60625;Suzoy;2022;118
60626;Talmontiers;2022;121
60627;Tartigny;2022;59
60628;Therdonne;2022;170
60629;Thérines;2022;43
60630;Thibivillers;2022;26
60631;Thiers-sur-Thève;2022;185
60632;Thiescourt;2022;103
60633;Thieuloy-Saint-Antoine;2022;64
60634;Thieux;2022;73
60635;Thiverny;2022;155
60636;Thourotte;2022;1175
60637;Thury-en-Valois;2022;83
60638;Thury-sous-Clermont;2022;91
60639;Tillé;2022;253
60640;Tourly;2022;37
60641;Tracy-le-Mont;2022;355
60642;Tracy-le-Val;2022;176
60643;Tricot;2022;254
60644;Trie-Château;2022;435
60645;Trie-la-Ville;2022;71
60646;Troissereux;2022;277
60647;Trosly-Breuil;2022;421
60648;Troussencourt;2022;46
60650;Trumilly;2022;68
60651;Ully-Saint-Georges;2022;281
60652;Valdampierre;2022;149
60653;Valescourt;2022;71
60654;Vandélicourt;2022;57
60655;Varesnes;2022;78
60656;Varinfroy;2022;45
60657;Vauchelles;2022;41
60658;Vauciennes;2022;107
60659;Vaudancourt;2022;24
60660;Le Vaumain;2022;63
60661;Vaumoise;2022;146
60662;Le Vauroux;2022;90
60663;Velennes;2022;55
60664;Vendeuil-Caply;2022;87
60665;Venette;2022;529
60666;Ver-sur-Launette;2022;162
60667;Verberie;2022;664
60668;Verderel-lès-Sauqueuse;2022;185
60669;Verderonne;2022;108
60670;Verneuil-en-Halatte;2022;874
60671;Versigny;2022;54
60672;Vez;2022;44
60673;Viefvillers;2022;36
60674;Vieux-Moulin;2022;123
60675;Vignemont;2022;100
60676;Ville;2022;136
60677;Villembray;2022;41
60678;Villeneuve-les-Sablons;2022;198
60679;La Villeneuve-sous-Thury;2022;19
60680;Villeneuve-sur-Verberie;2022;88
60681;Villers-Saint-Barthélemy;2022;89
60682;Villers-Saint-Frambourg-Ognon;2022;173
60683;Villers-Saint-Genest;2022;54
60684;Villers-Saint-Paul;2022;982
60685;Villers-Saint-Sépulcre;2022;152
60686;Villers-sous-Saint-Leu;2022;461
60687;Villers-sur-Auchy;2022;74
60688;Villers-sur-Bonnières;2022;15
60689;Villers-sur-Coudun;2022;334
60691;Villers-Vermont;2022;40
60692;Villers-Vicomte;2022;22
60693;Villeselve;2022;47
60694;Les Hauts-Talican;2022;103
60695;Vineuil-Saint-Firmin;2022;341
60697;Vrocourt;2022;10
60698;Wacquemoulin;2022;47
60699;Wambez;2022;31
60700;Warluis;2022;287
60701;Wavignies;2022;193
60702;Welles-Pérennes;2022;44
60703;Aux Marais;2022;190
61001;Alençon;2022;6030
61002;Almenêches;2022;182
61005;Appenai-sous-Bellême;2022;46
61006;Argentan;2022;3701
61007;Athis-Val de Rouvre;2022;1100
61008;Aube;2022;393
61010;Aubry-le-Panthou;2022;25
61011;Aubusson;2022;72
61012;Auguaise;2022;32
61013;Aunay-les-Bois;2022;36
61014;Aunou-le-Faucon;2022;57
61015;Aunou-sur-Orne;2022;56
61018;Avernes-Saint-Gourgon;2022;16
61020;Avoine;2022;56
61021;Avrilly;2022;30
61023;Bailleul;2022;164
61024;Banvou;2022;108
61026;Barville;2022;44
61028;Bazoches-au-Houlme;2022;67
61029;Bazoches-sur-Hoëne;2022;256
61030;La Bazoque;2022;50
61032;Beaufai;2022;82
61034;Beaulieu;2022;49
61035;Beauvain;2022;45
61036;Belfonds;2022;58
61037;Bellavilliers;2022;33
61038;Bellême;2022;615
61039;La Bellière;2022;28
61040;Bellou-en-Houlme;2022;225
61041;Bellou-le-Trichard;2022;49
61043;Berd'huis;2022;258
61044;Berjou;2022;103
61046;Bizou;2022;41
61048;Boëcé;2022;24
61049;Boissei-la-Lande;2022;33
61050;Cour-Maugis sur Huisne;2022;169
61051;Boitron;2022;37
61052;Bonnefoi;2022;48
61053;Bonsmoulins;2022;45
61054;Le Bosc-Renoult;2022;50
61055;Boucé;2022;169
61056;Le Bouillon;2022;37
61060;Brethel;2022;32
61061;Bretoncelles;2022;430
61062;Brieux;2022;15
61063;Briouze;2022;539
61064;Brullemail;2022;20
61066;Buré;2022;13
61067;Bures;2022;26
61068;Bursard;2022;34
61069;Cahan;2022;36
61070;Caligny;2022;155
61071;Camembert;2022;57
61072;Canapville;2022;64
61074;Carrouges;2022;248
61075;Ceaucé;2022;419
61076;Le Cercueil;2022;24
61077;Cerisé;2022;210
61078;Cerisy-Belle-Étoile;2022;164
61079;Ceton;2022;524
61080;Chahains;2022;21
61081;Chailloué;2022;141
61082;Le Chalange;2022;17
61084;Champcerie;2022;39
61085;Le Champ-de-la-Pierre;2022;8
61086;Les Champeaux;2022;23
61087;Champeaux-sur-Sarthe;2022;31
61088;Champ-Haut;2022;11
61089;Champosoult;2022;25
61091;Champsecret;2022;248
61092;Chandai;2022;163
61093;Chanu;2022;374
61094;La Chapelle-au-Moine;2022;151
61095;La Chapelle-Biche;2022;104
61096;Rives d'Andaine;2022;877
61097;La Chapelle-Montligeon;2022;188
61098;La Chapelle-près-Sées;2022;92
61099;La Chapelle-Souëf;2022;56
61100;La Chapelle-Viel;2022;51
61101;Le Château-d'Almenêches;2022;31
61102;Le Châtellier;2022;89
61103;Chaumont;2022;27
61104;La Chaux;2022;11
61105;Chemilli;2022;49
61107;Ciral;2022;100
61108;Cisai-Saint-Aubin;2022;55
61111;Colombiers;2022;90
61113;Comblot;2022;19
61114;Commeaux;2022;25
61116;Sablons sur Huisne;2022;476
61117;Condé-sur-Sarthe;2022;682
61118;Corbon;2022;16
61120;Coudehard;2022;18
61121;Coulimer;2022;77
61122;Coulmer;2022;20
61123;Coulonces;2022;60
61124;La Coulonche;2022;96
61126;Coulonges-sur-Sarthe;2022;195
61129;Courgeon;2022;75
61130;Courgeoût;2022;104
61133;Courtomer;2022;172
61137;Craménil;2022;29
61138;Croisilles;2022;44
61139;Crouttes;2022;65
61140;Crulai;2022;187
61141;Cuissai;2022;91
61142;Dame-Marie;2022;44
61143;Damigny;2022;890
61145;Domfront en Poiraie;2022;1463
61146;Dompierre;2022;85
61148;Durcet;2022;55
61149;Échalou;2022;86
61150;Échauffour;2022;272
61151;Écorcei;2022;64
61152;Écorches;2022;30
61153;Écouché-les-Vallées;2022;670
61156;Essay;2022;106
61158;Faverolles;2022;35
61159;Fay;2022;18
61160;Feings;2022;63
61162;La Ferrière-au-Doyen;2022;60
61163;La Ferrière-aux-Étangs;2022;499
61164;La Ferrière-Béchet;2022;41
61165;La Ferrière-Bochard;2022;137
61166;Ferrières-la-Verrerie;2022;40
61167;La Ferté-en-Ouche;2022;786
61168;La Ferté Macé;2022;1637
61169;Flers;2022;3924
61170;Fleuré;2022;62
61171;Fontaine-les-Bassets;2022;36
61176;Francheville;2022;37
61178;La Fresnaie-Fayel;2022;20
61180;Fresnay-le-Samson;2022;24
61181;Gacé;2022;596
61182;Gandelain;2022;102
61183;Gâprée;2022;37
61187;Les Genettes;2022;54
61189;Giel-Courteilles;2022;76
61190;Ginai;2022;23
61193;La Gonfrière;2022;59
61194;Monts-sur-Orne;2022;200
61195;Le Grais;2022;45
61196;Belforêt-en-Perche;2022;480
61197;Guêprei;2022;37
61198;Guerquesalles;2022;29
61199;Habloville;2022;60
61202;Hauterive;2022;79
61203;Héloup;2022;217
61206;L'Hôme-Chamondot;2022;48
61207;Igé;2022;188
61208;Irai;2022;127
61209;Joué-du-Bois;2022;104
61210;Joué-du-Plain;2022;49
61211;Juvigny Val d'Andaine;2022;558
61212;Juvigny-sur-Orne;2022;22
61213;Lalacelle;2022;52
61214;L'Aigle;2022;2182
61215;Laleu;2022;92
61216;La Lande-de-Goult;2022;44
61217;La Lande-de-Lougé;2022;18
61218;La Lande-Patry;2022;525
61219;La Lande-Saint-Siméon;2022;25
61221;Landigou;2022;79
61222;Landisacq;2022;183
61224;Larré;2022;65
61225;Lignères;2022;6
61227;Lignou;2022;39
61228;L'Orée-d'Écouves;2022;136
61229;Loisail;2022;48
61230;Longny les Villages;2022;977
61232;Lonlay-l'Abbaye;2022;302
61233;Lonlay-le-Tesson;2022;54
61234;Lonrai;2022;217
61237;Lougé-sur-Maire;2022;56
61238;Louvières-en-Auge;2022;29
61240;Macé;2022;92
61241;La Madeleine-Bouvet;2022;112
61242;Le Mage;2022;65
61243;Magny-le-Désert;2022;365
61244;Mahéru;2022;58
61248;Mantilly;2022;187
61251;Marchemaisons;2022;32
61252;Mardilly;2022;47
61255;Mauves-sur-Huisne;2022;166
61256;Médavy;2022;33
61257;Méhoudin;2022;30
61258;Le Mêle-sur-Sarthe;2022;218
61259;Le Ménil-Bérard;2022;23
61260;Le Ménil-de-Briouze;2022;94
61261;Le Ménil-Broût;2022;39
61262;Le Ménil-Ciboult;2022;19
61263;Ménil-Erreux;2022;45
61264;Ménil-Froger;2022;17
61265;Ménil-Gondouin;2022;33
61266;Le Ménil-Guyon;2022;16
61267;Ménil-Hermei;2022;45
61268;Ménil-Hubert-en-Exmes;2022;26
61269;Ménil-Hubert-sur-Orne;2022;112
61271;Le Ménil-Scelleur;2022;22
61272;Le Ménil-Vicomte;2022;1
61273;Ménil-Vin;2022;13
61274;Les Menus;2022;42
61275;Merlerault-le-Pin;2022;396
61276;Merri;2022;42
61277;La Mesnière;2022;54
61278;Messei;2022;547
61279;Mieuxcé;2022;112
61281;Moncy;2022;47
61283;Montabard;2022;79
61284;Montchevrel;2022;34
61286;Montgaudry;2022;23
61287;Montilly-sur-Noireau;2022;148
61288;Montmerrei;2022;94
61289;Mont-Ormel;2022;14
61290;Montreuil-au-Houlme;2022;33
61291;Montreuil-la-Cambe;2022;27
61292;Montsecret-Clairefougère;2022;146
61293;Mortagne-au-Perche;2022;1225
61294;Mortrée;2022;276
61295;La Motte-Fouquet;2022;41
61297;Moulins-la-Marche;2022;230
61298;Moulins-sur-Orne;2022;84
61300;Moutiers-au-Perche;2022;119
61301;Neauphe-sous-Essai;2022;43
61302;Neauphe-sur-Dive;2022;35
61303;Nécy;2022;95
61304;Neuilly-le-Bisson;2022;39
61307;Neuville-sur-Touques;2022;64
61308;Neuvy-au-Houlme;2022;66
61309;Perche en Nocé;2022;464
61314;Occagnes;2022;206
61316;Ommoy;2022;25
61317;Orgères;2022;47
61319;Origny-le-Roux;2022;63
61321;Pacé;2022;74
61322;Parfondeval;2022;21
61323;Le Pas-Saint-l'Homer;2022;29
61324;Passais Villages;2022;422
61326;Perrou;2022;105
61327;Pervenchères;2022;87
61328;Le Pin-au-Haras;2022;99
61329;Le Pin-la-Garenne;2022;205
61330;Planches;2022;54
61331;Le Plantis;2022;42
61332;Pointel;2022;64
61333;Pontchardon;2022;37
61336;Pouvrai;2022;26
61339;Putanges-le-Lac;2022;612
61341;Écouves;2022;411
61342;Rai;2022;405
61344;Rânes;2022;301
61345;Rémalard en Perche;2022;609
61346;Le Renouard;2022;43
61347;Résenlieu;2022;41
61348;Réveillon;2022;87
61349;Ri;2022;32
61350;La Roche-Mabile;2022;31
61351;Roiville;2022;33
61352;Rônai;2022;33
61357;Rouperroux;2022;38
61358;Sai;2022;62
61360;Saint-Agnan-sur-Sarthe;2022;34
61361;Saint-André-de-Briouze;2022;42
61362;Saint-André-de-Messei;2022;116
61363;Saint-Aquilin-de-Corbion;2022;14
61365;Saint-Aubin-d'Appenai;2022;115
61366;Saint-Aubin-de-Bonneval;2022;30
61367;Saint-Aubin-de-Courteraie;2022;43
61369;Saint-Bômer-les-Forges;2022;217
61370;Saint-Brice;2022;49
61371;Saint-Brice-sous-Rânes;2022;40
61372;Saint-Céneri-le-Gérei;2022;43
61373;Sainte-Céronne-lès-Mortagne;2022;48
61374;Saint-Christophe-de-Chaulieu;2022;19
61375;Boischampré;2022;227
61376;Saint-Clair-de-Halouze;2022;164
61379;Saint-Cyr-la-Rosière;2022;60
61381;Saint-Denis-sur-Huisne;2022;15
61382;Saint-Denis-sur-Sarthon;2022;244
61384;Saint-Ellier-les-Bois;2022;51
61385;Saint-Evroult-de-Montfort;2022;72
61386;Saint-Evroult-Notre-Dame-du-Bois;2022;113
61387;Saint-Fraimbault;2022;187
61388;Saint-Fulgent-des-Ormes;2022;39
61389;Sainte-Gauburge-Sainte-Colombe;2022;357
61390;Saint-Georges-d'Annebecq;2022;37
61391;Saint-Georges-des-Groseillers;2022;1068
61392;Saint-Germain-d'Aunay;2022;28
61393;Saint-Germain-de-Clairefeuille;2022;41
61394;Saint-Germain-de-la-Coudre;2022;189
61395;Saint-Germain-des-Grois;2022;54
61396;Saint-Germain-de-Martigny;2022;24
61397;Saint-Germain-du-Corbéis;2022;1264
61398;Saint-Germain-le-Vieux;2022;18
61399;Saint-Gervais-des-Sablons;2022;26
61400;Saint-Gervais-du-Perron;2022;46
61401;Saint-Gilles-des-Marais;2022;14
61402;Saint-Hilaire-de-Briouze;2022;56
61404;Saint-Hilaire-le-Châtel;2022;130
61405;Saint-Hilaire-sur-Erre;2022;114
61406;Saint-Hilaire-sur-Risle;2022;84
61407;Sainte-Honorine-la-Chardonne;2022;161
61408;Sainte-Honorine-la-Guillaume;2022;104
61411;Saint-Jouin-de-Blavou;2022;77
61412;Saint-Julien-sur-Sarthe;2022;162
61413;Saint-Lambert-sur-Dive;2022;28
61414;Saint-Langis-lès-Mortagne;2022;281
61415;Saint-Léger-sur-Sarthe;2022;82
61416;Saint-Léonard-des-Parcs;2022;13
61418;Saint-Mard-de-Réno;2022;125
61419;Sainte-Marguerite-de-Carrouges;2022;76
61420;Sainte-Marie-la-Robert;2022;24
61421;Saint-Mars-d'Égrenne;2022;209
61422;Les Aspres;2022;175
61423;Saint-Martin-d'Écublei;2022;124
61424;Saint-Martin-des-Landes;2022;41
61425;Saint-Martin-des-Pézerits;2022;25
61426;Saint-Martin-du-Vieux-Bellême;2022;178
61427;Saint-Martin-l'Aiguillon;2022;53
61429;Charencey;2022;198
61432;Saint-Michel-Tubœuf;2022;152
61433;Saint-Nicolas-des-Bois;2022;58
61435;Saint-Nicolas-de-Sommaire;2022;58
61436;Sainte-Opportune;2022;45
61438;Saint-Ouen-de-Sécherouvre;2022;50
61439;Saint-Ouen-le-Brisoult;2022;27
61440;Saint-Ouen-sur-Iton;2022;219
61442;Saint-Patrice-du-Désert;2022;54
61443;Saint-Paul;2022;155
61444;Saint-Philbert-sur-Orne;2022;39
61445;Saint-Pierre-d'Entremont;2022;154
61446;Saint-Pierre-des-Loges;2022;40
61447;Saint-Pierre-du-Regard;2022;432
61448;Saint-Pierre-la-Bruyère;2022;104
61450;Saint-Quentin-de-Blavou;2022;26
61451;Saint-Quentin-les-Chardonnets;2022;37
61452;Saint-Roch-sur-Égrenne;2022;50
61453;Saint-Sauveur-de-Carrouges;2022;77
61454;Sainte-Scolasse-sur-Sarthe;2022;167
61456;Saint-Sulpice-sur-Risle;2022;379
61457;Saint-Symphorien-des-Bruyères;2022;135
61459;Saires-la-Verrerie;2022;71
61460;Sap-en-Auge;2022;319
61461;Le Sap-André;2022;40
61462;Sarceaux;2022;270
61463;Les Monts d'Andaine;2022;368
61464;Sées;2022;1356
61466;La Selle-la-Forge;2022;397
61467;Semallé;2022;95
61472;Sévigny;2022;106
61473;Sevrai;2022;45
61474;Gouffern en Auge;2022;987
61475;Soligny-la-Trappe;2022;196
61476;Suré;2022;60
61479;Tanques;2022;40
61480;Tanville;2022;48
61481;Tellières-le-Plessis;2022;19
61482;Tessé-Froulay;2022;97
61483;Bagnoles de l'Orne Normandie;2022;1184
61484;Val-au-Perche;2022;771
61485;Ticheville;2022;59
61486;Tinchebray-Bocage;2022;1396
61487;Torchamp;2022;84
61488;Touquettes;2022;13
61490;Tournai-sur-Dive;2022;67
61491;Tourouvre au Perche;2022;915
61492;Trémont;2022;21
61493;La Trinité-des-Laitiers;2022;16
61494;Trun;2022;419
61497;Valframbert;2022;415
61498;Vaunoise;2022;14
61499;Les Ventes-de-Bourse;2022;30
61500;La Ventrouze;2022;45
61501;Verrières;2022;96
61502;Vidai;2022;23
61503;Vieux-Pont;2022;50
61505;Villedieu-lès-Bailleul;2022;55
61507;Villiers-sous-Mortagne;2022;55
61508;Vimoutiers;2022;1197
61510;Vitrai-sous-Laigle;2022;44
61512;Les Yveteaux;2022;20
62001;Ablain-Saint-Nazaire;2022;480
62002;Ablainzevelle;2022;34
62003;Acheville;2022;104
62004;Achicourt;2022;1742
62005;Achiet-le-Grand;2022;159
62006;Achiet-le-Petit;2022;64
62007;Acq;2022;116
62008;Acquin-Westbécourt;2022;132
62009;Adinfer;2022;45
62010;Affringues;2022;37
62011;Agnez-lès-Duisans;2022;148
62012;Agnières;2022;32
62013;Agny;2022;395
62014;Aire-sur-la-Lys;2022;2116
62015;Airon-Notre-Dame;2022;42
62016;Airon-Saint-Vaast;2022;32
62017;Aix-en-Ergny;2022;42
62018;Aix-en-Issart;2022;36
62019;Aix-Noulette;2022;779
62020;Alembon;2022;85
62021;Alette;2022;68
62022;Alincthun;2022;90
62023;Allouagne;2022;597
62024;Alquines;2022;161
62025;Ambleteuse;2022;476
62026;Ambricourt;2022;18
62027;Ambrines;2022;43
62028;Ames;2022;132
62029;Amettes;2022;123
62030;Amplier;2022;58
62031;Andres;2022;254
62032;Angres;2022;904
62033;Annay;2022;881
62034;Annequin;2022;353
62035;Annezin;2022;1195
62036;Anvin;2022;171
62037;Anzin-Saint-Aubin;2022;731
62038;Ardres;2022;943
62039;Arleux-en-Gohelle;2022;142
62040;Arques;2022;1951
62041;Arras;2022;7394
62042;Athies;2022;201
62043;Les Attaques;2022;383
62044;Attin;2022;147
62045;Aubigny-en-Artois;2022;361
62046;Aubin-Saint-Vaast;2022;161
62047;Aubrometz;2022;27
62048;Auchel;2022;2040
62049;Auchy-au-Bois;2022;106
62050;Auchy-lès-Hesdin;2022;459
62051;Auchy-les-Mines;2022;741
62052;Audembert;2022;67
62053;Audincthun;2022;125
62054;Audinghen;2022;118
62055;Audrehem;2022;88
62056;Audresselles;2022;190
62057;Audruicq;2022;1160
62058;Aumerval;2022;37
62059;Autingues;2022;72
62060;Auxi-le-Château;2022;688
62061;Averdoingt;2022;45
62062;Avesnes;2022;13
62063;Avesnes-le-Comte;2022;392
62064;Avesnes-lès-Bapaume;2022;44
62065;Avion;2022;2899
62066;Avondance;2022;4
62067;Avroult;2022;93
62068;Ayette;2022;61
62069;Azincourt;2022;59
62070;Bailleul-aux-Cornailles;2022;52
62071;Bailleul-lès-Pernes;2022;82
62072;Bailleulmont;2022;68
62073;Bailleul-Sir-Berthoult;2022;249
62074;Bailleulval;2022;40
62075;Baincthun;2022;236
62076;Bainghen;2022;34
62077;Bajus;2022;57
62078;Balinghem;2022;187
62079;Bancourt;2022;21
62080;Bapaume;2022;811
62081;Baralle;2022;95
62082;Barastre;2022;48
62083;Barlin;2022;1391
62084;Barly;2022;46
62085;Basseux;2022;43
62086;Bavincourt;2022;65
62087;Bayenghem-lès-Éperlecques;2022;123
62088;Bayenghem-lès-Seninghem;2022;73
62089;Bazinghen;2022;65
62090;Béalencourt;2022;29
62091;Beaudricourt;2022;19
62092;Beaufort-Blavincourt;2022;101
62093;Beaulencourt;2022;38
62094;Beaumerie-Saint-Martin;2022;73
62095;Beaumetz-lès-Aire;2022;50
62096;Beaumetz-lès-Cambrai;2022;99
62097;Beaumetz-lès-Loges;2022;208
62099;Beaurains;2022;1094
62100;Beaurainville;2022;497
62101;Beauvois;2022;17
62102;Bécourt;2022;52
62103;Béhagnies;2022;34
62104;Bellebrune;2022;50
62105;Belle-et-Houllefort;2022;138
62106;Bellonne;2022;63
62107;Bénifontaine;2022;82
62108;Berck;2022;4142
62109;Bergueneuse;2022;53
62111;Berlencourt-le-Cauroy;2022;56
62112;Berles-au-Bois;2022;111
62113;Berles-Monchel;2022;81
62114;Bermicourt;2022;43
62115;Berneville;2022;115
62116;Bernieulles;2022;37
62117;Bertincourt;2022;177
62118;Béthonsart;2022;23
62119;Béthune;2022;4833
62120;Beugin;2022;95
62121;Beugnâtre;2022;21
62122;Beugny;2022;73
62123;Beussent;2022;106
62124;Beutin;2022;59
62125;Beuvrequen;2022;85
62126;Beuvry;2022;1879
62127;Bezinghem;2022;66
62128;Biache-Saint-Vaast;2022;780
62129;Biefvillers-lès-Bapaume;2022;24
62130;Bienvillers-au-Bois;2022;151
62131;Bihucourt;2022;51
62132;Billy-Berclau;2022;885
62133;Billy-Montigny;2022;1169
62134;Bimont;2022;20
62135;Blairville;2022;72
62137;Blangerval-Blangermont;2022;17
62138;Blangy-sur-Ternoise;2022;185
62139;Blendecques;2022;997
62140;Bléquin;2022;72
62141;Blessy;2022;140
62142;Blingel;2022;36
62143;Boffles;2022;13
62144;Boiry-Becquerelle;2022;86
62145;Boiry-Notre-Dame;2022;104
62146;Boiry-Saint-Martin;2022;59
62147;Boiry-Sainte-Rictrude;2022;75
62148;Bois-Bernard;2022;201
62149;Boisdinghem;2022;37
62150;Boisjean;2022;101
62151;Boisleux-au-Mont;2022;95
62152;Boisleux-Saint-Marc;2022;31
62153;Bomy;2022;134
62154;Bonnières;2022;158
62155;Bonningues-lès-Ardres;2022;116
62156;Bonningues-lès-Calais;2022;120
62157;Boubers-lès-Hesmond;2022;24
62158;Boubers-sur-Canche;2022;142
62160;Boulogne-sur-Mer;2022;8085
62161;Bouquehault;2022;92
62162;Bourecq;2022;114
62163;Bouret-sur-Canche;2022;72
62164;Bourlon;2022;231
62165;Bournonville;2022;47
62166;Bours;2022;119
62167;Boursin;2022;42
62168;Bourthes;2022;138
62169;Bouvelinghem;2022;35
62170;Bouvigny-Boyeffles;2022;551
62171;Boyaval;2022;13
62172;Boyelles;2022;47
62173;Brebières;2022;951
62174;Brêmes;2022;302
62175;Brévillers;2022;35
62176;Bréxent-Énocq;2022;134
62177;Brimeux;2022;166
62178;Bruay-la-Buissière;2022;4018
62179;Brunembert;2022;66
62180;Brias;2022;52
62181;Bucquoy;2022;259
62182;Buire-au-Bois;2022;64
62183;Buire-le-Sec;2022;106
62184;Buissy;2022;40
62185;Bullecourt;2022;55
62186;Bully-les-Mines;2022;2379
62187;Buneville;2022;33
62188;Burbure;2022;569
62189;Bus;2022;14
62190;Busnes;2022;275
62191;Caffiers;2022;195
62192;Cagnicourt;2022;66
62193;Calais;2022;12540
62194;Calonne-Ricouart;2022;1088
62195;Calonne-sur-la-Lys;2022;317
62196;La Calotterie;2022;126
62197;Camblain-Châtelain;2022;335
62198;Cambligneul;2022;85
62199;Camblain-l'Abbé;2022;152
62200;Cambrin;2022;198
62201;Camiers;2022;757
62202;Campagne-lès-Boulonnais;2022;113
62203;Campagne-lès-Guines;2022;76
62204;Campagne-lès-Hesdin;2022;442
62205;Campagne-lès-Wardrecques;2022;235
62206;Campigneulles-les-Grandes;2022;55
62207;Campigneulles-les-Petites;2022;150
62208;Canettemont;2022;13
62209;Canlers;2022;30
62211;Capelle-Fermont;2022;45
62212;Capelle-lès-Hesdin;2022;81
62213;Carency;2022;147
62214;Carly;2022;102
62215;Carvin;2022;3183
62216;La Cauchie;2022;33
62217;Cauchy-à-la-Tour;2022;585
62218;Caucourt;2022;60
62219;Caumont;2022;44
62220;Cavron-Saint-Martin;2022;100
62221;Chelers;2022;45
62222;Chériennes;2022;48
62223;Chérisy;2022;51
62224;Chocques;2022;586
62225;Clairmarais;2022;141
62227;Clenleu;2022;34
62228;Clerques;2022;63
62229;Cléty;2022;118
62230;Colembert;2022;132
62231;Colline-Beaumont;2022;32
62232;La Comté;2022;151
62233;Conchil-le-Temple;2022;226
62234;Conchy-sur-Canche;2022;52
62235;Condette;2022;794
62236;Contes;2022;80
62237;Conteville-lès-Boulogne;2022;91
62238;Conteville-en-Ternois;2022;18
62239;Coquelles;2022;860
62240;Corbehem;2022;436
62241;Cormont;2022;62
62242;Couin;2022;14
62243;Coullemont;2022;21
62244;Coulogne;2022;1258
62245;Coulomby;2022;98
62246;Coupelle-Neuve;2022;24
62247;Coupelle-Vieille;2022;132
62248;Courcelles-le-Comte;2022;70
62249;Courcelles-lès-Lens;2022;1076
62250;Courrières;2022;2125
62251;Courset;2022;108
62252;La Couture;2022;482
62253;Couturelle;2022;20
62254;Coyecques;2022;144
62255;Crémarest;2022;115
62256;Crépy;2022;46
62257;Créquy;2022;96
62258;Croisette;2022;77
62259;Croisilles;2022;364
62260;Croix-en-Ternois;2022;42
62261;Cucq;2022;1797
62262;Cuinchy;2022;375
62263;Dainville;2022;1788
62264;Dannes;2022;269
62265;Delettes;2022;186
62266;Denier;2022;13
62267;Dennebrœucq;2022;67
62268;Desvres;2022;1091
62269;Diéval;2022;141
62270;Divion;2022;1248
62271;Dohem;2022;144
62272;Douchy-lès-Ayette;2022;68
62273;Doudeauville;2022;101
62274;Dourges;2022;929
62275;Douriez;2022;58
62276;Douvrin;2022;896
62277;Drocourt;2022;630
62278;Drouvin-le-Marais;2022;84
62279;Duisans;2022;314
62280;Dury;2022;58
62281;Echinghen;2022;87
62282;Éclimeux;2022;41
62283;Écoivres;2022;25
62284;Écourt-Saint-Quentin;2022;373
62285;Écoust-Saint-Mein;2022;81
62286;Ecquedecques;2022;113
62288;Ecques;2022;375
62289;Écuires;2022;172
62290;Écurie;2022;75
62291;Éleu-dit-Leauwette;2022;559
62292;Elnes;2022;154
62293;Embry;2022;66
62295;Enquin-lez-Guinegatte;2022;268
62296;Enquin-sur-Baillons;2022;66
62297;Éperlecques;2022;670
62298;Épinoy;2022;74
62299;Eps;2022;54
62300;Équihen-Plage;2022;553
62301;Équirre;2022;28
62302;Ergny;2022;43
62303;Érin;2022;35
62304;Erny-Saint-Julien;2022;80
62306;Ervillers;2022;90
62307;Escalles;2022;52
62308;Escœuilles;2022;67
62309;Esquerdes;2022;325
62310;Essars;2022;360
62311;Estevelles;2022;308
62312;Estrée;2022;63
62313;Estrée-Blanche;2022;153
62314;Estrée-Cauchy;2022;59
62315;Estréelles;2022;53
62316;Estrée-Wamin;2022;48
62317;Étaing;2022;64
62318;Étaples;2022;2272
62319;Éterpigny;2022;51
62320;Étrun;2022;56
62321;Évin-Malmaison;2022;798
62322;Famechon;2022;28
62323;Fampoux;2022;197
62324;Farbus;2022;149
62325;Fauquembergues;2022;194
62326;Favreuil;2022;47
62327;Febvin-Palfart;2022;89
62328;Ferfay;2022;164
62329;Ferques;2022;282
62330;Festubert;2022;205
62331;Feuchy;2022;228
62332;Ficheux;2022;137
62333;Fiefs;2022;69
62334;Fiennes;2022;160
62335;Fillièvres;2022;160
62336;Fléchin;2022;102
62337;Flers;2022;43
62338;Fleurbaix;2022;695
62339;Fleury;2022;17
62340;Floringhem;2022;151
62341;Foncquevillers;2022;74
62342;Fontaine-lès-Boulans;2022;25
62343;Fontaine-lès-Croisilles;2022;47
62344;Fontaine-lès-Hermans;2022;13
62345;Fontaine-l'Étalon;2022;31
62346;Fortel-en-Artois;2022;26
62347;Fosseux;2022;27
62348;Foufflin-Ricametz;2022;30
62349;Fouquereuil;2022;265
62350;Fouquières-lès-Béthune;2022;304
62351;Fouquières-lès-Lens;2022;1202
62352;Framecourt;2022;25
62353;Frémicourt;2022;55
62354;Frencq;2022;147
62355;Fresnes-lès-Montauban;2022;84
62356;Fresnicourt-le-Dolmen;2022;153
62357;Fresnoy;2022;20
62358;Fresnoy-en-Gohelle;2022;52
62359;Fressin;2022;125
62360;Fréthun;2022;217
62361;Frévent;2022;892
62362;Frévillers;2022;37
62363;Frévin-Capelle;2022;109
62364;Fruges;2022;606
62365;Galametz;2022;50
62366;Gauchin-Légal;2022;59
62367;Gauchin-Verloingt;2022;269
62368;Gaudiempré;2022;42
62369;Gavrelle;2022;85
62370;Gennes-Ivergny;2022;36
62371;Givenchy-en-Gohelle;2022;452
62372;Givenchy-le-Noble;2022;35
62373;Givenchy-lès-la-Bassée;2022;194
62374;Gomiécourt;2022;26
62375;Gommecourt;2022;28
62376;Gonnehem;2022;497
62377;Gosnay;2022;205
62378;Gouves;2022;46
62379;Gouy-en-Artois;2022;77
62380;Gouy-Servins;2022;55
62381;Gouy-en-Ternois;2022;22
62382;Gouy-Saint-André;2022;130
62383;Gouy-sous-Bellonne;2022;330
62384;Graincourt-lès-Havrincourt;2022;115
62385;Grand-Rullecourt;2022;80
62386;Grenay;2022;942
62387;Grévillers;2022;72
62388;Grigny;2022;82
62389;Grincourt-lès-Pas;2022;9
62390;Groffliers;2022;449
62391;Guarbecque;2022;306
62392;Guémappe;2022;81
62393;Guemps;2022;154
62395;Guigny;2022;37
62396;Guinecourt;2022;6
62397;Guînes;2022;997
62398;Guisy;2022;56
62399;Habarcq;2022;101
62400;Haillicourt;2022;892
62401;Haisnes;2022;775
62402;Halinghen;2022;65
62403;Hallines;2022;242
62404;Halloy;2022;45
62405;Hamblain-les-Prés;2022;98
62406;Hamelincourt;2022;34
62407;Ham-en-Artois;2022;214
62408;Hames-Boucres;2022;222
62409;Hannescamps;2022;26
62410;Haplincourt;2022;40
62411;Haravesnes;2022;7
62412;Hardinghen;2022;304
62413;Harnes;2022;2461
62414;Haucourt;2022;39
62415;Haute-Avesnes;2022;119
62416;Hautecloque;2022;47
62418;Hauteville;2022;66
62419;Haut-Loquin;2022;25
62421;Havrincourt;2022;67
62422;Hébuterne;2022;88
62423;Helfaut;2022;490
62424;Hendecourt-lès-Cagnicourt;2022;60
62425;Hendecourt-lès-Ransart;2022;23
62426;Héninel;2022;40
62427;Hénin-Beaumont;2022;4555
62428;Hénin-sur-Cojeul;2022;86
62429;Henneveux;2022;52
62430;Hénu;2022;22
62432;Herbinghen;2022;64
62433;Héricourt;2022;23
62434;La Herlière;2022;19
62435;Herlincourt;2022;27
62436;Herlin-le-Sec;2022;24
62437;Herly;2022;65
62438;Hermaville;2022;117
62439;Hermelinghen;2022;43
62440;Hermies;2022;265
62441;Hermin;2022;37
62442;Hernicourt;2022;101
62443;Hersin-Coupigny;2022;1021
62444;Hervelinghen;2022;40
62445;Hesdigneul-lès-Béthune;2022;171
62446;Hesdigneul-lès-Boulogne;2022;145
62447;Hesdin-la-Forêt;2022;1474
62448;Hesdin-l'Abbé;2022;501
62449;Hesmond;2022;37
62450;Hestrus;2022;56
62451;Heuchin;2022;107
62452;Heuringhem;2022;290
62453;Hézecques;2022;20
62454;Hinges;2022;442
62455;Hocquinghen;2022;28
62456;Houchin;2022;123
62457;Houdain;2022;1543
62458;Houlle;2022;216
62459;Houvin-Houvigneul;2022;59
62460;Hubersent;2022;50
62462;Huclier;2022;12
62463;Hucqueliers;2022;131
62464;Hulluch;2022;591
62465;Humbercamps;2022;66
62466;Humbert;2022;41
62467;Humerœuille;2022;42
62468;Humières;2022;59
62469;Inchy-en-Artois;2022;102
62470;Incourt;2022;25
62471;Bellinghem;2022;164
62472;Inxent;2022;46
62473;Isbergues;2022;2109
62474;Isques;2022;245
62475;Ivergny;2022;39
62476;Izel-lès-Équerchin;2022;210
62477;Izel-lès-Hameau;2022;118
62478;Journy;2022;55
62479;Labeuvrière;2022;308
62480;Labourse;2022;409
62481;Labroye;2022;31
62483;Lacres;2022;42
62484;Lagnicourt-Marcel;2022;58
62485;Laires;2022;57
62486;Lambres;2022;234
62487;Landrethun-le-Nord;2022;215
62488;Landrethun-lès-Ardres;2022;132
62489;Lapugnoy;2022;732
62490;Lattre-Saint-Quentin;2022;40
62491;Laventie;2022;1095
62492;Lebiez;2022;41
62493;Lebucquière;2022;41
62494;Léchelle;2022;3
62495;Ledinghem;2022;54
62496;Lefaux;2022;52
62497;Leforest;2022;1358
62498;Lens;2022;6606
62499;Lépine;2022;63
62500;Lespesses;2022;111
62501;Lespinoy;2022;62
62502;Lestrem;2022;890
62503;Leubringhen;2022;38
62504;Leulinghem;2022;40
62505;Leulinghen-Bernes;2022;76
62506;Licques;2022;330
62507;Liencourt;2022;47
62508;Lières;2022;66
62509;Liettres;2022;33
62510;Liévin;2022;5413
62511;Lignereuil;2022;34
62512;Ligny-lès-Aire;2022;116
62513;Ligny-sur-Canche;2022;61
62514;Ligny-Saint-Flochel;2022;52
62515;Ligny-Thilloy;2022;137
62516;Lillers;2022;1926
62517;Linghem;2022;32
62518;Linzeux;2022;33
62519;Lisbourg;2022;130
62520;Locon;2022;598
62521;La Loge;2022;70
62522;Loison-sur-Créquoise;2022;66
62523;Loison-sous-Lens;2022;1016
62524;Longfossé;2022;317
62525;Longuenesse;2022;2306
62526;Longueville;2022;28
62527;Longvilliers;2022;46
62528;Loos-en-Gohelle;2022;1280
62529;Lorgies;2022;273
62530;Lottinghen;2022;94
62531;Louches;2022;145
62532;Lozinghem;2022;189
62533;Lugy;2022;18
62534;Lumbres;2022;758
62535;La Madelaine-sous-Montreuil;2022;31
62536;Magnicourt-en-Comte;2022;131
62537;Magnicourt-sur-Canche;2022;25
62538;Maintenay;2022;91
62539;Maisnil;2022;57
62540;Maisnil-lès-Ruitz;2022;268
62541;Maisoncelle;2022;30
62542;Maizières;2022;30
62543;Mametz;2022;450
62544;Manin;2022;43
62545;Maninghem;2022;31
62546;Maninghen-Henne;2022;65
62547;Marant;2022;20
62548;Marck;2022;1941
62550;Marconnelle;2022;308
62551;Marenla;2022;60
62552;Maresquel-Ecquemicourt;2022;294
62553;Marest;2022;64
62554;Maresville;2022;22
62555;Marles-les-Mines;2022;1132
62556;Marles-sur-Canche;2022;66
62557;Marœuil;2022;527
62558;Marquay;2022;39
62559;Marquion;2022;219
62560;Marquise;2022;1001
62561;Martinpuich;2022;52
62562;Matringhem;2022;46
62563;Mazingarbe;2022;1143
62564;Mazinghem;2022;68
62565;Mencas;2022;18
62566;Menneville;2022;127
62567;Mentque-Nortbécourt;2022;98
62568;Mercatel;2022;104
62569;Merck-Saint-Liévin;2022;132
62570;Méricourt;2022;2370
62571;Merlimont;2022;908
62572;Metz-en-Couture;2022;125
62573;Meurchin;2022;617
62574;Mingoval;2022;49
62576;Moncheaux-lès-Frévent;2022;21
62577;Monchel-sur-Canche;2022;12
62578;Monchiet;2022;15
62579;Monchy-au-Bois;2022;100
62580;Monchy-Breton;2022;74
62581;Monchy-Cayeux;2022;75
62582;Monchy-le-Preux;2022;109
62583;Mondicourt;2022;115
62584;Mont-Bernanchon;2022;209
62585;Montcavrel;2022;86
62586;Montenescourt;2022;120
62587;Montigny-en-Gohelle;2022;1951
62588;Montreuil-sur-Mer;2022;614
62589;Mont-Saint-Éloi;2022;193
62590;Monts-en-Ternois;2022;11
62591;Morchies;2022;30
62592;Moringhem;2022;92
62593;Morval;2022;22
62594;Mory;2022;58
62595;Moulle;2022;191
62596;Mouriez;2022;58
62597;Moyenneville;2022;72
62598;Muncq-Nieurlet;2022;84
62599;Nabringhen;2022;33
62600;Nédon;2022;40
62601;Nédonchel;2022;103
62602;Nempont-Saint-Firmin;2022;38
62603;Nesles;2022;189
62604;Neufchâtel-Hardelot;2022;1201
62605;Neulette;2022;5
62606;Neuve-Chapelle;2022;213
62607;Neuville-au-Cornet;2022;14
62608;Neuville-Bourjonval;2022;45
62609;Neuville-Saint-Vaast;2022;365
62610;Neuville-sous-Montreuil;2022;115
62611;Neuville-Vitasse;2022;101
62612;Neuvireuil;2022;114
62613;Nielles-lès-Bléquin;2022;185
62614;Nielles-lès-Ardres;2022;84
62615;Nielles-lès-Calais;2022;35
62616;Nœux-lès-Auxi;2022;45
62617;Nœux-les-Mines;2022;2767
62618;Nordausques;2022;145
62619;Noreuil;2022;33
62620;Norrent-Fontes;2022;343
62621;Nortkerque;2022;282
62622;Nort-Leulinghem;2022;24
62623;Nouvelle-Église;2022;51
62624;Noyelles-Godault;2022;1076
62625;Noyelles-lès-Humières;2022;9
62626;Noyelles-lès-Vermelles;2022;369
62627;Noyelles-sous-Bellonne;2022;112
62628;Noyelles-sous-Lens;2022;1357
62629;Noyellette;2022;37
62630;Noyelle-Vion;2022;55
62631;Nuncq-Hautecôte;2022;78
62632;Oblinghem;2022;52
62633;Œuf-en-Ternois;2022;49
62634;Offekerque;2022;141
62635;Offin;2022;43
62636;Offrethun;2022;64
62637;Oignies;2022;1957
62638;Oisy-le-Verger;2022;294
62639;Oppy;2022;69
62640;Orville;2022;81
62641;Ostreville;2022;52
62642;Ourton;2022;154
62643;Outreau;2022;2854
62644;Ouve-Wirquin;2022;95
62645;Oye-Plage;2022;1059
62646;Palluel;2022;120
62647;Le Parcq;2022;160
62648;Parenty;2022;93
62649;Pas-en-Artois;2022;196
62650;Pelves;2022;153
62651;Penin;2022;79
62652;Pernes;2022;375
62653;Pernes-lès-Boulogne;2022;115
62654;Peuplingues;2022;99
62655;Pierremont;2022;59
62656;Pihem;2022;189
62657;Pihen-lès-Guînes;2022;90
62658;Pittefaux;2022;28
62659;Planques;2022;28
62660;Plouvain;2022;77
62661;Bouin-Plumoison;2022;127
62662;Polincove;2022;128
62663;Pommera;2022;48
62664;Pommier;2022;42
62665;Le Ponchel;2022;71
62666;Pont-à-Vendin;2022;392
62667;Le Portel;2022;1858
62668;Prédefin;2022;45
62669;Pressy;2022;80
62670;Preures;2022;140
62671;Pronville-en-Artois;2022;60
62672;Puisieux;2022;135
62673;Quéant;2022;88
62674;Quelmes;2022;89
62675;Quercamps;2022;53
62676;Quernes;2022;82
62677;Le Quesnoy-en-Artois;2022;93
62678;Quesques;2022;156
62679;Questrecques;2022;50
62680;Quiéry-la-Motte;2022;179
62681;Quiestède;2022;94
62682;Quilen;2022;13
62683;Quœux-Haut-Maînil;2022;56
62684;Racquinghem;2022;381
62685;Radinghem;2022;29
62686;Ramecourt;2022;82
62688;Rang-du-Fliers;2022;1141
62689;Ransart;2022;88
62690;Raye-sur-Authie;2022;59
62691;Saint-Augustin;2022;127
62692;Rebergues;2022;42
62693;Rebreuve-Ranchicourt;2022;240
62694;Rebreuve-sur-Canche;2022;51
62695;Rebreuviette;2022;56
62696;Reclinghem;2022;40
62697;Récourt;2022;39
62698;Recques-sur-Course;2022;74
62699;Recques-sur-Hem;2022;114
62700;Regnauville;2022;43
62701;Rely;2022;90
62702;Remilly-Wirquin;2022;74
62703;Rémy;2022;60
62704;Renty;2022;107
62705;Rety;2022;327
62706;Richebourg;2022;588
62708;Riencourt-lès-Bapaume;2022;4
62709;Riencourt-lès-Cagnicourt;2022;49
62710;Rimboval;2022;26
62711;Rinxent;2022;560
62712;Rivière;2022;255
62713;Robecq;2022;249
62714;Roclincourt;2022;178
62715;Rocquigny;2022;61
62716;Rodelinghem;2022;85
62717;Roëllecourt;2022;125
62718;Rœux;2022;248
62719;Rollancourt;2022;60
62720;Rombly;2022;9
62721;Roquetoire;2022;343
62722;Rougefay;2022;28
62723;Roussent;2022;42
62724;Rouvroy;2022;1523
62725;Royon;2022;37
62726;Ruisseauville;2022;35
62727;Ruitz;2022;355
62728;Rumaucourt;2022;131
62729;Rumilly;2022;59
62730;Ruminghem;2022;249
62731;Ruyaulcourt;2022;68
62732;Sachin;2022;67
62733;Sailly-au-Bois;2022;62
62734;Sailly-en-Ostrevent;2022;122
62735;Sailly-Labourse;2022;386
62736;Sailly-sur-la-Lys;2022;828
62737;Sains-en-Gohelle;2022;1108
62738;Sains-lès-Fressin;2022;33
62739;Sains-lès-Marquion;2022;56
62740;Sains-lès-Pernes;2022;46
62741;Saint-Amand;2022;36
62742;Saint-Aubin;2022;71
62744;Sainte-Catherine;2022;832
62745;Saint-Denœux;2022;36
62746;Saint-Étienne-au-Mont;2022;924
62747;Saint-Floris;2022;84
62748;Saint-Folquin;2022;461
62749;Saint-Georges;2022;72
62750;Saint-Hilaire-Cottes;2022;170
62751;Saint-Inglevert;2022;105
62752;Saint-Josse;2022;262
62753;Saint-Laurent-Blangy;2022;1341
62754;Saint-Léger;2022;75
62755;Saint-Léonard;2022;904
62756;Sainte-Marie-Kerque;2022;229
62757;Saint-Martin-lez-Tatinghem;2022;1353
62758;Saint-Martin-Boulogne;2022;2554
62759;Saint-Martin-Choquel;2022;70
62760;Saint-Martin-d'Hardinghem;2022;71
62761;Saint-Martin-sur-Cojeul;2022;38
62762;Saint-Michel-sous-Bois;2022;20
62763;Saint-Michel-sur-Ternoise;2022;227
62764;Saint-Nicolas;2022;1054
62765;Saint-Omer;2022;2427
62766;Saint-Omer-Capelle;2022;146
62767;Saint-Pol-sur-Ternoise;2022;1199
62768;Saint-Rémy-au-Bois;2022;23
62769;Saint-Tricat;2022;132
62770;Saint-Venant;2022;747
62771;Sallaumines;2022;1694
62772;Salperwick;2022;89
62773;Samer;2022;746
62774;Sangatte;2022;988
62775;Sanghen;2022;50
62776;Sapignies;2022;27
62777;Le Sars;2022;28
62778;Sars-le-Bois;2022;15
62779;Sarton;2022;36
62780;Sauchy-Cauchy;2022;74
62781;Sauchy-Lestrée;2022;78
62782;Saudemont;2022;97
62783;Saulchoy;2022;61
62784;Saulty;2022;144
62785;Savy-Berlette;2022;170
62786;Selles;2022;70
62787;Sempy;2022;56
62788;Seninghem;2022;111
62789;Senlecques;2022;46
62790;Senlis;2022;44
62791;Séricourt;2022;6
62792;Serques;2022;220
62793;Servins;2022;160
62794;Setques;2022;106
62795;Sibiville;2022;21
62796;Simencourt;2022;120
62797;Siracourt;2022;43
62798;Sombrin;2022;55
62799;Sorrus;2022;130
62800;Souastre;2022;67
62801;Souchez;2022;563
62802;Le Souich;2022;32
62803;Surques;2022;82
62804;Sus-Saint-Léger;2022;57
62805;Tangry;2022;53
62806;Tardinghen;2022;52
62808;Teneur;2022;62
62809;Ternas;2022;25
62810;Thélus;2022;246
62811;Thérouanne;2022;259
62812;Thiembronne;2022;140
62813;La Thieuloye;2022;79
62814;Thièvres;2022;28
62815;Tigny-Noyelle;2022;56
62816;Tilloy-lès-Hermaville;2022;43
62817;Tilloy-lès-Mofflaines;2022;259
62818;Tilly-Capelle;2022;38
62819;Tilques;2022;226
62820;Tincques;2022;143
62821;Tingry;2022;54
62822;Tollent;2022;31
62823;Torcy;2022;50
62824;Tortefontaine;2022;66
62825;Tortequesne;2022;155
62826;Le Touquet-Paris-Plage;2022;2181
62827;Tournehem-sur-la-Hem;2022;238
62828;Tramecourt;2022;13
62829;Le Transloy;2022;68
62830;Trescault;2022;35
62831;Troisvaux;2022;55
62832;Tubersent;2022;107
62833;Vacquerie-le-Boucq;2022;24
62834;Vacqueriette-Erquières;2022;61
62835;Valhuon;2022;103
62836;Vaudricourt;2022;272
62837;Vaudringhem;2022;73
62838;Vaulx;2022;24
62839;Vaulx-Vraucourt;2022;282
62840;Vélu;2022;34
62841;Vendin-lès-Béthune;2022;552
62842;Vendin-le-Vieil;2022;1254
62843;Verchin;2022;66
62844;Verchocq;2022;135
62845;Verlincthun;2022;71
62846;Vermelles;2022;817
62847;Verquigneul;2022;254
62848;Verquin;2022;722
62849;Verton;2022;588
62850;Vieil-Hesdin;2022;98
62851;Vieille-Chapelle;2022;127
62852;Vieille-Église;2022;165
62853;Vieil-Moutier;2022;69
62854;Villers-au-Bois;2022;87
62855;Villers-au-Flos;2022;43
62856;Villers-Brûlin;2022;61
62857;Villers-Châtel;2022;27
62858;Villers-lès-Cagnicourt;2022;49
62859;Villers-l'Hôpital;2022;49
62860;Villers-Sir-Simon;2022;27
62861;Vimy;2022;1075
62862;Vincly;2022;25
62863;Violaines;2022;652
62864;Vis-en-Artois;2022;112
62865;Vitry-en-Artois;2022;1046
62866;Waben;2022;108
62867;Wacquinghen;2022;50
62868;Wail;2022;53
62869;Wailly;2022;241
62870;Wailly-Beaucamp;2022;200
62871;Wambercourt;2022;56
62872;Wamin;2022;63
62873;Wancourt;2022;76
62874;Wanquetin;2022;154
62875;Wardrecques;2022;310
62876;Warlencourt-Eaucourt;2022;22
62877;Warlincourt-lès-Pas;2022;31
62878;Warlus;2022;91
62879;Warluzel;2022;48
62880;Le Wast;2022;40
62881;Beauvoir-Wavans;2022;96
62882;Wavrans-sur-l'Aa;2022;243
62883;Wavrans-sur-Ternoise;2022;33
62885;Westrehem;2022;36
62886;Wicquinghem;2022;46
62887;Widehem;2022;30
62888;Wierre-au-Bois;2022;59
62889;Wierre-Effroy;2022;186
62890;Willeman;2022;51
62891;Willencourt;2022;38
62892;Willerval;2022;129
62893;Wimereux;2022;1866
62894;Wimille;2022;868
62895;Wingles;2022;1450
62896;Wirwignes;2022;157
62897;Wismes;2022;116
62898;Wisques;2022;59
62899;Wissant;2022;261
62900;Witternesse;2022;113
62901;Wittes;2022;149
62902;Wizernes;2022;664
62903;Zoteux;2022;78
62904;Zouafques;2022;74
62905;Zudausques;2022;147
62906;Zutkerque;2022;308
62907;Libercourt;2022;1522
62908;La Capelle-lès-Boulogne;2022;460
62909;Ytres;2022;76
63001;Aigueperse;2022;787
63002;Aix-la-Fayette;2022;39
63003;Ambert;2022;1930
63004;Les Ancizes-Comps;2022;450
63005;Antoingt;2022;95
63006;Anzat-le-Luguet;2022;67
63007;Apchat;2022;66
63008;Arconsat;2022;173
63009;Ardes;2022;209
63010;Arlanc;2022;565
63011;Ars-les-Favets;2022;38
63012;Artonne;2022;203
63013;Aubiat;2022;172
63014;Aubière;2022;2123
63015;Aubusson-d'Auvergne;2022;46
63016;Augerolles;2022;261
63017;Augnat;2022;44
63019;Aulnat;2022;948
63020;Aurières;2022;46
63021;Authezat;2022;125
63022;Auzat-la-Combelle;2022;558
63023;Auzelles;2022;101
63024;Avèze;2022;58
63025;Ayat-sur-Sioule;2022;51
63026;Aydat;2022;438
63027;Baffie;2022;41
63028;Bagnols;2022;148
63029;Bansat;2022;38
63030;Bas-et-Lezat;2022;46
63031;Beaulieu;2022;103
63032;Beaumont;2022;2639
63033;Beaumont-lès-Randan;2022;60
63034;Beauregard-l'Évêque;2022;329
63035;Beauregard-Vendon;2022;172
63036;Bergonne;2022;79
63037;Bertignat;2022;140
63038;Besse-et-Saint-Anastaise;2022;443
63039;Beurières;2022;79
63040;Billom;2022;1263
63041;Biollet;2022;108
63042;Blanzat;2022;1183
63043;Blot-l'Église;2022;100
63044;Bongheat;2022;57
63045;Bort-l'Étang;2022;123
63046;Boudes;2022;58
63047;La Bourboule;2022;467
63048;Bourg-Lastic;2022;318
63049;Bouzel;2022;152
63050;Brassac-les-Mines;2022;1030
63051;Brenat;2022;166
63052;Le Breuil-sur-Couze;2022;216
63053;Briffons;2022;80
63054;Le Broc;2022;192
63055;Bromont-Lamothe;2022;192
63056;Brousse;2022;99
63057;Le Brugeron;2022;80
63058;Bulhon;2022;100
63059;Busséol;2022;39
63060;Bussières;2022;30
63061;Bussières-et-Pruns;2022;65
63062;Buxières-sous-Montaigut;2022;43
63063;Cébazat;2022;2520
63064;La Celle;2022;25
63065;Ceilloux;2022;51
63066;Celles-sur-Durolle;2022;428
63067;La Cellette;2022;56
63069;Le Cendre;2022;1382
63070;Ceyrat;2022;1711
63071;Ceyssat;2022;117
63072;Chabreloche;2022;332
63073;Chadeleuf;2022;79
63074;Chalus;2022;51
63075;Chamalières;2022;5101
63076;Chambon-sur-Dolore;2022;53
63077;Chambon-sur-Lac;2022;117
63079;Champagnat-le-Jeune;2022;65
63080;Champeix;2022;297
63081;Champétières;2022;80
63082;Champs;2022;71
63083;Chanat-la-Mouteyre;2022;226
63084;Chanonat;2022;354
63085;Chapdes-Beaufort;2022;231
63086;La Chapelle-Agnon;2022;112
63087;La Chapelle-Marcousse;2022;21
63088;La Chapelle-sur-Usson;2022;27
63089;Chappes;2022;269
63090;Chaptuzat;2022;99
63091;Charbonnier-les-Mines;2022;222
63092;Charbonnières-les-Varennes;2022;259
63093;Charbonnières-les-Vieilles;2022;230
63094;Charensat;2022;188
63095;Charnat;2022;42
63096;Chas;2022;57
63097;Chassagne;2022;18
63098;Chastreix;2022;77
63099;Châteaugay;2022;758
63100;Châteauneuf-les-Bains;2022;99
63101;Château-sur-Cher;2022;29
63102;Châteldon;2022;213
63103;Châtel-Guyon;2022;1597
63104;La Chaulme;2022;43
63105;Chaumont-le-Bourg;2022;40
63106;Chauriat;2022;256
63107;Chavaroux;2022;76
63108;Le Cheix-sur-Morge;2022;174
63109;Les Deux-Rives;2022;164
63110;Cisternes-la-Forêt;2022;101
63111;Clémensat;2022;22
63112;Clerlande;2022;74
63113;Clermont-Ferrand;2022;24420
63114;Collanges;2022;45
63115;Combrailles;2022;50
63116;Combronde;2022;464
63117;Compains;2022;39
63118;Condat-en-Combraille;2022;130
63119;Condat-lès-Montboissier;2022;67
63120;Corent;2022;126
63121;Coudes;2022;197
63122;Courgoul;2022;14
63123;Cournols;2022;52
63124;Cournon-d'Auvergne;2022;5188
63125;Courpière;2022;1262
63126;Le Crest;2022;291
63128;Crevant-Laveine;2022;203
63129;Cros;2022;51
63130;La Crouzille;2022;71
63131;Culhat;2022;265
63132;Cunlhat;2022;380
63134;Dauzat-sur-Vodable;2022;17
63135;Davayat;2022;128
63136;Domaize;2022;92
63137;Doranges;2022;77
63138;Dorat;2022;164
63139;Dore-l'Église;2022;175
63140;Durmignat;2022;70
63141;Durtol;2022;654
63142;Échandelys;2022;89
63143;Effiat;2022;252
63144;Égliseneuve-d'Entraigues;2022;130
63145;Égliseneuve-des-Liards;2022;32
63146;Égliseneuve-près-Billom;2022;165
63147;Églisolles;2022;134
63148;Ennezat;2022;592
63149;Entraigues;2022;139
63150;Enval;2022;349
63151;Escoutoux;2022;333
63152;Espinasse;2022;108
63153;Espinchal;2022;27
63154;Espirat;2022;64
63155;Estandeuil;2022;90
63156;Esteil;2022;16
63157;Fayet-le-Château;2022;72
63158;Fayet-Ronaye;2022;36
63159;Fernoël;2022;60
63160;Aulhat-Flat;2022;209
63161;La Forie;2022;83
63162;Fournols;2022;108
63163;Gelles;2022;223
63164;Gerzat;2022;2180
63165;Giat;2022;301
63166;Gignat;2022;58
63167;Gimeaux;2022;93
63168;Glaine-Montaigut;2022;110
63169;La Godivelle;2022;3
63170;La Goutelle;2022;153
63171;Gouttières;2022;105
63172;Grandeyrolles;2022;17
63173;Grandrif;2022;43
63174;Grandval;2022;38
63175;Herment;2022;79
63176;Heume-l'Église;2022;38
63177;Isserteaux;2022;79
63178;Issoire;2022;3786
63179;Job;2022;306
63180;Joze;2022;232
63181;Jozerand;2022;91
63182;Jumeaux;2022;171
63183;Labessette;2022;25
63184;Lachaux;2022;90
63185;Lamontgie;2022;114
63186;Landogne;2022;62
63187;Lapeyrouse;2022;156
63188;Laps;2022;105
63189;Laqueuille;2022;59
63190;Larodde;2022;101
63191;Lastic;2022;40
63192;La Tour-d'Auvergne;2022;224
63193;Lempdes;2022;2086
63194;Lempty;2022;76
63195;Lezoux;2022;1493
63196;Limons;2022;175
63197;Lisseuil;2022;23
63198;Loubeyrat;2022;280
63199;Ludesse;2022;57
63200;Lussat;2022;188
63201;Luzillat;2022;217
63202;Madriat;2022;41
63203;Malauzat;2022;240
63204;Malintrat;2022;184
63205;Manglieu;2022;101
63206;Manzat;2022;337
63207;Marat;2022;219
63208;Marcillat;2022;57
63209;Mareugheol;2022;52
63210;Maringues;2022;662
63211;Marsac-en-Livradois;2022;331
63212;Marsat;2022;336
63213;Les Martres-d'Artière;2022;351
63214;Les Martres-de-Veyre;2022;879
63215;Martres-sur-Morge;2022;98
63216;Mauzun;2022;11
63218;Mayres;2022;56
63219;Mazaye;2022;149
63220;Mazoires;2022;28
63221;Medeyrolles;2022;52
63222;Meilhaud;2022;91
63223;Menat;2022;179
63224;Ménétrol;2022;423
63225;Messeix;2022;336
63226;Mur-sur-Allier;2022;614
63227;Mirefleurs;2022;451
63228;Miremont;2022;96
63229;Moissat;2022;193
63230;Le Monestier;2022;49
63231;La Monnerie-le-Montel;2022;494
63232;Mons;2022;78
63233;Montaigut-en-Combraille;2022;337
63234;Montaigut-le-Blanc;2022;141
63235;Montcel;2022;68
63236;Mont-Dore;2022;372
63237;Montel-de-Gelat;2022;135
63238;Montfermy;2022;40
63239;Montmorin;2022;137
63240;Montpensier;2022;96
63241;Montpeyroux;2022;96
63242;Moriat;2022;85
63243;Moureuille;2022;69
63244;Chambaron sur Morge;2022;261
63245;Mozac;2022;1062
63246;Murat-le-Quaire;2022;109
63247;Murol;2022;166
63248;Nébouzat;2022;149
63249;Néronde-sur-Dore;2022;116
63250;Neschers;2022;142
63251;Neuf-Église;2022;92
63252;Neuville;2022;72
63253;Noalhat;2022;27
63254;Nohanent;2022;491
63255;Nonette-Orsonnette;2022;137
63256;Novacelles;2022;41
63257;Olby;2022;132
63258;Olliergues;2022;252
63259;Olloix;2022;62
63260;Olmet;2022;52
63261;Orbeil;2022;211
63262;Orcet;2022;698
63263;Orcines;2022;805
63264;Orcival;2022;69
63265;Orléat;2022;471
63267;Palladuc;2022;103
63268;Pardines;2022;77
63269;Parent;2022;162
63270;Parentignat;2022;114
63271;Paslières;2022;334
63272;Pérignat-lès-Sarliève;2022;708
63273;Pérignat-sur-Allier;2022;360
63274;Perpezat;2022;92
63275;Perrier;2022;221
63276;Peschadoires;2022;538
63277;Peslières;2022;12
63278;Pessat-Villeneuve;2022;121
63279;Picherande;2022;98
63280;Pignols;2022;56
63281;Pionsat;2022;374
63282;Plauzat;2022;241
63283;Pontaumur;2022;243
63284;Pont-du-Château;2022;2378
63285;Pontgibaud;2022;218
63286;Pouzol;2022;64
63287;Les Pradeaux;2022;49
63288;Prompsat;2022;94
63289;Prondines;2022;83
63290;Pulvérières;2022;89
63291;Puy-Guillaume;2022;768
63292;Puy-Saint-Gulmier;2022;40
63293;Le Quartier;2022;77
63294;Queuille;2022;51
63295;Randan;2022;438
63296;Ravel;2022;149
63297;Reignat;2022;54
63298;La Renaudie;2022;34
63299;Rentières;2022;41
63300;Riom;2022;4224
63301;Ris;2022;207
63302;La Roche-Blanche;2022;880
63303;Roche-Charles-la-Mayrand;2022;9
63304;Roche-d'Agoux;2022;37
63305;Rochefort-Montagne;2022;262
63306;La Roche-Noire;2022;133
63307;Romagnat;2022;2291
63308;Royat;2022;1104
63309;Saillant;2022;100
63310;Sainte-Agathe;2022;66
63311;Saint-Agoulin;2022;53
63312;Saint-Alyre-d'Arlanc;2022;62
63313;Saint-Alyre-ès-Montagne;2022;26
63314;Saint-Amant-Roche-Savine;2022;172
63315;Saint-Amant-Tallende;2022;442
63317;Saint-André-le-Coq;2022;112
63318;Saint-Angel;2022;84
63319;Saint-Anthème;2022;271
63320;Saint-Avit;2022;86
63321;Saint-Babel;2022;165
63322;Saint-Beauzire;2022;479
63323;Saint-Bonnet-le-Bourg;2022;62
63324;Saint-Bonnet-le-Chastel;2022;85
63325;Saint-Bonnet-lès-Allier;2022;60
63326;Saint-Bonnet-près-Orcival;2022;97
63327;Saint-Bonnet-près-Riom;2022;360
63328;Sainte-Catherine;2022;21
63329;Sainte-Christine;2022;35
63331;Saint-Clément-de-Valorgue;2022;75
63332;Saint-Clément-de-Régnat;2022;108
63333;Saint-Denis-Combarnazat;2022;44
63334;Saint-Dier-d'Auvergne;2022;133
63335;Saint-Diéry;2022;111
63336;Saint-Donat;2022;59
63337;Saint-Éloy-la-Glacière;2022;18
63338;Saint-Éloy-les-Mines;2022;1103
63339;Saint-Étienne-des-Champs;2022;34
63340;Saint-Étienne-sur-Usson;2022;85
63341;Saint-Ferréol-des-Côtes;2022;167
63342;Saint-Floret;2022;65
63343;Saint-Flour-l'Étang;2022;62
63344;Saint-Gal-sur-Sioule;2022;38
63345;Saint-Genès-Champanelle;2022;708
63346;Saint-Genès-Champespe;2022;69
63347;Saint-Genès-du-Retz;2022;103
63348;Saint-Genès-la-Tourette;2022;69
63349;Saint-Georges-de-Mons;2022;502
63350;Saint-Georges-sur-Allier;2022;254
63351;Saint-Germain-près-Herment;2022;22
63352;Saint-Germain-Lembron;2022;500
63353;Saint-Germain-l'Herm;2022;189
63354;Saint-Gervais-d'Auvergne;2022;393
63355;Saint-Gervais-sous-Meymont;2022;61
63356;Saint-Gervazy;2022;59
63357;Saint-Hérent;2022;32
63358;Saint-Hilaire-la-Croix;2022;66
63359;Saint-Hilaire-les-Monges;2022;22
63360;Saint-Hilaire;2022;47
63362;Saint-Ignat;2022;166
63363;Saint-Jacques-d'Ambur;2022;69
63364;Saint-Jean-d'Heurs;2022;156
63365;Saint-Jean-des-Ollières;2022;160
63366;Saint-Jean-en-Val;2022;94
63367;Saint-Jean-Saint-Gervais;2022;41
63368;Saint-Julien-de-Coppel;2022;262
63369;Saint-Julien-la-Geneste;2022;45
63370;Saint-Julien-Puy-Lavèze;2022;86
63371;Saint-Just;2022;59
63372;Saint-Laure;2022;82
63373;Saint-Maigner;2022;51
63374;Saint-Martin-des-Olmes;2022;67
63375;Saint-Martin-des-Plains;2022;36
63376;Saint-Martin-d'Ollières;2022;48
63377;Saint-Maurice-près-Pionsat;2022;147
63378;Saint-Maurice;2022;197
63379;Saint-Myon;2022;96
63380;Saint-Nectaire;2022;237
63381;Saint-Ours;2022;366
63382;Saint-Pardoux;2022;105
63383;Saint-Pierre-Colamine;2022;60
63384;Saint-Pierre-la-Bourlhonne;2022;51
63385;Saint-Pierre-le-Chastel;2022;71
63386;Saint-Pierre-Roche;2022;99
63387;Saint-Priest-Bramefant;2022;186
63388;Saint-Priest-des-Champs;2022;209
63389;Saint-Quentin-sur-Sauxillanges;2022;21
63390;Saint-Quintin-sur-Sioule;2022;96
63391;Saint-Rémy-de-Blot;2022;59
63392;Saint-Rémy-de-Chargnat;2022;106
63393;Saint-Rémy-sur-Durolle;2022;469
63394;Saint-Romain;2022;63
63395;Saint-Sandoux;2022;157
63396;Saint-Saturnin;2022;238
63397;Saint-Sauves-d'Auvergne;2022;327
63398;Saint-Sauveur-la-Sagne;2022;34
63399;Saint-Sulpice;2022;30
63400;Saint-Sylvestre-Pragoulin;2022;253
63401;Saint-Victor-la-Rivière;2022;60
63402;Saint-Victor-Montvianeix;2022;61
63403;Saint-Vincent;2022;78
63404;Saint-Yvoine;2022;110
63405;Sallèdes;2022;118
63406;Sardon;2022;85
63407;Saulzet-le-Froid;2022;66
63408;Sauret-Besserve;2022;53
63409;Saurier;2022;55
63410;Sauvagnat;2022;45
63411;Sauvagnat-Sainte-Marthe;2022;85
63412;Sauvessanges;2022;178
63413;La Sauvetat;2022;162
63414;Sauviat;2022;111
63415;Sauxillanges;2022;335
63416;Savennes;2022;31
63417;Sayat;2022;598
63418;Sermentizon;2022;127
63419;Servant;2022;176
63420;Seychalles;2022;106
63421;Singles;2022;59
63422;Solignat;2022;131
63423;Sugères;2022;147
63424;Surat;2022;106
63425;Tallende;2022;306
63426;Tauves;2022;244
63427;Teilhède;2022;107
63428;Teilhet;2022;74
63429;Ternant-les-Eaux;2022;10
63430;Thiers;2022;3097
63431;Thiolières;2022;40
63432;Thuret;2022;143
63433;Tortebesse;2022;21
63434;Tours-sur-Meymont;2022;154
63435;Tourzel-Ronzières;2022;43
63436;Tralaigues;2022;26
63437;Trémouille-Saint-Loup;2022;54
63438;Trézioux;2022;98
63439;Usson;2022;69
63440;Valbeleix;2022;35
63441;Valcivières;2022;65
63442;Valz-sous-Châteauneuf;2022;23
63443;Varennes-sur-Morge;2022;67
63444;Varennes-sur-Usson;2022;43
63445;Vassel;2022;33
63446;Vensat;2022;119
63447;Vergheas;2022;31
63448;Le Vernet-Chaméane;2022;204
63449;Le Vernet-Sainte-Marguerite;2022;61
63450;Verneugheol;2022;80
63451;Vernines;2022;76
63452;Verrières;2022;14
63453;Vertaizon;2022;489
63454;Vertolaye;2022;147
63455;Veyre-Monton;2022;1003
63456;Vichel;2022;46
63457;Vic-le-Comte;2022;1164
63458;Villeneuve;2022;27
63459;Villeneuve-les-Cerfs;2022;97
63460;Villossanges;2022;114
63461;Vinzelles;2022;68
63462;Virlet;2022;66
63463;Viscomtat;2022;162
63464;Vitrac;2022;68
63465;Viverols;2022;172
63466;Vodable;2022;58
63467;Voingt;2022;20
63468;Vollore-Montagne;2022;100
63469;Vollore-Ville;2022;197
63470;Volvic;2022;941
63471;Youx;2022;293
63472;Yronde-et-Buron;2022;156
63473;Yssac-la-Tourette;2022;76
64001;Aast;2022;47
64002;Abère;2022;28
64003;Abidos;2022;39
64004;Abitain;2022;21
64005;Abos;2022;125
64006;Accous;2022;135
64007;Agnos;2022;215
64008;Ahaxe-Alciette-Bascassan;2022;72
64009;Ahetze;2022;417
64010;Aïcirits-Camou-Suhast;2022;208
64011;Aincille;2022;25
64012;Ainharp;2022;23
64013;Ainhice-Mongelos;2022;44
64014;Ainhoa;2022;147
64015;Alçay-Alçabéhéty-Sunharette;2022;68
64016;Aldudes;2022;83
64017;Alos-Sibas-Abense;2022;76
64018;Amendeuix-Oneix;2022;122
64019;Amorots-Succos;2022;50
64021;Andoins;2022;145
64022;Andrein;2022;32
64023;Angaïs;2022;243
64024;Anglet;2022;12716
64025;Angous;2022;34
64026;Anhaux;2022;94
64027;Anos;2022;32
64028;Anoye;2022;33
64029;Aramits;2022;243
64031;Arancou;2022;35
64032;Araujuzon;2022;47
64033;Araux;2022;25
64034;Arbérats-Sillègue;2022;59
64035;Arbonne;2022;581
64036;Arbouet-Sussaute;2022;68
64037;Arbus;2022;233
64038;Arcangues;2022;982
64039;Aren;2022;44
64040;Arette;2022;300
64041;Aressy;2022;187
64042;Argagnon;2022;168
64043;Argelos;2022;44
64044;Arget;2022;17
64045;Arhansus;2022;16
64046;Armendarits;2022;74
64047;Arnéguy;2022;55
64048;Arnos;2022;19
64049;Aroue-Ithorots-Olhaïby;2022;56
64050;Arrast-Larrebieu;2022;25
64051;Arraute-Charritte;2022;90
64052;Arricau-Bordes;2022;38
64053;Arrien;2022;41
64054;Arros-de-Nay;2022;214
64056;Arrosès;2022;46
64057;Arthez-de-Béarn;2022;421
64058;Arthez-d'Asson;2022;136
64059;Artigueloutan;2022;202
64060;Artiguelouve;2022;326
64061;Artix;2022;856
64062;Arudy;2022;634
64063;Arzacq-Arraziguet;2022;268
64064;Asasp-Arros;2022;132
64065;Ascain;2022;1246
64066;Ascarat;2022;85
64067;Assat;2022;355
64068;Asson;2022;431
64069;Aste-Béon;2022;52
64070;Astis;2022;60
64071;Athos-Aspis;2022;66
64072;Aubertin;2022;196
64073;Aubin;2022;55
64074;Aubous;2022;26
64075;Audaux;2022;44
64077;Auga;2022;33
64078;Auriac;2022;71
64079;Aurions-Idernes;2022;27
64080;Aussevielle;2022;132
64081;Aussurucq;2022;76
64082;Auterrive;2022;41
64083;Autevielle-Saint-Martin-Bideren;2022;53
64084;Aydie;2022;44
64085;Aydius;2022;26
64086;Ayherre;2022;189
64087;Baigts-de-Béarn;2022;187
64088;Balansun;2022;67
64089;Baleix;2022;41
64090;Baliracq-Maumusson;2022;37
64091;Baliros;2022;90
64092;Banca;2022;79
64093;Barcus;2022;200
64094;Bardos;2022;448
64095;Barinque;2022;96
64096;Barraute-Camu;2022;36
64097;Barzun;2022;138
64098;Bassillon-Vauzé;2022;12
64099;Bastanès;2022;24
64100;Bassussarry;2022;657
64101;Baudreix;2022;90
64102;Bayonne;2022;11387
64103;Bédeille;2022;37
64104;Bedous;2022;163
64105;Béguios;2022;79
64106;Béhasque-Lapiste;2022;144
64107;Béhorléguy;2022;16
64108;Bellocq;2022;246
64109;Bénéjacq;2022;492
64110;Béost;2022;65
64111;Bentayou-Sérée;2022;30
64112;Bérenx;2022;130
64113;Bergouey-Viellenave;2022;32
64114;Bernadets;2022;133
64115;Berrogain-Laruns;2022;39
64116;Bescat;2022;74
64117;Bésingrand;2022;37
64118;Bétracq;2022;24
64119;Beuste;2022;136
64120;Beyrie-sur-Joyeuse;2022;140
64121;Beyrie-en-Béarn;2022;25
64122;Biarritz;2022;9630
64123;Bidache;2022;343
64124;Bidarray;2022;148
64125;Bidart;2022;1660
64126;Bidos;2022;393
64127;Bielle;2022;134
64128;Bilhères;2022;51
64129;Billère;2022;3715
64130;Biriatou;2022;237
64131;Biron;2022;133
64132;Bizanos;2022;1240
64133;Boeil-Bezing;2022;262
64134;Bonloc;2022;57
64135;Bonnut;2022;160
64136;Borce;2022;26
64137;Bordères;2022;181
64138;Bordes;2022;473
64139;Bosdarros;2022;248
64140;Boucau;2022;2023
64141;Boueilh-Boueilho-Lasque;2022;88
64142;Bougarber;2022;158
64143;Bouillon;2022;22
64144;Boumourt;2022;23
64145;Bourdettes;2022;79
64146;Bournos;2022;53
64147;Briscous;2022;561
64148;Bruges-Capbis-Mifaget;2022;221
64149;Bugnein;2022;67
64150;Bunus;2022;30
64151;Burgaronne;2022;25
64152;Buros;2022;400
64153;Burosse-Mendousse;2022;26
64154;Bussunarits-Sarrasquette;2022;52
64155;Bustince-Iriberry;2022;28
64156;Buziet;2022;108
64157;Buzy;2022;283
64158;Cabidos;2022;42
64159;Cadillon;2022;21
64160;Cambo-les-Bains;2022;2315
64161;Came;2022;208
64162;Camou-Cihigue;2022;18
64165;Cardesse;2022;67
64166;Caro;2022;43
64167;Carrère;2022;48
64168;Carresse-Cassaber;2022;156
64170;Castagnède;2022;52
64171;Casteide-Cami;2022;30
64172;Casteide-Candau;2022;49
64173;Casteide-Doat;2022;43
64174;Castéra-Loubix;2022;16
64175;Castet;2022;54
64176;Castetbon;2022;38
64177;Castétis;2022;168
64178;Castetnau-Camblong;2022;130
64179;Castetner;2022;41
64180;Castetpugon;2022;44
64181;Castillon (Canton d'Arthez-de-Béarn);2022;52
64182;Castillon (Canton de Lembeye);2022;20
64183;Caubios-Loos;2022;115
64184;Cescau;2022;92
64185;Cette-Eygun;2022;12
64186;Charre;2022;69
64187;Charritte-de-Bas;2022;69
64188;Chéraute;2022;327
64189;Ciboure;2022;2173
64190;Claracq;2022;53
64191;Coarraze;2022;502
64192;Conchez-de-Béarn;2022;25
64193;Corbère-Abères;2022;19
64194;Coslédaà-Lube-Boast;2022;77
64195;Coublucq;2022;25
64196;Crouseilles;2022;40
64197;Cuqueron;2022;47
64198;Denguin;2022;338
64199;Diusse;2022;32
64200;Doazon;2022;36
64201;Dognen;2022;52
64202;Domezain-Berraute;2022;123
64203;Doumy;2022;49
64204;Eaux-Bonnes;2022;64
64205;Escos;2022;62
64206;Escot;2022;30
64207;Escou;2022;94
64208;Escoubès;2022;63
64209;Escout;2022;97
64210;Escurès;2022;48
64211;Eslourenties-Daban;2022;47
64212;Espéchède;2022;32
64213;Espelette;2022;466
64214;Espès-Undurein;2022;144
64215;Espiute;2022;20
64216;Espoey;2022;246
64217;Esquiule;2022;136
64218;Estérençuby;2022;86
64219;Estialescq;2022;62
64220;Estos;2022;136
64221;Etcharry;2022;33
64222;Etchebar;2022;13
64223;Etsaut;2022;16
64224;Eysus;2022;175
64225;Ance Féas;2022;156
64226;Fichous-Riumayou;2022;37
64227;Gabaston;2022;148
64228;Gabat;2022;56
64229;Gamarthe;2022;23
64230;Gan;2022;1429
64231;Garindein;2022;148
64232;Garlède-Mondebat;2022;54
64233;Garlin;2022;420
64234;Garos;2022;53
64235;Garris;2022;85
64236;Gayon;2022;24
64237;Gelos;2022;894
64238;Ger;2022;476
64239;Gerderest;2022;24
64240;Gère-Bélesten;2022;58
64241;Géronce;2022;94
64242;Gestas;2022;30
64243;Géus-d'Arzacq;2022;27
64244;Geüs-d'Oloron;2022;53
64245;Goès;2022;160
64246;Gomer;2022;50
64247;Gotein-Libarrenx;2022;130
64249;Guéthary;2022;421
64250;Guiche;2022;183
64251;Guinarthe-Parenties;2022;51
64252;Gurmençon;2022;243
64253;Gurs;2022;107
64254;Hagetaubin;2022;110
64255;Halsou;2022;119
64256;Hasparren;2022;1591
64257;Haut-de-Bosdarros;2022;70
64258;Haux;2022;31
64259;Hélette;2022;159
64260;Hendaye;2022;3897
64261;Herrère;2022;89
64262;Higuères-Souye;2022;66
64263;L'Hôpital-d'Orion;2022;42
64264;L'Hôpital-Saint-Blaise;2022;9
64265;Hosta;2022;18
64266;Hours;2022;38
64267;Ibarrolle;2022;20
64268;Idaux-Mendy;2022;90
64269;Idron;2022;1139
64270;Igon;2022;273
64271;Iholdy;2022;162
64272;Ilharre;2022;42
64273;Irissarry;2022;193
64274;Irouléguy;2022;89
64275;Ispoure;2022;272
64276;Issor;2022;78
64277;Isturits;2022;151
64279;Itxassou;2022;524
64280;Izeste;2022;126
64281;Jasses;2022;58
64282;Jatxou;2022;200
64283;Jaxu;2022;46
64284;Jurançon;2022;1938
64285;Juxue;2022;41
64286;Laà-Mondrans;2022;120
64287;Laàs;2022;53
64288;Labastide-Cézéracq;2022;105
64289;La Bastide-Clairence;2022;247
64290;Labastide-Monréjeau;2022;79
64291;Labastide-Villefranche;2022;71
64292;Labatmale;2022;39
64293;Labatut-Figuières;2022;48
64294;Labets-Biscay;2022;43
64295;Labeyrie;2022;30
64296;Lacadée;2022;26
64297;Lacarre;2022;33
64298;Lacarry-Arhan-Charritte-de-Haut;2022;34
64299;Lacommande;2022;58
64300;Lacq;2022;228
64301;Lagor;2022;319
64302;Lagos;2022;112
64303;Laguinge-Restoue;2022;40
64304;Lahonce;2022;523
64305;Lahontan;2022;119
64306;Lahourcade;2022;183
64307;Lalongue;2022;42
64308;Lalonquette;2022;60
64309;Lamayou;2022;59
64310;Lanne-en-Barétous;2022;124
64311;Lannecaube;2022;41
64312;Lanneplaà;2022;64
64313;Lantabat;2022;61
64314;Larceveau-Arros-Cibits;2022;123
64315;Laroin;2022;265
64316;Larrau;2022;71
64317;Larressore;2022;397
64318;Larreule;2022;36
64319;Larribar-Sorhapuru;2022;52
64320;Laruns;2022;438
64321;Lasclaveries;2022;55
64322;Lasse;2022;72
64323;Lasserre;2022;26
64324;Lasseube;2022;378
64325;Lasseubetat;2022;52
64326;Lay-Lamidou;2022;37
64327;Lecumberry;2022;46
64328;Ledeuix;2022;333
64329;Lée;2022;292
64330;Lées-Athas;2022;56
64331;Lembeye;2022;246
64332;Lème;2022;34
64334;Léren;2022;65
64335;Lescar;2022;1972
64336;Lescun;2022;69
64337;Lespielle;2022;44
64338;Lespourcy;2022;46
64339;Lestelle-Bétharram;2022;252
64340;Lichans-Sunhar;2022;22
64341;Lichos;2022;42
64342;Licq-Athérey;2022;53
64343;Limendous;2022;101
64344;Livron;2022;80
64345;Lohitzun-Oyhercq;2022;45
64346;Lombia;2022;43
64347;Lonçon;2022;26
64348;Lons;2022;3319
64349;Loubieng;2022;123
64350;Louhossoa;2022;130
64351;Lourdios-Ichère;2022;34
64352;Lourenties;2022;60
64353;Louvie-Juzon;2022;286
64354;Louvie-Soubiron;2022;48
64355;Louvigny;2022;37
64356;Luc-Armau;2022;30
64357;Lucarré;2022;23
64358;Lucgarier;2022;83
64359;Lucq-de-Béarn;2022;241
64360;Lurbe-Saint-Christau;2022;64
64361;Lussagnet-Lusson;2022;34
64362;Luxe-Sumberraute;2022;70
64363;Lys;2022;81
64364;Macaye;2022;110
64365;Malaussanne;2022;125
64366;Mascaraàs-Haron;2022;35
64367;Maslacq;2022;186
64368;Masparraute;2022;51
64369;Maspie-Lalonquère-Juillacq;2022;55
64370;Maucor;2022;110
64371;Mauléon-Licharre;2022;1009
64372;Maure;2022;22
64373;Mazères-Lezons;2022;591
64374;Mazerolles;2022;229
64375;Méharin;2022;51
64376;Meillon;2022;195
64377;Mendionde;2022;168
64378;Menditte;2022;50
64379;Mendive;2022;41
64380;Méracq;2022;58
64381;Méritein;2022;117
64382;Mesplède;2022;79
64383;Mialos;2022;28
64385;Miossens-Lanusse;2022;50
64386;Mirepeix;2022;301
64387;Momas;2022;87
64388;Momy;2022;33
64389;Monassut-Audiracq;2022;84
64390;Moncaup;2022;53
64391;Moncayolle-Larrory-Mendibieu;2022;92
64392;Moncla;2022;23
64393;Monein;2022;1148
64394;Monpezat;2022;30
64395;Monségur;2022;40
64396;Mont;2022;194
64397;Montagut;2022;28
64398;Montaner;2022;149
64399;Montardon;2022;463
64400;Montaut;2022;276
64401;Mont-Disse;2022;12
64403;Montfort;2022;53
64404;Montory;2022;96
64405;Morlaàs;2022;1015
64406;Morlanne;2022;142
64407;Mouguerre;2022;1036
64408;Mouhous;2022;13
64409;Moumour;2022;219
64410;Mourenx;2022;1666
64411;Musculdy;2022;62
64412;Nabas;2022;26
64413;Narcastet;2022;152
64414;Narp;2022;40
64415;Navailles-Angos;2022;291
64416;Navarrenx;2022;346
64417;Nay;2022;1018
64418;Noguères;2022;29
64419;Nousty;2022;217
64420;Ogenne-Camptort;2022;59
64421;Ogeu-les-Bains;2022;258
64422;Oloron-Sainte-Marie;2022;3177
64423;Oraàs;2022;55
64424;Ordiarp;2022;129
64425;Orègue;2022;104
64426;Orin;2022;52
64427;Orion;2022;42
64428;Orriule;2022;55
64429;Orsanco;2022;26
64430;Orthez;2022;3330
64431;Os-Marsillon;2022;87
64432;Ossas-Suhare;2022;22
64433;Osse-en-Aspe;2022;137
64434;Ossenx;2022;13
64435;Osserain-Rivareyte;2022;65
64436;Ossès;2022;206
64437;Ostabat-Asme;2022;60
64438;Ouillon;2022;87
64439;Ousse;2022;326
64440;Ozenx-Montestrucq;2022;122
64441;Pagolle;2022;64
64442;Parbayse;2022;45
64443;Pardies;2022;260
64444;Pardies-Piétat;2022;94
64445;Pau;2022;18124
64446;Peyrelongue-Abos;2022;34
64447;Piets-Plasence-Moustrou;2022;31
64448;Poey-de-Lescar;2022;387
64449;Poey-d'Oloron;2022;51
64450;Pomps;2022;50
64451;Ponson-Debat-Pouts;2022;22
64452;Ponson-Dessus;2022;52
64453;Pontacq;2022;875
64454;Pontiacq-Viellepinte;2022;38
64455;Portet;2022;55
64456;Pouliacq;2022;7
64457;Poursiugues-Boucoue;2022;52
64458;Préchacq-Josbaig;2022;76
64459;Préchacq-Navarrenx;2022;48
64460;Précilhon;2022;87
64461;Puyoô;2022;290
64462;Ramous;2022;126
64463;Rébénacq;2022;158
64464;Ribarrouy;2022;18
64465;Riupeyrous;2022;44
64466;Rivehaute;2022;77
64467;Rontignon;2022;216
64468;Roquiague;2022;31
64469;Saint-Abit;2022;62
64470;Saint-Armou;2022;128
64471;Saint-Boès;2022;110
64472;Saint-Castin;2022;165
64473;Sainte-Colome;2022;86
64474;Saint-Dos;2022;41
64475;Sainte-Engrâce;2022;60
64476;Saint-Esteben;2022;76
64477;Saint-Étienne-de-Baïgorry;2022;463
64478;Saint-Faust;2022;188
64479;Saint-Girons-en-Béarn;2022;38
64480;Saint-Gladie-Arrive-Munein;2022;44
64481;Saint-Goin;2022;58
64482;Saint-Jammes;2022;144
64483;Saint-Jean-de-Luz;2022;5151
64484;Saint-Jean-le-Vieux;2022;307
64485;Saint-Jean-Pied-de-Port;2022;542
64486;Saint-Jean-Poudge;2022;20
64487;Saint-Just-Ibarre;2022;50
64488;Saint-Laurent-Bretagne;2022;100
64489;Saint-Martin-d'Arberoue;2022;73
64490;Saint-Martin-d'Arrossa;2022;140
64491;Saint-Médard;2022;48
64492;Saint-Michel;2022;83
64493;Saint-Palais;2022;705
64494;Saint-Pé-de-Léren;2022;59
64495;Saint-Pée-sur-Nivelle;2022;1477
64496;Saint-Pierre-d'Irube;2022;1386
64498;Saint-Vincent;2022;88
64499;Salies-de-Béarn;2022;1746
64500;Salles-Mongiscard;2022;71
64501;Sallespisse;2022;168
64502;Sames;2022;156
64503;Samsons-Lion;2022;20
64504;Sare;2022;702
64505;Sarpourenx;2022;52
64506;Sarrance;2022;45
64507;Saubole;2022;23
64508;Saucède;2022;39
64509;Sauguis-Saint-Étienne;2022;43
64510;Sault-de-Navailles;2022;239
64511;Sauvagnon;2022;646
64512;Sauvelade;2022;47
64513;Sauveterre-de-Béarn;2022;502
64514;Séby;2022;49
64515;Sedze-Maubecq;2022;46
64516;Sedzère;2022;103
64517;Séméacq-Blachon;2022;55
64518;Sendets;2022;218
64519;Serres-Castet;2022;932
64520;Serres-Morlaàs;2022;215
64521;Serres-Sainte-Marie;2022;139
64522;Sévignacq-Meyracq;2022;148
64523;Sévignacq;2022;152
64524;Simacourbe;2022;81
64525;Siros;2022;149
64526;Soumoulou;2022;313
64527;Souraïde;2022;380
64528;Suhescun;2022;42
64529;Sus;2022;97
64530;Susmiou;2022;107
64531;Tabaille-Usquain;2022;10
64532;Tadousse-Ussau;2022;20
64533;Tardets-Sorholus;2022;256
64534;Taron-Sadirac-Viellenave;2022;65
64535;Tarsacq;2022;87
64536;Thèze;2022;178
64537;Trois-Villes;2022;46
64538;Uhart-Cize;2022;220
64539;Uhart-Mixe;2022;44
64540;Urcuit;2022;490
64542;Urdos;2022;21
64543;Urepel;2022;65
64544;Urost;2022;11
64545;Urrugne;2022;2744
64546;Urt;2022;577
64547;Ustaritz;2022;1591
64548;Uzan;2022;28
64549;Uzein;2022;168
64550;Uzos;2022;266
64551;Verdets;2022;79
64552;Vialer;2022;50
64554;Viellenave-d'Arthez;2022;50
64555;Viellenave-de-Navarrenx;2022;40
64556;Vielleségure;2022;88
64557;Vignes;2022;109
64558;Villefranque;2022;603
64559;Viodos-Abense-de-Bas;2022;239
64560;Viven;2022;32
65001;Adast;2022;80
65002;Adé;2022;186
65003;Adervielle-Pouchergues;2022;37
65004;Agos-Vidalos;2022;119
65005;Allier;2022;59
65006;Ancizan;2022;75
65007;Andrest;2022;345
65009;Anères;2022;65
65010;Angos;2022;63
65011;Les Angles;2022;43
65012;Anla;2022;16
65013;Ansost;2022;15
65014;Antichan;2022;10
65015;Antin;2022;31
65016;Antist;2022;37
65017;Aragnouet;2022;40
65018;Arbéost;2022;24
65019;Arcizac-Adour;2022;144
65020;Arcizac-ez-Angles;2022;41
65021;Arcizans-Avant;2022;108
65022;Arcizans-Dessus;2022;22
65023;Ardengost;2022;5
65024;Argelès-Bagnères;2022;36
65025;Argelès-Gazost;2022;1136
65026;Aries-Espénan;2022;26
65028;Arné;2022;64
65029;Arras-en-Lavedan;2022;132
65031;Arreau;2022;203
65032;Arrens-Marsous;2022;223
65033;Arrodets-ez-Angles;2022;15
65034;Arrodets;2022;10
65035;Artagnan;2022;124
65036;Artalens-Souin;2022;45
65037;Artiguemy;2022;30
65038;Artigues;2022;2
65039;Aspin-Aure;2022;10
65040;Aspin-en-Lavedan;2022;51
65041;Asque;2022;30
65042;Asté;2022;155
65043;Astugue;2022;79
65044;Aubarède;2022;75
65045;Aucun;2022;90
65046;Aulon;2022;29
65047;Aureilhan;2022;2266
65048;Aurensan;2022;183
65049;Auriébat;2022;74
65050;Avajan;2022;26
65051;Aventignan;2022;72
65052;Averan;2022;19
65053;Aveux;2022;15
65054;Avezac-Prat-Lahitte;2022;159
65055;Ayros-Arbouix;2022;89
65056;Ayzac-Ost;2022;149
65057;Azereix;2022;285
65058;Azet;2022;36
65059;Bagnères-de-Bigorre;2022;2579
65060;Banios;2022;7
65061;Barbachen;2022;14
65062;Barbazan-Debat;2022;982
65063;Barbazan-Dessus;2022;57
65064;Bareilles;2022;15
65065;Barlest;2022;58
65066;Barrancoueu;2022;15
65067;Barry;2022;16
65068;Barthe;2022;7
65069;La Barthe-de-Neste;2022;344
65070;Bartrès;2022;120
65071;Batsère;2022;9
65072;Bazet;2022;525
65073;Bazillac;2022;81
65074;Bazordan;2022;44
65075;Bazus-Aure;2022;42
65076;Bazus-Neste;2022;11
65077;Beaucens;2022;98
65078;Beaudéan;2022;117
65079;Bégole;2022;52
65080;Bénac;2022;108
65081;Benqué-Molère;2022;24
65082;Berbérust-Lias;2022;13
65083;Bernac-Debat;2022;154
65084;Bernac-Dessus;2022;78
65085;Bernadets-Debat;2022;28
65086;Bernadets-Dessus;2022;50
65087;Bertren;2022;53
65088;Betbèze;2022;16
65089;Betpouey;2022;28
65090;Betpouy;2022;12
65091;Bettes;2022;19
65092;Beyrède-Jumet-Camous;2022;49
65093;Bize;2022;77
65094;Bizous;2022;35
65095;Bonnefont;2022;103
65096;Bonnemazon;2022;30
65097;Bonrepos;2022;59
65098;Boô-Silhen;2022;84
65099;Bordères-Louron;2022;38
65100;Bordères-sur-l'Échez;2022;1156
65101;Bordes;2022;162
65102;Bouilh-Devant;2022;11
65103;Bouilh-Péreuilh;2022;29
65104;Boulin;2022;77
65105;Bourg-de-Bigorre;2022;58
65106;Bourisp;2022;43
65107;Bourréac;2022;18
65108;Bours;2022;185
65109;Bramevaque;2022;11
65110;Bugard;2022;28
65111;Bulan;2022;28
65112;Bun;2022;41
65113;Burg;2022;87
65114;Buzon;2022;14
65115;Cabanac;2022;66
65116;Cadéac;2022;57
65117;Cadeilhan-Trachère;2022;19
65118;Caharet;2022;6
65119;Caixon;2022;87
65120;Calavanté;2022;67
65121;Camalès;2022;132
65123;Campan;2022;430
65124;Camparan;2022;12
65125;Campistrous;2022;111
65126;Campuzan;2022;46
65127;Capvern;2022;316
65128;Castelbajac;2022;41
65129;Castelnau-Magnoac;2022;346
65130;Castelnau-Rivière-Basse;2022;231
65131;Castelvieilh;2022;58
65132;Castéra-Lanusse;2022;9
65133;Castéra-Lou;2022;41
65134;Casterets;2022;7
65135;Castillon;2022;32
65136;Caubous;2022;12
65137;Caussade-Rivière;2022;48
65138;Cauterets;2022;237
65139;Cazarilh;2022;22
65140;Cazaux-Debat;2022;3
65141;Cazaux-Fréchet-Anéran-Camors;2022;11
65142;Chelle-Debat;2022;61
65143;Chelle-Spou;2022;24
65144;Cheust;2022;23
65145;Chèze;2022;11
65146;Chis;2022;69
65147;Cieutat;2022;149
65148;Cizos;2022;45
65149;Clarac;2022;42
65150;Clarens;2022;148
65151;Collongues;2022;37
65153;Coussan;2022;39
65154;Créchets;2022;14
65155;Devèze;2022;26
65156;Dours;2022;53
65157;Ens;2022;10
65158;Esbareich;2022;38
65159;Escala;2022;118
65160;Escaunets;2022;22
65161;Escondeaux;2022;50
65162;Esconnets;2022;9
65163;Escots;2022;11
65164;Escoubès-Pouts;2022;16
65165;Esparros;2022;63
65166;Espèche;2022;6
65167;Espieilh;2022;13
65168;Esquièze-Sère;2022;110
65169;Estaing;2022;20
65170;Estampures;2022;29
65171;Estarvielle;2022;9
65172;Estensan;2022;17
65173;Esterre;2022;64
65174;Estirac;2022;41
65175;Ferrère;2022;20
65176;Ferrières;2022;31
65177;Fontrailles;2022;51
65178;Fréchède;2022;13
65179;Fréchendets;2022;9
65180;Fréchet-Aure;2022;7
65181;Fréchou-Fréchet;2022;19
65182;Gaillagos;2022;41
65183;Galan;2022;361
65184;Galez;2022;41
65185;Gardères;2022;112
65186;Gaudent;2022;13
65187;Gaussan;2022;33
65189;Gayan;2022;53
65190;Gazave;2022;26
65191;Gazost;2022;39
65192;Gavarnie-Gèdre;2022;108
65193;Gembrie;2022;31
65194;Générest;2022;25
65195;Génos;2022;38
65196;Gensac;2022;12
65197;Ger;2022;45
65198;Gerde;2022;451
65199;Germ;2022;11
65200;Germs-sur-l'Oussouet;2022;28
65201;Geu;2022;43
65202;Gez;2022;73
65203;Gez-ez-Angles;2022;9
65204;Gonez;2022;8
65205;Gouaux;2022;19
65206;Goudon;2022;71
65207;Gourgue;2022;16
65208;Grailhen;2022;8
65209;Grézian;2022;33
65210;Grust;2022;13
65211;Guchan;2022;37
65212;Guchen;2022;126
65213;Guizerix;2022;42
65214;Hachan;2022;17
65215;Hagedet;2022;12
65216;Hauban;2022;35
65217;Hautaget;2022;11
65218;Hèches;2022;176
65219;Hères;2022;38
65220;Hibarette;2022;37
65221;Hiis;2022;52
65222;Hitte;2022;41
65223;Horgues;2022;324
65224;Houeydets;2022;74
65225;Hourc;2022;25
65226;Ibos;2022;750
65228;Ilhet;2022;45
65229;Ilheu;2022;14
65230;Izaourt;2022;91
65231;Izaux;2022;45
65232;Jacque;2022;19
65233;Jarret;2022;63
65234;Jézeau;2022;31
65235;Juillan;2022;1115
65236;Julos;2022;84
65237;Juncalas;2022;41
65238;Labassère;2022;72
65239;Labastide;2022;34
65240;Labatut-Rivière;2022;112
65241;Laborde;2022;35
65242;Lacassagne;2022;65
65243;Lafitole;2022;92
65244;Lagarde;2022;142
65245;Lagrange;2022;64
65247;Arrayou-Lahitte;2022;14
65248;Lahitte-Toupière;2022;68
65249;Lalanne;2022;23
65250;Lalanne-Trie;2022;37
65251;Laloubère;2022;475
65252;Lamarque-Pontacq;2022;212
65253;Lamarque-Rustaing;2022;21
65254;Laméac;2022;39
65255;Lançon;2022;9
65256;Lanespède;2022;47
65257;Lanne;2022;117
65258;Lannemezan;2022;1728
65259;Lansac;2022;42
65260;Lapeyre;2022;20
65261;Laran;2022;14
65262;Larreule;2022;94
65263;Larroque;2022;34
65264;Lascazères;2022;111
65265;Laslades;2022;78
65266;Lassales;2022;9
65267;Lau-Balagnas;2022;167
65268;Layrisse;2022;53
65269;Lescurry;2022;43
65270;Lespouey;2022;62
65271;Lézignan;2022;117
65272;Lhez;2022;24
65273;Liac;2022;43
65274;Libaros;2022;46
65275;Lies;2022;15
65276;Lizos;2022;33
65277;Lombrès;2022;24
65278;Lomné;2022;13
65279;Lortet;2022;62
65280;Loubajac;2022;93
65281;Loucrup;2022;55
65282;Loudenvielle;2022;98
65283;Loudervielle;2022;11
65284;Louey;2022;299
65285;Louit;2022;43
65286;Lourdes;2022;4379
65287;Loures-Barousse;2022;279
65288;Lubret-Saint-Luc;2022;27
65289;Luby-Betmont;2022;36
65290;Luc;2022;55
65291;Lugagnan;2022;49
65292;Luquet;2022;86
65293;Lustar;2022;37
65294;Lutilhous;2022;58
65295;Luz-Saint-Sauveur;2022;317
65296;Madiran;2022;132
65297;Mansan;2022;13
65298;Marquerie;2022;26
65299;Marsac;2022;57
65300;Marsas;2022;17
65301;Marseillan;2022;69
65303;Mascaras;2022;76
65304;Maubourguet;2022;758
65305;Mauléon-Barousse;2022;58
65306;Mauvezin;2022;81
65307;Mazères-de-Neste;2022;103
65308;Mazerolles;2022;35
65309;Mazouau;2022;8
65310;Mérilheu;2022;79
65311;Mingot;2022;25
65313;Momères;2022;191
65314;Monfaucon;2022;44
65315;Monléon-Magnoac;2022;122
65316;Monlong;2022;35
65317;Mont;2022;10
65318;Montastruc;2022;69
65319;Montégut;2022;49
65320;Montgaillard;2022;253
65321;Montignac;2022;32
65322;Montoussé;2022;70
65323;Montsérié;2022;21
65324;Moulédous;2022;49
65325;Moumoulous;2022;18
65326;Mun;2022;32
65327;Nestier;2022;53
65328;Neuilh;2022;21
65329;Nistos;2022;65
65330;Nouilhan;2022;60
65331;Odos;2022;917
65332;Oléac-Debat;2022;29
65333;Oléac-Dessus;2022;26
65334;Omex;2022;50
65335;Ordizan;2022;142
65336;Organ;2022;7
65337;Orieux;2022;31
65338;Orignac;2022;74
65339;Orincles;2022;67
65340;Orleix;2022;508
65341;Oroix;2022;23
65342;Osmets;2022;28
65343;Ossen;2022;56
65344;Ossun;2022;668
65345;Ossun-ez-Angles;2022;16
65346;Oueilloux;2022;32
65347;Ourde;2022;10
65348;Ourdis-Cotdoussan;2022;13
65349;Ourdon;2022;4
65350;Oursbelille;2022;343
65351;Ousté;2022;7
65352;Ouzous;2022;52
65353;Ozon;2022;78
65354;Pailhac;2022;10
65355;Paréac;2022;22
65356;Péré;2022;11
65357;Peyraube;2022;28
65358;Peyret-Saint-André;2022;22
65359;Peyriguère;2022;4
65360;Peyrouse;2022;57
65361;Peyrun;2022;31
65362;Pierrefitte-Nestalas;2022;326
65363;Pinas;2022;157
65364;Pintac;2022;6
65366;Poueyferré;2022;228
65367;Poumarous;2022;43
65368;Pouy;2022;10
65369;Pouyastruc;2022;171
65370;Pouzac;2022;365
65371;Préchac;2022;68
65372;Pujo;2022;160
65373;Puntous;2022;53
65374;Puydarrieux;2022;90
65375;Rabastens-de-Bigorre;2022;474
65376;Recurt;2022;70
65377;Réjaumont;2022;46
65378;Ricaud;2022;19
65379;Ris;2022;3
65380;Sabalos;2022;36
65381;Sabarros;2022;22
65382;Sacoué;2022;15
65383;Sadournin;2022;54
65384;Sailhan;2022;51
65385;Saint-Arroman;2022;45
65386;Saint-Créac;2022;29
65387;Saint-Lanne;2022;44
65388;Saint-Lary-Soulan;2022;210
65389;Saint-Laurent-de-Neste;2022;293
65390;Saint-Lézer;2022;136
65391;Sainte-Marie;2022;28
65392;Saint-Martin;2022;102
65393;Saint-Pastous;2022;37
65394;Saint-Paul;2022;83
65395;Saint-Pé-de-Bigorre;2022;341
65396;Saint-Savin;2022;105
65397;Saint-Sever-de-Rustan;2022;30
65398;Saléchan;2022;79
65399;Saligos;2022;35
65400;Salles;2022;60
65401;Salles-Adour;2022;132
65402;Samuran;2022;6
65403;Sanous;2022;22
65404;Sariac-Magnoac;2022;60
65405;Sarlabous;2022;24
65406;Sarniguet;2022;45
65407;Sarp;2022;37
65408;Sarrancolin;2022;161
65409;Sarriac-Bigorre;2022;79
65410;Sarrouilles;2022;160
65411;Sassis;2022;22
65412;Sauveterre;2022;49
65413;Sazos;2022;27
65414;Ségalas;2022;27
65415;Ségus;2022;56
65416;Seich;2022;26
65417;Séméac;2022;1422
65418;Sénac;2022;78
65419;Sentous;2022;29
65420;Sère-en-Lavedan;2022;21
65421;Sère-Lanso;2022;13
65422;Séron;2022;73
65423;Sère-Rustaing;2022;27
65424;Sers;2022;30
65425;Siarrouy;2022;95
65426;Sinzos;2022;34
65427;Siradan;2022;105
65428;Sireix;2022;13
65429;Sombrun;2022;69
65430;Soréac;2022;8
65431;Sost;2022;43
65432;Soublecause;2022;49
65433;Soues;2022;843
65435;Soulom;2022;49
65436;Souyeaux;2022;81
65437;Tajan;2022;37
65438;Talazac;2022;21
65439;Tarasteix;2022;52
65440;Tarbes;2022;10324
65441;Thèbe;2022;24
65442;Thermes-Magnoac;2022;74
65443;Thuy;2022;1
65444;Tibiran-Jaunac;2022;121
65445;Tilhouse;2022;88
65446;Tostat;2022;141
65447;Tournay;2022;373
65448;Tournous-Darré;2022;25
65449;Tournous-Devant;2022;31
65450;Tramezaïgues;2022;7
65451;Trébons;2022;231
65452;Trie-sur-Baïse;2022;432
65453;Troubat;2022;20
65454;Trouley-Labarthe;2022;21
65455;Tuzaguet;2022;150
65456;Uglas;2022;92
65457;Ugnouas;2022;20
65458;Uz;2022;8
65459;Uzer;2022;34
65460;Vic-en-Bigorre;2022;1777
65461;Vidou;2022;23
65462;Vidouze;2022;69
65463;Viella;2022;17
65464;Vielle-Adour;2022;109
65465;Vielle-Aure;2022;99
65466;Vielle-Louron;2022;16
65467;Vier-Bordes;2022;19
65468;Vieuzos;2022;16
65469;Viey;2022;5
65470;Viger;2022;35
65471;Vignec;2022;55
65472;Villefranque;2022;23
65473;Villelongue;2022;116
65474;Villembits;2022;36
65475;Villemur;2022;23
65476;Villenave-près-Béarn;2022;14
65477;Villenave-près-Marsac;2022;21
65478;Viscos;2022;6
65479;Visker;2022;95
65481;Barèges;2022;33
65482;Cantaous;2022;177
66001;L'Albère;2022;19
66002;Alénya;2022;990
66003;Amélie-les-Bains-Palalda;2022;1509
66004;Les Angles;2022;143
66005;Angoustrine-Villeneuve-des-Escaldes;2022;123
66006;Ansignan;2022;57
66007;Arboussols;2022;43
66008;Argelès-sur-Mer;2022;4326
66009;Arles-sur-Tech;2022;905
66010;Ayguatébia-Talau;2022;17
66011;Bages;2022;1138
66012;Baho;2022;707
66013;Baillestavy;2022;21
66014;Baixas;2022;530
66015;Banyuls-dels-Aspres;2022;332
66016;Banyuls-sur-Mer;2022;1944
66017;Le Barcarès;2022;2883
66018;La Bastide;2022;22
66019;Bélesta;2022;54
66020;Bolquère;2022;166
66021;Bompas;2022;2123
66022;Boule-d'Amont;2022;16
66023;Bouleternère;2022;188
66024;Le Boulou;2022;1796
66025;Bourg-Madame;2022;259
66026;Brouilla;2022;347
66027;La Cabanasse;2022;116
66028;Cabestany;2022;2937
66029;Caixas;2022;45
66030;Calce;2022;35
66032;Calmeilles;2022;15
66033;Camélas;2022;136
66034;Campôme;2022;42
66035;Campoussy;2022;11
66036;Canaveilles;2022;17
66037;Canet-en-Roussillon;2022;5196
66038;Canohès;2022;1634
66039;Caramany;2022;59
66040;Casefabre;2022;11
66041;Cases-de-Pène;2022;127
66042;Cassagnes;2022;81
66043;Casteil;2022;45
66044;Castelnou;2022;82
66045;Catllar;2022;251
66046;Caudiès-de-Fenouillèdes;2022;230
66047;Caudiès-de-Conflent;2022;7
66048;Cerbère;2022;410
66049;Céret;2022;2813
66050;Claira;2022;1019
66051;Clara-Villerach;2022;60
66052;Codalet;2022;141
66053;Collioure;2022;1156
66054;Conat;2022;22
66055;Corbère;2022;112
66056;Corbère-les-Cabanes;2022;228
66057;Corneilla-de-Conflent;2022;125
66058;Corneilla-la-Rivière;2022;376
66059;Corneilla-del-Vercol;2022;549
66060;Corsavy;2022;68
66061;Coustouges;2022;28
66062;Dorres;2022;54
66063;Les Cluses;2022;92
66064;Égat;2022;68
66065;Elne;2022;2193
66066;Enveitg;2022;126
66067;Err;2022;208
66068;Escaro;2022;35
66069;Espira-de-l'Agly;2022;718
66070;Espira-de-Conflent;2022;51
66071;Estagel;2022;538
66072;Estavar;2022;104
66073;Estoher;2022;51
66074;Eus;2022;126
66075;Eyne;2022;28
66076;Feilluns;2022;18
66077;Fenouillet;2022;34
66078;Fillols;2022;58
66079;Finestret;2022;64
66080;Fontpédrouse;2022;42
66081;Fontrabiouse;2022;36
66082;Formiguères;2022;84
66083;Fosse;2022;14
66084;Fourques;2022;252
66085;Fuilla;2022;131
66086;Glorianes;2022;5
66088;Ille-sur-Têt;2022;1557
66089;Joch;2022;84
66090;Jujols;2022;16
66091;Lamanère;2022;27
66092;Lansac;2022;17
66093;Laroque-des-Albères;2022;928
66094;Latour-Bas-Elne;2022;853
66095;Latour-de-Carol;2022;100
66096;Latour-de-France;2022;288
66097;Lesquerde;2022;51
66098;La Llagonne;2022;57
66099;Llauro;2022;84
66100;Llo;2022;32
66101;Llupia;2022;612
66102;Mantet;2022;13
66103;Marquixanes;2022;119
66104;Los Masos;2022;209
66105;Matemale;2022;62
66106;Maureillas-las-Illas;2022;899
66107;Maury;2022;259
66108;Millas;2022;1037
66109;Molitg-les-Bains;2022;71
66111;Montalba-le-Château;2022;45
66112;Montauriol;2022;69
66113;Montbolo;2022;97
66114;Montescot;2022;393
66115;Montesquieu-des-Albères;2022;444
66116;Montferrer;2022;52
66117;Mont-Louis;2022;40
66118;Montner;2022;68
66119;Mosset;2022;87
66120;Nahuja;2022;17
66121;Néfiach;2022;268
66122;Nohèdes;2022;12
66123;Nyer;2022;64
66124;Font-Romeu-Odeillo-Via;2022;350
66125;Olette;2022;123
66126;Oms;2022;112
66127;Opoul-Périllos;2022;208
66128;Oreilla;2022;9
66129;Ortaffa;2022;370
66130;Osséja;2022;325
66132;Palau-de-Cerdagne;2022;74
66133;Palau-del-Vidre;2022;832
66134;Passa;2022;147
66136;Perpignan;2022;27129
66137;Le Perthus;2022;151
66138;Peyrestortes;2022;407
66139;Pézilla-de-Conflent;2022;19
66140;Pézilla-la-Rivière;2022;802
66141;Pia;2022;1962
66142;Planès;2022;9
66143;Planèzes;2022;31
66144;Pollestres;2022;1244
66145;Ponteilla;2022;567
66146;Porta;2022;31
66147;Porté-Puymorens;2022;28
66148;Port-Vendres;2022;1436
66149;Prades;2022;2092
66150;Prats-de-Mollo-la-Preste;2022;411
66151;Prats-de-Sournia;2022;33
66152;Prugnanes;2022;27
66153;Prunet-et-Belpuig;2022;16
66154;Puyvalador;2022;11
66155;Py;2022;26
66156;Rabouillet;2022;37
66157;Railleu;2022;9
66158;Rasiguères;2022;63
66159;Réal;2022;15
66160;Reynès;2022;390
66161;Ria-Sirach;2022;370
66162;Rigarda;2022;143
66164;Rivesaltes;2022;2097
66165;Rodès;2022;144
66166;Sahorre;2022;112
66167;Saillagouse;2022;200
66168;Saint-André;2022;1200
66169;Saint-Arnac;2022;32
66170;Sainte-Colombe-de-la-Commanderie;2022;40
66171;Saint-Cyprien;2022;5039
66172;Saint-Estève;2022;3613
66173;Saint-Féliu-d'Amont;2022;194
66174;Saint-Féliu-d'Avall;2022;578
66175;Saint-Génis-des-Fontaines;2022;1179
66176;Saint-Hippolyte;2022;740
66177;Saint-Jean-Lasseille;2022;211
66178;Saint-Jean-Pla-de-Corts;2022;655
66179;Saint-Laurent-de-Cerdans;2022;419
66180;Saint-Laurent-de-la-Salanque;2022;3436
66181;Sainte-Léocadie;2022;30
66182;Sainte-Marie-la-Mer;2022;1516
66183;Saint-Marsal;2022;32
66184;Saint-Martin-de-Fenouillet;2022;15
66185;Saint-Michel-de-Llotes;2022;89
66186;Saint-Nazaire;2022;703
66187;Saint-Paul-de-Fenouillet;2022;600
66188;Saint-Pierre-dels-Forcats;2022;49
66189;Saleilles;2022;1581
66190;Salses-le-Château;2022;882
66191;Sansa;2022;8
66192;Sauto;2022;12
66193;Serdinya;2022;85
66194;Serralongue;2022;109
66195;Le Soler;2022;1843
66196;Sorède;2022;1304
66197;Souanyas;2022;16
66198;Sournia;2022;158
66199;Taillet;2022;35
66201;Tarerach;2022;18
66202;Targasonne;2022;21
66203;Taulis;2022;22
66204;Taurinya;2022;76
66205;Tautavel;2022;244
66206;Le Tech;2022;23
66207;Terrats;2022;154
66208;Théza;2022;391
66209;Thuès-Entre-Valls;2022;8
66210;Thuir;2022;2174
66211;Tordères;2022;45
66212;Torreilles;2022;934
66213;Toulouges;2022;1587
66214;Tresserre;2022;215
66215;Trévillach;2022;46
66216;Trilla;2022;31
66217;Trouillas;2022;424
66218;Ur;2022;115
66219;Urbanya;2022;14
66220;Valcebollère;2022;14
66221;Valmanya;2022;12
66222;Vernet-les-Bains;2022;577
66223;Villefranche-de-Conflent;2022;50
66224;Villelongue-de-la-Salanque;2022;784
66225;Villelongue-dels-Monts;2022;579
66226;Villemolaque;2022;270
66227;Villeneuve-de-la-Raho;2022;1247
66228;Villeneuve-la-Rivière;2022;284
66230;Vinça;2022;736
66231;Vingrau;2022;148
66232;Vira;2022;9
66233;Vivès;2022;67
66234;Le Vivier;2022;32
67001;Achenheim;2022;609
67002;Adamswiller;2022;71
67003;Albé;2022;102
67004;Sommerau;2022;288
67005;Alteckendorf;2022;171
67006;Altenheim;2022;53
67008;Altorf;2022;264
67009;Altwiller;2022;87
67010;Andlau;2022;476
67011;Artolsheim;2022;169
67012;Aschbach;2022;110
67013;Asswiller;2022;52
67016;Avolsheim;2022;151
67017;Baerendorf;2022;58
67018;Balbronn;2022;130
67019;Baldenheim;2022;201
67020;Barembach;2022;195
67021;Barr;2022;1413
67022;Bassemberg;2022;52
67023;Batzendorf;2022;198
67025;Beinheim;2022;439
67026;Bellefosse;2022;41
67027;Belmont;2022;47
67028;Benfeld;2022;1181
67029;Berg;2022;83
67030;Bergbieten;2022;137
67031;Bernardswiller;2022;293
67032;Bernardvillé;2022;55
67033;Bernolsheim;2022;99
67034;Berstett;2022;460
67035;Berstheim;2022;69
67036;Bettwiller;2022;89
67037;Biblisheim;2022;84
67038;Bietlenheim;2022;60
67039;Bilwisheim;2022;82
67040;Bindernheim;2022;148
67043;Bischheim;2022;3045
67044;Bischholtz;2022;47
67045;Bischoffsheim;2022;698
67046;Bischwiller;2022;2579
67047;Bissert;2022;22
67048;Bitschhoffen;2022;95
67049;Blaesheim;2022;312
67050;Blancherupt;2022;7
67051;Blienschwiller;2022;68
67052;Bœrsch;2022;550
67053;Bœsenbiesen;2022;59
67054;Bolsenheim;2022;106
67055;Boofzheim;2022;269
67056;Bootzheim;2022;109
67057;Bosselshausen;2022;26
67058;Bossendorf;2022;57
67059;Bourg-Bruche;2022;81
67060;Bourgheim;2022;85
67061;Bouxwiller;2022;806
67062;Breitenau;2022;57
67063;Breitenbach;2022;158
67065;Breuschwickersheim;2022;315
67066;La Broque;2022;568
67067;Brumath;2022;2303
67068;Buswiller;2022;44
67069;Buhl;2022;80
67070;Burbach;2022;69
67071;Bust;2022;108
67072;Butten;2022;140
67073;Châtenois;2022;854
67074;Cleebourg;2022;155
67075;Climbach;2022;105
67076;Colroy-la-Roche;2022;123
67077;Cosswiller;2022;133
67078;Crastatt;2022;44
67079;Crœttwiller;2022;32
67080;Dachstein;2022;308
67081;Dahlenheim;2022;133
67082;Dalhunden;2022;211
67083;Dambach;2022;195
67084;Dambach-la-Ville;2022;465
67085;Dangolsheim;2022;129
67086;Daubensand;2022;107
67087;Dauendorf;2022;426
67088;Dehlingen;2022;73
67089;Dettwiller;2022;582
67090;Diebolsheim;2022;121
67091;Diedendorf;2022;86
67092;Dieffenbach-au-Val;2022;159
67093;Dieffenbach-lès-Wœrth;2022;69
67094;Dieffenthal;2022;42
67095;Diemeringen;2022;474
67096;Dimbsthal;2022;65
67097;Dingsheim;2022;316
67098;Dinsheim-sur-Bruche;2022;285
67099;Domfessel;2022;57
67100;Donnenheim;2022;58
67101;Dorlisheim;2022;753
67102;Dossenheim-Kochersberg;2022;45
67103;Dossenheim-sur-Zinsel;2022;284
67104;Drachenbronn-Birlenbach;2022;129
67105;Drulingen;2022;389
67106;Drusenheim;2022;1091
67107;Duntzenheim;2022;139
67108;Duppigheim;2022;383
67109;Durningen;2022;139
67110;Durrenbach;2022;233
67111;Durstel;2022;108
67112;Duttlenheim;2022;577
67113;Eberbach-Seltz;2022;73
67115;Ebersheim;2022;433
67116;Ebersmunster;2022;110
67117;Eckartswiller;2022;95
67118;Eckbolsheim;2022;1434
67119;Eckwersheim;2022;327
67120;Eichhoffen;2022;106
67121;Elsenheim;2022;145
67122;Wangenbourg-Engenthal;2022;339
67123;Engwiller;2022;119
67124;Entzheim;2022;408
67125;Epfig;2022;451
67126;Erckartswiller;2022;71
67127;Ergersheim;2022;254
67128;Ernolsheim-Bruche;2022;437
67129;Ernolsheim-lès-Saverne;2022;153
67130;Erstein;2022;2175
67131;Eschau;2022;1129
67132;Eschbach;2022;223
67133;Eschbourg;2022;123
67134;Eschwiller;2022;31
67135;Ettendorf;2022;157
67136;Eywiller;2022;74
67137;Fegersheim;2022;1104
67138;Fessenheim-le-Bas;2022;73
67139;Flexbourg;2022;94
67140;Forstfeld;2022;153
67141;Forstheim;2022;110
67142;Fort-Louis;2022;46
67143;Fouchy;2022;134
67144;Fouday;2022;83
67145;Friedolsheim;2022;51
67146;Friesenheim;2022;110
67147;Frœschwiller;2022;111
67148;Frohmuhl;2022;38
67149;Furchhausen;2022;90
67150;Furdenheim;2022;227
67151;Gambsheim;2022;1115
67152;Geispolsheim;2022;1715
67153;Geiswiller-Zœbersdorf;2022;100
67154;Gerstheim;2022;709
67155;Gertwiller;2022;218
67156;Geudertheim;2022;526
67159;Gœrlingen;2022;44
67160;Gœrsdorf;2022;282
67161;Gottenhouse;2022;95
67162;Gottesheim;2022;77
67163;Gougenheim;2022;119
67164;Goxwiller;2022;176
67165;Grandfontaine;2022;84
67166;Grassendorf;2022;39
67167;Grendelbruch;2022;265
67168;Gresswiller;2022;282
67169;Gries;2022;601
67172;Griesheim-près-Molsheim;2022;429
67173;Griesheim-sur-Souffel;2022;340
67174;Gumbrechtshoffen;2022;285
67176;Gundershoffen;2022;759
67177;Gunstett;2022;153
67178;Gungwiller;2022;47
67179;Haegen;2022;130
67180;Haguenau;2022;6854
67181;Handschuheim;2022;58
67182;Hangenbieten;2022;297
67183;Harskirchen;2022;204
67184;Hatten;2022;417
67185;Hattmatt;2022;145
67186;Hegeney;2022;67
67187;Heidolsheim;2022;76
67188;Heiligenberg;2022;153
67189;Heiligenstein;2022;202
67190;Hengwiller;2022;46
67191;Herbitzheim;2022;390
67192;Herbsheim;2022;201
67194;Herrlisheim;2022;1092
67195;Hessenheim;2022;124
67196;Hilsenheim;2022;519
67197;Hindisheim;2022;322
67198;Hinsbourg;2022;34
67199;Hinsingen;2022;11
67200;Hipsheim;2022;166
67201;Hirschland;2022;58
67202;Hochfelden;2022;890
67203;Hochstett;2022;66
67204;Hœnheim;2022;2692
67205;Hœrdt;2022;911
67206;Hoffen;2022;200
67208;Hohengœft;2022;101
67209;Hohfrankenheim;2022;58
67210;Le Hohwald;2022;141
67212;Holtzheim;2022;759
67213;Hunspach;2022;140
67214;Hurtigheim;2022;124
67215;Huttendorf;2022;97
67216;Huttenheim;2022;446
67217;Ichtratzheim;2022;85
67218;Illkirch-Graffenstaden;2022;5602
67220;Ingenheim;2022;84
67221;Ingolsheim;2022;51
67222;Ingwiller;2022;1042
67223;Innenheim;2022;239
67225;Issenhausen;2022;17
67226;Ittenheim;2022;487
67227;Itterswiller;2022;52
67228;Neugartheim-Ittlenheim;2022;181
67229;Jetterswiller;2022;46
67230;Kaltenhouse;2022;402
67231;Kauffenheim;2022;46
67232;Keffenach;2022;40
67233;Kertzfeld;2022;253
67234;Keskastel;2022;317
67235;Kesseldorf;2022;91
67236;Kienheim;2022;170
67237;Kilstett;2022;483
67238;Kindwiller;2022;121
67239;Kintzheim;2022;392
67240;Kirchheim;2022;133
67241;Kirrberg;2022;35
67242;Kirrwiller;2022;119
67244;Kleingœft;2022;26
67245;Knœrsheim;2022;30
67246;Kogenheim;2022;220
67247;Kolbsheim;2022;183
67248;Krautergersheim;2022;337
67249;Krautwiller;2022;33
67250;Kriegsheim;2022;115
67252;Kurtzenhouse;2022;225
67253;Kuttolsheim;2022;130
67254;Kutzenhausen;2022;200
67255;Lalaye;2022;114
67256;Lampertheim;2022;781
67257;Lampertsloch;2022;162
67258;Landersheim;2022;28
67259;Langensoultzbach;2022;171
67260;Laubach;2022;75
67261;Lauterbourg;2022;516
67263;Lembach;2022;437
67264;Leutenheim;2022;175
67265;Lichtenberg;2022;130
67266;Limersheim;2022;159
67267;Lingolsheim;2022;3933
67268;Lipsheim;2022;498
67269;Littenheim;2022;65
67270;Lixhausen;2022;45
67271;Lobsann;2022;146
67272;Lochwiller;2022;78
67273;Lohr;2022;104
67274;Lorentzen;2022;60
67275;Lupstein;2022;149
67276;Lutzelhouse;2022;448
67277;Mackenheim;2022;158
67278;Mackwiller;2022;119
67279;Maennolsheim;2022;40
67280;Maisonsgoutte;2022;165
67281;Marckolsheim;2022;986
67282;Marlenheim;2022;985
67283;Marmoutier;2022;554
67285;Matzenheim;2022;298
67286;Meistratzheim;2022;308
67287;Melsheim;2022;110
67288;Memmelshoffen;2022;68
67289;Menchhoffen;2022;143
67290;Merkwiller-Pechelbronn;2022;203
67291;Mertzwiller;2022;785
67292;Mietesheim;2022;136
67293;Minversheim;2022;118
67295;Mittelbergheim;2022;147
67296;Mittelhausbergen;2022;507
67298;Mittelschaeffolsheim;2022;75
67299;Mollkirch;2022;127
67300;Molsheim;2022;2042
67301;Mommenheim;2022;430
67302;Monswiller;2022;479
67303;Morsbronn-les-Bains;2022;163
67304;Morschwiller;2022;99
67305;Mothern;2022;409
67306;Muhlbach-sur-Bruche;2022;126
67307;Mulhausen;2022;66
67308;Munchhausen;2022;190
67309;Mundolsheim;2022;1254
67310;Mussig;2022;249
67311;Muttersholtz;2022;388
67312;Mutzenhouse;2022;90
67313;Mutzig;2022;1005
67314;Natzwiller;2022;131
67315;Neewiller-près-Lauterbourg;2022;130
67317;Neubois;2022;128
67319;Neuhaeusel;2022;84
67320;Neuve-Église;2022;151
67321;Neuviller-la-Roche;2022;82
67322;Neuwiller-lès-Saverne;2022;240
67324;Niederbronn-les-Bains;2022;1199
67325;Niederhaslach;2022;229
67326;Niederhausbergen;2022;386
67327;Niederlauterbach;2022;183
67328;Niedermodern;2022;145
67329;Niedernai;2022;245
67330;Niederrœdern;2022;171
67331;Niederschaeffolsheim;2022;308
67333;Niedersoultzbach;2022;55
67334;Niedersteinbach;2022;38
67335;Nordheim;2022;210
67336;Nordhouse;2022;313
67337;Nothalten;2022;114
67338;Obenheim;2022;300
67339;Betschdorf;2022;957
67340;Oberbronn;2022;387
67341;Oberdorf-Spachbach;2022;87
67342;Oberhaslach;2022;346
67343;Oberhausbergen;2022;1361
67344;Oberhoffen-lès-Wissembourg;2022;76
67345;Oberhoffen-sur-Moder;2022;759
67346;Oberlauterbach;2022;121
67347;Obermodern-Zutzendorf;2022;352
67348;Obernai;2022;2915
67349;Oberrœdern;2022;89
67350;Oberschaeffolsheim;2022;700
67351;Seebach;2022;372
67352;Obersoultzbach;2022;75
67353;Obersteinbach;2022;78
67354;Odratzheim;2022;107
67355;Oermingen;2022;264
67356;Offendorf;2022;500
67358;Offwiller;2022;187
67359;Ohlungen;2022;307
67360;Ohnenheim;2022;174
67361;Olwisheim;2022;118
67362;Orschwiller;2022;145
67363;Osthoffen;2022;206
67364;Osthouse;2022;218
67365;Ostwald;2022;2551
67366;Ottersthal;2022;203
67367;Otterswiller;2022;334
67368;Ottrott;2022;416
67369;Ottwiller;2022;60
67370;Petersbach;2022;154
67371;La Petite-Pierre;2022;211
67372;Val-de-Moder;2022;1086
67373;Pfalzweyer;2022;75
67375;Pfulgriesheim;2022;310
67377;Plaine;2022;270
67378;Plobsheim;2022;921
67379;Preuschdorf;2022;204
67380;Printzheim;2022;41
67381;Puberg;2022;63
67382;Quatzenheim;2022;139
67383;Rangen;2022;38
67384;Ranrupt;2022;101
67385;Ratzwiller;2022;63
67386;Rauwiller;2022;43
67387;Reichsfeld;2022;69
67388;Reichshoffen;2022;1178
67389;Reichstett;2022;1196
67391;Reinhardsmunster;2022;100
67392;Reipertswiller;2022;196
67394;Retschwiller;2022;56
67395;Reutenbourg;2022;90
67396;Rexingen;2022;41
67397;Rhinau;2022;661
67398;Richtolsheim;2022;66
67400;Riedseltz;2022;213
67401;Rimsdorf;2022;54
67403;Ringendorf;2022;71
67404;Rittershoffen;2022;198
67405;Rœschwoog;2022;430
67406;Rohr;2022;48
67407;Rohrwiller;2022;357
67408;Romanswiller;2022;286
67409;Roppenheim;2022;160
67410;Rosenwiller;2022;157
67411;Rosheim;2022;1276
67412;Rossfeld;2022;168
67413;Rosteig;2022;145
67414;Rothau;2022;359
67415;Rothbach;2022;108
67416;Rott;2022;107
67417;Rottelsheim;2022;49
67418;Rountzenheim-Auenheim;2022;387
67420;Russ;2022;283
67421;Saales;2022;247
67422;Saasenheim;2022;105
67423;Saessolsheim;2022;102
67424;Saint-Blaise-la-Roche;2022;52
67425;Saint-Jean-Saverne;2022;149
67426;Saint-Martin;2022;80
67427;Saint-Maurice;2022;86
67428;Saint-Nabor;2022;125
67429;Saint-Pierre;2022;166
67430;Saint-Pierre-Bois;2022;202
67432;Salmbach;2022;123
67433;Sand;2022;264
67434;Sarre-Union;2022;761
67435;Sarrewerden;2022;209
67436;Saulxures;2022;92
67437;Saverne;2022;2755
67438;Schaeffersheim;2022;159
67440;Schaffhouse-près-Seltz;2022;96
67441;Schalkendorf;2022;58
67442;Scharrachbergheim-Irmstett;2022;246
67443;Scheibenhard;2022;164
67444;Scherlenheim;2022;32
67445;Scherwiller;2022;672
67446;Schillersdorf;2022;120
67447;Schiltigheim;2022;5303
67448;Schirmeck;2022;606
67449;Schirrhein;2022;474
67450;Schirrhoffen;2022;130
67451;Schleithal;2022;382
67452;Schnersheim;2022;255
67453;Schœnau;2022;93
67454;Schœnbourg;2022;82
67455;Schœnenbourg;2022;167
67456;Schopperten;2022;61
67458;Schweighouse-sur-Moder;2022;1156
67459;Schwenheim;2022;128
67460;Schwindratzheim;2022;337
67461;Schwobsheim;2022;41
67462;Sélestat;2022;3953
67463;Seltz;2022;629
67464;Sermersheim;2022;131
67465;Sessenheim;2022;442
67466;Siegen;2022;76
67467;Siewiller;2022;94
67468;Siltzheim;2022;153
67470;Solbach;2022;38
67471;Souffelweyersheim;2022;1806
67472;Soufflenheim;2022;1096
67473;Soultz-les-Bains;2022;167
67474;Soultz-sous-Forêts;2022;681
67475;Sparsbach;2022;46
67476;Stattmatten;2022;141
67477;Steige;2022;124
67478;Steinbourg;2022;457
67479;Steinseltz;2022;128
67480;Still;2022;349
67481;Stotzheim;2022;238
67482;Strasbourg;2022;42696
67483;Struth;2022;52
67484;Stundwiller;2022;78
67485;Stutzheim-Offenheim;2022;346
67486;Sundhouse;2022;289
67487;Surbourg;2022;336
67488;Thal-Drulingen;2022;35
67489;Thal-Marmoutier;2022;261
67490;Thanvillé;2022;166
67491;Tieffenbach;2022;75
67492;Traenheim;2022;125
67493;Triembach-au-Val;2022;114
67494;Trimbach;2022;70
67495;Truchtersheim;2022;1033
67497;Uhlwiller;2022;153
67498;Uhrwiller;2022;170
67499;Urbeis;2022;77
67500;Urmatt;2022;315
67501;Uttenheim;2022;97
67502;Uttenhoffen;2022;40
67503;Uttwiller;2022;45
67504;Valff;2022;311
67505;La Vancelle;2022;94
67506;Vendenheim;2022;1363
67507;Villé;2022;490
67508;Vœllerdingen;2022;92
67509;Volksberg;2022;77
67510;Wahlenheim;2022;117
67511;Walbourg;2022;170
67513;Waldersbach;2022;38
67514;Waldhambach;2022;166
67515;Waldolwisheim;2022;138
67516;Waltenheim-sur-Zorn;2022;155
67517;Wangen;2022;134
67519;La Wantzenau;2022;1480
67520;Wasselonne;2022;1348
67521;Weinbourg;2022;109
67522;Weislingen;2022;139
67523;Weitbruch;2022;566
67524;Weiterswiller;2022;129
67525;Westhoffen;2022;329
67526;Westhouse;2022;300
67527;Westhouse-Marmoutier;2022;50
67528;Weyer;2022;104
67529;Weyersheim;2022;738
67530;Wickersheim-Wilshausen;2022;95
67531;Wildersbach;2022;74
67532;Willgottheim;2022;239
67534;Wilwisheim;2022;135
67535;Wimmenau;2022;268
67536;Windstein;2022;40
67537;Wingen;2022;100
67538;Wingen-sur-Moder;2022;370
67539;Wingersheim les Quatre Bans;2022;498
67540;Wintershouse;2022;113
67541;Wintzenbach;2022;115
67542;Wintzenheim-Kochersberg;2022;69
67543;Wisches;2022;416
67544;Wissembourg;2022;2006
67545;Witternheim;2022;96
67546;Wittersheim;2022;125
67547;Wittisheim;2022;415
67548;Wiwersheim;2022;161
67550;Wœrth;2022;446
67551;Wolfisheim;2022;885
67552;Wolfskirchen;2022;56
67553;Wolschheim;2022;47
67554;Wolxheim;2022;244
67555;Zehnacker;2022;31
67556;Zeinheim;2022;31
67557;Zellwiller;2022;140
67558;Zinswiller;2022;141
67559;Zittersheim;2022;66
68001;Algolsheim;2022;182
68002;Altenach;2022;78
68004;Altkirch;2022;1107
68005;Ammerschwihr;2022;430
68006;Bernwiller;2022;175
68007;Andolsheim;2022;465
68008;Appenwihr;2022;128
68009;Artzenheim;2022;144
68010;Aspach;2022;223
68011;Aspach-le-Bas;2022;210
68012;Aspach-Michelbach;2022;298
68013;Attenschwiller;2022;192
68014;Aubure;2022;78
68015;Baldersheim;2022;623
68016;Balgau;2022;168
68017;Ballersdorf;2022;161
68018;Balschwiller;2022;176
68019;Baltzenheim;2022;106
68020;Bantzenheim;2022;469
68021;Bartenheim;2022;718
68022;Battenheim;2022;333
68023;Beblenheim;2022;292
68024;Bellemagny;2022;61
68025;Bendorf;2022;44
68026;Bennwihr;2022;314
68027;Berentzwiller;2022;68
68028;Bergheim;2022;522
68029;Bergholtz;2022;292
68030;Bergholtzzell;2022;82
68032;Berrwiller;2022;276
68033;Bettendorf;2022;97
68034;Bettlach;2022;74
68035;Biederthal;2022;66
68036;Biesheim;2022;532
68037;Biltzheim;2022;62
68038;Bischwihr;2022;208
68039;Bisel;2022;112
68040;Bitschwiller-lès-Thann;2022;495
68041;Blodelsheim;2022;330
68042;Blotzheim;2022;888
68043;Bollwiller;2022;876
68044;Le Bonhomme;2022;167
68045;Bourbach-le-Bas;2022;136
68046;Bourbach-le-Haut;2022;89
68049;Bouxwiller;2022;114
68050;Bréchaumont;2022;113
68051;Breitenbach-Haut-Rhin;2022;174
68052;Bretten;2022;27
68054;Brinckheim;2022;92
68055;Bruebach;2022;250
68056;Brunstatt-Didenheim;2022;1879
68057;Buethwiller;2022;55
68058;Buhl;2022;622
68059;Burnhaupt-le-Bas;2022;301
68060;Burnhaupt-le-Haut;2022;316
68061;Buschwiller;2022;210
68062;Carspach;2022;387
68063;Cernay;2022;2406
68064;Chalampé;2022;254
68065;Chavannes-sur-l'Étang;2022;97
68066;Colmar;2022;14471
68067;Courtavon;2022;61
68068;Dannemarie;2022;530
68069;Dessenheim;2022;233
68071;Diefmatten;2022;64
68072;Dietwiller;2022;296
68073;Dolleren;2022;93
68074;Durlinsdorf;2022;122
68075;Durmenach;2022;186
68076;Durrenentzen;2022;157
68077;Eglingen;2022;56
68078;Eguisheim;2022;391
68079;Elbach;2022;84
68080;Emlingen;2022;59
68081;Saint-Bernard;2022;144
68082;Ensisheim;2022;1535
68083;Eschbach-au-Val;2022;102
68084;Eschentzwiller;2022;345
68085;Eteimbes;2022;62
68086;Falkwiller;2022;42
68087;Feldbach;2022;84
68088;Feldkirch;2022;217
68089;Fellering;2022;430
68090;Ferrette;2022;118
68091;Fessenheim;2022;383
68092;Fislis;2022;77
68093;Flaxlanden;2022;366
68094;Folgensbourg;2022;158
68095;Fortschwihr;2022;251
68096;Franken;2022;61
68097;Fréland;2022;326
68098;Friesen;2022;131
68099;Frœningen;2022;156
68100;Fulleren;2022;73
68101;Galfingue;2022;182
68102;Geishouse;2022;155
68103;Geispitzen;2022;122
68104;Geiswasser;2022;75
68105;Gildwiller;2022;63
68106;Goldbach-Altenbach;2022;60
68107;Gommersdorf;2022;86
68109;Griesbach-au-Val;2022;151
68110;Grussenheim;2022;171
68111;Gueberschwihr;2022;201
68112;Guebwiller;2022;2501
68113;Guémar;2022;296
68114;Guevenatten;2022;38
68115;Guewenheim;2022;284
68116;Gundolsheim;2022;152
68117;Gunsbach;2022;198
68118;Habsheim;2022;1033
68119;Hagenbach;2022;127
68120;Hagenthal-le-Bas;2022;266
68121;Hagenthal-le-Haut;2022;136
68122;Hartmannswiller;2022;117
68123;Hattstatt;2022;180
68124;Hausgauen;2022;84
68125;Hecken;2022;80
68126;Hégenheim;2022;766
68127;Heidwiller;2022;169
68128;Heimersdorf;2022;133
68129;Heimsbrunn;2022;426
68130;Heiteren;2022;174
68131;Heiwiller;2022;41
68132;Helfrantzkirch;2022;173
68134;Herrlisheim-près-Colmar;2022;450
68135;Hésingue;2022;467
68136;Hettenschlag;2022;80
68137;Hindlingen;2022;112
68138;Hirsingue;2022;527
68139;Hirtzbach;2022;257
68140;Hirtzfelden;2022;211
68141;Hochstatt;2022;615
68142;Hohrod;2022;85
68143;Porte du Ried;2022;323
68144;Hombourg;2022;194
68145;Horbourg-Wihr;2022;1556
68146;Houssen;2022;375
68147;Hunawihr;2022;130
68148;Hundsbach;2022;52
68149;Huningue;2022;1387
68150;Husseren-les-Châteaux;2022;108
68151;Husseren-Wesserling;2022;239
68152;Illfurth;2022;529
68153;Illhaeusern;2022;141
68154;Illzach;2022;3110
68155;Ingersheim;2022;1105
68156;Issenheim;2022;932
68157;Jebsheim;2022;229
68158;Jettingen;2022;120
68159;Jungholtz;2022;194
68160;Kappelen;2022;110
68161;Katzenthal;2022;140
68162;Kaysersberg Vignoble;2022;1188
68163;Kembs;2022;847
68165;Kiffis;2022;48
68166;Kingersheim;2022;3165
68167;Kirchberg;2022;194
68168;Knœringue;2022;60
68169;Kœstlach;2022;80
68170;Kœtzingue;2022;121
68171;Kruth;2022;268
68172;Kunheim;2022;453
68173;Labaroche;2022;526
68174;Landser;2022;376
68175;Lapoutroie;2022;512
68176;Largitzen;2022;57
68177;Lautenbach;2022;330
68178;Lautenbachzell;2022;231
68179;Lauw;2022;243
68180;Leimbach;2022;210
68181;Levoncourt;2022;58
68182;Leymen;2022;284
68183;Liebenswiller;2022;52
68184;Liebsdorf;2022;58
68185;Lièpvre;2022;359
68186;Ligsdorf;2022;88
68187;Linsdorf;2022;63
68188;Linthal;2022;103
68189;Logelheim;2022;125
68190;Lucelle;2022;11
68191;Luemschwiller;2022;191
68192;Valdieu-Lutran;2022;101
68193;Luttenbach-près-Munster;2022;134
68194;Lutter;2022;55
68195;Lutterbach;2022;1453
68196;Magny;2022;43
68197;Magstatt-le-Bas;2022;89
68198;Magstatt-le-Haut;2022;46
68199;Malmerspach;2022;110
68200;Manspach;2022;125
68201;Masevaux-Niederbruck;2022;964
68202;Mertzen;2022;42
68203;Merxheim;2022;264
68204;Metzeral;2022;264
68205;Meyenheim;2022;222
68207;Michelbach-le-Bas;2022;208
68208;Michelbach-le-Haut;2022;123
68209;Mittelwihr;2022;175
68210;Mittlach;2022;68
68211;Mitzach;2022;87
68212;Mœrnach;2022;108
68213;Mollau;2022;114
68214;Montreux-Jeune;2022;81
68215;Montreux-Vieux;2022;196
68216;Mooslargue;2022;60
68217;Moosch;2022;487
68218;Morschwiller-le-Bas;2022;734
68219;Le Haut Soultzbach;2022;183
68221;Muespach;2022;195
68222;Muespach-le-Haut;2022;190
68223;Muhlbach-sur-Munster;2022;210
68224;Mulhouse;2022;17512
68225;Munchhouse;2022;309
68226;Munster;2022;1390
68227;Muntzenheim;2022;200
68228;Munwiller;2022;76
68229;Murbach;2022;29
68230;Nambsheim;2022;95
68231;Neuf-Brisach;2022;484
68232;Neuwiller;2022;140
68234;Niederentzen;2022;81
68235;Niederhergheim;2022;203
68237;Niedermorschwihr;2022;169
68238;Niffer;2022;189
68239;Oberbruck;2022;110
68240;Illtal;2022;272
68241;Oberentzen;2022;114
68242;Oberhergheim;2022;244
68243;Oberlarg;2022;30
68244;Obermorschwihr;2022;89
68245;Obermorschwiller;2022;99
68246;Obersaasheim;2022;187
68247;Oderen;2022;443
68248;Oltingue;2022;164
68249;Orbey;2022;884
68250;Orschwihr;2022;234
68251;Osenbach;2022;210
68252;Ostheim;2022;337
68253;Ottmarsheim;2022;349
68254;Petit-Landau;2022;187
68255;Pfaffenheim;2022;276
68256;Pfastatt;2022;2297
68257;Pfetterhouse;2022;219
68258;Pulversheim;2022;568
68259;Raedersdorf;2022;106
68260;Raedersheim;2022;173
68261;Rammersmatt;2022;62
68262;Ranspach;2022;224
68263;Ranspach-le-Bas;2022;165
68264;Ranspach-le-Haut;2022;98
68265;Rantzwiller;2022;139
68266;Réguisheim;2022;371
68267;Reiningue;2022;475
68268;Retzwiller;2022;114
68269;Ribeauvillé;2022;1240
68270;Richwiller;2022;922
68271;Riedisheim;2022;3279
68273;Riespach;2022;141
68274;Rimbach-près-Guebwiller;2022;24
68275;Rimbach-près-Masevaux;2022;113
68276;Rimbachzell;2022;42
68277;Riquewihr;2022;219
68278;Rixheim;2022;2928
68279;Roderen;2022;194
68280;Rodern;2022;78
68281;Roggenhouse;2022;91
68282;Romagny;2022;40
68283;Rombach-le-Franc;2022;188
68284;Roppentzwiller;2022;143
68285;Rorschwihr;2022;78
68286;Rosenau;2022;482
68287;Rouffach;2022;986
68288;Ruederbach;2022;56
68289;Ruelisheim;2022;639
68290;Rustenhart;2022;153
68291;Rumersheim-le-Haut;2022;205
68292;Saint-Amarin;2022;610
68293;Saint-Cosme;2022;12
68294;Sainte-Croix-aux-Mines;2022;460
68295;Sainte-Croix-en-Plaine;2022;582
68296;Saint-Hippolyte;2022;274
68297;Saint-Louis;2022;3806
68298;Sainte-Marie-aux-Mines;2022;1176
68299;Saint-Ulrich;2022;70
68300;Sausheim;2022;1483
68301;Schlierbach;2022;264
68302;Schweighouse-Thann;2022;163
68303;Schwoben;2022;38
68304;Sentheim;2022;383
68305;Seppois-le-Bas;2022;269
68306;Seppois-le-Haut;2022;87
68307;Sewen;2022;112
68308;Sickert;2022;85
68309;Sierentz;2022;726
68311;Sondernach;2022;146
68312;Sondersdorf;2022;69
68313;Soppe-le-Bas;2022;102
68315;Soultz-Haut-Rhin;2022;1535
68316;Soultzbach-les-Bains;2022;190
68317;Soultzeren;2022;259
68318;Soultzmatt;2022;508
68320;Spechbach;2022;262
68321;Staffelfelden;2022;721
68322;Steinbach;2022;358
68323;Steinbrunn-le-Bas;2022;169
68324;Steinbrunn-le-Haut;2022;132
68325;Steinsoultz;2022;173
68326;Sternenberg;2022;27
68327;Stetten;2022;68
68328;Storckensohn;2022;66
68329;Stosswihr;2022;343
68330;Strueth;2022;78
68331;Sundhoffen;2022;518
68332;Tagolsheim;2022;176
68333;Tagsdorf;2022;57
68334;Thann;2022;1818
68335;Thannenkirch;2022;119
68336;Traubach-le-Bas;2022;89
68337;Traubach-le-Haut;2022;92
68338;Turckheim;2022;1096
68340;Ueberstrass;2022;83
68341;Uffheim;2022;226
68342;Uffholtz;2022;347
68343;Ungersheim;2022;384
68344;Urbès;2022;110
68345;Urschenheim;2022;147
68347;Vieux-Ferrette;2022;126
68348;Vieux-Thann;2022;620
68349;Village-Neuf;2022;894
68350;Vœgtlinshoffen;2022;140
68351;Vogelgrun;2022;139
68352;Volgelsheim;2022;502
68353;Wahlbach;2022;71
68354;Walbach;2022;299
68355;Waldighofen;2022;392
68356;Walheim;2022;194
68357;Waltenheim;2022;109
68358;Wasserbourg;2022;105
68359;Wattwiller;2022;371
68360;Weckolsheim;2022;92
68361;Wegscheid;2022;73
68362;Wentzwiller;2022;148
68363;Werentzhouse;2022;126
68364;Westhalten;2022;210
68365;Wettolsheim;2022;492
68366;Wickerschwihr;2022;190
68367;Widensolen;2022;215
68368;Wihr-au-Val;2022;308
68370;Wildenstein;2022;34
68371;Willer;2022;71
68372;Willer-sur-Thur;2022;439
68373;Winkel;2022;72
68374;Wintzenheim;2022;2036
68375;Wittelsheim;2022;2084
68376;Wittenheim;2022;3229
68377;Wittersdorf;2022;160
68378;Wolfersdorf;2022;88
68379;Wolfgantzen;2022;258
68380;Wolschwiller;2022;109
68381;Wuenheim;2022;227
68382;Zaessingue;2022;64
68383;Zellenberg;2022;90
68384;Zillisheim;2022;595
68385;Zimmerbach;2022;258
68386;Zimmersheim;2022;299
69001;Affoux;2022;51
69002;Aigueperse;2022;76
69003;Albigny-sur-Saône;2022;775
69004;Alix;2022;168
69005;Ambérieux;2022;80
69006;Amplepuis;2022;1327
69007;Ampuis;2022;599
69008;Ancy;2022;110
69009;Anse;2022;1278
69010;L'Arbresle;2022;1182
69012;Les Ardillats;2022;132
69013;Arnas;2022;821
69014;Aveize;2022;243
69016;Azolette;2022;38
69017;Bagnols;2022;162
69018;Beaujeu;2022;557
69019;Belleville-en-Beaujolais;2022;2387
69020;Belmont-d'Azergues;2022;111
69021;Bessenay;2022;536
69022;Bibost;2022;92
69023;Blacé;2022;370
69024;Val d'Oingt;2022;1004
69026;Le Breuil;2022;66
69027;Brignais;2022;2716
69028;Brindas;2022;1134
69029;Bron;2022;7661
69030;Brullioles;2022;143
69031;Brussieu;2022;155
69032;Bully;2022;423
69033;Cailloux-sur-Fontaines;2022;412
69034;Caluire-et-Cuire;2022;9928
69035;Cenves;2022;68
69036;Cercié;2022;178
69037;Chambost-Allières;2022;136
69038;Chambost-Longessaigne;2022;170
69039;Chamelet;2022;117
69040;Champagne-au-Mont-d'Or;2022;1299
69042;La Chapelle-sur-Coise;2022;69
69043;Chaponost;2022;2003
69044;Charbonnières-les-Bains;2022;1348
69045;Charentay;2022;233
69046;Charly;2022;1105
69047;Charnay;2022;298
69049;Chasselay;2022;758
69050;Châtillon;2022;422
69051;Chaussan;2022;158
69052;Chazay-d'Azergues;2022;900
69053;Chénas;2022;104
69054;Chénelette;2022;79
69055;Les Chères;2022;263
69056;Chessy;2022;311
69057;Chevinay;2022;101
69058;Chiroubles;2022;84
69059;Civrieux-d'Azergues;2022;265
69060;Claveisolles;2022;120
69061;Cogny;2022;247
69062;Coise;2022;126
69063;Collonges-au-Mont-d'Or;2022;881
69064;Condrieu;2022;1079
69065;Corcelles-en-Beaujolais;2022;180
69066;Cours;2022;1350
69067;Courzieu;2022;231
69068;Couzon-au-Mont-d'Or;2022;551
69069;Craponne;2022;2838
69070;Cublize;2022;290
69071;Curis-au-Mont-d'Or;2022;166
69072;Dardilly;2022;1682
69074;Denicé;2022;276
69075;Dième;2022;25
69076;Dommartin;2022;608
69077;Dracé;2022;176
69078;Duerne;2022;128
69080;Échalas;2022;353
69081;Écully;2022;4259
69082;Émeringes;2022;46
69083;Éveux;2022;234
69084;Fleurie;2022;280
69085;Fleurieu-sur-Saône;2022;282
69086;Fleurieux-sur-l'Arbresle;2022;460
69087;Fontaines-Saint-Martin;2022;602
69088;Fontaines-sur-Saône;2022;1496
69089;Francheville;2022;2843
69090;Frontenas;2022;179
69091;Givors;2022;3684
69092;Gleizé;2022;1811
69093;Grandris;2022;357
69094;Grézieu-la-Varenne;2022;1291
69095;Grézieu-le-Marché;2022;134
69096;Grigny-sur-Rhône;2022;1510
69097;Les Haies;2022;141
69098;Les Halles;2022;70
69099;Haute-Rivoire;2022;296
69100;Irigny;2022;1736
69102;Joux;2022;96
69103;Juliénas;2022;194
69104;Jullié;2022;95
69105;Lacenas;2022;181
69106;Lachassagne;2022;254
69107;Lamure-sur-Azergues;2022;226
69108;Lancié;2022;178
69109;Lantignié;2022;155
69110;Larajasse;2022;348
69111;Légny;2022;92
69112;Lentilly;2022;1134
69113;Létra;2022;154
69114;Porte des Pierres Dorées;2022;710
69115;Limas;2022;1008
69116;Limonest;2022;719
69117;Lissieu;2022;596
69118;Loire-sur-Rhône;2022;515
69119;Longes;2022;150
69120;Longessaigne;2022;115
69121;Lozanne;2022;605
69122;Lucenay;2022;372
69123;Lyon;2022;77615
69124;Marchampt;2022;113
69125;Marcilly-d'Azergues;2022;209
69126;Marcy;2022;184
69127;Marcy-l'Étoile;2022;659
69130;Meaux-la-Montagne;2022;68
69131;Messimy;2022;578
69132;Meys;2022;157
69133;Millery;2022;888
69134;Moiré;2022;51
69135;Deux-Grosnes;2022;408
69136;Montagny;2022;644
69137;Montmelas-Saint-Sorlin;2022;118
69138;Montromant;2022;86
69139;Montrottier;2022;298
69140;Morancé;2022;439
69141;Mornant;2022;1458
69142;La Mulatière;2022;1413
69143;Neuville-sur-Saône;2022;1901
69145;Odenas;2022;164
69148;Orliénas;2022;454
69149;Oullins-Pierre-Bénite;2022;6372
69151;Le Perréon;2022;258
69153;Poleymieux-au-Mont-d'Or;2022;183
69154;Pollionnay;2022;586
69155;Pomeys;2022;213
69156;Pommiers;2022;516
69157;Vindry-sur-Turdine;2022;1099
69160;Poule-les-Écharmeaux;2022;254
69161;Propières;2022;151
69162;Quincié-en-Beaujolais;2022;277
69163;Quincieux;2022;622
69164;Ranchal;2022;70
69165;Régnié-Durette;2022;219
69166;Riverie;2022;36
69167;Rivolet;2022;96
69168;Rochetaillée-sur-Saône;2022;225
69169;Ronno;2022;147
69170;Rontalon;2022;178
69171;Sain-Bel;2022;450
69172;Salles-Arbuissonnas-en-Beaujolais;2022;137
69173;Sarcey;2022;189
69174;Les Sauvages;2022;118
69175;Savigny;2022;406
69176;Soucieu-en-Jarrest;2022;739
69177;Sourcieux-les-Mines;2022;364
69178;Souzy;2022;142
69179;Beauvallon;2022;718
69180;Saint-André-la-Côte;2022;44
69181;Saint-Appolinaire;2022;30
69182;Saint-Bonnet-des-Bruyères;2022;110
69183;Saint-Bonnet-le-Troncy;2022;94
69184;Sainte-Catherine;2022;161
69186;Saint-Clément-de-Vers;2022;49
69187;Saint-Clément-les-Places;2022;110
69188;Saint-Clément-sur-Valsonne;2022;170
69189;Sainte-Colombe;2022;598
69190;Sainte-Consorce;2022;386
69191;Saint-Cyr-au-Mont-d'Or;2022;1474
69192;Saint-Cyr-le-Chatoux;2022;26
69193;Saint-Cyr-sur-le-Rhône;2022;258
69194;Saint-Didier-au-Mont-d'Or;2022;1979
69196;Saint-Didier-sur-Beaujeu;2022;111
69197;Saint-Étienne-des-Oullières;2022;343
69198;Saint-Étienne-la-Varenne;2022;125
69199;Saint-Fons;2022;2810
69200;Saint-Forgeux;2022;304
69201;Sainte-Foy-l'Argentière;2022;331
69202;Sainte-Foy-lès-Lyon;2022;5771
69203;Saint-Genis-l'Argentière;2022;213
69204;Saint-Genis-Laval;2022;4661
69205;Saint-Genis-les-Ollières;2022;1036
69206;Saint-Georges-de-Reneins;2022;829
69207;Saint-Germain-au-Mont-d'Or;2022;499
69208;Saint-Germain-Nuelles;2022;459
69209;Saint-Igny-de-Vers;2022;228
69212;Saint-Jean-des-Vignes;2022;86
69214;Saint-Jean-la-Bussière;2022;205
69215;Saint-Julien;2022;200
69216;Saint-Julien-sur-Bibost;2022;102
69217;Saint-Just-d'Avray;2022;184
69218;Saint-Lager;2022;191
69219;Saint-Laurent-d'Agny;2022;379
69220;Saint-Laurent-de-Chamousset;2022;511
69225;Saint-Marcel-l'Éclairé;2022;127
69227;Saint-Martin-en-Haut;2022;978
69228;Chabanière;2022;800
69229;Saint-Nizier-d'Azergues;2022;165
69230;Sainte-Paule;2022;59
69231;Saint-Pierre-la-Palud;2022;443
69233;Saint-Romain-au-Mont-d'Or;2022;208
69234;Saint-Romain-de-Popey;2022;276
69235;Saint-Romain-en-Gal;2022;441
69236;Saint-Romain-en-Gier;2022;104
69238;Saint-Symphorien-sur-Coise;2022;1080
69239;Saint-Vérand;2022;230
69240;Saint-Vincent-de-Reins;2022;171
69241;Taluyers;2022;552
69242;Taponas;2022;142
69243;Tarare;2022;2542
69244;Tassin-la-Demi-Lune;2022;4343
69245;Ternand;2022;140
69246;Theizé;2022;244
69248;Thizy-les-Bourgs;2022;1530
69249;Thurins;2022;508
69250;La Tour-de-Salvagny;2022;1025
69252;Trèves;2022;106
69253;Tupin-et-Semons;2022;97
69254;Valsonne;2022;140
69255;Vaugneray;2022;1229
69256;Vaulx-en-Velin;2022;6326
69257;Vaux-en-Beaujolais;2022;161
69258;Vauxrenard;2022;84
69259;Vénissieux;2022;9495
69260;Vernaison;2022;1005
69261;Vernay;2022;13
69263;Villechenève;2022;123
69264;Villefranche-sur-Saône;2022;7190
69265;Ville-sur-Jarnioux;2022;164
69266;Villeurbanne;2022;22170
69267;Villié-Morgon;2022;441
69268;Vourles;2022;753
69269;Yzeron;2022;181
69270;Chaponnay;2022;921
69271;Chassieu;2022;2278
69272;Communay;2022;892
69273;Corbas;2022;2109
69275;Décines-Charpieu;2022;5515
69276;Feyzin;2022;1921
69277;Genas;2022;2725
69278;Genay;2022;968
69279;Jonage;2022;1149
69280;Jons;2022;285
69281;Marennes;2022;339
69282;Meyzieu;2022;6407
69283;Mions;2022;2499
69284;Montanay;2022;554
69285;Pusignan;2022;674
69286;Rillieux-la-Pape;2022;5424
69287;Saint-Bonnet-de-Mure;2022;1335
69288;Saint-Laurent-de-Mure;2022;1087
69289;Saint-Pierre-de-Chandieu;2022;867
69290;Saint-Priest;2022;7728
69291;Saint-Symphorien-d'Ozon;2022;1072
69292;Sathonay-Camp;2022;990
69293;Sathonay-Village;2022;474
69294;Sérézin-du-Rhône;2022;554
69295;Simandres;2022;337
69296;Solaize;2022;584
69297;Ternay;2022;1102
69298;Toussieu;2022;482
69299;Colombier-Saugnieu;2022;413
70001;Abelcourt;2022;62
70002;Aboncourt-Gesincourt;2022;53
70003;Achey;2022;15
70004;Adelans-et-le-Val-de-Bithaine;2022;61
70005;Aillevans;2022;28
70006;Aillevillers-et-Lyaumont;2022;356
70007;Ailloncourt;2022;66
70008;Ainvelle;2022;55
70009;Aisey-et-Richecourt;2022;30
70010;Alaincourt;2022;30
70011;Amage;2022;75
70012;Amance;2022;143
70013;Ambiévillers;2022;24
70014;Amblans-et-Velotte;2022;81
70015;Amoncourt;2022;66
70016;Amont-et-Effreney;2022;60
70017;Anchenoncourt-et-Chazel;2022;79
70018;Ancier;2022;142
70019;Andelarre;2022;37
70020;Andelarrot;2022;48
70021;Andornay;2022;28
70022;Angirey;2022;21
70023;Anjeux;2022;47
70024;Apremont;2022;92
70025;Arbecey;2022;50
70026;Arc-lès-Gray;2022;724
70027;Argillières;2022;18
70028;Aroz;2022;46
70029;Arpenans;2022;52
70030;Arsans;2022;14
70031;Athesans-Étroitefontaine;2022;142
70032;Attricourt;2022;12
70035;Augicourt;2022;47
70036;Aulx-lès-Cromary;2022;27
70037;Autet;2022;81
70038;Authoison;2022;48
70039;Autoreille;2022;48
70040;Autrey-lès-Cerre;2022;51
70041;Autrey-lès-Gray;2022;102
70042;Autrey-le-Vay;2022;25
70043;Auvet-et-la-Chapelotte;2022;54
70044;Auxon;2022;103
70045;Avrigney-Virey;2022;90
70046;Les Aynans;2022;82
70047;Baignes;2022;16
70048;Bard-lès-Pesmes;2022;24
70049;Barges;2022;20
70050;La Barre;2022;21
70051;La Basse-Vaivre;2022;14
70052;Bassigney;2022;39
70053;Les Bâties;2022;21
70054;Battrans;2022;50
70055;Baudoncourt;2022;126
70056;Baulay;2022;80
70057;Bay;2022;12
70058;Beaujeu-Saint-Vallier-Pierrejux-et-Quitteur;2022;256
70059;Beaumotte-Aubertans;2022;95
70060;Beaumotte-lès-Pin;2022;76
70061;Belfahy;2022;28
70062;Belmont;2022;37
70063;Belonchamp;2022;54
70064;Belverne;2022;25
70065;Besnans;2022;13
70066;Betaucourt;2022;38
70067;Betoncourt-lès-Brotte;2022;17
70069;Betoncourt-Saint-Pancras;2022;12
70070;Betoncourt-sur-Mance;2022;14
70071;Beulotte-Saint-Laurent;2022;25
70072;Beveuge;2022;29
70074;Blondefontaine;2022;74
70075;Bonboillon;2022;29
70076;Bonnevent-Velloreille;2022;64
70077;Borey;2022;69
70078;Bougey;2022;22
70079;Bougnon;2022;115
70080;Bouhans-et-Feurg;2022;57
70081;Bouhans-lès-Lure;2022;52
70082;Bouhans-lès-Montbozon;2022;20
70083;Bouligney;2022;116
70084;Boulot;2022;134
70085;Boult;2022;89
70086;Bourbévelle;2022;23
70087;Bourguignon-lès-Conflans;2022;25
70088;Bourguignon-lès-la-Charité;2022;32
70089;Bourguignon-lès-Morey;2022;20
70090;Boursières;2022;5
70091;Bousseraucourt;2022;19
70092;Bresilley;2022;38
70093;Breuches;2022;160
70094;Breuchotte;2022;84
70095;Breurey-lès-Faverney;2022;98
70096;Brevilliers;2022;148
70097;Briaucourt;2022;64
70098;Brotte-lès-Luxeuil;2022;41
70099;Brotte-lès-Ray;2022;32
70100;Broye-les-Loups-et-Verfontaine;2022;10
70101;Broye-Aubigney-Montseugny;2022;149
70102;Brussey;2022;52
70103;La Bruyère;2022;53
70104;Bucey-lès-Gy;2022;152
70105;Bucey-lès-Traves;2022;28
70106;Buffignécourt;2022;25
70107;Bussières;2022;68
70109;Buthiers;2022;61
70111;Calmoutier;2022;43
70112;Cemboing;2022;59
70113;Cenans;2022;32
70114;Cendrecourt;2022;57
70115;Cerre-lès-Noroy;2022;37
70116;Chagey;2022;159
70117;Châlonvillars;2022;271
70118;Chambornay-lès-Bellevaux;2022;45
70119;Chambornay-lès-Pin;2022;97
70120;Champagney;2022;824
70121;Champey;2022;191
70122;Champlitte;2022;507
70124;Champtonnay;2022;14
70125;Champvans;2022;61
70126;Chancey;2022;20
70127;Chantes;2022;23
70128;La Chapelle-lès-Luxeuil;2022;85
70129;La Chapelle-Saint-Quillain;2022;40
70130;Charcenne;2022;60
70132;Chargey-lès-Gray;2022;181
70133;Chargey-lès-Port;2022;40
70134;Chariez;2022;51
70135;Charmes-Saint-Valbert;2022;11
70136;Charmoille;2022;117
70137;Chassey-lès-Montbozon;2022;50
70138;Chassey-lès-Scey;2022;18
70140;Châteney;2022;15
70141;Châtenois;2022;41
70142;Chaumercenne;2022;44
70143;Chauvirey-le-Châtel;2022;36
70144;Chauvirey-le-Vieil;2022;12
70145;Chaux-la-Lotière;2022;84
70146;Chaux-lès-Port;2022;38
70147;Chavanne;2022;41
70148;Chemilly;2022;27
70149;Chenebier;2022;170
70150;Chenevrey-et-Morogne;2022;48
70151;Chevigney;2022;16
70152;Colombine;2022;111
70153;Cintrey;2022;43
70154;Cirey;2022;78
70155;Citers;2022;162
70156;Citey;2022;22
70157;Clairegoutte;2022;74
70158;Clans;2022;24
70159;Cognières;2022;23
70160;Coisevaux;2022;51
70162;Colombe-lès-Vesoul;2022;105
70163;Colombier;2022;90
70164;Colombotte;2022;11
70165;Combeaufontaine;2022;125
70166;Comberjon;2022;48
70167;Conflandey;2022;84
70168;Conflans-sur-Lanterne;2022;154
70169;Confracourt;2022;43
70170;Contréglise;2022;20
70171;Corbenay;2022;308
70172;La Corbière;2022;25
70174;Cordonnet;2022;33
70175;Cornot;2022;36
70176;Corravillers;2022;67
70177;Corre;2022;193
70178;La Côte;2022;126
70179;Coulevon;2022;53
70180;Belles-Fontaines;2022;182
70181;Courcuire;2022;23
70182;Courmont;2022;30
70183;Courtesoult-et-Gatey;2022;16
70184;Couthenans;2022;178
70185;Cresancey;2022;41
70186;La Creuse;2022;12
70187;Crevans-et-la-Chapelle-lès-Granges;2022;59
70188;Creveney;2022;12
70189;Cromary;2022;53
70190;Cubry-lès-Faverney;2022;22
70192;Cugney;2022;40
70193;Cult;2022;35
70194;Cuve;2022;29
70195;Dambenoît-lès-Colombe;2022;48
70196;Dampierre-lès-Conflans;2022;60
70197;Dampierre-sur-Linotte;2022;162
70198;Dampierre-sur-Salon;2022;401
70199;Dampvalley-lès-Colombe;2022;22
70200;Dampvalley-Saint-Pancras;2022;11
70201;Delain;2022;61
70202;Demangevelle;2022;97
70203;La Demie;2022;24
70204;Denèvre;2022;32
70205;Échavanne;2022;53
70206;Échenans-sous-Mont-Vaudois;2022;107
70207;Échenoz-la-Méline;2022;739
70208;Échenoz-le-Sec;2022;51
70210;Écromagny;2022;49
70211;Écuelle;2022;18
70213;Éhuns;2022;53
70214;Équevilley;2022;28
70215;Errevet;2022;59
70216;Esboz-Brest;2022;80
70217;Esmoulières;2022;30
70218;Esmoulins;2022;30
70219;Esprels;2022;149
70220;Essertenne-et-Cecey;2022;91
70221;Étobon;2022;69
70222;Étrelles-et-la-Montbleuse;2022;17
70224;Étuz;2022;151
70225;Fahy-lès-Autrey;2022;18
70226;Fallon;2022;88
70227;Faucogney-et-la-Mer;2022;131
70228;Faverney;2022;252
70229;Faymont;2022;69
70230;Fédry;2022;35
70231;Ferrières-lès-Ray;2022;13
70232;Ferrières-lès-Scey;2022;35
70233;Les Fessey;2022;39
70234;Filain;2022;47
70235;Flagy;2022;32
70236;Fleurey-lès-Faverney;2022;105
70237;Fleurey-lès-Lavoncourt;2022;43
70238;Fleurey-lès-Saint-Loup;2022;34
70239;Fondremand;2022;52
70240;Fontaine-lès-Luxeuil;2022;287
70242;Fontenois-la-Ville;2022;33
70243;Fontenois-lès-Montbozon;2022;55
70244;Fouchécourt;2022;25
70245;Fougerolles-Saint-Valbert;2022;988
70247;Fouvent-Saint-Andoche;2022;92
70248;Frahier-et-Chatebier;2022;296
70249;Francalmont;2022;24
70250;Franchevelle;2022;77
70251;Francourt;2022;32
70252;Framont;2022;42
70253;Frasne-le-Château;2022;46
70254;Frédéric-Fontaine;2022;36
70255;Fresne-Saint-Mamès;2022;119
70256;Fresse;2022;204
70257;Fretigney-et-Velloreille;2022;123
70258;Froideconche;2022;498
70259;Froideterre;2022;94
70260;Frotey-lès-Lure;2022;140
70261;Frotey-lès-Vesoul;2022;354
70262;Genevreuille;2022;34
70263;Genevrey;2022;54
70265;Germigney;2022;39
70267;Gevigney-et-Mercey;2022;117
70268;Gézier-et-Fontenelay;2022;46
70269;Girefontaine;2022;6
70271;Gouhenans;2022;102
70272;Gourgeon;2022;35
70273;Grammont;2022;13
70274;Grandecourt;2022;10
70275;Grandvelle-et-le-Perrenot;2022;64
70276;Granges-la-Ville;2022;45
70277;Granges-le-Bourg;2022;84
70278;Grattery;2022;49
70279;Gray;2022;1514
70280;Gray-la-Ville;2022;303
70282;Gy;2022;277
70283;Haut-du-Them-Château-Lambert;2022;130
70284;Hautevelle;2022;54
70285;Héricourt;2022;2494
70286;Hugier;2022;18
70287;Hurecourt;2022;14
70288;Hyet;2022;22
70289;Igny;2022;54
70290;Jasney;2022;54
70291;Jonvelle;2022;44
70292;Jussey;2022;545
70293;Lambrey;2022;20
70294;Lantenot;2022;58
70295;La Lanterne-et-les-Armonts;2022;49
70296;Larians-et-Munans;2022;62
70297;Larret;2022;18
70298;Lavigney;2022;22
70299;Lavoncourt;2022;111
70301;Lieffrans;2022;10
70302;Lieucourt;2022;11
70303;Liévans;2022;22
70304;Linexert;2022;44
70305;Lœuilley;2022;24
70306;Lomont;2022;105
70307;Longevelle;2022;32
70308;La Longine;2022;73
70309;Loulans-Verchamp;2022;89
70310;Lure;2022;1873
70311;Luxeuil-les-Bains;2022;1735
70312;Luze;2022;170
70313;Lyoffans;2022;74
70314;Magnivray;2022;38
70315;Magnoncourt;2022;108
70316;Le Magnoray;2022;10
70317;Les Magny;2022;36
70318;Magny-Danigon;2022;80
70319;Magny-Jobert;2022;21
70320;Magny-lès-Jussey;2022;31
70321;Magny-Vernois;2022;337
70322;Mailleroncourt-Charette;2022;86
70323;Mailleroncourt-Saint-Pancras;2022;56
70324;Mailley-et-Chazelot;2022;141
70325;Maizières;2022;65
70326;La Malachère;2022;47
70327;Malans;2022;53
70328;Malbouhans;2022;92
70329;Malvillers;2022;20
70330;Mandrevillars;2022;46
70331;Mantoche;2022;139
70332;Marast;2022;15
70334;Marnay;2022;349
70335;Maussans;2022;20
70336;Mélecey;2022;43
70337;Melin;2022;24
70338;Melincourt;2022;58
70339;Mélisey;2022;481
70340;Membrey;2022;53
70341;Menoux;2022;68
70342;Mercey-sur-Saône;2022;44
70343;Mersuay;2022;64
70344;Meurcourt;2022;61
70347;Mignavillers;2022;72
70348;Moffans-et-Vacheresse;2022;146
70349;Moimay;2022;58
70350;Molay;2022;18
70351;Mollans;2022;59
70352;La Montagne;2022;5
70353;Montagney;2022;170
70355;Montarlot-lès-Rioz;2022;36
70356;Montboillon;2022;50
70357;Montbozon;2022;141
70358;Montcey;2022;44
70359;Montcourt;2022;21
70360;Montdoré;2022;21
70361;Montessaux;2022;34
70362;Montigny-lès-Cherlieu;2022;51
70363;Montigny-lès-Vesoul;2022;148
70364;Montjustin-et-Velotte;2022;28
70366;Villers-Chemin-et-Mont-lès-Étrelles;2022;29
70367;Mont-le-Vernois;2022;35
70368;Montot;2022;24
70369;Mont-Saint-Léger;2022;15
70371;Montureux-et-Prantigny;2022;47
70372;Montureux-lès-Baulay;2022;50
70373;La Roche-Morey;2022;92
70374;Motey-Besuche;2022;20
70376;Nantilly;2022;107
70378;Navenne;2022;424
70380;Neurey-en-Vaux;2022;41
70381;Neurey-lès-la-Demie;2022;169
70383;Neuvelle-lès-Cromary;2022;74
70384;Neuvelle-lès-la-Charité;2022;56
70385;La Neuvelle-lès-Lure;2022;82
70386;La Neuvelle-lès-Scey;2022;32
70387;Noidans-le-Ferroux;2022;135
70388;Noidans-lès-Vesoul;2022;500
70389;Noiron;2022;7
70390;Noroy-le-Bourg;2022;117
70392;Oigney;2022;9
70393;Oiselay-et-Grachaux;2022;94
70394;Onay;2022;20
70395;Oppenans;2022;21
70396;Oricourt;2022;16
70397;Ormenans;2022;15
70398;Ormoiche;2022;15
70399;Ormoy;2022;64
70400;Ouge;2022;37
70401;Ovanches;2022;32
70402;Oyrières;2022;96
70403;Palante;2022;35
70404;Passavant-la-Rochère;2022;172
70405;Pennesières;2022;34
70406;Percey-le-Grand;2022;21
70407;Perrouse;2022;59
70408;Pesmes;2022;369
70409;Pierrecourt;2022;33
70410;Pin;2022;119
70411;La Pisseure;2022;5
70412;Plainemont;2022;16
70413;Plancher-Bas;2022;366
70414;Plancher-les-Mines;2022;228
70415;Polaincourt-et-Clairefontaine;2022;169
70416;Pomoy;2022;48
70417;Pontcey;2022;51
70418;La Romaine;2022;94
70419;Pont-du-Bois;2022;36
70420;Pont-sur-l'Ognon;2022;9
70421;Port-sur-Saône;2022;655
70422;Poyans;2022;24
70423;Preigney;2022;48
70425;La Proiselière-et-Langle;2022;34
70426;Provenchère;2022;48
70427;Purgerot;2022;93
70428;Pusey;2022;292
70429;Pusy-et-Épenoux;2022;133
70430;La Quarte;2022;19
70431;Quenoche;2022;28
70432;Quers;2022;79
70433;Quincey;2022;368
70435;Raddon-et-Chapendu;2022;232
70436;Raincourt;2022;27
70437;Ranzevelle;2022;6
70438;Ray-sur-Saône;2022;70
70439;Raze;2022;78
70440;Recologne;2022;19
70441;Recologne-lès-Rioz;2022;36
70442;Renaucourt;2022;32
70443;La Grande-Résie;2022;26
70444;La Résie-Saint-Martin;2022;40
70445;Rignovelle;2022;24
70446;Rigny;2022;181
70447;Rioz;2022;350
70448;Roche-et-Raucourt;2022;36
70449;Roche-sur-Linotte-et-Sorans-les-Cordiers;2022;19
70450;La Rochelle;2022;10
70451;Ronchamp;2022;689
70452;Rosey;2022;47
70453;La Rosière;2022;16
70454;Rosières-sur-Mance;2022;22
70455;Roye;2022;324
70456;Ruhans;2022;28
70457;Rupt-sur-Saône;2022;39
70459;Saint-Barthélemy;2022;252
70460;Saint-Bresson;2022;126
70461;Saint-Broing;2022;48
70462;Saint-Ferjeux;2022;20
70463;Saint-Gand;2022;22
70464;Saint-Germain;2022;382
70466;Saint-Loup-Nantouard;2022;34
70467;Saint-Loup-sur-Semouse;2022;918
70468;Saint-Marcel;2022;29
70469;Sainte-Marie-en-Chanois;2022;67
70470;Sainte-Marie-en-Chaux;2022;34
70471;Sainte-Reine;2022;4
70472;Saint-Rémy-en-Comté;2022;149
70473;Saint-Sauveur;2022;423
70474;Saint-Sulpice;2022;33
70476;Saponcourt;2022;13
70477;Saulnot;2022;189
70478;Saulx;2022;236
70479;Sauvigney-lès-Gray;2022;21
70480;Sauvigney-lès-Pesmes;2022;34
70481;Savoyeux;2022;63
70482;Scey-sur-Saône-et-Saint-Albin;2022;461
70483;Scye;2022;30
70484;Secenans;2022;35
70485;Selles;2022;76
70486;Semmadon;2022;35
70487;Senargent-Mignafans;2022;63
70488;Senoncourt;2022;55
70489;Servance-Miellin;2022;303
70490;Servigney;2022;18
70491;Seveux-Motey;2022;111
70492;Soing-Cubry-Charentenay;2022;132
70493;Sorans-lès-Breurey;2022;77
70494;Sornay;2022;59
70496;Tartécourt;2022;13
70498;Ternuay-Melay-et-Saint-Hilaire;2022;127
70499;Theuley;2022;24
70500;Thieffrans;2022;38
70501;Thiénans;2022;17
70502;Tincey-et-Pontrebeau;2022;30
70503;Traitiéfontaine;2022;30
70504;Traves;2022;98
70505;Le Tremblois;2022;29
70506;Trémoins;2022;68
70507;Trésilley;2022;50
70509;Tromarey;2022;19
70510;Vadans;2022;27
70511;Vaite;2022;55
70512;La Vaivre;2022;63
70513;Vaivre-et-Montoille;2022;652
70514;Valay;2022;108
70515;Le Val-de-Gouhenans;2022;20
70516;Vallerois-le-Bois;2022;59
70517;Vallerois-Lorioz;2022;63
70518;Le Val-Saint-Éloi;2022;34
70519;Vandelans;2022;20
70520;Vanne;2022;33
70521;Vantoux-et-Longevelle;2022;44
70522;Varogne;2022;36
70523;Vars;2022;47
70524;Vauchoux;2022;32
70525;Vauconcourt-Nervezain;2022;59
70526;Vauvillers;2022;161
70527;Vaux-le-Moncelot;2022;17
70528;Velesmes-Échevanne;2022;96
70529;Velet;2022;114
70531;Velleclaire;2022;17
70532;Vellefaux;2022;125
70533;Vellefrey-et-Vellefrange;2022;17
70534;Vellefrie;2022;16
70535;Velleguindry-et-Levrecey;2022;31
70536;Velle-le-Châtel;2022;38
70537;Velleminfroy;2022;57
70538;Vellemoz;2022;21
70539;Vellexon-Queutrey-et-Vaudey;2022;123
70540;Velloreille-lès-Choye;2022;10
70541;Velorcey;2022;37
70542;Venère;2022;33
70544;La Vergenne;2022;28
70545;Venisey;2022;31
70546;Vereux;2022;57
70547;Verlans;2022;27
70548;Vernois-sur-Mance;2022;55
70549;La Vernotte;2022;11
70550;Vesoul;2022;3660
70552;Villafans;2022;46
70553;Villargent;2022;29
70554;Villars-le-Pautel;2022;56
70555;La Villedieu-en-Fontenette;2022;34
70558;La Villeneuve-Bellenoye-et-la-Maize;2022;41
70559;Villeparois;2022;35
70560;Villers-Bouton;2022;23
70561;Villersexel;2022;488
70562;Villers-la-Ville;2022;26
70563;Villers-le-Sec;2022;139
70564;Villers-lès-Luxeuil;2022;54
70565;Villers-Pater;2022;4
70566;Villers-sur-Port;2022;38
70567;Villers-sur-Saulnot;2022;28
70568;Villers-Vaudey;2022;20
70569;Vilory;2022;15
70571;Visoncourt;2022;4
70572;Vitrey-sur-Mance;2022;104
70573;La Voivre;2022;31
70574;Volon;2022;20
70575;Voray-sur-l'Ognon;2022;165
70576;Vougécourt;2022;57
70577;Vouhenans;2022;86
70578;Vregille;2022;44
70579;Vyans-le-Val;2022;134
70580;Vy-le-Ferroux;2022;27
70581;Vy-lès-Lure;2022;117
70582;Vy-lès-Rupt;2022;22
70583;Vy-lès-Filain;2022;26
71001;L'Abergement-de-Cuisery;2022;197
71002;L'Abergement-Sainte-Colombe;2022;206
71003;Allerey-sur-Saône;2022;181
71004;Allériot;2022;244
71005;Aluze;2022;59
71006;Amanzé;2022;70
71007;Ameugny;2022;46
71008;Anglure-sous-Dun;2022;42
71009;Anost;2022;297
71010;Antully;2022;187
71011;Anzy-le-Duc;2022;125
71012;Artaix;2022;107
71013;Authumes;2022;85
71014;Autun;2022;4108
71015;Auxy;2022;231
71016;Azé;2022;220
71017;Ballore;2022;22
71018;Bantanges;2022;156
71019;Barizey;2022;32
71020;Barnay;2022;27
71021;Baron;2022;40
71022;Baudemont;2022;187
71023;Baudrières;2022;202
71024;Baugy;2022;138
71025;Beaubery;2022;110
71026;Beaumont-sur-Grosne;2022;71
71027;Beaurepaire-en-Bresse;2022;148
71028;Beauvernois;2022;26
71029;Bellevesvre;2022;103
71030;Bergesserin;2022;47
71031;Berzé-le-Châtel;2022;8
71032;Berzé-la-Ville;2022;158
71033;Bey;2022;162
71034;Bissey-sous-Cruchaud;2022;84
71035;Bissy-la-Mâconnaise;2022;36
71036;Bissy-sous-Uxelles;2022;16
71037;Bissy-sur-Fley;2022;24
71038;Les Bizots;2022;91
71039;Blanot;2022;54
71040;Blanzy;2022;1913
71041;Bois-Sainte-Marie;2022;123
71042;Bonnay-Saint-Ythaire;2022;181
71043;Les Bordes;2022;17
71044;Bosjean;2022;98
71045;Bouhans;2022;56
71046;La Boulaye;2022;30
71047;Bourbon-Lancy;2022;1728
71048;Bourg-le-Comte;2022;45
71050;Bourgvilain;2022;88
71051;Bouzeron;2022;36
71052;Boyer;2022;209
71054;Bragny-sur-Saône;2022;162
71056;Branges;2022;726
71057;Bray;2022;41
71058;Bresse-sur-Grosne;2022;46
71059;Le Breuil;2022;1091
71060;Briant;2022;83
71061;Brienne;2022;107
71062;Brion;2022;116
71063;Broye;2022;196
71064;Bruailles;2022;263
71065;Buffières;2022;86
71066;Burgy;2022;29
71067;Burnand;2022;43
71068;Burzy;2022;23
71069;Bussières;2022;124
71070;Buxy;2022;623
71071;Céron;2022;84
71072;Cersot;2022;25
71073;Chagny;2022;1344
71074;Chaintré;2022;122
71075;Chalmoux;2022;170
71076;Chalon-sur-Saône;2022;10638
71077;Chambilly;2022;158
71078;Chamilly;2022;29
71079;Champagnat;2022;139
71080;Champagny-sous-Uxelles;2022;33
71081;Champforgeuil;2022;603
71082;Champlecy;2022;69
71084;Chânes;2022;156
71085;Change;2022;51
71086;Changy;2022;105
71087;Chapaize;2022;51
71088;La Chapelle-au-Mans;2022;56
71089;La Chapelle-de-Bragny;2022;64
71090;La Chapelle-de-Guinchay;2022;747
71091;La Chapelle-du-Mont-de-France;2022;54
71092;La Chapelle-Naude;2022;139
71093;La Chapelle-Saint-Sauveur;2022;197
71094;La Chapelle-sous-Brancion;2022;60
71095;La Chapelle-sous-Dun;2022;136
71096;La Chapelle-sous-Uchon;2022;68
71097;La Chapelle-Thècle;2022;166
71098;Charbonnat;2022;65
71099;Charbonnières;2022;95
71100;Chardonnay;2022;64
71101;Charette-Varennes;2022;127
71102;La Charmée;2022;164
71103;Charmoy;2022;58
71104;Charnay-lès-Chalon;2022;61
71105;Charnay-lès-Mâcon;2022;2199
71106;Charolles;2022;952
71107;Charrecey;2022;67
71108;Chasselas;2022;43
71109;Chassey-le-Camp;2022;66
71110;Chassigny-sous-Dun;2022;165
71111;Chassy;2022;74
71112;Château;2022;55
71113;Châteauneuf;2022;20
71115;Châtel-Moron;2022;9
71116;Châtenay;2022;54
71117;Châtenoy-en-Bresse;2022;217
71118;Châtenoy-le-Royal;2022;1672
71119;Chaudenay;2022;214
71120;Chauffailles;2022;1416
71121;La Chaux;2022;72
71122;Cheilly-lès-Maranges;2022;91
71123;Chenay-le-Châtel;2022;100
71124;Chenôves;2022;58
71125;Chérizet;2022;6
71126;Chevagny-les-Chevrières;2022;161
71127;Chevagny-sur-Guye;2022;21
71128;Chiddes;2022;32
71129;Chissey-en-Morvan;2022;119
71130;Chissey-lès-Mâcon;2022;87
71132;Ciry-le-Noble;2022;602
71133;La Clayette;2022;654
71134;Navour-sur-Grosne;2022;110
71135;Clessé;2022;194
71136;Clessy;2022;64
71137;Cluny;2022;1447
71139;Collonge-en-Charollais;2022;42
71140;Collonge-la-Madeleine;2022;10
71141;Colombier-en-Brionnais;2022;78
71142;La Comelle;2022;62
71143;Condal;2022;126
71144;Cordesse;2022;57
71145;Cormatin;2022;208
71146;Cortambert;2022;69
71147;Cortevaix;2022;59
71148;Coublanc;2022;249
71149;Couches;2022;406
71150;Crêches-sur-Saône;2022;770
71151;Créot;2022;20
71152;Cressy-sur-Somme;2022;54
71153;Le Creusot;2022;6217
71154;Crissey;2022;513
71155;Cronat;2022;165
71156;Cruzille;2022;74
71157;Cuiseaux;2022;550
71158;Cuisery;2022;545
71159;Culles-les-Roches;2022;59
71160;Curbigny;2022;90
71161;Curdin;2022;79
71162;Curgy;2022;286
71163;Curtil-sous-Buffières;2022;24
71164;Curtil-sous-Burnand;2022;48
71165;Cussy-en-Morvan;2022;142
71166;Cuzy;2022;26
71167;Damerey;2022;102
71168;Dampierre-en-Bresse;2022;72
71169;Davayé;2022;158
71170;Demigny;2022;377
71171;Dennevy;2022;62
71172;Dettey;2022;26
71173;Devrouze;2022;89
71174;Dezize-lès-Maranges;2022;58
71175;Diconne;2022;84
71176;Digoin;2022;2458
71177;Dommartin-lès-Cuiseaux;2022;192
71178;Dompierre-les-Ormes;2022;254
71179;Dompierre-sous-Sanvignes;2022;19
71181;Donzy-le-Pertuis;2022;32
71182;Dracy-le-Fort;2022;521
71183;Dracy-lès-Couches;2022;42
71184;Dracy-Saint-Loup;2022;143
71185;Dyo;2022;90
71186;Écuelles;2022;52
71187;Écuisses;2022;325
71188;Épertully;2022;16
71189;Épervans;2022;358
71190;Épinac;2022;662
71191;Essertenne;2022;119
71192;Étang-sur-Arroux;2022;600
71193;Étrigny;2022;107
71194;Farges-lès-Chalon;2022;184
71195;Farges-lès-Mâcon;2022;44
71196;Le Fay;2022;181
71198;Flacey-en-Bresse;2022;105
71199;Flagy;2022;36
71200;Fleury-la-Montagne;2022;169
71201;Fley;2022;58
71202;Fontaines;2022;470
71203;Fontenay;2022;13
71204;Fragnes-La Loyère;2022;304
71205;Frangy-en-Bresse;2022;200
71206;La Frette;2022;70
71207;Fretterans;2022;79
71208;Frontenard;2022;62
71209;Frontenaud;2022;249
71210;Fuissé;2022;73
71212;Génelard;2022;411
71213;La Genête;2022;126
71214;Genouilly;2022;101
71215;Gergy;2022;552
71216;Germagny;2022;52
71217;Germolles-sur-Grosne;2022;28
71218;Gibles;2022;174
71219;Gigny-sur-Saône;2022;138
71220;Gilly-sur-Loire;2022;139
71221;Givry;2022;1012
71222;Gourdon;2022;264
71223;La Grande-Verrière;2022;193
71224;Grandvaux;2022;24
71225;Granges;2022;83
71226;Grevilly;2022;11
71227;Grury;2022;160
71228;Guerfand;2022;40
71229;Les Guerreaux;2022;58
71230;Gueugnon;2022;2479
71231;La Guiche;2022;299
71232;Hautefond;2022;52
71233;L'Hôpital-le-Mercier;2022;71
71234;Huilly-sur-Seille;2022;78
71235;Hurigny;2022;493
71236;Igé;2022;182
71237;Igornay;2022;132
71238;Iguerande;2022;253
71239;Issy-l'Évêque;2022;283
71240;Jalogny;2022;78
71241;Jambles;2022;146
71242;Joncy;2022;159
71243;Joudes;2022;103
71244;Jouvençon;2022;98
71245;Jugy;2022;54
71246;Juif;2022;59
71247;Jully-lès-Buxy;2022;101
71248;Lacrost;2022;190
71249;Laives;2022;203
71250;Laizé;2022;217
71251;Laizy;2022;150
71252;Lalheue;2022;70
71253;Lans;2022;213
71254;Lays-sur-le-Doubs;2022;57
71255;Lesme;2022;41
71256;Lessard-en-Bresse;2022;97
71257;Lessard-le-National;2022;135
71258;Leynes;2022;130
71259;Ligny-en-Brionnais;2022;77
71261;Loisy;2022;151
71262;Longepierre;2022;62
71263;Louhans;2022;2253
71264;Lournand;2022;64
71266;Lucenay-l'Évêque;2022;80
71267;Lugny;2022;211
71268;Lugny-lès-Charolles;2022;69
71269;Lux;2022;411
71270;Mâcon;2022;7557
71271;Mailly;2022;44
71272;Malay;2022;80
71273;Maltat;2022;83
71274;Mancey;2022;110
71275;Marcigny;2022;752
71276;Marcilly-la-Gueurce;2022;39
71277;Marcilly-lès-Buxy;2022;122
71278;Marigny;2022;38
71279;Le Rousset-Marizy;2022;172
71280;Marly-sous-Issy;2022;24
71281;Marly-sur-Arroux;2022;83
71282;Marmagne;2022;342
71283;Marnay;2022;140
71284;Martailly-lès-Brancion;2022;43
71285;Martigny-le-Comte;2022;126
71286;Mary;2022;73
71287;Massilly;2022;115
71289;Matour;2022;320
71290;Mazille;2022;173
71291;Melay;2022;204
71292;Mellecey;2022;363
71293;Ménetreuil;2022;109
71294;Mercurey;2022;289
71295;Mervans;2022;474
71296;Messey-sur-Grosne;2022;142
71297;Mesvres;2022;228
71299;Milly-Lamartine;2022;76
71300;Le Miroir;2022;144
71301;Mont;2022;42
71302;Montagny-lès-Buxy;2022;50
71303;Montagny-près-Louhans;2022;105
71305;Montbellet;2022;179
71306;Montceau-les-Mines;2022;5158
71307;Montceaux-l'Étoile;2022;73
71308;Montceaux-Ragny;2022;9
71309;Montcenis;2022;716
71310;Montchanin;2022;1375
71311;Montcony;2022;78
71312;Montcoy;2022;45
71313;Monthelon;2022;70
71314;Montjay;2022;70
71315;Mont-lès-Seurre;2022;44
71316;Montmelard;2022;98
71317;Montmort;2022;44
71318;Montpont-en-Bresse;2022;343
71319;Montret;2022;162
71320;Mont-Saint-Vincent;2022;132
71321;Morey;2022;38
71322;Morlet;2022;17
71323;Mornay;2022;50
71324;Moroges;2022;133
71325;La Motte-Saint-Jean;2022;304
71326;Mouthier-en-Bresse;2022;145
71327;Mussy-sous-Dun;2022;83
71328;Nanton;2022;139
71329;Navilly;2022;105
71330;Neuvy-Grandchamp;2022;199
71331;Nochize;2022;28
71332;Ormes;2022;132
71333;Oslon;2022;268
71334;Oudry;2022;79
71335;Ouroux-sous-le-Bois-Sainte-Marie;2022;18
71336;Ouroux-sur-Saône;2022;712
71337;Oyé;2022;85
71338;Ozenay;2022;78
71339;Ozolles;2022;130
71340;Palinges;2022;384
71341;Palleau;2022;32
71342;Paray-le-Monial;2022;3290
71343;Paris-l'Hôpital;2022;78
71344;Passy;2022;17
71345;Péronne;2022;126
71346;Perrecy-les-Forges;2022;476
71347;Perreuil;2022;81
71348;Perrigny-sur-Loire;2022;32
71349;La Petite-Verrière;2022;17
71350;Pierreclos;2022;184
71351;Pierre-de-Bresse;2022;717
71352;Le Planois;2022;36
71353;Plottes;2022;143
71354;Poisson;2022;137
71355;Pontoux;2022;53
71356;Pouilloux;2022;209
71357;Pourlans;2022;60
71358;Pressy-sous-Dondin;2022;38
71359;Préty;2022;178
71360;Prissé;2022;390
71361;Prizy;2022;19
71362;Pruzilly;2022;47
71363;Le Puley;2022;24
71364;La Racineuse;2022;43
71365;Rancy;2022;139
71366;Ratenelle;2022;101
71367;Ratte;2022;108
71368;Reclesne;2022;83
71369;Remigny;2022;106
71370;Rigny-sur-Arroux;2022;162
71371;La Roche-Vineuse;2022;467
71372;Romanèche-Thorins;2022;451
71373;Romenay;2022;579
71374;Rosey;2022;42
71376;Roussillon-en-Morvan;2022;106
71377;Royer;2022;34
71378;Rully;2022;358
71379;Sagy;2022;373
71380;Saillenard;2022;221
71381;Sailly;2022;16
71382;Saint-Agnan;2022;172
71383;Saint-Albain;2022;86
71384;Saint-Ambreuil;2022;167
71385;Saint-Amour-Bellevue;2022;126
71386;Saint-André-en-Bresse;2022;24
71387;Saint-André-le-Désert;2022;88
71388;Saint-Aubin-en-Charollais;2022;81
71389;Saint-Aubin-sur-Loire;2022;84
71390;Saint-Berain-sous-Sanvignes;2022;251
71391;Saint-Bérain-sur-Dheune;2022;116
71392;Saint-Boil;2022;110
71393;Saint-Bonnet-de-Cray;2022;110
71394;Saint-Bonnet-de-Joux;2022;323
71395;Saint-Bonnet-de-Vieille-Vigne;2022;55
71396;Saint-Bonnet-en-Bresse;2022;150
71397;Sainte-Cécile;2022;57
71398;Saint-Christophe-en-Bresse;2022;186
71399;Saint-Christophe-en-Brionnais;2022;150
71400;Saint-Clément-sur-Guye;2022;42
71401;Sainte-Croix-en-Bresse;2022;186
71402;Saint-Cyr;2022;142
71403;Saint-Denis-de-Vaux;2022;49
71404;Saint-Désert;2022;219
71405;Saint-Didier-en-Bresse;2022;40
71406;Saint-Didier-en-Brionnais;2022;56
71407;Saint-Didier-sur-Arroux;2022;73
71408;Saint-Edmond;2022;86
71409;Saint-Émiland;2022;73
71410;Saint-Étienne-en-Bresse;2022;153
71411;Saint-Eugène;2022;33
71412;Saint-Eusèbe;2022;282
71413;Saint-Firmin;2022;228
71414;Saint-Forgeot;2022;140
71415;Sainte-Foy;2022;51
71416;Saint-Gengoux-de-Scissé;2022;143
71417;Saint-Gengoux-le-National;2022;399
71419;Saint-Germain-du-Bois;2022;760
71420;Saint-Germain-du-Plain;2022;619
71421;Saint-Germain-en-Brionnais;2022;55
71422;Saint-Germain-lès-Buxy;2022;50
71423;Saint-Gervais-en-Vallière;2022;105
71424;Saint-Gervais-sur-Couches;2022;54
71425;Saint-Gilles;2022;74
71426;Sainte-Hélène;2022;143
71427;Saint-Huruge;2022;24
71428;Saint-Igny-de-Roche;2022;126
71430;Saint-Jean-de-Vaux;2022;71
71431;Saint-Jean-de-Trézy;2022;75
71433;Saint-Julien-de-Civry;2022;157
71434;Saint-Julien-de-Jonzy;2022;107
71435;Saint-Julien-sur-Dheune;2022;59
71436;Saint-Laurent-d'Andenay;2022;210
71437;Saint-Laurent-en-Brionnais;2022;86
71438;Saint-Léger-du-Bois;2022;146
71439;Saint-Léger-lès-Paray;2022;184
71440;Saint-Léger-sous-Beuvray;2022;126
71441;Saint-Léger-sous-la-Bussière;2022;74
71442;Saint-Léger-sur-Dheune;2022;386
71443;Saint-Loup-Géanges;2022;286
71444;Saint-Loup-de-Varennes;2022;256
71445;Saint-Marcel;2022;1465
71446;Saint-Marcelin-de-Cray;2022;61
71447;Saint-Mard-de-Vaux;2022;72
71448;Saint-Martin-Belle-Roche;2022;335
71449;Saint-Martin-d'Auxy;2022;21
71450;Saint-Martin-de-Commune;2022;23
71451;Saint-Martin-de-Lixy;2022;21
71452;Saint-Martin-de-Salencey;2022;27
71453;Saint-Martin-du-Lac;2022;60
71454;Saint-Martin-du-Mont;2022;42
71455;Saint-Martin-du-Tartre;2022;44
71456;Saint-Martin-en-Bresse;2022;378
71457;Saint-Martin-en-Gâtinois;2022;31
71458;Saint-Martin-la-Patrouille;2022;21
71459;Saint-Martin-sous-Montaigu;2022;119
71460;Saint-Maurice-de-Satonnay;2022;91
71461;Saint-Maurice-des-Champs;2022;16
71462;Saint-Maurice-en-Rivière;2022;98
71463;Saint-Maurice-lès-Châteauneuf;2022;167
71464;Saint-Maurice-lès-Couches;2022;46
71465;Saint-Micaud;2022;45
71466;Saint-Nizier-sur-Arroux;2022;44
71468;Saint-Pierre-de-Varennes;2022;232
71469;Saint-Pierre-le-Vieux;2022;80
71470;Saint-Point;2022;84
71471;Saint-Privé;2022;26
71472;Saint-Prix;2022;72
71473;Saint-Racho;2022;47
71474;Sainte-Radegonde;2022;50
71475;Saint-Rémy;2022;1821
71477;Saint-Romain-sous-Gourdon;2022;118
71478;Saint-Romain-sous-Versigny;2022;16
71479;Saint-Sernin-du-Bois;2022;464
71480;Saint-Sernin-du-Plain;2022;161
71481;Saint-Symphorien-d'Ancelles;2022;185
71482;Saint-Symphorien-de-Marmagne;2022;178
71483;Saint-Symphorien-des-Bois;2022;112
71484;Saint-Usuge;2022;343
71485;Saint-Vallerin;2022;50
71486;Saint-Vallier;2022;2672
71487;Saint-Vérand;2022;49
71488;Saint-Vincent-des-Prés;2022;38
71489;Saint-Vincent-en-Bresse;2022;98
71490;Saint-Vincent-Bragny;2022;221
71491;Saint-Yan;2022;322
71493;Saisy;2022;71
71494;La Salle;2022;114
71495;Salornay-sur-Guye;2022;285
71496;Sampigny-lès-Maranges;2022;29
71497;Sancé;2022;576
71498;Santilly;2022;48
71499;Sanvignes-les-Mines;2022;1039
71500;Sarry;2022;35
71501;Sassangy;2022;33
71502;Sassenay;2022;357
71503;Saules;2022;28
71504;Saunières;2022;24
71505;Savianges;2022;30
71506;Savigny-en-Revermont;2022;275
71507;Savigny-sur-Grosne;2022;56
71508;Savigny-sur-Seille;2022;116
71509;La Celle-en-Morvan;2022;117
71510;Semur-en-Brionnais;2022;276
71512;Sennecey-le-Grand;2022;774
71513;Senozan;2022;253
71514;Sens-sur-Seille;2022;114
71515;Sercy;2022;31
71516;Serley;2022;163
71517;Sermesse;2022;56
71518;Serrières;2022;60
71519;Serrigny-en-Bresse;2022;40
71520;Sevrey;2022;254
71521;Sigy-le-Châtel;2022;39
71522;Simandre;2022;403
71523;Simard;2022;302
71524;Sivignon;2022;58
71525;Sologny;2022;94
71526;Solutré-Pouilly;2022;86
71527;Sommant;2022;36
71528;Sornay;2022;566
71529;Suin;2022;92
71530;Sully;2022;148
71531;La Tagnière;2022;51
71532;Taizé;2022;34
71533;Tancon;2022;132
71534;Le Tartre;2022;28
71535;Tavernay;2022;152
71537;Thil-sur-Arroux;2022;43
71538;Thurey;2022;117
71539;Tintry;2022;17
71540;Torcy;2022;644
71541;Torpes;2022;112
71542;Toulon-sur-Arroux;2022;591
71543;Tournus;2022;1772
71544;Toutenant;2022;34
71545;Tramayes;2022;357
71546;Trambly;2022;99
71547;Trivy;2022;82
71548;Tronchy;2022;49
71549;La Truchère;2022;71
71550;Uchizy;2022;182
71551;Uchon;2022;24
71552;Uxeau;2022;137
71553;Vareilles;2022;76
71554;Varenne-l'Arconce;2022;38
71555;Varennes-le-Grand;2022;414
71556;Varennes-lès-Mâcon;2022;106
71557;Varenne-Saint-Germain;2022;131
71558;Varennes-Saint-Sauveur;2022;356
71559;Varennes-sous-Dun;2022;201
71561;Vauban;2022;73
71562;Vaudebarrier;2022;65
71563;Vaux-en-Pré;2022;22
71564;Vendenesse-lès-Charolles;2022;220
71565;Vendenesse-sur-Arroux;2022;149
71566;Verdun-Ciel;2022;548
71567;Vergisson;2022;62
71568;Vérissey;2022;15
71570;Verjux;2022;139
71571;Verosvres;2022;132
71572;Vers;2022;51
71573;Versaugues;2022;61
71574;Verzé;2022;176
71576;Le Villars;2022;86
71577;Villegaudin;2022;29
71578;Clux-Villeneuve;2022;73
71579;Villeneuve-en-Montagne;2022;37
71580;Vincelles;2022;129
71581;Vindecy;2022;61
71582;La Vineuse sur Fregande;2022;187
71583;Vinzelles;2022;210
71584;Viré;2022;293
71585;Virey-le-Grand;2022;245
71586;Viry;2022;71
71588;Vitry-en-Charollais;2022;245
71589;Vitry-sur-Loire;2022;108
71590;Volesvres;2022;138
71591;Fleurville;2022;124
72001;Aigné;2022;261
72002;Aillières-Beauvoir;2022;52
72003;Allonnes;2022;2768
72004;Amné;2022;72
72005;Ancinnes;2022;212
72006;Arçonnay;2022;519
72007;Ardenay-sur-Mérize;2022;97
72008;Arnage;2022;1498
72009;Arthezé;2022;44
72010;Asnières-sur-Vègre;2022;79
72011;Assé-le-Boisne;2022;188
72012;Assé-le-Riboul;2022;91
72013;Aubigné-Racan;2022;593
72015;Les Aulneaux;2022;16
72016;Auvers-le-Hamon;2022;332
72017;Auvers-sous-Montfaucon;2022;28
72018;Avesnes-en-Saosnois;2022;21
72019;Avessé;2022;37
72020;Avezé;2022;99
72021;Avoise;2022;98
72022;Le Bailleul;2022;230
72023;Ballon-Saint Mars;2022;503
72024;La Bazoge;2022;810
72025;Bazouges Cré sur Loir;2022;413
72026;Beaufay;2022;309
72027;Beaumont-sur-Dême;2022;91
72028;Beaumont-Pied-de-Bœuf;2022;89
72029;Beaumont-sur-Sarthe;2022;724
72031;Beillé;2022;68
72032;Berfay;2022;71
72034;Bérus;2022;121
72035;Bessé-sur-Braye;2022;721
72036;Béthon;2022;59
72037;Blèves;2022;25
72038;Boëssé-le-Sec;2022;84
72039;Bonnétable;2022;1249
72040;La Bosse;2022;22
72041;Bouër;2022;31
72042;Bouloire;2022;592
72043;Bourg-le-Roi;2022;78
72044;Bousse;2022;67
72045;Brains-sur-Gée;2022;105
72046;Le Breil-sur-Mérize;2022;254
72047;Brette-les-Pins;2022;328
72048;Briosne-lès-Sables;2022;92
72049;La Bruère-sur-Loir;2022;54
72050;Brûlon;2022;422
72051;Cérans-Foulletourte;2022;651
72052;Chahaignes;2022;296
72053;Challes;2022;230
72054;Champagné;2022;583
72056;Champfleur;2022;371
72057;Champrond;2022;10
72058;Changé;2022;1507
72059;Chantenay-Villedieu;2022;161
72060;La Chapelle-aux-Choux;2022;77
72061;La Chapelle-d'Aligné;2022;250
72062;La Chapelle-du-Bois;2022;137
72064;La Chapelle-Huon;2022;150
72065;La Chapelle-Saint-Aubin;2022;638
72066;La Chapelle-Saint-Fray;2022;78
72067;La Chapelle-Saint-Rémy;2022;156
72068;La Chartre-sur-le-Loir;2022;561
72070;Chassillé;2022;43
72071;Montval-sur-Loir;2022;2064
72072;Château-l'Hermitage;2022;30
72073;Chaufour-Notre-Dame;2022;168
72074;Chemiré-en-Charnie;2022;61
72075;Chemiré-le-Gaudin;2022;150
72076;Chenay;2022;41
72077;Chenu;2022;120
72078;Chérancé;2022;76
72079;Chérisay;2022;58
72080;Cherré-Au;2022;753
72083;Chevillé;2022;37
72084;Clermont-Créans;2022;249
72085;Cogners;2022;44
72086;Commerveil;2022;31
72087;Conflans-sur-Anille;2022;115
72088;Congé-sur-Orne;2022;43
72089;Conlie;2022;568
72090;Connerré;2022;712
72091;Contilly;2022;42
72093;Cormes;2022;175
72094;Coudrecieux;2022;141
72095;Coulaines;2022;1666
72096;Coulans-sur-Gée;2022;298
72098;Coulongé;2022;109
72099;Courcebœufs;2022;72
72100;Courcelles-la-Forêt;2022;56
72101;Courcemont;2022;86
72102;Courcival;2022;22
72103;Courdemanche;2022;167
72104;Courgains;2022;119
72105;Courgenard;2022;108
72106;Courtillers;2022;110
72107;Crannes-en-Champagne;2022;54
72109;Crissé;2022;96
72110;Crosmières;2022;149
72111;Cures;2022;71
72112;Dangeul;2022;93
72113;Degré;2022;101
72114;Dehault;2022;42
72115;Dissay-sous-Courcillon;2022;248
72118;Dollon;2022;340
72119;Domfront-en-Champagne;2022;172
72120;Doucelles;2022;23
72121;Douillet;2022;74
72122;Duneau;2022;224
72123;Dureil;2022;16
72124;Écommoy;2022;1245
72125;Écorpain;2022;48
72126;Épineu-le-Chevreuil;2022;58
72127;Étival-lès-le-Mans;2022;471
72128;Val-d'Étangson;2022;135
72129;Fatines;2022;104
72130;Fay;2022;96
72131;Fercé-sur-Sarthe;2022;106
72132;La Ferté-Bernard;2022;2670
72133;Fillé;2022;223
72134;Flée;2022;115
72135;La Fontaine-Saint-Martin;2022;92
72136;Fontenay-sur-Vègre;2022;41
72137;Villeneuve-en-Perseigne;2022;525
72138;Fresnay-sur-Sarthe;2022;937
72139;Fyé;2022;209
72141;Gesnes-le-Gandelin;2022;150
72142;Grandchamp;2022;31
72143;Le Grand-Lucé;2022;681
72144;Gréez-sur-Roc;2022;119
72145;Le Grez;2022;98
72146;Guécélard;2022;692
72147;La Guierche;2022;183
72148;Jauzé;2022;16
72149;Joué-en-Charnie;2022;84
72150;Joué-l'Abbé;2022;194
72151;Juigné-sur-Sarthe;2022;205
72152;Juillé;2022;132
72153;Jupilles;2022;135
72154;La Flèche;2022;3925
72155;Laigné-Saint-Gervais;2022;967
72156;Lamnay;2022;143
72157;Lavardin;2022;154
72158;Lavaré;2022;149
72160;Lavernat;2022;108
72161;Lhomme;2022;328
72163;Ligron;2022;73
72164;Livet-en-Saosnois;2022;16
72165;Lombron;2022;428
72166;Longnes;2022;42
72167;Louailles;2022;79
72168;Loué;2022;590
72169;Louplande;2022;266
72170;Louvigny;2022;46
72171;Louzes;2022;39
72172;Le Luart;2022;295
72173;Luceau;2022;336
72174;Lucé-sous-Ballon;2022;17
72175;Luché-Pringé;2022;454
72176;Le Lude;2022;1415
72177;Maigné;2022;47
72178;Maisoncelles;2022;30
72179;Malicorne-sur-Sarthe;2022;475
72180;Mamers;2022;1595
72181;Le Mans;2022;32003
72182;Mansigné;2022;393
72183;Marçon;2022;239
72184;Mareil-en-Champagne;2022;69
72185;Mareil-sur-Loir;2022;115
72186;Maresché;2022;174
72187;Marigné-Laillé;2022;281
72188;Marollette;2022;33
72189;Marolles-les-Braults;2022;721
72190;Marolles-lès-Saint-Calais;2022;83
72191;Mayet;2022;935
72192;Les Mées;2022;31
72193;Melleray;2022;111
72194;Meurcé;2022;26
72195;Mézeray;2022;324
72196;Mézières-sur-Ponthouin;2022;117
72197;Mézières-sous-Lavardin;2022;86
72198;La Milesse;2022;518
72199;Moitron-sur-Sarthe;2022;50
72200;Moncé-en-Belin;2022;634
72201;Moncé-en-Saosnois;2022;46
72202;Monhoudou;2022;36
72204;Montaillé;2022;99
72205;Montbizot;2022;274
72208;Montmirail;2022;147
72209;Montreuil-le-Chétif;2022;63
72210;Montreuil-le-Henri;2022;60
72211;Mont-Saint-Jean;2022;141
72212;Moulins-le-Carbonnel;2022;144
72213;Mulsanne;2022;1232
72214;Nauvay;2022;3
72215;Neufchâtel-en-Saosnois;2022;232
72216;Neuvillalais;2022;68
72217;Neuville-sur-Sarthe;2022;574
72218;Neuvillette-en-Charnie;2022;49
72219;Bernay-Neuvy-en-Champagne;2022;123
72220;Nogent-le-Bernard;2022;260
72221;Nogent-sur-Loir;2022;95
72222;Nouans;2022;57
72223;Noyen-sur-Sarthe;2022;623
72224;Nuillé-le-Jalais;2022;76
72225;Oisseau-le-Petit;2022;142
72226;Oizé;2022;176
72227;Panon;2022;4
72228;Parcé-sur-Sarthe;2022;447
72229;Parennes;2022;99
72230;Parigné-le-Pôlin;2022;198
72231;Parigné-l'Évêque;2022;1233
72232;Notre-Dame-du-Pé;2022;48
72233;Peray;2022;17
72234;Pezé-le-Robert;2022;88
72235;Piacé;2022;69
72236;Pincé;2022;37
72237;Pirmil;2022;68
72238;Pizieux;2022;16
72239;Poillé-sur-Vègre;2022;98
72241;Montfort-le-Gesnois;2022;744
72243;Pontvallain;2022;376
72244;Précigné;2022;651
72245;Préval;2022;132
72246;Prévelles;2022;29
72247;Pruillé-le-Chétif;2022;240
72248;Pruillé-l'Éguillé;2022;148
72249;La Quinte;2022;100
72250;Rahay;2022;35
72251;René;2022;61
72252;Requeil;2022;234
72253;Roëzé-sur-Sarthe;2022;517
72254;Rouessé-Fontaine;2022;56
72255;Rouessé-Vassé;2022;177
72256;Rouez;2022;153
72257;Rouillon;2022;686
72259;Rouperroux-le-Coquet;2022;48
72260;Ruaudin;2022;932
72261;Ruillé-en-Champagne;2022;46
72262;Loir en Vallée;2022;807
72264;Sablé-sur-Sarthe;2022;2944
72265;Saint-Aignan;2022;41
72266;Saint-Aubin-de-Locquenay;2022;186
72267;Saint-Aubin-des-Coudrais;2022;171
72268;Saint-Biez-en-Belin;2022;119
72269;Saint-Calais;2022;1146
72270;Saint-Calez-en-Saosnois;2022;50
72271;Saint-Célerin;2022;98
72272;Sainte-Cérotte;2022;82
72273;Saint-Christophe-du-Jambet;2022;41
72274;Saint-Christophe-en-Champagne;2022;34
72275;Saint-Corneille;2022;198
72276;Saint-Cosme-en-Vairais;2022;551
72277;Saint-Denis-des-Coudrais;2022;20
72278;Saint-Denis-d'Orques;2022;225
72279;Saint-Georges-de-la-Couée;2022;61
72280;Saint-Georges-du-Bois;2022;482
72281;Saint-Georges-du-Rosay;2022;99
72282;Saint-Georges-le-Gaultier;2022;125
72283;Saint-Germain-d'Arcé;2022;70
72286;Saint-Gervais-de-Vic;2022;88
72289;Sainte-Jamme-sur-Sarthe;2022;476
72290;Saint-Jean-d'Assé;2022;212
72291;Saint-Jean-de-la-Motte;2022;199
72292;Saint-Jean-des-Échelles;2022;52
72293;Saint-Jean-du-Bois;2022;142
72294;Saint-Léonard-des-Bois;2022;116
72295;Saint-Longis;2022;149
72296;Saint-Maixent;2022;144
72297;Saint-Marceau;2022;87
72299;Saint-Mars-d'Outillé;2022;400
72300;Saint-Mars-la-Brière;2022;480
72302;Saint-Martin-des-Monts;2022;42
72303;Saint-Michel-de-Chavaignes;2022;149
72305;Saint-Ouen-de-Mimbré;2022;216
72306;Saint-Ouen-en-Belin;2022;193
72307;Saint-Ouen-en-Champagne;2022;28
72308;Saint-Paterne - Le Chevain;2022;552
72309;Saint-Paul-le-Gaultier;2022;54
72310;Saint-Pavace;2022;554
72311;Saint-Pierre-de-Chevillé;2022;83
72312;Saint-Pierre-des-Bois;2022;36
72313;Saint-Pierre-des-Ormes;2022;45
72314;Saint-Pierre-du-Lorouër;2022;76
72315;Saint-Rémy-de-Sillé;2022;214
72316;Saint-Rémy-des-Monts;2022;159
72317;Saint-Rémy-du-Val;2022;136
72319;Sainte-Sabine-sur-Longève;2022;102
72320;Saint-Saturnin;2022;572
72321;Saint-Symphorien;2022;89
72322;Saint-Ulphace;2022;57
72323;Saint-Victeur;2022;71
72324;Saint-Vincent-des-Prés;2022;73
72325;Saint-Vincent-du-Lorouër;2022;231
72326;Saosnes;2022;42
72327;Sarcé;2022;56
72328;Sargé-lès-le-Mans;2022;1082
72329;Savigné-l'Évêque;2022;1080
72330;Savigné-sous-le-Lude;2022;82
72331;Sceaux-sur-Huisne;2022;88
72332;Ségrie;2022;134
72333;Semur-en-Vallon;2022;94
72334;Sillé-le-Guillaume;2022;784
72335;Sillé-le-Philippe;2022;213
72336;Solesmes;2022;447
72337;Sougé-le-Ganelon;2022;233
72338;Souillé;2022;75
72339;Souligné-Flacé;2022;124
72340;Souligné-sous-Ballon;2022;215
72341;Soulitré;2022;87
72342;Souvigné-sur-Même;2022;43
72343;Souvigné-sur-Sarthe;2022;111
72344;Spay;2022;589
72345;Surfonds;2022;54
72346;La Suze-sur-Sarthe;2022;1083
72347;Tassé;2022;42
72348;Tassillé;2022;15
72349;Teillé;2022;73
72350;Teloché;2022;543
72351;Tennie;2022;270
72352;Terrehault;2022;30
72353;Théligny;2022;35
72354;Thoigné;2022;33
72355;Thoiré-sous-Contensor;2022;17
72356;Thoiré-sur-Dinan;2022;91
72357;Thorée-les-Pins;2022;139
72358;Thorigné-sur-Dué;2022;381
72359;Torcé-en-Vallée;2022;232
72360;Trangé;2022;258
72361;Tresson;2022;88
72362;Le Tronchet;2022;24
72363;Tuffé Val de la Chéronne;2022;455
72364;Vaas;2022;384
72366;Valennes;2022;89
72367;Vallon-sur-Gée;2022;175
72368;Vancé;2022;101
72369;Verneil-le-Chétif;2022;93
72370;Vernie;2022;49
72372;Vezot;2022;16
72373;Vibraye;2022;861
72374;Villaines-la-Carelle;2022;46
72375;Villaines-la-Gonais;2022;106
72376;Villaines-sous-Lucé;2022;103
72377;Villaines-sous-Malicorne;2022;182
72378;Vion;2022;207
72379;Viré-en-Champagne;2022;37
72380;Vivoin;2022;216
72381;Voivres-lès-le-Mans;2022;204
72382;Val-de-la-Hune;2022;238
72383;Vouvray-sur-Huisne;2022;9
72385;Yvré-le-Pôlin;2022;343
72386;Yvré-l'Évêque;2022;1246
73001;Aiguebelette-le-Lac;2022;60
73003;Grand-Aigueblanche;2022;874
73004;Aillon-le-Jeune;2022;92
73005;Aillon-le-Vieux;2022;43
73006;Aime-la-Plagne;2022;959
73007;Aiton;2022;208
73008;Aix-les-Bains;2022;8730
73010;Entrelacs;2022;1141
73011;Albertville;2022;4410
73012;Albiez-le-Jeune;2022;32
73013;Albiez-Montrond;2022;106
73014;Allondaz;2022;51
73015;Les Allues;2022;292
73017;Apremont;2022;248
73018;Arbin;2022;239
73019;Argentine;2022;200
73020;Arith;2022;98
73021;Arvillard;2022;159
73022;Attignat-Oncin;2022;129
73023;Aussois;2022;147
73024;Les Avanchers-Valmorel;2022;146
73025;Avressieux;2022;88
73026;Avrieux;2022;78
73027;Ayn;2022;94
73028;La Balme;2022;72
73029;Barberaz;2022;1184
73030;Barby;2022;792
73031;Bassens;2022;977
73032;La Bâthie;2022;457
73033;La Bauche;2022;58
73034;Beaufort;2022;565
73036;Bellecombe-en-Bauges;2022;121
73039;Belmont-Tramonet;2022;104
73040;Bessans;2022;103
73041;Betton-Bettonet;2022;52
73042;Billième;2022;66
73043;La Biolle;2022;465
73047;Bonneval-sur-Arc;2022;40
73048;Bonvillard;2022;60
73049;Bonvillaret;2022;28
73050;Bourdeau;2022;117
73051;Le Bourget-du-Lac;2022;964
73052;Bourget-en-Huile;2022;41
73053;Bourgneuf;2022;103
73054;Bourg-Saint-Maurice;2022;1420
73055;Bozel;2022;490
73057;Brides-les-Bains;2022;135
73058;La Bridoire;2022;254
73059;Brison-Saint-Innocent;2022;745
73061;Césarches;2022;80
73063;Cevins;2022;166
73064;Challes-les-Eaux;2022;1280
73065;Chambéry;2022;11816
73067;La Chambre;2022;381
73068;Chamousset;2022;95
73069;Chamoux-sur-Gelon;2022;178
73070;Champagneux;2022;117
73071;Champagny-en-Vanoise;2022;121
73072;Champ-Laurent;2022;13
73073;Chanaz;2022;127
73074;La Chapelle;2022;69
73075;La Chapelle-Blanche;2022;136
73076;La Chapelle-du-Mont-du-Chat;2022;44
73077;Les Chapelles;2022;88
73078;La Chapelle-Saint-Martin;2022;20
73079;Châteauneuf;2022;166
73081;Le Châtelard;2022;154
73082;La Chavanne;2022;89
73083;Les Chavannes-en-Maurienne;2022;51
73084;Chignin;2022;190
73085;Chindrieux;2022;393
73086;Cléry;2022;68
73087;Cognin;2022;1495
73088;Cohennoz;2022;40
73089;Coise-Saint-Jean-Pied-Gauthier;2022;208
73090;La Compôte;2022;58
73091;Conjux;2022;73
73092;Corbel;2022;30
73094;Crest-Voland;2022;88
73095;La Croix-de-la-Rochette;2022;65
73096;Cruet;2022;227
73097;Curienne;2022;142
73098;Les Déserts;2022;160
73099;Détrier;2022;82
73100;Domessin;2022;443
73101;Doucy-en-Bauges;2022;23
73103;Drumettaz-Clarafond;2022;513
73104;Dullin;2022;63
73105;Les Échelles;2022;239
73106;École;2022;75
73107;Entremont-le-Vieux;2022;127
73109;Épierre;2022;162
73110;Esserts-Blay;2022;184
73113;Feissons-sur-Salins;2022;38
73114;Flumet;2022;200
73116;Fontcouverte-la-Toussuire;2022;121
73117;Fourneaux;2022;177
73119;Freney;2022;25
73120;Fréterive;2022;133
73121;Frontenex;2022;445
73122;Gerbaix;2022;98
73123;La Giettaz;2022;114
73124;Gilly-sur-Isère;2022;871
73128;Grésy-sur-Aix;2022;773
73129;Grésy-sur-Isère;2022;237
73130;Grignon;2022;438
73131;Hautecour;2022;68
73132;Hauteluce;2022;153
73133;Hauteville;2022;62
73135;La Tour-en-Maurienne;2022;256
73137;Jacob-Bellecombette;2022;918
73138;Jarrier;2022;146
73139;Jarsy;2022;80
73140;Jongieux;2022;60
73141;Laissaud;2022;111
73142;Landry;2022;149
73145;Lépin-le-Lac;2022;82
73146;Lescheraines;2022;160
73147;Loisieux;2022;52
73149;Lucey;2022;73
73150;La Plagne Tarentaise;2022;654
73151;Porte-de-Savoie;2022;730
73152;Marcieux;2022;53
73153;Marthod;2022;318
73154;Mercury;2022;761
73155;Méry;2022;329
73156;Meyrieux-Trouet;2022;72
73157;Modane;2022;913
73159;Les Mollettes;2022;123
73160;Montagnole;2022;237
73161;Montagny;2022;142
73162;Montailleur;2022;129
73164;Montcel;2022;165
73166;Montendry;2022;6
73168;Montgilbert;2022;30
73170;Monthion;2022;88
73171;Montmélian;2022;871
73173;Montricher-Albanne;2022;110
73175;Montsapey;2022;34
73176;Montvalezan;2022;115
73177;Montvernier;2022;51
73178;La Motte-en-Bauges;2022;89
73179;La Motte-Servolex;2022;2944
73180;Motz;2022;107
73181;Moûtiers;2022;677
73182;Mouxy;2022;555
73183;Myans;2022;275
73184;Nances;2022;85
73186;Notre-Dame-de-Bellecombe;2022;121
73187;La Léchère;2022;528
73188;Notre-Dame-des-Millières;2022;196
73189;Notre-Dame-du-Cruet;2022;49
73190;Notre-Dame-du-Pré;2022;72
73191;Novalaise;2022;481
73192;Le Noyer;2022;44
73193;Ontex;2022;19
73194;Orelle;2022;81
73196;Pallud;2022;202
73197;Peisey-Nancroix;2022;128
73200;Planaise;2022;83
73201;Planay;2022;84
73202;Plancherine;2022;84
73204;Le Pont-de-Beauvoisin;2022;547
73205;Le Pontet;2022;31
73206;Pralognan-la-Vanoise;2022;151
73207;Presle;2022;92
73208;Pugny-Chatenod;2022;272
73210;Puygros;2022;59
73211;Queige;2022;202
73212;Val-d'Arc;2022;443
73213;La Ravoire;2022;1958
73214;Rochefort;2022;44
73215;Valgelon-La Rochette;2022;973
73216;Rognaix;2022;84
73217;Rotherens;2022;51
73218;Ruffieux;2022;146
73219;Saint-Alban-de-Montbel;2022;124
73220;Saint-Alban-d'Hurtières;2022;93
73221;Saint-Alban-des-Villards;2022;34
73222;Saint-Alban-Leysse;2022;1508
73223;Saint-André;2022;107
73224;Saint-Avre;2022;178
73225;Saint-Baldoph;2022;718
73226;Saint-Béron;2022;339
73227;Courchevel;2022;382
73228;Saint-Cassin;2022;172
73229;Saint-Christophe;2022;161
73230;Saint-Colomban-des-Villards;2022;53
73231;Saint-Étienne-de-Cuines;2022;291
73232;Sainte-Foy-Tarentaise;2022;143
73233;Saint-Franc;2022;32
73234;Saint-François-de-Sales;2022;27
73235;Saint François Longchamp;2022;125
73236;Saint-Genix-les-Villages;2022;698
73237;Saint-Georges-d'Hurtières;2022;101
73240;Sainte-Hélène-du-Lac;2022;139
73241;Sainte-Hélène-sur-Isère;2022;216
73242;Saint-Jean-d'Arves;2022;34
73243;Saint-Jean-d'Arvey;2022;318
73245;Saint-Jean-de-Chevelu;2022;143
73246;Saint-Jean-de-Couz;2022;35
73247;Saint-Jean-de-la-Porte;2022;187
73248;Saint-Jean-de-Maurienne;2022;2165
73249;Saint-Jeoire-Prieuré;2022;312
73250;Saint-Julien-Mont-Denis;2022;424
73252;Saint-Léger;2022;73
73253;Saint-Marcel;2022;128
73254;Sainte-Marie-d'Alvey;2022;27
73255;Sainte-Marie-de-Cuines;2022;147
73256;Saint-Martin-d'Arc;2022;86
73257;Les Belleville;2022;520
73258;Saint-Martin-de-la-Porte;2022;192
73259;Saint-Martin-sur-la-Chambre;2022;140
73261;Saint-Michel-de-Maurienne;2022;711
73262;Saint-Nicolas-la-Chapelle;2022;106
73263;Saint-Offenge;2022;192
73265;Saint-Ours;2022;103
73267;Saint-Pancrace;2022;59
73268;Saint-Paul-sur-Isère;2022;119
73269;Saint-Paul-sur-Yenne;2022;117
73270;Saint-Pierre-d'Albigny;2022;982
73271;Saint-Pierre-d'Alvey;2022;63
73272;Saint-Pierre-de-Belleville;2022;40
73273;Saint-Pierre-de-Curtille;2022;77
73274;Saint-Pierre-d'Entremont;2022;100
73275;Saint-Pierre-de-Genebroz;2022;64
73276;Saint-Pierre-de-Soucy;2022;91
73277;Sainte-Reine;2022;44
73278;Saint-Rémy-de-Maurienne;2022;266
73280;Saint-Sorlin-d'Arves;2022;63
73281;Saint-Sulpice;2022;177
73282;Saint-Thibaud-de-Couz;2022;169
73283;Saint-Vital;2022;156
73284;Salins-Fontaine;2022;296
73285;Séez;2022;476
73286;Serrières-en-Chautagne;2022;202
73288;Sonnaz;2022;323
73289;La Table;2022;71
73290;Val-Cenis;2022;514
73292;Thénésol;2022;63
73293;Thoiry;2022;70
73294;La Thuile;2022;44
73296;Tignes;2022;171
73297;Tournon;2022;126
73298;Tours-en-Savoie;2022;235
73299;Traize;2022;60
73300;Tresserve;2022;982
73301;Trévignin;2022;139
73302;La Trinité;2022;75
73303;Ugine;2022;1694
73304;Val-d'Isère;2022;223
73306;Valloire;2022;257
73307;Valmeinier;2022;59
73308;Venthon;2022;132
73309;Verel-de-Montbel;2022;68
73310;Verel-Pragondran;2022;111
73311;Le Verneil;2022;19
73312;Verrens-Arvey;2022;199
73313;Verthemex;2022;44
73314;Villard-d'Héry;2022;39
73315;Villard-Léger;2022;72
73316;Villard-Sallet;2022;61
73317;Villard-sur-Doron;2022;119
73318;Villarembert;2022;46
73320;Villargondran;2022;194
73322;Villarodin-Bourget;2022;118
73323;Villaroger;2022;82
73324;Villaroux;2022;50
73326;Vimines;2022;426
73327;Vions;2022;79
73328;Viviers-du-Lac;2022;470
73329;Voglans;2022;334
73330;Yenne;2022;749
74001;Abondance;2022;263
74002;Alby-sur-Chéran;2022;277
74003;Alex;2022;192
74004;Allèves;2022;52
74005;Allinges;2022;865
74006;Allonzier-la-Caille;2022;209
74007;Amancy;2022;415
74008;Ambilly;2022;1112
74009;Andilly;2022;102
74010;Annecy;2022;26931
74012;Annemasse;2022;4931
74013;Anthy-sur-Léman;2022;508
74014;Arâches-la-Frasse;2022;266
74015;Arbusigny;2022;125
74016;Archamps;2022;350
74018;Arenthon;2022;296
74019;Argonay;2022;584
74020;Armoy;2022;306
74021;Arthaz-Pont-Notre-Dame;2022;297
74024;Ayse;2022;472
74025;Ballaison;2022;272
74026;La Balme-de-Sillingy;2022;854
74027;La Balme-de-Thuy;2022;71
74029;Bassy;2022;79
74030;La Baume;2022;37
74031;Beaumont;2022;336
74032;Bellevaux;2022;289
74033;Bernex;2022;279
74034;Le Biot;2022;86
74035;Bloye;2022;97
74036;Bluffy;2022;81
74037;Boëge;2022;348
74038;Bogève;2022;171
74040;Bonne;2022;549
74041;Bonnevaux;2022;42
74042;Bonneville;2022;1956
74043;Bons-en-Chablais;2022;845
74044;Bossey;2022;147
74045;Le Bouchet-Mont-Charvin;2022;51
74046;Boussy;2022;82
74048;Brenthonne;2022;179
74049;Brizon;2022;78
74050;Burdignin;2022;122
74051;Cercier;2022;99
74052;Cernex;2022;185
74053;Cervens;2022;249
74054;Chainaz-les-Frasses;2022;92
74055;Challonges;2022;81
74056;Chamonix-Mont-Blanc;2022;1993
74057;Champanges;2022;206
74058;La Chapelle-d'Abondance;2022;164
74059;La Chapelle-Rambaud;2022;51
74060;La Chapelle-Saint-Maurice;2022;35
74061;Chapeiry;2022;157
74062;Charvonnex;2022;181
74063;Châtel;2022;161
74064;Châtillon-sur-Cluses;2022;237
74065;Chaumont;2022;87
74066;Chavannaz;2022;40
74067;Chavanod;2022;648
74068;Chêne-en-Semine;2022;96
74069;Chênex;2022;94
74070;Chens-sur-Léman;2022;332
74071;Chessenaz;2022;38
74072;Chevaline;2022;70
74073;Chevenoz;2022;107
74074;Chevrier;2022;72
74075;Chilly;2022;207
74076;Choisy;2022;284
74077;Clarafond-Arcine;2022;150
74078;Clermont;2022;47
74079;Les Clefs;2022;86
74080;La Clusaz;2022;432
74081;Cluses;2022;3140
74082;Collonges-sous-Salève;2022;693
74083;Combloux;2022;454
74085;Les Contamines-Montjoie;2022;284
74086;Contamine-Sarzin;2022;67
74087;Contamine-sur-Arve;2022;266
74088;Copponex;2022;133
74089;Cordon;2022;195
74090;Cornier;2022;198
74091;La Côte-d'Arbroz;2022;58
74094;Cranves-Sales;2022;1231
74095;Crempigny-Bonneguête;2022;32
74096;Cruseilles;2022;771
74097;Cusy;2022;315
74098;Cuvat;2022;196
74099;Demi-Quartier;2022;224
74100;Desingy;2022;115
74101;Dingy-en-Vuache;2022;75
74102;Dingy-Saint-Clair;2022;188
74103;Domancy;2022;428
74104;Doussard;2022;852
74105;Douvaine;2022;924
74106;Draillant;2022;119
74107;Droisy;2022;18
74108;Duingt;2022;242
74109;Éloise;2022;178
74111;Entrevernes;2022;42
74112;Epagny Metz-Tessy;2022;1166
74114;Essert-Romand;2022;89
74116;Etaux;2022;314
74117;Étercy;2022;122
74118;Étrembières;2022;296
74119;Évian-les-Bains;2022;2005
74121;Excenevex;2022;210
74122;Faucigny;2022;103
74123;Faverges-Seythenex;2022;1913
74124;Feigères;2022;254
74126;Fessy;2022;141
74127;Féternes;2022;226
74128;Fillinges;2022;587
74129;La Forclaz;2022;56
74130;Franclens;2022;67
74131;Frangy;2022;393
74133;Gaillard;2022;1756
74134;Les Gets;2022;277
74135;Giez;2022;129
74136;Le Grand-Bornand;2022;458
74137;Groisy;2022;631
74138;Gruffy;2022;284
74139;Habère-Lullin;2022;158
74140;Habère-Poche;2022;213
74141;Hauteville-sur-Fier;2022;139
74142;Héry-sur-Alby;2022;141
74143;Les Houches;2022;578
74144;Jonzier-Épagny;2022;94
74145;Juvigny;2022;139
74146;Larringes;2022;198
74147;Lathuile;2022;293
74148;Leschaux;2022;65
74150;Loisin;2022;319
74151;Lornay;2022;57
74152;Lovagny;2022;200
74153;Lucinges;2022;297
74154;Lugrin;2022;465
74155;Lullin;2022;155
74156;Lully;2022;124
74157;Lyaud;2022;254
74158;Machilly;2022;193
74159;Magland;2022;576
74160;Manigod;2022;218
74161;Marcellaz-Albanais;2022;364
74162;Marcellaz;2022;160
74163;Margencel;2022;360
74164;Marignier;2022;1192
74165;Marigny-Saint-Marcel;2022;153
74166;Marin;2022;340
74167;Val de Chaise;2022;287
74168;Marlioz;2022;121
74169;Marnaz;2022;879
74170;Massingy;2022;141
74171;Massongy;2022;277
74172;Maxilly-sur-Léman;2022;274
74173;Megève;2022;926
74174;Mégevette;2022;94
74175;Meillerie;2022;51
74176;Menthon-Saint-Bernard;2022;513
74177;Menthonnex-en-Bornes;2022;109
74178;Menthonnex-sous-Clermont;2022;104
74179;Mésigny;2022;117
74180;Messery;2022;399
74183;Mieussy;2022;399
74184;Minzier;2022;97
74185;Monnetier-Mornex;2022;437
74186;Montagny-les-Lanches;2022;117
74188;Montriond;2022;168
74189;Mont-Saxonnex;2022;233
74190;Morillon;2022;127
74191;Morzine;2022;695
74192;Moye;2022;169
74193;La Muraz;2022;134
74194;Mûres;2022;153
74195;Musièges;2022;56
74196;Nancy-sur-Cluses;2022;60
74197;Nangy;2022;208
74198;Nâves-Parmelan;2022;185
74199;Nernier;2022;119
74200;Neuvecelle;2022;615
74201;Neydens;2022;237
74202;Nonglard;2022;108
74203;Novel;2022;9
74205;Onnion;2022;191
74206;Orcier;2022;180
74208;Passy;2022;2295
74209;Peillonnex;2022;208
74210;Perrignier;2022;333
74211;Pers-Jussy;2022;518
74212;Glières-Val-de-Borne;2022;265
74213;Poisy;2022;1585
74215;Praz-sur-Arly;2022;297
74216;Présilly;2022;155
74218;Publier;2022;1379
74219;Quintal;2022;267
74220;Reignier-Ésery;2022;1374
74221;Le Reposoir;2022;97
74222;Reyvroz;2022;89
74223;La Rivière-Enverse;2022;93
74224;La Roche-sur-Foron;2022;1588
74225;Rumilly;2022;2700
74226;Saint-André-de-Boëge;2022;92
74228;Saint-Blaise;2022;28
74229;Saint-Cergues;2022;656
74231;Saint-Eusèbe;2022;81
74232;Saint-Eustache;2022;88
74233;Saint-Félix;2022;346
74234;Saint-Ferréol;2022;220
74235;Saint-Germain-sur-Rhône;2022;69
74236;Saint-Gervais-les-Bains;2022;1216
74237;Saint-Gingolph;2022;127
74238;Saint-Jean-d'Aulps;2022;276
74239;Saint-Jean-de-Sixt;2022;294
74240;Saint-Jean-de-Tholome;2022;139
74241;Saint-Jeoire;2022;495
74242;Saint-Jorioz;2022;1889
74243;Saint-Julien-en-Genevois;2022;1991
74244;Saint-Laurent;2022;123
74249;Saint-Paul-en-Chablais;2022;451
74250;Saint-Pierre-en-Faucigny;2022;1081
74252;Saint-Sigismond;2022;120
74253;Saint-Sixt;2022;125
74254;Saint-Sylvestre;2022;111
74255;Sales;2022;366
74256;Sallanches;2022;3678
74257;Sallenôves;2022;103
74258;Samoëns;2022;587
74259;Le Sappey;2022;67
74260;Savigny;2022;114
74261;Saxel;2022;56
74262;Scientrier;2022;154
74263;Sciez;2022;1011
74264;Scionzier;2022;1127
74265;Serraval;2022;101
74266;Servoz;2022;195
74267;Sevrier;2022;1080
74269;Seyssel;2022;473
74271;Seytroux;2022;78
74272;Sillingy;2022;843
74273;Sixt-Fer-à-Cheval;2022;148
74275;Talloires-Montmin;2022;462
74276;Taninges;2022;714
74278;Thyez;2022;1298
74279;Thollon-les-Mémises;2022;124
74280;Thônes;2022;1291
74281;Thonon-les-Bains;2022;8007
74282;Fillière;2022;1537
74283;Thusy;2022;164
74284;La Tour;2022;327
74285;Usinens;2022;64
74286;Vacheresse;2022;189
74287;Vailly;2022;166
74288;Valleiry;2022;583
74289;Vallières-sur-Fier;2022;420
74290;Vallorcine;2022;68
74291;Vanzy;2022;67
74292;Vaulx;2022;155
74293;Veigy-Foncenex;2022;695
74294;Verchaix;2022;143
74295;La Vernaz;2022;24
74296;Vers;2022;114
74297;Versonnex;2022;75
74298;Vétraz-Monthoux;2022;1550
74299;Veyrier-du-Lac;2022;691
74301;Villard;2022;131
74302;Les Villards-sur-Thônes;2022;178
74303;Villaz;2022;551
74304;Ville-en-Sallaz;2022;140
74305;Ville-la-Grand;2022;1493
74306;Villy-le-Bouveret;2022;71
74307;Villy-le-Pelloux;2022;76
74308;Vinzier;2022;148
74309;Viry;2022;669
74310;Viuz-la-Chiésaz;2022;254
74311;Viuz-en-Sallaz;2022;770
74312;Vougy;2022;187
74313;Vovray-en-Bornes;2022;50
74314;Vulbens;2022;191
74315;Yvoire;2022;147
75056;Paris;2022;369936
76001;Allouville-Bellefosse;2022;218
76002;Alvimare;2022;94
76004;Ambrumesnil;2022;126
76005;Amfreville-la-Mi-Voie;2022;412
76006;Amfreville-les-Champs;2022;22
76007;Anceaumeville;2022;155
76008;Ancourt;2022;163
76009;Ancourteville-sur-Héricourt;2022;47
76010;Ancretiéville-Saint-Victor;2022;55
76011;Ancretteville-sur-Mer;2022;26
76012;Angerville-Bailleul;2022;36
76013;Angerville-la-Martel;2022;159
76014;Angerville-l'Orcher;2022;316
76015;Angiens;2022;147
76016;Anglesqueville-la-Bras-Long;2022;21
76017;Anglesqueville-l'Esneval;2022;96
76018;Val-de-Saâne;2022;323
76019;Anneville-sur-Scie;2022;101
76020;Anneville-Ambourville;2022;294
76021;Annouville-Vilmesnil;2022;75
76022;Anquetierville;2022;51
76023;Anvéville;2022;53
76024;Ardouval;2022;44
76025;Argueil;2022;92
76026;Arques-la-Bataille;2022;630
76028;Aubéguimont;2022;32
76029;Aubermesnil-aux-Érables;2022;42
76030;Aubermesnil-Beaumais;2022;90
76032;Auberville-la-Manuel;2022;39
76033;Auberville-la-Renault;2022;60
76034;Val-de-Scie;2022;548
76035;Aumale;2022;671
76036;Auppegard;2022;138
76038;Authieux-Ratiéville;2022;63
76039;Les Authieux-sur-le-Port-Saint-Ouen;2022;265
76040;Autigny;2022;42
76041;Les Hauts-de-Caux;2022;279
76042;Auvilliers;2022;24
76043;Auzebosc;2022;182
76045;Auzouville-l'Esneval;2022;55
76046;Auzouville-sur-Ry;2022;123
76047;Auzouville-sur-Saâne;2022;45
76048;Avesnes-en-Bray;2022;50
76049;Avesnes-en-Val;2022;68
76050;Avremesnil;2022;209
76051;Bacqueville-en-Caux;2022;377
76052;Bailleul-Neuville;2022;33
76053;Baillolet;2022;34
76054;Bailly-en-Rivière;2022;115
76055;Baons-le-Comte;2022;74
76056;Bardouville;2022;120
76057;Barentin;2022;2490
76058;Baromesnil;2022;58
76059;Bazinval;2022;88
76060;Beaubec-la-Rosière;2022;76
76062;Beaumont-le-Hareng;2022;40
76063;Beauval-en-Caux;2022;80
76064;Beaurepaire;2022;91
76065;Beaussault;2022;76
76066;Beautot;2022;22
76067;Beauvoir-en-Lyons;2022;122
76068;Bec-de-Mortagne;2022;99
76069;Belbeuf;2022;493
76070;Bellencombre;2022;113
76071;Bellengreville;2022;106
76072;Belleville-en-Caux;2022;87
76074;La Bellière;2022;7
76075;Belmesnil;2022;70
76076;Bénarville;2022;41
76077;Bénesville;2022;31
76079;Bénouville;2022;30
76082;Bernières;2022;109
76083;Bertheauville;2022;10
76084;Bertreville;2022;21
76085;Bertreville-Saint-Ouen;2022;63
76086;Bertrimont;2022;28
76087;Berville-en-Caux;2022;86
76088;Berville-sur-Seine;2022;97
76090;Beuzeville-la-Grenier;2022;228
76091;Beuzeville-la-Guérard;2022;37
76092;Beuzevillette;2022;120
76093;Bézancourt;2022;85
76094;Bierville;2022;53
76095;Bihorel;2022;2134
76096;Biville-la-Baignarde;2022;110
76097;Biville-la-Rivière;2022;24
76099;Blacqueville;2022;102
76100;Blainville-Crevon;2022;258
76101;Blangy-sur-Bresle;2022;844
76103;Bonsecours;2022;2038
76104;Blosseville;2022;82
76105;Le Bocasse;2022;153
76106;Bois-d'Ennebourg;2022;114
76107;Bois-Guilbert;2022;44
76108;Bois-Guillaume;2022;4014
76109;Bois-Héroult;2022;34
76110;Bois-Himont;2022;72
76111;Bois-l'Évêque;2022;126
76112;Le Bois-Robert;2022;84
76113;Boissay;2022;45
76114;Bolbec;2022;2332
76115;Bolleville;2022;112
76116;Boos;2022;568
76117;Bordeaux-Saint-Clair;2022;121
76118;Bornambusc;2022;45
76119;Bosc-Bérenger;2022;36
76120;Bosc-Bordel;2022;90
76121;Bosc-Édeline;2022;64
76122;Callengeville;2022;109
76123;Bosc-Guérard-Saint-Adrien;2022;155
76124;Bosc-Hyons;2022;79
76125;Bosc-le-Hard;2022;404
76126;Bosc-Mesnil;2022;36
76128;Bosville;2022;84
76129;Boudeville;2022;35
76130;Bouelles;2022;62
76131;La Bouille;2022;134
76132;Bourdainville;2022;67
76133;Le Bourg-Dun;2022;95
76134;Bourville;2022;46
76135;Bouville;2022;256
76136;Brachy;2022;148
76138;Bracquetuit;2022;57
76139;Bradiancourt;2022;21
76140;Brametot;2022;37
76141;Bréauté;2022;246
76142;Brémontier-Merval;2022;89
76143;Bretteville-du-Grand-Caux;2022;237
76144;Bretteville-Saint-Laurent;2022;28
76146;Buchy;2022;693
76147;Bully;2022;163
76148;Bures-en-Bray;2022;55
76149;Butot;2022;35
76151;Cailleville;2022;48
76152;Cailly;2022;161
76153;Calleville-les-Deux-Églises;2022;64
76154;Campneuseville;2022;87
76155;Canehan;2022;62
76156;Canouville;2022;52
76157;Canteleu;2022;2759
76158;Canville-les-Deux-Églises;2022;49
76159;Cany-Barville;2022;728
76160;Carville-la-Folletière;2022;44
76161;Carville-Pot-de-Fer;2022;18
76162;Le Catelier;2022;44
76163;Catenay;2022;164
76164;Rives-en-Seine;2022;1116
76165;Caudebec-lès-Elbeuf;2022;2108
76166;Le Caule-Sainte-Beuve;2022;75
76167;Cauville-sur-Mer;2022;260
76168;Les Cent-Acres;2022;6
76169;La Cerlangue;2022;216
76170;La Chapelle-du-Bourgay;2022;25
76171;La Chapelle-Saint-Ouen;2022;5
76172;La Chapelle-sur-Dun;2022;48
76173;La Chaussée;2022;76
76174;Cideville;2022;56
76175;Clais;2022;48
76176;Clasville;2022;65
76177;Claville-Motteville;2022;74
76178;Cléon;2022;1075
76179;Clères;2022;304
76180;Cleuville;2022;28
76181;Cléville;2022;33
76182;Cliponville;2022;39
76183;Colleville;2022;164
76184;Colmesnil-Manneville;2022;24
76185;Compainville;2022;28
76186;Conteville;2022;110
76187;Contremoulins;2022;50
76188;Cottévrard;2022;82
76189;Crasville-la-Mallet;2022;46
76190;Crasville-la-Rocquefort;2022;58
76192;Criel-sur-Mer;2022;702
76193;La Crique;2022;54
76194;Criquebeuf-en-Caux;2022;110
76195;Criquetot-le-Mauconduit;2022;24
76196;Criquetot-l'Esneval;2022;599
76197;Criquetot-sur-Longueville;2022;33
76198;Criquetot-sur-Ouville;2022;111
76199;Criquiers;2022;131
76200;Critot;2022;86
76201;Croisy-sur-Andelle;2022;109
76202;Croixdalle;2022;55
76203;Croix-Mare;2022;123
76204;Cropus;2022;50
76205;Crosville-sur-Scie;2022;78
76206;Cuverville;2022;45
76207;Cuverville-sur-Yères;2022;41
76208;Cuy-Saint-Fiacre;2022;122
76209;Dampierre-en-Bray;2022;95
76210;Dampierre-Saint-Nicolas;2022;130
76211;Dancourt;2022;55
76212;Darnétal;2022;1746
76213;Daubeuf-Serville;2022;62
76214;Dénestanville;2022;53
76216;Déville-lès-Rouen;2022;1848
76217;Dieppe;2022;8639
76218;Doudeauville;2022;26
76219;Doudeville;2022;516
76220;Douvrend;2022;107
76221;Drosay;2022;56
76222;Duclair;2022;1022
76223;Écalles-Alix;2022;87
76224;Écrainville;2022;215
76225;Écretteville-lès-Baons;2022;64
76226;Écretteville-sur-Mer;2022;25
76227;Ectot-l'Auber;2022;82
76228;Ectot-lès-Baons;2022;100
76229;Elbeuf-en-Bray;2022;85
76230;Elbeuf-sur-Andelle;2022;61
76231;Elbeuf;2022;2534
76232;Életot;2022;115
76233;Ellecourt;2022;35
76234;Émanville;2022;95
76235;Envermeu;2022;467
76236;Envronville;2022;48
76237;Épinay-sur-Duclair;2022;62
76238;Épouville;2022;696
76239;Épretot;2022;94
76240;Épreville;2022;202
76241;Ermenouville;2022;36
76242;Ernemont-la-Villette;2022;43
76243;Ernemont-sur-Buchy;2022;43
76244;Esclavelles;2022;73
76245;Eslettes;2022;313
76247;Esteville;2022;84
76249;Étaimpuis;2022;141
76250;Étainhus;2022;195
76251;Étalleville;2022;91
76252;Étalondes;2022;255
76253;Étoutteville;2022;101
76254;Étretat;2022;504
76255;Eu;2022;2284
76257;Fallencourt;2022;42
76258;Terres-de-Caux;2022;876
76259;Fécamp;2022;4755
76260;Ferrières-en-Bray;2022;485
76261;La Ferté-Saint-Samson;2022;101
76262;Fesques;2022;34
76263;La Feuillie;2022;367
76264;Flamanville;2022;67
76265;Flamets-Frétils;2022;22
76266;Flocques;2022;167
76268;Fongueusemare;2022;22
76269;Fontaine-en-Bray;2022;34
76270;Fontaine-la-Mallet;2022;821
76271;Fontaine-le-Bourg;2022;263
76272;Fontaine-le-Dun;2022;198
76273;Fontaine-sous-Préaux;2022;102
76274;La Fontelaye;2022;5
76275;Fontenay;2022;307
76276;Forges-les-Eaux;2022;1316
76278;Foucarmont;2022;211
76279;Foucart;2022;43
76280;Fréauville;2022;48
76281;La Frénaye;2022;454
76282;Freneuse;2022;299
76283;Fresles;2022;40
76284;Fresnay-le-Long;2022;53
76285;Fresne-le-Plan;2022;96
76286;Fresnoy-Folny;2022;159
76287;Fresquiennes;2022;169
76288;Freulleville;2022;60
76289;Saint Martin de l'If;2022;309
76290;Frichemesnil;2022;75
76291;Froberville;2022;212
76292;Fry;2022;37
76293;Fultot;2022;43
76294;La Gaillarde;2022;89
76295;Gaillefontaine;2022;320
76296;Gainneville;2022;494
76297;Gancourt-Saint-Étienne;2022;44
76298;Ganzeville;2022;106
76299;Gerponville;2022;71
76300;Gerville;2022;71
76302;Goderville;2022;704
76303;Gommerville;2022;119
76304;Gonfreville-Caillot;2022;72
76305;Gonfreville-l'Orcher;2022;1654
76306;Gonnetot;2022;24
76307;Gonneville-la-Mallet;2022;344
76308;Gonneville-sur-Scie;2022;60
76309;Gonzeville;2022;37
76311;Goupillières;2022;89
76312;Gournay-en-Bray;2022;1792
76313;Gouy;2022;118
76314;Graimbouville;2022;81
76315;Grainville-la-Teinturière;2022;312
76316;Grainville-sur-Ry;2022;101
76317;Grainville-Ymauville;2022;60
76318;Grand-Camp;2022;106
76319;Grand-Couronne;2022;1863
76320;Grandcourt;2022;74
76321;Les Grandes-Ventes;2022;456
76322;Le Grand-Quevilly;2022;6620
76323;Graval;2022;21
76324;Grèges;2022;231
76325;Grémonville;2022;74
76327;Greuville;2022;97
76328;Grigneuseville;2022;64
76329;Gruchet-le-Valasse;2022;648
76330;Gruchet-Saint-Siméon;2022;155
76331;Grugny;2022;434
76332;Grumesnil;2022;82
76333;Guerville;2022;95
76334;Gueures;2022;100
76335;Gueutteville;2022;15
76336;Gueutteville-les-Grès;2022;83
76338;La Hallotière;2022;34
76339;Le Hanouard;2022;51
76340;Harcanville;2022;126
76341;Harfleur;2022;1458
76342;Hattenville;2022;83
76343;Haucourt;2022;47
76344;Haudricourt;2022;105
76345;Haussez;2022;70
76346;Hautot-l'Auvray;2022;48
76347;Hautot-le-Vatois;2022;67
76348;Hautot-Saint-Sulpice;2022;106
76349;Hautot-sur-Mer;2022;588
76350;Hautot-sur-Seine;2022;81
76351;Le Havre;2022;34471
76352;La Haye;2022;69
76353;Héberville;2022;17
76354;Hénouville;2022;322
76355;Héricourt-en-Caux;2022;172
76356;Hermanville;2022;23
76357;Hermeville;2022;80
76359;Héronchelles;2022;27
76360;Heugleville-sur-Scie;2022;122
76361;Heuqueville;2022;111
76362;Heurteauville;2022;69
76363;Hodeng-au-Bosc;2022;153
76364;Hodeng-Hodenger;2022;59
76365;Houdetot;2022;34
76366;Le Houlme;2022;911
76367;Houppeville;2022;592
76368;Houquetot;2022;46
76369;La Houssaye-Béranger;2022;105
76370;Hugleville-en-Caux;2022;50
76371;Les Ifs;2022;11
76372;Illois;2022;53
76373;Imbleville;2022;65
76374;Incheville;2022;302
76375;Ingouville;2022;78
76377;Isneauville;2022;818
76378;Jumièges;2022;429
76379;Lamberville;2022;28
76380;Lammerville;2022;53
76381;Landes-Vieilles-et-Neuves;2022;30
76382;Lanquetot;2022;209
76383;Lestanville;2022;13
76384;Lillebonne;2022;1773
76385;Limésy;2022;322
76386;Limpiville;2022;59
76387;Lindebeuf;2022;57
76388;Lintot;2022;91
76389;Lintot-les-Bois;2022;48
76390;Les Loges;2022;240
76391;La Londe;2022;505
76392;Londinières;2022;348
76393;Longmesnil;2022;12
76394;Longroy;2022;132
76395;Longueil;2022;138
76396;Longuerue;2022;59
76397;Longueville-sur-Scie;2022;174
76398;Louvetot;2022;122
76399;Lucy;2022;41
76400;Luneray;2022;755
76401;Arelaune-en-Seine;2022;572
76402;Malaunay;2022;1120
76403;Malleville-les-Grès;2022;40
76404;Manéglise;2022;205
76405;Manéhouville;2022;36
76406;Maniquerville;2022;50
76407;Manneville-ès-Plains;2022;48
76408;Manneville-la-Goupil;2022;141
76409;Mannevillette;2022;122
76410;Maromme;2022;2425
76411;Marques;2022;49
76412;Martainville-Épreville;2022;148
76413;Martigny;2022;113
76414;Martin-Église;2022;380
76415;Massy;2022;56
76416;Mathonville;2022;27
76417;Maucomble;2022;72
76418;Maulévrier-Sainte-Gertrude;2022;204
76419;Mauny;2022;27
76420;Mauquenchy;2022;61
76421;Mélamare;2022;159
76422;Melleville;2022;53
76423;Ménerval;2022;35
76424;Ménonval;2022;41
76425;Mentheville;2022;29
76426;Mésangueville;2022;32
76427;Mesnières-en-Bray;2022;175
76428;Le Mesnil-Durdent;2022;10
76429;Le Mesnil-Esnard;2022;2213
76430;Mesnil-Follemprise;2022;25
76431;Le Mesnil-Lieubray;2022;11
76432;Mesnil-Mauger;2022;43
76433;Mesnil-Panneville;2022;116
76434;Mesnil-Raoul;2022;142
76435;Le Mesnil-Réaume;2022;117
76436;Le Mesnil-sous-Jumièges;2022;124
76437;Meulers;2022;99
76438;Millebosc;2022;62
76439;Mirville;2022;74
76440;Molagnies;2022;40
76441;Monchaux-Soreng;2022;150
76442;Monchy-sur-Eu;2022;115
76443;Mont-Cauvaire;2022;123
76445;Montérolier;2022;92
76446;Montigny;2022;346
76447;Montivilliers;2022;3717
76448;Montmain;2022;261
76449;Montreuil-en-Caux;2022;80
76450;Montroty;2022;42
76451;Mont-Saint-Aignan;2022;4542
76452;Montville;2022;1062
76453;Morgny-la-Pommeraye;2022;203
76454;Mortemer;2022;18
76455;Morville-le-Héron;2022;81
76456;Motteville;2022;117
76457;Moulineaux;2022;127
76458;Muchedent;2022;21
76459;Nesle-Hodeng;2022;68
76460;Nesle-Normandeuse;2022;128
76461;Neufbosc;2022;50
76462;Neufchâtel-en-Bray;2022;1588
76463;Neuf-Marché;2022;121
76464;La Neuville-Chant-d'Oisel;2022;423
76465;Neuville-Ferrières;2022;128
76467;Néville;2022;261
76468;Nointot;2022;229
76469;Nolléval;2022;77
76470;Normanville;2022;127
76471;Norville;2022;211
76472;Notre-Dame-d'Aliermont;2022;128
76473;Notre-Dame-de-Bliquetuit;2022;149
76474;Notre-Dame-de-Bondeville;2022;1451
76475;Franqueville-Saint-Pierre;2022;1360
76476;Port-Jérôme-sur-Seine;2022;2116
76477;Notre-Dame-du-Bec;2022;83
76478;Notre-Dame-du-Parc;2022;26
76479;Nullemont;2022;35
76480;Ocqueville;2022;81
76481;Octeville-sur-Mer;2022;1344
76482;Offranville;2022;887
76483;Oherville;2022;59
76484;Oissel;2022;2132
76485;Omonville;2022;57
76486;Orival;2022;145
76487;Osmoy-Saint-Valery;2022;73
76488;Ouainville;2022;81
76489;Oudalle;2022;80
76490;Ourville-en-Caux;2022;221
76491;Ouville-l'Abbaye;2022;112
76492;Ouville-la-Rivière;2022;133
76493;Paluel;2022;76
76494;Parc-d'Anxtot;2022;83
76495;Pavilly;2022;1326
76497;Petit-Couronne;2022;1603
76498;Le Petit-Quevilly;2022;3626
76499;Petiville;2022;201
76500;Pierrecourt;2022;93
76501;Pierrefiques;2022;17
76502;Pierreval;2022;82
76503;Pissy-Pôville;2022;290
76504;Pleine-Sève;2022;29
76505;Pommereux;2022;16
76506;Pommeréval;2022;42
76507;Ponts-et-Marais;2022;235
76508;La Poterie-Cap-d'Antifer;2022;83
76509;Préaux;2022;363
76510;Prétot-Vicquemare;2022;38
76511;Preuseville;2022;37
76512;Puisenval;2022;7
76513;Quevillon;2022;114
76514;Quévreville-la-Poterie;2022;190
76515;Quiberville-sur-Mer;2022;148
76516;Quièvrecourt;2022;130
76517;Quincampoix;2022;737
76518;Raffetot;2022;98
76519;Rainfreville;2022;22
76520;Réalcamp;2022;119
76521;Rebets;2022;31
76522;La Remuée;2022;226
76523;Rétonval;2022;49
76524;Reuville;2022;24
76526;Ricarville-du-Val;2022;26
76527;Richemont;2022;107
76528;Rieux;2022;142
76529;Riville;2022;59
76530;Robertot;2022;36
76531;Rocquefort;2022;57
76532;Rocquemont;2022;107
76533;Rogerville;2022;366
76534;Rolleville;2022;258
76535;Roncherolles-en-Bray;2022;84
76536;Roncherolles-sur-le-Vivier;2022;291
76537;Ronchois;2022;26
76538;Rosay;2022;55
76540;Rouen;2022;16801
76541;Roumare;2022;278
76542;Routes;2022;50
76543;Rouville;2022;105
76544;Rouvray-Catillon;2022;44
76545;Rouxmesnil-Bouteilles;2022;436
76546;Royville;2022;51
76547;La Rue-Saint-Pierre;2022;110
76548;Ry;2022;189
76549;Saâne-Saint-Just;2022;25
76550;Sahurs;2022;251
76551;Sainneville;2022;160
76552;Sainte-Adresse;2022;2316
76553;Sainte-Agathe-d'Aliermont;2022;54
76554;Saint-Aignan-sur-Ry;2022;58
76555;Saint-André-sur-Cailly;2022;154
76556;Saint-Antoine-la-Forêt;2022;164
76557;Saint-Arnoult;2022;235
76558;Saint-Aubin-Celloville;2022;160
76559;Saint-Aubin-de-Crétot;2022;76
76560;Saint-Aubin-Épinay;2022;186
76561;Saint-Aubin-lès-Elbeuf;2022;2044
76562;Saint-Aubin-le-Cauf;2022;204
76563;Saint-Aubin-Routot;2022;259
76564;Saint-Aubin-sur-Mer;2022;79
76565;Saint-Aubin-sur-Scie;2022;277
76566;Sainte-Austreberthe;2022;106
76567;Sainte-Beuve-en-Rivière;2022;26
76568;Saint-Clair-sur-les-Monts;2022;121
76569;Sainte-Colombe;2022;48
76570;Saint-Crespin;2022;123
76571;Sainte-Croix-sur-Buchy;2022;110
76572;Saint-Denis-d'Aclon;2022;36
76573;Saint-Denis-le-Thiboult;2022;111
76574;Saint-Denis-sur-Scie;2022;95
76575;Saint-Étienne-du-Rouvray;2022;5092
76576;Saint-Eustache-la-Forêt;2022;231
76577;Sainte-Foy;2022;108
76578;Sainte-Geneviève;2022;54
76580;Saint-Georges-sur-Fontaine;2022;172
76581;Saint-Germain-des-Essourts;2022;71
76582;Saint-Germain-d'Étables;2022;58
76583;Saint-Germain-sous-Cailly;2022;38
76584;Saint-Germain-sur-Eaulne;2022;44
76585;Saint-Gilles-de-Crétot;2022;32
76586;Saint-Gilles-de-la-Neuville;2022;100
76587;Sainte-Hélène-Bondeville;2022;155
76588;Saint-Hellier;2022;109
76589;Saint-Honoré;2022;33
76590;Saint-Jacques-d'Aliermont;2022;77
76591;Saint-Jacques-sur-Darnétal;2022;834
76592;Saint-Jean-de-Folleville;2022;165
76593;Saint-Jean-de-la-Neuville;2022;82
76594;Saint-Jean-du-Cardonnay;2022;332
76595;Saint-Jouin-Bruneval;2022;369
76596;Saint-Laurent-de-Brèvedent;2022;308
76597;Saint-Laurent-en-Caux;2022;154
76598;Saint-Léger-aux-Bois;2022;103
76599;Saint-Léger-du-Bourg-Denis;2022;719
76600;Saint-Léonard;2022;462
76601;Saint-Lucien;2022;38
76602;Saint-Maclou-de-Folleville;2022;119
76603;Saint-Maclou-la-Brière;2022;66
76604;Saint-Mards;2022;40
76605;Sainte-Marguerite-sur-Mer;2022;139
76606;Morienne;2022;37
76608;Sainte-Marguerite-sur-Duclair;2022;337
76609;Sainte-Marie-au-Bosc;2022;48
76610;Sainte-Marie-des-Champs;2022;412
76611;Saint-Martin-aux-Arbres;2022;56
76612;Saint-Martin-au-Bosc;2022;40
76613;Saint-Martin-aux-Buneaux;2022;129
76614;Saint-Martin-de-Boscherville;2022;397
76615;Saint-Martin-du-Bec;2022;120
76616;Saint-Martin-du-Manoir;2022;350
76617;Saint-Martin-du-Vivier;2022;510
76618;Petit-Caux;2022;1677
76619;Saint-Martin-le-Gaillard;2022;58
76620;Saint-Martin-l'Hortier;2022;52
76621;Saint-Martin-Osmonville;2022;174
76622;Saint-Maurice-d'Ételan;2022;55
76623;Saint-Michel-d'Halescourt;2022;30
76624;Saint-Nicolas-d'Aliermont;2022;1050
76626;Saint-Nicolas-de-la-Haie;2022;59
76627;Saint-Nicolas-de-la-Taille;2022;234
76628;Saint-Ouen-du-Breuil;2022;140
76629;Saint-Ouen-le-Mauger;2022;37
76630;Saint-Ouen-sous-Bailly;2022;48
76631;Saint-Paër;2022;284
76632;Saint-Pierre-Bénouville;2022;63
76634;Saint-Pierre-de-Manneville;2022;180
76635;Saint-Pierre-des-Jonquières;2022;28
76636;Saint-Pierre-de-Varengeville;2022;552
76637;Saint-Pierre-en-Port;2022;267
76638;Saint-Pierre-en-Val;2022;258
76640;Saint-Pierre-lès-Elbeuf;2022;1910
76641;Saint-Pierre-le-Vieux;2022;52
76642;Saint-Pierre-le-Viger;2022;54
76644;Saint-Rémy-Boscrocourt;2022;163
76645;Saint-Riquier-en-Rivière;2022;22
76646;Saint-Riquier-ès-Plains;2022;101
76647;Saint-Romain-de-Colbosc;2022;1279
76648;Saint-Saëns;2022;606
76649;Saint-Saire;2022;84
76650;Saint-Sauveur-d'Émalleville;2022;193
76651;Saint-Sylvain;2022;30
76652;Saint-Vaast-d'Équiqueville;2022;132
76653;Saint-Vaast-Dieppedalle;2022;65
76654;Saint-Vaast-du-Val;2022;70
76655;Saint-Valery-en-Caux;2022;1212
76656;Saint-Victor-l'Abbaye;2022;126
76657;Saint-Vigor-d'Ymonville;2022;181
76658;Saint-Vincent-Cramesnil;2022;112
76660;Sandouville;2022;128
76662;Sassetot-le-Malgardé;2022;20
76663;Sassetot-le-Mauconduit;2022;366
76664;Sasseville;2022;29
76665;Sauchay;2022;83
76666;Saumont-la-Poterie;2022;81
76667;Sauqueville;2022;69
76668;Saussay;2022;46
76669;Sausseuzemare-en-Caux;2022;71
76670;Senneville-sur-Fécamp;2022;168
76671;Sept-Meules;2022;32
76672;Serqueux;2022;250
76673;Servaville-Salmonville;2022;186
76675;Sierville;2022;178
76676;Sigy-en-Bray;2022;105
76677;Smermesnil;2022;52
76678;Sommery;2022;146
76679;Sommesnil;2022;20
76680;Sorquainville;2022;32
76681;Sotteville-lès-Rouen;2022;6307
76682;Sotteville-sous-le-Val;2022;109
76683;Sotteville-sur-Mer;2022;93
76684;Tancarville;2022;200
76685;Thérouldeville;2022;104
76686;Theuville-aux-Maillots;2022;81
76688;Thiergeville;2022;64
76689;Thiétreville;2022;66
76690;Thil-Manneville;2022;74
76691;Le Thil-Riberpré;2022;44
76692;Thiouville;2022;45
76693;Le Tilleul;2022;170
76694;Tocqueville-en-Caux;2022;34
76695;Tocqueville-les-Murs;2022;46
76697;Torcy-le-Grand;2022;165
76698;Torcy-le-Petit;2022;106
76699;Le Torp-Mesnil;2022;69
76700;Tôtes;2022;269
76702;Touffreville-la-Corbeline;2022;154
76703;Touffreville-sur-Eu;2022;54
76705;Tourville-la-Rivière;2022;513
76706;Tourville-les-Ifs;2022;103
76707;Tourville-sur-Arques;2022;262
76708;Toussaint;2022;199
76709;Le Trait;2022;1114
76710;Trémauville;2022;24
76711;Le Tréport;2022;1391
76712;La Trinité-du-Mont;2022;157
76714;Les Trois-Pierres;2022;158
76715;Trouville;2022;117
76716;Turretot;2022;302
76717;Val-de-la-Haye;2022;152
76718;Valliquerville;2022;289
76719;Valmont;2022;240
76720;Varengeville-sur-Mer;2022;397
76721;Varneville-Bretteville;2022;55
76723;Vassonville;2022;53
76724;Vatierville;2022;21
76725;Vattetot-sous-Beaumont;2022;90
76726;Vattetot-sur-Mer;2022;65
76727;Vatteville-la-Rue;2022;225
76728;La Vaupalière;2022;232
76730;Veauville-lès-Quelles;2022;23
76731;Vénestanville;2022;32
76732;Butot-Vénesville;2022;40
76733;Ventes-Saint-Rémy;2022;58
76734;Vergetot;2022;63
76735;Veules-les-Roses;2022;232
76736;Veulettes-sur-Mer;2022;84
76737;Vibeuf;2022;107
76738;Vieux-Manoir;2022;131
76739;Vieux-Rouen-sur-Bresle;2022;131
76740;La Vieux-Rue;2022;73
76741;Villainville;2022;45
76743;Villers-Écalles;2022;396
76744;Villers-sous-Foucarmont;2022;39
76745;Villy-sur-Yères;2022;33
76746;Vinnemerville;2022;34
76747;Virville;2022;53
76748;Vittefleur;2022;150
76749;Wanchy-Capval;2022;76
76750;Yainville;2022;194
76751;Yébleron;2022;239
76752;Yerville;2022;764
76753;Ymare;2022;192
76754;Yport;2022;224
76755;Ypreville-Biville;2022;97
76756;Yquebeuf;2022;48
76757;Yvecrique;2022;98
76758;Yvetot;2022;3004
76759;Yville-sur-Seine;2022;93
77001;Achères-la-Forêt;2022;229
77002;Amillis;2022;189
77003;Amponville;2022;69
77004;Andrezel;2022;59
77005;Annet-sur-Marne;2022;465
77006;Arbonne-la-Forêt;2022;230
77007;Argentières;2022;60
77008;Armentières-en-Brie;2022;128
77009;Arville;2022;24
77010;Aubepierre-Ozouer-le-Repos;2022;126
77011;Aufferville;2022;84
77012;Augers-en-Brie;2022;51
77013;Aulnoy;2022;64
77014;Avon;2022;3010
77015;Baby;2022;14
77016;Bagneaux-sur-Loing;2022;292
77018;Bailly-Romainvilliers;2022;484
77019;Balloy;2022;60
77020;Bannost-Villegagnon;2022;91
77021;Barbey;2022;28
77022;Barbizon;2022;444
77023;Barcy;2022;24
77024;Bassevelle;2022;54
77025;Bazoches-lès-Bray;2022;192
77026;Beauchery-Saint-Martin;2022;64
77027;Beaumont-du-Gâtinais;2022;255
77029;Beauvoir;2022;33
77030;Bellot;2022;137
77031;Bernay-Vilbert;2022;160
77032;Beton-Bazoches;2022;144
77033;Bezalles;2022;35
77034;Blandy;2022;138
77035;Blennes;2022;119
77036;Boisdon;2022;19
77037;Bois-le-Roi;2022;1273
77038;Boissettes;2022;101
77039;Boissise-la-Bertrand;2022;364
77040;Boissise-le-Roi;2022;989
77041;Boissy-aux-Cailles;2022;58
77042;Boissy-le-Châtel;2022;643
77043;Boitron;2022;59
77044;Bombon;2022;230
77045;Bougligny;2022;135
77046;Boulancourt;2022;68
77047;Bouleurs;2022;224
77048;Bourron-Marlotte;2022;696
77049;Boutigny;2022;189
77050;Bransles;2022;125
77051;Bray-sur-Seine;2022;556
77052;Bréau;2022;43
77053;Brie-Comte-Robert;2022;2763
77054;La Brosse-Montceaux;2022;184
77055;Brou-sur-Chantereine;2022;572
77056;Burcy;2022;31
77057;Bussières;2022;65
77058;Bussy-Saint-Georges;2022;2279
77059;Bussy-Saint-Martin;2022;131
77060;Buthiers;2022;191
77061;Cannes-Écluse;2022;650
77062;Carnetin;2022;96
77063;La Celle-sur-Morin;2022;180
77065;Cély;2022;248
77066;Cerneux;2022;49
77067;Cesson;2022;1620
77068;Cessoy-en-Montois;2022;54
77069;Chailly-en-Bière;2022;452
77070;Chailly-en-Brie;2022;205
77071;Chaintreaux;2022;189
77072;Chalautre-la-Grande;2022;112
77073;Chalautre-la-Petite;2022;153
77075;Chalifert;2022;204
77076;Chalmaison;2022;135
77077;Chambry;2022;180
77078;Chamigny;2022;275
77079;Champagne-sur-Seine;2022;1040
77080;Champcenest;2022;30
77081;Champdeuil;2022;108
77082;Champeaux;2022;151
77083;Champs-sur-Marne;2022;3058
77084;Changis-sur-Marne;2022;215
77085;Chanteloup-en-Brie;2022;526
77086;La Chapelle-Gauthier;2022;184
77087;La Chapelle-Iger;2022;25
77088;La Chapelle-la-Reine;2022;472
77089;La Chapelle-Rablais;2022;169
77090;La Chapelle-Saint-Sulpice;2022;37
77091;Les Chapelles-Bourbon;2022;49
77093;La Chapelle-Moutils;2022;91
77094;Charmentray;2022;41
77095;Charny;2022;178
77096;Chartrettes;2022;592
77097;Chartronges;2022;44
77098;Châteaubleau;2022;55
77099;Château-Landon;2022;869
77100;Le Châtelet-en-Brie;2022;852
77101;Châtenay-sur-Seine;2022;182
77102;Châtenoy;2022;31
77103;Châtillon-la-Borde;2022;32
77104;Châtres;2022;109
77106;Chauffry;2022;153
77107;Chaumes-en-Brie;2022;471
77108;Chelles;2022;8878
77109;Chenoise-Cucharmoy;2022;324
77110;Chenou;2022;89
77111;Chessy;2022;494
77112;Chevrainvilliers;2022;56
77113;Chevru;2022;110
77114;Chevry-Cossigny;2022;502
77115;Chevry-en-Sereine;2022;123
77116;Choisy-en-Brie;2022;266
77117;Citry;2022;124
77118;Claye-Souilly;2022;2262
77119;Clos-Fontaine;2022;46
77120;Cocherel;2022;74
77121;Collégien;2022;463
77122;Combs-la-Ville;2022;3718
77123;Compans;2022;76
77124;Conches-sur-Gondoire;2022;459
77125;Condé-Sainte-Libiaire;2022;291
77126;Congis-sur-Thérouanne;2022;238
77127;Coubert;2022;329
77128;Couilly-Pont-aux-Dames;2022;408
77129;Coulombs-en-Valois;2022;77
77130;Coulommes;2022;50
77131;Coulommiers;2022;3412
77132;Coupvray;2022;529
77133;Courcelles-en-Bassée;2022;52
77134;Courchamp;2022;32
77135;Courpalay;2022;164
77136;Courquetaine;2022;36
77137;Courtacon;2022;38
77138;Courtomer;2022;77
77139;Courtry;2022;1026
77140;Coutençon;2022;46
77141;Coutevroult;2022;114
77142;Crécy-la-Chapelle;2022;896
77143;Crégy-lès-Meaux;2022;503
77144;Crèvecœur-en-Brie;2022;49
77145;Crisenoy;2022;83
77146;Croissy-Beaubourg;2022;493
77147;La Croix-en-Brie;2022;120
77148;Crouy-sur-Ourcq;2022;310
77150;Cuisy;2022;52
77151;Dagny;2022;53
77152;Dammarie-les-Lys;2022;3446
77153;Dammartin-en-Goële;2022;1159
77154;Dammartin-sur-Tigeaux;2022;127
77155;Dampmart;2022;620
77156;Darvault;2022;190
77157;Dhuisy;2022;33
77158;Diant;2022;56
77159;Donnemarie-Dontilly;2022;632
77161;Dormelles;2022;208
77162;Doue;2022;154
77163;Douy-la-Ramée;2022;35
77164;Échouboulains;2022;85
77165;Les Écrennes;2022;104
77167;Égligny;2022;43
77168;Égreville;2022;459
77169;Émerainville;2022;1074
77171;Esbly;2022;1025
77172;Esmans;2022;200
77173;Étrépilly;2022;78
77174;Everly;2022;84
77175;Évry-Grégy-sur-Yerre;2022;433
77176;Faremoutiers;2022;395
77177;Favières;2022;200
77178;Faÿ-lès-Nemours;2022;96
77179;Féricy;2022;90
77180;Férolles-Attilly;2022;280
77181;Ferrières-en-Brie;2022;401
77182;La Ferté-Gaucher;2022;1114
77183;La Ferté-sous-Jouarre;2022;1733
77184;Flagy;2022;111
77185;Fleury-en-Bière;2022;122
77186;Fontainebleau;2022;3825
77187;Fontaine-Fourches;2022;107
77188;Fontaine-le-Port;2022;218
77190;Fontains;2022;59
77191;Fontenailles;2022;154
77192;Fontenay-Trésigny;2022;951
77193;Forfry;2022;16
77194;Forges;2022;72
77195;Fouju;2022;93
77196;Fresnes-sur-Marne;2022;63
77197;Frétoy;2022;12
77198;Fromont;2022;46
77199;Fublaines;2022;197
77200;Garentreville;2022;23
77201;Gastins;2022;97
77202;La Genevraye;2022;122
77203;Germigny-l'Évêque;2022;263
77204;Germigny-sous-Coulombs;2022;41
77205;Gesvres-le-Chapitre;2022;16
77206;Giremoutiers;2022;32
77207;Gironville;2022;25
77208;Gouaix;2022;254
77209;Gouvernes;2022;250
77210;La Grande-Paroisse;2022;671
77211;Grandpuits-Bailly-Carrois;2022;155
77212;Gravon;2022;40
77214;Gressy;2022;201
77215;Gretz-Armainvilliers;2022;1308
77216;Grez-sur-Loing;2022;269
77217;Grisy-Suisnes;2022;326
77218;Grisy-sur-Seine;2022;23
77219;Guérard;2022;367
77220;Guercheville;2022;53
77221;Guermantes;2022;226
77222;Guignes;2022;486
77223;Gurcy-le-Châtel;2022;83
77224;Hautefeuille;2022;24
77225;La Haute-Maison;2022;40
77226;Héricy;2022;601
77227;Hermé;2022;127
77228;Hondevilliers;2022;56
77229;La Houssaye-en-Brie;2022;224
77230;Ichy;2022;29
77231;Isles-les-Meldeuses;2022;89
77232;Isles-lès-Villenoy;2022;90
77233;Iverny;2022;69
77234;Jablines;2022;57
77235;Jaignes;2022;58
77236;Jaulnes;2022;75
77237;Jossigny;2022;120
77238;Jouarre;2022;835
77239;Jouy-le-Châtel;2022;228
77240;Jouy-sur-Morin;2022;433
77241;Juilly;2022;218
77242;Jutigny;2022;111
77243;Lagny-sur-Marne;2022;3712
77244;Larchant;2022;133
77245;Laval-en-Brie;2022;94
77246;Léchelle;2022;99
77247;Lescherolles;2022;93
77248;Lesches;2022;106
77249;Lésigny;2022;1374
77250;Leudon-en-Brie;2022;22
77251;Lieusaint;2022;917
77252;Limoges-Fourches;2022;45
77253;Lissy;2022;30
77254;Liverdy-en-Brie;2022;196
77255;Livry-sur-Seine;2022;572
77256;Lizines;2022;38
77257;Lizy-sur-Ourcq;2022;615
77258;Lognes;2022;1728
77259;Longperrier;2022;225
77260;Longueville;2022;317
77261;Lorrez-le-Bocage-Préaux;2022;220
77262;Louan-Villegruis-Fontaine;2022;113
77263;Luisetaines;2022;37
77264;Lumigny-Nesles-Ormeaux;2022;227
77265;Luzancy;2022;178
77266;Machault;2022;103
77267;La Madeleine-sur-Loing;2022;95
77268;Magny-le-Hongre;2022;460
77269;Maincy;2022;307
77270;Maisoncelles-en-Brie;2022;220
77271;Maisoncelles-en-Gâtinais;2022;22
77272;Maison-Rouge;2022;100
77273;Marchémoret;2022;50
77274;Marcilly;2022;59
77275;Les Marêts;2022;24
77276;Mareuil-lès-Meaux;2022;462
77277;Marles-en-Brie;2022;210
77278;Marolles-en-Brie;2022;61
77279;Marolles-sur-Seine;2022;311
77280;Mary-sur-Marne;2022;235
77281;Mauperthuis;2022;79
77282;Mauregard;2022;36
77283;May-en-Multien;2022;111
77284;Meaux;2022;7811
77285;Le Mée-sur-Seine;2022;3189
77286;Meigneux;2022;32
77287;Meilleray;2022;88
77288;Melun;2022;4875
77289;Melz-sur-Seine;2022;83
77290;Méry-sur-Marne;2022;119
77291;Le Mesnil-Amelot;2022;97
77292;Messy;2022;106
77293;Misy-sur-Yonne;2022;161
77294;Mitry-Mory;2022;2636
77295;Moisenay;2022;237
77296;Moissy-Cramayel;2022;1670
77297;Mondreville;2022;77
77298;Mons-en-Montois;2022;85
77300;Montceaux-lès-Meaux;2022;111
77301;Montceaux-lès-Provins;2022;63
77302;Moncourt-Fromonville;2022;508
77303;Montdauphin;2022;42
77304;Montenils;2022;6
77305;Montereau-Fault-Yonne;2022;3342
77306;Montereau-sur-le-Jard;2022;63
77307;Montévrain;2022;912
77308;Montgé-en-Goële;2022;88
77309;Monthyon;2022;243
77310;Montigny-le-Guesdier;2022;66
77311;Montigny-Lencoup;2022;229
77312;Montigny-sur-Loing;2022;615
77313;Montmachoux;2022;82
77314;Montolivet;2022;30
77315;Montry;2022;598
77316;Moret-Loing-et-Orvanne;2022;2782
77317;Mormant;2022;756
77318;Mortcerf;2022;283
77319;Mortery;2022;27
77320;Mouroux;2022;903
77321;Mousseaux-lès-Bray;2022;172
77322;Moussy-le-Neuf;2022;418
77323;Moussy-le-Vieux;2022;129
77325;Mouy-sur-Seine;2022;97
77326;Nandy;2022;782
77327;Nangis;2022;1445
77328;Nanteau-sur-Essonne;2022;132
77329;Nanteau-sur-Lunain;2022;110
77330;Nanteuil-lès-Meaux;2022;970
77331;Nanteuil-sur-Marne;2022;59
77332;Nantouillet;2022;33
77333;Nemours;2022;2395
77335;Chauconin-Neufmontiers;2022;268
77336;Neufmoutiers-en-Brie;2022;99
77337;Noisiel;2022;2480
77338;Noisy-Rudignon;2022;88
77339;Noisy-sur-École;2022;427
77340;Nonville;2022;109
77341;Noyen-sur-Seine;2022;84
77342;Obsonville;2022;20
77343;Ocquerre;2022;64
77344;Oissery;2022;175
77345;Orly-sur-Morin;2022;96
77347;Les Ormes-sur-Voulzie;2022;237
77348;Ormesson;2022;53
77349;Othis;2022;961
77350;Ozoir-la-Ferrière;2022;3548
77352;Ozouer-le-Voulgis;2022;232
77353;Paley;2022;120
77354;Pamfou;2022;130
77355;Paroy;2022;53
77356;Passy-sur-Seine;2022;11
77357;Pécy;2022;143
77358;Penchard;2022;176
77359;Perthes;2022;444
77360;Pézarches;2022;56
77361;Pierre-Levée;2022;63
77363;Le Pin;2022;208
77364;Le Plessis-aux-Bois;2022;16
77365;Le Plessis-Feu-Aussoux;2022;66
77366;Le Plessis-l'Évêque;2022;41
77367;Le Plessis-Placy;2022;27
77368;Poigny;2022;86
77369;Poincy;2022;138
77370;Poligny;2022;210
77371;Pommeuse;2022;420
77372;Pomponne;2022;673
77373;Pontault-Combault;2022;5599
77374;Pontcarré;2022;323
77376;Précy-sur-Marne;2022;49
77377;Presles-en-Brie;2022;296
77378;Pringy;2022;632
77379;Provins;2022;2605
77380;Puisieux;2022;39
77381;Quiers;2022;76
77382;Quincy-Voisins;2022;803
77383;Rampillon;2022;126
77384;Réau;2022;202
77385;Rebais;2022;503
77386;Recloses;2022;127
77387;Remauville;2022;72
77388;Reuil-en-Brie;2022;109
77389;La Rochette;2022;629
77390;Roissy-en-Brie;2022;3062
77391;Rouilly;2022;117
77392;Rouvres;2022;80
77393;Rozay-en-Brie;2022;548
77394;Rubelles;2022;569
77395;Rumont;2022;23
77396;Rupéreux;2022;14
77397;Saâcy-sur-Marne;2022;338
77398;Sablonnières;2022;138
77400;Saint-Augustin;2022;336
77401;Sainte-Aulde;2022;128
77402;Saint-Barthélemy;2022;60
77403;Saint-Brice;2022;170
77404;Sainte-Colombe;2022;421
77405;Saint-Cyr-sur-Morin;2022;333
77406;Saint-Denis-lès-Rebais;2022;180
77407;Saint-Fargeau-Ponthierry;2022;2320
77408;Saint-Fiacre;2022;82
77409;Saint-Germain-Laval;2022;539
77410;Saint-Germain-Laxis;2022;86
77411;Saint-Germain-sous-Doue;2022;66
77412;Saint-Germain-sur-École;2022;74
77413;Saint-Germain-sur-Morin;2022;542
77414;Saint-Hilliers;2022;77
77415;Saint-Jean-les-Deux-Jumeaux;2022;183
77416;Saint-Just-en-Brie;2022;32
77417;Saint-Léger;2022;46
77418;Saint-Loup-de-Naud;2022;169
77419;Saint-Mammès;2022;754
77420;Saint-Mard;2022;542
77421;Saint-Mars-Vieux-Maisons;2022;30
77423;Saint-Martin-des-Champs;2022;121
77424;Saint-Martin-du-Boschet;2022;30
77425;Saint-Martin-en-Bière;2022;166
77426;Saint-Méry;2022;62
77427;Saint-Mesmes;2022;64
77428;Saint-Ouen-en-Brie;2022;125
77429;Saint-Ouen-sur-Morin;2022;106
77430;Saint-Pathus;2022;771
77431;Saint-Pierre-lès-Nemours;2022;1525
77432;Saint-Rémy-de-la-Vanne;2022;173
77433;Beautheil-Saints;2022;383
77434;Saint-Sauveur-lès-Bray;2022;98
77435;Saint-Sauveur-sur-École;2022;264
77436;Saint-Siméon;2022;162
77437;Saint-Soupplets;2022;530
77438;Saint-Thibault-des-Vignes;2022;931
77439;Salins;2022;240
77440;Sammeron;2022;186
77441;Samois-sur-Seine;2022;593
77442;Samoreau;2022;528
77443;Sancy;2022;34
77444;Sancy-lès-Provins;2022;57
77445;Savigny-le-Temple;2022;3026
77446;Savins;2022;114
77447;Seine-Port;2022;441
77448;Sept-Sorts;2022;82
77449;Serris;2022;952
77450;Servon;2022;580
77451;Signy-Signets;2022;115
77452;Sigy;2022;15
77453;Sivry-Courtry;2022;186
77454;Sognolles-en-Montois;2022;55
77455;Soignolles-en-Brie;2022;276
77456;Soisy-Bouy;2022;158
77457;Solers;2022;202
77458;Souppes-sur-Loing;2022;1030
77459;Sourdun;2022;281
77460;Tancrou;2022;49
77461;Thénisy;2022;54
77462;Thieux;2022;65
77463;Thomery;2022;732
77464;Thorigny-sur-Marne;2022;1591
77465;Thoury-Férottes;2022;112
77466;Tigeaux;2022;77
77467;La Tombe;2022;42
77468;Torcy;2022;2960
77469;Touquin;2022;168
77470;Tournan-en-Brie;2022;1290
77471;Tousson;2022;73
77472;La Trétoire;2022;76
77473;Treuzy-Levelay;2022;99
77474;Trilbardou;2022;58
77475;Trilport;2022;844
77476;Trocy-en-Multien;2022;40
77477;Ury;2022;199
77478;Ussy-sur-Marne;2022;151
77479;Vaires-sur-Marne;2022;2712
77480;Valence-en-Brie;2022;103
77481;Vanvillé;2022;21
77482;Varennes-sur-Seine;2022;697
77483;Varreddes;2022;355
77484;Vaucourtois;2022;31
77485;Le Vaudoué;2022;189
77486;Vaudoy-en-Brie;2022;105
77487;Vaux-le-Pénil;2022;2096
77489;Vaux-sur-Lunain;2022;101
77490;Vendrest;2022;113
77492;Verdelot;2022;121
77493;Verneuil-l'Étang;2022;452
77494;Vernou-la-Celle-sur-Seine;2022;478
77495;Vert-Saint-Denis;2022;1282
77496;Vieux-Champagne;2022;34
77498;Vignely;2022;32
77500;Villebéon;2022;120
77501;Villecerf;2022;184
77504;Villemaréchal;2022;212
77505;Villemareuil;2022;49
77506;Villemer;2022;131
77507;Villenauxe-la-Petite;2022;85
77508;Villeneuve-le-Comte;2022;303
77509;Villeneuve-les-Bordes;2022;84
77510;Villeneuve-Saint-Denis;2022;227
77511;Villeneuve-sous-Dammartin;2022;43
77512;Villeneuve-sur-Bellot;2022;237
77513;Villenoy;2022;619
77514;Villeparisis;2022;3179
77515;Villeroy;2022;77
77516;Ville-Saint-Jacques;2022;135
77517;Villevaudé;2022;326
77518;Villiers-en-Bière;2022;45
77519;Villiers-Saint-Georges;2022;240
77520;Villiers-sous-Grez;2022;180
77521;Villiers-sur-Morin;2022;299
77522;Villiers-sur-Seine;2022;61
77523;Villuis;2022;60
77524;Vimpelles;2022;83
77525;Vinantes;2022;39
77526;Vincy-Manœuvre;2022;20
77527;Voinsles;2022;90
77528;Voisenon;2022;222
77529;Voulangis;2022;257
77530;Voulton;2022;89
77531;Voulx;2022;412
77532;Vulaines-lès-Provins;2022;6
77533;Vulaines-sur-Seine;2022;652
77534;Yèbles;2022;104
78003;Ablis;2022;504
78005;Achères;2022;2710
78006;Adainville;2022;182
78007;Aigremont;2022;218
78009;Allainville;2022;36
78010;Les Alluets-le-Roi;2022;272
78013;Andelu;2022;75
78015;Andrésy;2022;2261
78020;Arnouville-lès-Mantes;2022;147
78029;Aubergenville;2022;1632
78030;Auffargis;2022;469
78031;Auffreville-Brasseuil;2022;144
78033;Aulnay-sur-Mauldre;2022;190
78034;Auteuil;2022;168
78036;Autouillet;2022;99
78043;Bailly;2022;858
78048;Bazainville;2022;221
78049;Bazemont;2022;339
78050;Bazoches-sur-Guyonne;2022;118
78053;Béhoust;2022;109
78057;Bennecourt;2022;341
78062;Beynes;2022;1418
78068;Blaru;2022;180
78070;Boinville-en-Mantois;2022;64
78071;Boinville-le-Gaillard;2022;91
78072;Boinvilliers;2022;56
78073;Bois-d'Arcy;2022;2190
78076;Boissets;2022;55
78077;La Boissière-École;2022;118
78082;Boissy-Mauvoisin;2022;103
78084;Boissy-sans-Avoir;2022;113
78087;Bonnelles;2022;374
78089;Bonnières-sur-Seine;2022;838
78090;Bouafle;2022;376
78092;Bougival;2022;1404
78096;Bourdonné;2022;133
78104;Breuil-Bois-Robert;2022;125
78107;Bréval;2022;408
78108;Les Bréviaires;2022;214
78113;Brueil-en-Vexin;2022;105
78117;Buc;2022;1159
78118;Buchelay;2022;593
78120;Bullion;2022;378
78123;Carrières-sous-Poissy;2022;1960
78124;Carrières-sur-Seine;2022;1821
78125;La Celle-les-Bordes;2022;204
78126;La Celle-Saint-Cloud;2022;3625
78128;Cernay-la-Ville;2022;351
78133;Chambourcy;2022;1137
78138;Chanteloup-les-Vignes;2022;1307
78140;Chapet;2022;270
78143;Châteaufort;2022;272
78146;Chatou;2022;4980
78147;Chaufour-lès-Bonnières;2022;90
78152;Chavenay;2022;382
78158;Le Chesnay-Rocquencourt;2022;7848
78160;Chevreuse;2022;1154
78162;Choisel;2022;119
78163;Civry-la-Forêt;2022;60
78164;Clairefontaine-en-Yvelines;2022;210
78165;Les Clayes-sous-Bois;2022;3121
78168;Coignières;2022;719
78171;Condé-sur-Vesgre;2022;192
78172;Conflans-Sainte-Honorine;2022;5794
78185;Courgent;2022;101
78188;Cravent;2022;63
78189;Crespières;2022;339
78190;Croissy-sur-Seine;2022;1996
78192;Dammartin-en-Serve;2022;189
78193;Dampierre-en-Yvelines;2022;254
78194;Dannemarie;2022;53
78196;Davron;2022;50
78202;Drocourt;2022;87
78206;Ecquevilly;2022;675
78208;Élancourt;2022;3582
78209;Émancé;2022;154
78217;Épône;2022;1199
78220;Les Essarts-le-Roi;2022;1252
78224;L'Étang-la-Ville;2022;965
78227;Évecquemont;2022;143
78230;La Falaise;2022;107
78231;Favrieux;2022;39
78233;Feucherolles;2022;577
78234;Flacourt;2022;25
78236;Flexanville;2022;106
78237;Flins-Neuve-Église;2022;26
78238;Flins-sur-Seine;2022;444
78239;Follainville-Dennemont;2022;363
78242;Fontenay-le-Fleury;2022;2184
78245;Fontenay-Mauvoisin;2022;99
78246;Fontenay-Saint-Père;2022;183
78255;Freneuse;2022;806
78261;Gaillon-sur-Montcient;2022;103
78262;Galluis;2022;174
78263;Gambais;2022;498
78264;Gambaiseuil;2022;22
78265;Garancières;2022;456
78267;Gargenville;2022;1413
78269;Gazeran;2022;351
78276;Gommecourt;2022;144
78278;Goupillières;2022;90
78281;Goussonville;2022;94
78283;Grandchamp;2022;46
78285;Gressey;2022;118
78289;Grosrouvre;2022;206
78290;Guernes;2022;162
78291;Guerville;2022;389
78296;Guitrancourt;2022;108
78297;Guyancourt;2022;2964
78299;Hardricourt;2022;404
78300;Hargeville;2022;65
78302;La Hauteville;2022;39
78305;Herbeville;2022;62
78307;Hermeray;2022;235
78310;Houdan;2022;840
78311;Houilles;2022;4912
78314;Issou;2022;576
78317;Jambville;2022;127
78320;Notre-Dame-de-la-Mer;2022;135
78321;Jouars-Pontchartrain;2022;1128
78322;Jouy-en-Josas;2022;1208
78324;Jouy-Mauvoisin;2022;138
78325;Jumeauville;2022;113
78327;Juziers;2022;666
78329;Lainville-en-Vexin;2022;130
78334;Lévis-Saint-Nom;2022;400
78335;Limay;2022;2165
78337;Limetz-Villez;2022;347
78343;Les Loges-en-Josas;2022;303
78344;Lommoye;2022;97
78346;Longnes;2022;224
78349;Longvilliers;2022;97
78350;Louveciennes;2022;1690
78354;Magnanville;2022;1478
78356;Magny-les-Hameaux;2022;1321
78358;Maisons-Laffitte;2022;4270
78361;Mantes-la-Jolie;2022;6682
78362;Mantes-la-Ville;2022;3140
78364;Marcq;2022;123
78366;Mareil-le-Guyon;2022;69
78367;Mareil-Marly;2022;660
78368;Mareil-sur-Mauldre;2022;387
78372;Marly-le-Roi;2022;3430
78380;Maule;2022;1151
78381;Maulette;2022;175
78382;Maurecourt;2022;754
78383;Maurepas;2022;3595
78384;Médan;2022;266
78385;Ménerville;2022;42
78389;Méré;2022;378
78391;Méricourt;2022;73
78396;Le Mesnil-le-Roi;2022;1271
78397;Le Mesnil-Saint-Denis;2022;1449
78398;Les Mesnuls;2022;240
78401;Meulan-en-Yvelines;2022;1379
78402;Mézières-sur-Seine;2022;543
78403;Mézy-sur-Seine;2022;410
78404;Millemont;2022;57
78406;Milon-la-Chapelle;2022;93
78407;Mittainville;2022;118
78410;Moisson;2022;169
78413;Mondreville;2022;63
78415;Montainville;2022;84
78416;Montalet-le-Bois;2022;39
78417;Montchauvet;2022;49
78418;Montesson;2022;2502
78420;Montfort-l'Amaury;2022;910
78423;Montigny-le-Bretonneux;2022;4813
78431;Morainvilliers;2022;494
78437;Mousseaux-sur-Seine;2022;124
78439;Mulcent;2022;13
78440;Les Mureaux;2022;4906
78442;Neauphle-le-Château;2022;583
78443;Neauphle-le-Vieux;2022;111
78444;Neauphlette;2022;140
78451;Nézel;2022;158
78455;Noisy-le-Roi;2022;1929
78460;Oinville-sur-Montcient;2022;268
78464;Orcemont;2022;152
78465;Orgerus;2022;592
78466;Orgeval;2022;1120
78470;Orphin;2022;157
78472;Orsonville;2022;51
78474;Orvilliers;2022;99
78475;Osmoy;2022;60
78478;Paray-Douaville;2022;15
78481;Le Pecq;2022;3138
78484;Perdreauville;2022;130
78486;Le Perray-en-Yvelines;2022;1445
78490;Plaisir;2022;4733
78497;Poigny-la-Forêt;2022;286
78498;Poissy;2022;6866
78499;Ponthévrard;2022;91
78501;Porcheville;2022;463
78502;Le Port-Marly;2022;798
78505;Prunay-le-Temple;2022;66
78506;Prunay-en-Yvelines;2022;168
78513;La Queue-les-Yvelines;2022;527
78516;Raizeux;2022;187
78517;Rambouillet;2022;5856
78518;Rennemoulin;2022;21
78520;Richebourg;2022;312
78522;Rochefort-en-Yvelines;2022;195
78528;Rolleboise;2022;78
78530;Rosay;2022;87
78531;Rosny-sur-Seine;2022;1069
78536;Sailly;2022;59
78537;Saint-Arnoult-en-Yvelines;2022;1380
78545;Saint-Cyr-l'École;2022;2227
78548;Saint-Forget;2022;113
78550;Saint-Germain-de-la-Grange;2022;354
78551;Saint-Germain-en-Laye;2022;8278
78557;Saint-Hilarion;2022;171
78558;Saint-Illiers-la-Ville;2022;48
78559;Saint-Illiers-le-Bois;2022;65
78561;Saint-Lambert;2022;79
78562;Saint-Léger-en-Yvelines;2022;266
78564;Saint-Martin-de-Bréthencourt;2022;93
78565;Saint-Martin-des-Champs;2022;64
78567;Saint-Martin-la-Garenne;2022;194
78569;Sainte-Mesme;2022;156
78571;Saint-Nom-la-Bretèche;2022;1198
78575;Saint-Rémy-lès-Chevreuse;2022;1875
78576;Saint-Rémy-l'Honoré;2022;332
78586;Sartrouville;2022;7932
78588;Saulx-Marchais;2022;122
78590;Senlisse;2022;137
78591;Septeuil;2022;492
78597;Soindres;2022;99
78601;Sonchamp;2022;331
78605;Tacoignières;2022;183
78606;Le Tartre-Gaudran;2022;13
78608;Le Tertre-Saint-Denis;2022;19
78609;Tessancourt-sur-Aubette;2022;179
78615;Thiverval-Grignon;2022;137
78616;Thoiry;2022;204
78618;Tilly;2022;86
78620;Toussus-le-Noble;2022;106
78621;Trappes;2022;3476
78623;Le Tremblay-sur-Mauldre;2022;183
78624;Triel-sur-Seine;2022;1856
78638;Vaux-sur-Seine;2022;821
78640;Vélizy-Villacoublay;2022;3773
78642;Verneuil-sur-Seine;2022;2667
78643;Vernouillet;2022;1533
78644;La Verrière;2022;861
78646;Versailles;2022;15371
78647;Vert;2022;180
78650;Le Vésinet;2022;3156
78653;Vicq;2022;59
78655;Vieille-Église-en-Yvelines;2022;134
78668;La Villeneuve-en-Chevrie;2022;105
78672;Villennes-sur-Seine;2022;1015
78674;Villepreux;2022;1697
78677;Villette;2022;114
78681;Villiers-le-Mahieu;2022;142
78683;Villiers-Saint-Frédéric;2022;578
78686;Viroflay;2022;2908
78688;Voisins-le-Bretonneux;2022;1968
79001;L'Absie;2022;366
79002;Adilly;2022;71
79003;Aiffres;2022;1372
79005;Airvault;2022;1020
79007;Allonne;2022;117
79008;Amailloux;2022;207
79009;Amuré;2022;89
79010;Arçais;2022;192
79012;Ardin;2022;268
79013;Argentonnay;2022;881
79014;Loretz-d'Argenton;2022;610
79015;Asnières-en-Poitou;2022;54
79016;Assais-les-Jumeaux;2022;203
79018;Aubigné;2022;67
79019;Aubigny;2022;56
79020;Augé;2022;188
79022;Availles-Thouarsais;2022;57
79023;Avon;2022;18
79024;Azay-le-Brûlé;2022;340
79025;Azay-sur-Thouet;2022;244
79029;Beaulieu-sous-Parthenay;2022;144
79030;Beaussais-Vitré;2022;196
79031;Beauvoir-sur-Niort;2022;461
79032;Béceleuf;2022;192
79034;Bessines;2022;398
79038;Boismé;2022;242
79040;La Boissière-en-Gâtine;2022;72
79042;Bougon;2022;39
79046;Le Bourdet;2022;78
79047;Boussais;2022;103
79048;La Crèche;2022;1400
79049;Bressuire;2022;4428
79050;Bretignolles;2022;112
79055;Brieuil-sur-Chizé;2022;61
79056;Brion-près-Thouet;2022;169
79057;Brioux-sur-Boutonne;2022;477
79058;Brûlain;2022;104
79059;Le Busseau;2022;177
79061;Celles-sur-Belle;2022;889
79062;Cerizay;2022;1246
79063;Val en Vignes;2022;456
79064;Fontivillié;2022;173
79066;Champdeniers;2022;512
79069;Chanteloup;2022;198
79070;La Chapelle-Bâton;2022;73
79071;La Chapelle-Bertrand;2022;110
79074;La Chapelle-Pouilloux;2022;53
79076;La Chapelle-Saint-Laurent;2022;556
79077;Beugnon-Thireuil;2022;196
79078;Plaine-d'Argenson;2022;186
79079;Mauléon;2022;1735
79080;Châtillon-sur-Thouet;2022;1006
79081;Chauray;2022;1574
79083;Chef-Boutonne;2022;907
79084;Chenay;2022;103
79085;Chérigné;2022;40
79086;Cherveux;2022;299
79087;Chey;2022;134
79088;Chiché;2022;405
79089;Le Chillou;2022;46
79090;Chizé;2022;282
79091;Cirières;2022;202
79092;Clavé;2022;73
79094;Clessé;2022;208
79095;Clussais-la-Pommeraie;2022;173
79096;Combrand;2022;234
79100;Coulon;2022;599
79101;Coulonges-sur-l'Autize;2022;704
79102;Coulonges-Thouarsais;2022;78
79103;Courlay;2022;648
79104;Cours;2022;112
79105;Les Châteliers;2022;105
79106;Couture-d'Argenson;2022;138
79108;Doux;2022;59
79109;Échiré;2022;949
79111;Ensigné;2022;80
79112;Épannes;2022;162
79114;Exireuil;2022;365
79115;Exoudun;2022;136
79116;Faye-l'Abbesse;2022;365
79117;Faye-sur-Ardin;2022;85
79118;Fénery;2022;60
79119;Fenioux;2022;176
79120;La Ferrière-en-Parthenay;2022;188
79121;Fomperron;2022;66
79122;Fontenille-Saint-Martin-d'Entraigues;2022;161
79123;La Forêt-sur-Sèvre;2022;562
79124;Les Forges;2022;26
79125;Fors;2022;341
79126;Les Fosses;2022;86
79127;La Foye-Monjault;2022;155
79128;François;2022;200
79129;Fressines;2022;288
79130;Frontenay-Rohan-Rohan;2022;654
79131;Geay;2022;67
79132;Genneton;2022;94
79133;Germond-Rouvre;2022;204
79134;Glénay;2022;138
79135;Gourgé;2022;235
79136;Alloinay;2022;228
79137;Granzay-Gript;2022;173
79139;Les Groseillers;2022;15
79140;Valdelaume;2022;268
79141;Irais;2022;51
79142;Juillé;2022;26
79144;Juscorps;2022;62
79145;Lageon;2022;60
79147;Largeasse;2022;203
79148;Lezay;2022;761
79149;Lhoumois;2022;31
79150;Limalonges;2022;281
79152;Lorigné;2022;120
79153;Loubigné;2022;36
79154;Loubillé;2022;107
79156;Louin;2022;178
79157;Louzy;2022;254
79158;Luché-sur-Brioux;2022;28
79159;Luché-Thouarsais;2022;85
79160;Lusseray;2022;42
79161;Luzay;2022;119
79162;Magné;2022;982
79163;Mairé-Levescault;2022;172
79164;Maisonnay;2022;42
79165;Maisontiers;2022;41
79166;Marigny;2022;161
79167;Marnes;2022;84
79170;Mauzé-sur-le-Mignon;2022;805
79172;Mazières-en-Gâtine;2022;244
79174;Melle;2022;1877
79175;Melleran;2022;153
79176;Ménigoute;2022;317
79177;Messé;2022;55
79179;Moncoutant-sur-Sèvre;2022;1333
79183;Montravers;2022;64
79184;La Mothe-Saint-Héray;2022;481
79185;Aigondigné;2022;821
79189;Nanteuil;2022;384
79190;Neuvy-Bouin;2022;107
79191;Niort;2022;13498
79195;Nueil-les-Aubiers;2022;1233
79196;Plaine-et-Vallées;2022;719
79197;Oroux;2022;32
79198;Paizay-le-Chapt;2022;66
79200;Pamplie;2022;45
79201;Pamproux;2022;526
79202;Parthenay;2022;3081
79203;Pas-de-Jeu;2022;75
79204;Périgné;2022;223
79207;La Petite-Boissière;2022;110
79208;La Peyratte;2022;329
79209;Pierrefitte;2022;46
79210;Le Pin;2022;217
79213;Pompaire;2022;659
79215;Pougne-Hérisson;2022;80
79216;Prahecq;2022;498
79217;Prailles-La Couarde;2022;163
79218;Pressigny;2022;48
79220;Prin-Deyrançon;2022;105
79223;Puihardy;2022;9
79225;Reffannes;2022;82
79226;Le Retail;2022;80
79229;La Rochénard;2022;136
79230;Rom;2022;211
79231;Romans;2022;100
79235;Saint-Amand-sur-Sèvre;2022;298
79236;Saint-André-sur-Sèvre;2022;146
79238;Saint-Aubin-du-Plain;2022;119
79239;Saint-Aubin-le-Cloud;2022;484
79241;Saint-Christophe-sur-Roc;2022;84
79242;Voulmentin;2022;192
79243;Saint-Coutant;2022;95
79244;Saint-Cyr-la-Lande;2022;69
79246;Sainte-Eanne;2022;129
79249;Saint-Gelais;2022;411
79250;Sainte-Gemme;2022;65
79251;Marcillé;2022;173
79252;Saint-Généroux;2022;84
79253;Saint-Georges-de-Noisné;2022;138
79254;Saint-Georges-de-Rex;2022;126
79255;Saint-Germain-de-Longue-Chaume;2022;101
79256;Saint-Germier;2022;66
79257;Saint-Hilaire-la-Palud;2022;444
79258;Saint-Jacques-de-Thouars;2022;92
79259;Saint-Jean-de-Thouars;2022;391
79263;Saint-Laurs;2022;118
79265;Saint-Léger-de-Montbrun;2022;216
79267;Saint-Lin;2022;67
79268;Saint-Loup-Lamairé;2022;383
79269;Saint-Maixent-de-Beugné;2022;72
79270;Saint-Maixent-l'École;2022;1537
79271;Saint-Marc-la-Lande;2022;133
79273;Saint-Martin-de-Bernegoue;2022;172
79274;Saint-Martin-de-Mâcon;2022;67
79276;Saint-Martin-de-Saint-Maixent;2022;211
79277;Saint-Martin-de-Sanzay;2022;271
79278;Saint-Martin-du-Fouilloux;2022;57
79280;Saint Maurice Étusson;2022;184
79281;Saint-Maxire;2022;253
79283;Sainte-Néomaye;2022;193
79284;Sainte-Ouenne;2022;120
79285;Saint-Pardoux-Soutiers;2022;381
79286;Saint-Paul-en-Gâtine;2022;124
79289;Saint-Pierre-des-Échaubrognes;2022;253
79290;Saint-Pompain;2022;159
79293;Saint-Rémy;2022;207
79294;Saint-Romans-des-Champs;2022;20
79295;Saint-Romans-lès-Melle;2022;158
79297;Sainte-Soline;2022;113
79298;Saint-Symphorien;2022;439
79299;Saint-Varent;2022;730
79300;Sainte-Verge;2022;372
79301;Saint-Vincent-la-Châtre;2022;137
79302;Saivres;2022;302
79303;Salles;2022;62
79304;Sansais;2022;152
79306;Saurais;2022;40
79307;Sauzé-entre-Bois;2022;808
79308;Sciecq;2022;173
79309;Scillé;2022;100
79310;Secondigné-sur-Belle;2022;90
79311;Secondigny;2022;655
79312;Séligné;2022;30
79313;Sepvret;2022;118
79316;Soudan;2022;76
79319;Souvigné;2022;175
79320;Surin;2022;88
79322;Le Tallud;2022;602
79326;Thénezay;2022;401
79329;Thouars;2022;4047
79331;Tourtenay;2022;29
79332;Trayes;2022;32
79334;Val-du-Mignon;2022;213
79335;Vallans;2022;140
79336;Vançais;2022;79
79337;Le Vanneau-Irleau;2022;202
79338;Vanzay;2022;72
79339;Vasles;2022;516
79340;Vausseroux;2022;69
79341;Vautebis;2022;29
79342;Vernoux-en-Gâtine;2022;148
79343;Vernoux-sur-Boutonne;2022;57
79345;Verruyes;2022;211
79346;Le Vert;2022;34
79347;Viennay;2022;256
79348;Villefollet;2022;53
79349;Villemain;2022;60
79350;Villiers-en-Bois;2022;27
79351;Villiers-en-Plaine;2022;321
79352;Villiers-sur-Chizé;2022;35
79354;Vouhé;2022;82
79355;Vouillé;2022;789
79357;Xaintray;2022;42
80001;Abbeville;2022;5592
80002;Ablaincourt-Pressoir;2022;48
80003;Acheux-en-Amiénois;2022;142
80004;Acheux-en-Vimeu;2022;116
80005;Agenville;2022;12
80006;Agenvillers;2022;48
80008;Aigneville;2022;125
80009;Ailly-le-Haut-Clocher;2022;196
80010;Ailly-sur-Noye;2022;657
80011;Ailly-sur-Somme;2022;742
80013;Airaines;2022;514
80014;Aizecourt-le-Bas;2022;13
80015;Aizecourt-le-Haut;2022;20
80016;Albert;2022;2379
80017;Allaines;2022;111
80018;Allenay;2022;69
80019;Allery;2022;194
80020;Allonville;2022;143
80021;Amiens;2022;21693
80022;Andainville;2022;58
80023;Andechy;2022;47
80024;Argœuves;2022;150
80025;Argoules;2022;71
80026;Arguel;2022;10
80027;Armancourt;2022;3
80028;Arquèves;2022;31
80029;Arrest;2022;208
80030;Arry;2022;35
80031;Arvillers;2022;134
80032;Assainvillers;2022;28
80033;Assevillers;2022;42
80034;Athies;2022;191
80035;Aubercourt;2022;16
80036;Aubigny;2022;115
80037;Aubvillers;2022;18
80038;Auchonvillers;2022;16
80039;Ault;2022;497
80040;Aumâtre;2022;41
80041;Aumont;2022;32
80042;Autheux;2022;28
80043;Authie;2022;50
80044;Authieule;2022;90
80045;Authuille;2022;44
80046;Avelesges;2022;11
80047;Aveluy;2022;116
80048;Avesnes-Chaussoy;2022;8
80049;Ayencourt;2022;36
80050;Bacouel-sur-Selle;2022;120
80051;Bailleul;2022;53
80052;Baizieux;2022;24
80053;Balâtre;2022;12
80054;Barleux;2022;55
80055;Barly;2022;34
80056;Bavelincourt;2022;16
80057;Bayencourt;2022;14
80058;Bayonvillers;2022;55
80059;Bazentin;2022;17
80060;Béalcourt;2022;22
80061;Beaucamps-le-Jeune;2022;40
80062;Beaucamps-le-Vieux;2022;353
80063;Beauchamps;2022;200
80064;Beaucourt-en-Santerre;2022;25
80065;Beaucourt-sur-l'Ancre;2022;20
80066;Beaucourt-sur-l'Hallue;2022;40
80067;Beaufort-en-Santerre;2022;31
80068;Beaumetz;2022;60
80069;Beaumont-Hamel;2022;41
80070;Beauquesne;2022;238
80071;Beauval;2022;415
80073;Bécordel-Bécourt;2022;28
80074;Becquigny;2022;27
80076;Béhen;2022;106
80077;Béhencourt;2022;66
80078;Bellancourt;2022;135
80079;Belleuse;2022;70
80080;Belloy-en-Santerre;2022;36
80081;Belloy-Saint-Léonard;2022;29
80082;Belloy-sur-Somme;2022;142
80083;Bergicourt;2022;29
80084;Bermesnil;2022;44
80085;Bernâtre;2022;14
80086;Bernaville;2022;219
80087;Bernay-en-Ponthieu;2022;53
80088;Bernes;2022;47
80089;Berneuil;2022;53
80090;Berny-en-Santerre;2022;25
80092;Bertangles;2022;211
80093;Berteaucourt-les-Dames;2022;198
80094;Berteaucourt-lès-Thennes;2022;94
80095;Bertrancourt;2022;30
80096;Béthencourt-sur-Mer;2022;249
80097;Béthencourt-sur-Somme;2022;29
80098;Bettembos;2022;21
80099;Bettencourt-Rivière;2022;51
80100;Bettencourt-Saint-Ouen;2022;68
80101;Beuvraignes;2022;140
80102;Biaches;2022;118
80103;Biarre;2022;16
80104;Biencourt;2022;38
80105;Billancourt;2022;33
80106;Blangy-sous-Poix;2022;30
80107;Blangy-Tronville;2022;138
80108;Boisbergues;2022;15
80109;Le Boisle;2022;107
80110;Boismont;2022;163
80112;Bonnay;2022;50
80113;Bonneville;2022;53
80114;Bosquel;2022;51
80115;Bouchavesnes-Bergen;2022;76
80116;Bouchoir;2022;46
80117;Bouchon;2022;34
80118;Boufflers;2022;41
80119;Bougainville;2022;99
80120;Bouillancourt-en-Séry;2022;122
80121;Bouillancourt-la-Bataille;2022;30
80122;Bouquemaison;2022;105
80123;Bourdon;2022;54
80124;Bourseville;2022;183
80125;Boussicourt;2022;16
80126;Bouttencourt;2022;273
80127;Bouvaincourt-sur-Bresle;2022;193
80128;Bouvincourt-en-Vermandois;2022;26
80129;Bouzincourt;2022;100
80130;Bovelles;2022;102
80131;Boves;2022;680
80132;Braches;2022;26
80133;Brailly-Cornehotte;2022;58
80134;Brassy;2022;11
80135;Bray-lès-Mareuil;2022;44
80136;Bray-sur-Somme;2022;355
80137;Breilly;2022;103
80138;Bresle;2022;11
80139;Breuil;2022;18
80140;Brévillers;2022;10
80141;Brie;2022;76
80142;Briquemesnil-Floxicourt;2022;35
80143;Brocourt;2022;17
80144;Brouchy;2022;133
80145;Brucamps;2022;26
80146;Brutelles;2022;35
80147;Buigny-l'Abbé;2022;76
80148;Buigny-lès-Gamaches;2022;105
80149;Buigny-Saint-Maclou;2022;152
80150;Buire-Courcelles;2022;58
80151;Buire-sur-l'Ancre;2022;59
80152;Bus-la-Mésière;2022;28
80153;Bus-lès-Artois;2022;28
80154;Bussu;2022;41
80155;Bussus-lès-Yaucourt;2022;103
80156;Bussy-lès-Daours;2022;95
80157;Bussy-lès-Poix;2022;16
80158;Buverchy;2022;9
80159;Cachy;2022;47
80160;Cagny;2022;427
80161;Cahon;2022;39
80162;Caix;2022;166
80163;Cambron;2022;198
80164;Camon;2022;1132
80165;Camps-en-Amiénois;2022;47
80166;Canaples;2022;116
80167;Canchy;2022;53
80168;Candas;2022;187
80169;Cannessières;2022;27
80170;Cantigny;2022;24
80171;Caours;2022;184
80172;Cappy;2022;122
80173;Cardonnette;2022;133
80174;Le Cardonnois;2022;13
80176;Carrépuis;2022;47
80177;Cartigny;2022;114
80179;Caulières;2022;42
80180;Cavillon;2022;20
80181;Cayeux-en-Santerre;2022;8
80182;Cayeux-sur-Mer;2022;853
80183;Cerisy-Buleux;2022;58
80184;Cerisy;2022;80
80185;Champien;2022;44
80186;Chaulnes;2022;400
80187;La Chaussée-Tirancourt;2022;188
80188;Chaussoy-Epagny;2022;124
80189;La Chavatte;2022;5
80190;Chépy;2022;286
80191;Chilly;2022;28
80192;Chipilly;2022;27
80193;Chirmont;2022;25
80194;Chuignes;2022;30
80195;Chuignolles;2022;34
80196;Citerne;2022;53
80197;Cizancourt;2022;17
80198;Clairy-Saulchoix;2022;86
80199;Cléry-sur-Somme;2022;106
80200;Cocquerel;2022;52
80201;Coigneux;2022;17
80202;Coisy;2022;85
80203;Colincamps;2022;24
80204;Combles;2022;194
80205;Condé-Folie;2022;174
80206;Contalmaison;2022;18
80207;Contay;2022;67
80208;Conteville;2022;54
80210;Contre;2022;20
80211;Conty;2022;364
80212;Corbie;2022;1537
80213;Cottenchy;2022;79
80214;Coullemelle;2022;50
80215;Coulonvillers;2022;33
80216;Courcelette;2022;25
80217;Courcelles-au-Bois;2022;12
80218;Courcelles-sous-Moyencourt;2022;35
80219;Courcelles-sous-Thoix;2022;20
80220;Courtemanche;2022;25
80221;Cramont;2022;55
80222;Crécy-en-Ponthieu;2022;390
80223;Crémery;2022;30
80224;Cressy-Omencourt;2022;19
80225;Creuse;2022;50
80226;Croix-Moligneaux;2022;54
80227;Croixrault;2022;73
80228;Le Crotoy;2022;700
80229;Crouy-Saint-Pierre;2022;67
80230;Curchy;2022;54
80231;Curlu;2022;36
80232;Damery;2022;46
80233;Dancourt-Popincourt;2022;31
80234;Daours;2022;173
80235;Dargnies;2022;274
80236;Davenescourt;2022;89
80237;Démuin;2022;68
80238;Dernancourt;2022;117
80239;Devise;2022;15
80240;Doingt;2022;330
80241;Domart-en-Ponthieu;2022;256
80242;Domart-sur-la-Luce;2022;91
80243;Domesmont;2022;9
80244;Dominois;2022;45
80245;Domléger-Longvillers;2022;55
80246;Dommartin;2022;78
80247;Dompierre-Becquincourt;2022;128
80248;Dompierre-sur-Authie;2022;126
80249;Domqueur;2022;51
80250;Domvast;2022;54
80251;Doudelainville;2022;45
80252;Douilly;2022;46
80253;Doullens;2022;1425
80256;Dreuil-lès-Amiens;2022;444
80258;Driencourt;2022;25
80259;Dromesnil;2022;31
80260;Drucat;2022;245
80261;Dury;2022;274
80262;Eaucourt-sur-Somme;2022;103
80263;L'Échelle-Saint-Aurin;2022;10
80264;Éclusier-Vaux;2022;33
80265;Embreville;2022;125
80266;Englebelmer;2022;43
80267;Ennemain;2022;51
80268;Épagne-Épagnette;2022;160
80269;Épaumesnil;2022;25
80270;Épécamps;2022;2
80271;Épehy;2022;281
80272;Épénancourt;2022;22
80273;Éplessier;2022;65
80274;Eppeville;2022;429
80275;Équancourt;2022;62
80276;Équennes-Éramecourt;2022;47
80278;Erches;2022;32
80279;Ercheu;2022;203
80280;Ercourt;2022;17
80281;Ergnies;2022;32
80282;Érondelle;2022;87
80283;Esclainvillers;2022;32
80284;Esmery-Hallon;2022;150
80285;Essertaux;2022;47
80287;Estrébœuf;2022;49
80288;Estrées-Deniécourt;2022;50
80290;Estrées-lès-Crécy;2022;85
80291;Estrées-sur-Noye;2022;70
80292;Étalon;2022;35
80293;Ételfay;2022;77
80294;Éterpigny;2022;33
80295;Étinehem-Méricourt;2022;114
80296;L'Étoile;2022;267
80297;Étréjust;2022;10
80298;Étricourt-Manancourt;2022;118
80299;La Faloise;2022;43
80300;Falvy;2022;35
80301;Famechon;2022;38
80302;Faverolles;2022;37
80303;Favières;2022;136
80304;Fay;2022;14
80305;Ferrières;2022;129
80306;Fescamps;2022;35
80307;Feuillères;2022;26
80308;Feuquières-en-Vimeu;2022;650
80310;Fienvillers;2022;119
80311;Fignières;2022;27
80312;Fins;2022;51
80313;Flaucourt;2022;64
80314;Flers;2022;35
80315;Flers-sur-Noye;2022;69
80316;Flesselles;2022;450
80317;Fleury;2022;23
80318;Flixecourt;2022;625
80319;Fluy;2022;82
80320;Folies;2022;15
80321;Folleville;2022;13
80322;Fonches-Fonchette;2022;24
80324;Fontaine-le-Sec;2022;28
80325;Fontaine-lès-Cappy;2022;8
80326;Fontaine-sous-Montdidier;2022;21
80327;Fontaine-sur-Maye;2022;28
80328;Fontaine-sur-Somme;2022;130
80329;Forceville;2022;24
80330;Forceville-en-Vimeu;2022;59
80331;Forest-l'Abbaye;2022;56
80332;Forest-Montiers;2022;69
80333;Fort-Mahon-Plage;2022;585
80334;Fossemanant;2022;24
80335;Foucaucourt-en-Santerre;2022;47
80336;Foucaucourt-Hors-Nesle;2022;9
80337;Fouencamps;2022;33
80338;Fouilloy;2022;489
80339;Fouquescourt;2022;26
80340;Fourcigny;2022;55
80341;Fourdrinoy;2022;89
80342;Framerville-Rainecourt;2022;58
80343;Framicourt;2022;23
80344;Francières;2022;36
80345;Franleu;2022;116
80346;Franqueville;2022;20
80347;Fransart;2022;15
80348;Fransu;2022;41
80349;Fransures;2022;20
80350;Franvillers;2022;98
80351;Fréchencourt;2022;52
80352;Frémontiers;2022;38
80353;Fresnes-Mazancourt;2022;31
80354;Fresnes-Tilloloy;2022;29
80355;Fresneville;2022;15
80356;Fresnoy-Andainville;2022;24
80357;Fresnoy-au-Val;2022;42
80358;Fresnoy-en-Chaussée;2022;16
80359;Fresnoy-lès-Roye;2022;63
80360;Fressenneville;2022;570
80361;Frettecuisse;2022;23
80362;Frettemeule;2022;48
80364;Friaucourt;2022;194
80365;Fricamps;2022;30
80366;Fricourt;2022;107
80367;Frise;2022;52
80368;Friville-Escarbotin;2022;1129
80369;Frohen-sur-Authie;2022;54
80371;Froyelles;2022;18
80372;Frucourt;2022;24
80373;Gamaches;2022;747
80374;Gapennes;2022;64
80375;Gauville;2022;89
80376;Gentelles;2022;96
80377;Gézaincourt;2022;78
80378;Ginchy;2022;22
80379;Glisy;2022;134
80380;Gorenflos;2022;46
80381;Gorges;2022;13
80383;Goyencourt;2022;16
80384;Grandcourt;2022;36
80385;Grand-Laviers;2022;105
80386;Gratibus;2022;29
80387;Grattepanche;2022;49
80388;Grébault-Mesnil;2022;22
80390;Grivesnes;2022;64
80391;Grivillers;2022;16
80392;Grouches-Luchuel;2022;142
80393;Gruny;2022;55
80395;Guerbigny;2022;53
80396;Gueschart;2022;62
80397;Gueudecourt;2022;21
80399;Guignemicourt;2022;61
80400;Guillaucourt;2022;61
80401;Guillemont;2022;21
80402;Guizancourt;2022;32
80403;Guyencourt-sur-Noye;2022;43
80404;Guyencourt-Saulcourt;2022;43
80405;Hailles;2022;73
80406;Hallencourt;2022;295
80407;Hallivillers;2022;24
80408;Halloy-lès-Pernois;2022;75
80409;Hallu;2022;18
80410;Ham;2022;1099
80411;Le Hamel;2022;89
80412;Hamelet;2022;96
80413;Hancourt;2022;11
80414;Hangard;2022;14
80415;Hangest-en-Santerre;2022;182
80416;Hangest-sur-Somme;2022;172
80417;Harbonnières;2022;268
80418;Hardecourt-aux-Bois;2022;19
80420;Harponville;2022;31
80421;Hattencourt;2022;50
80422;Hautvillers-Ouville;2022;104
80423;Havernas;2022;69
80424;Hébécourt;2022;98
80425;Hédauville;2022;17
80426;Heilly;2022;63
80427;Hem-Hardinval;2022;57
80428;Hem-Monacu;2022;27
80429;Hénencourt;2022;32
80430;Herbécourt;2022;23
80431;Hérissart;2022;128
80432;Herleville;2022;24
80433;Herly;2022;8
80434;Hervilly;2022;36
80435;Hesbécourt;2022;20
80436;Hescamps;2022;124
80437;Heucourt-Croquoison;2022;24
80438;Heudicourt;2022;114
80439;Heuzecourt;2022;36
80440;Hiermont;2022;39
80442;Hombleux;2022;232
80443;Hornoy-le-Bourg;2022;405
80444;Huchenneville;2022;145
80445;Humbercourt;2022;53
80446;Huppy;2022;145
80449;Ignaucourt;2022;8
80450;Inval-Boiron;2022;24
80451;Irles;2022;34
80452;Jumel;2022;60
80453;Laboissière-en-Santerre;2022;21
80455;Lachapelle;2022;14
80456;Lafresguimont-Saint-Martin;2022;129
80458;Lahoussoye;2022;52
80459;Laleu;2022;28
80460;Lamaronde;2022;30
80461;Lamotte-Brebière;2022;43
80462;Lamotte-Buleux;2022;69
80463;Lamotte-Warfusée;2022;83
80464;Lanchères;2022;209
80465;Languevoisin-Quiquery;2022;51
80466;Lanches-Saint-Hilaire;2022;15
80467;Laucourt;2022;34
80468;Laviéville;2022;31
80469;Lawarde-Mauger-l'Hortoy;2022;30
80470;Léalvillers;2022;51
80472;Lesbœufs;2022;22
80473;Liancourt-Fosse;2022;38
80474;Licourt;2022;88
80475;Liéramont;2022;39
80476;Liercourt;2022;73
80477;Ligescourt;2022;44
80478;Lignières;2022;22
80479;Lignières-Châtelain;2022;73
80480;Lignières-en-Vimeu;2022;17
80481;Lihons;2022;65
80482;Limeux;2022;25
80484;Liomer;2022;81
80485;Ô-de-Selle;2022;260
80486;Long;2022;112
80487;Longavesnes;2022;10
80488;Longpré-les-Corps-Saints;2022;346
80489;Longueau;2022;1116
80490;Longueval;2022;59
80491;Longuevillette;2022;7
80493;Louvencourt;2022;57
80494;Louvrechy;2022;31
80495;Lucheux;2022;121
80496;Machiel;2022;32
80497;Machy;2022;33
80498;Mailly-Maillet;2022;137
80499;Mailly-Raineval;2022;35
80500;Maisnières;2022;115
80501;Maison-Ponthieu;2022;47
80502;Maison-Roland;2022;38
80503;Maizicourt;2022;44
80504;Malpart;2022;10
80505;Carnoy-Mametz;2022;57
80507;Marcelcave;2022;182
80508;Marché-Allouarde;2022;9
80509;Marchélepot-Misery;2022;110
80511;Marestmontiers;2022;15
80512;Mareuil-Caubert;2022;188
80513;Maricourt;2022;29
80514;Marieux;2022;16
80515;Marlers;2022;41
80516;Marquaix;2022;46
80517;Marquivillers;2022;35
80518;Martainneville;2022;53
80519;Matigny;2022;124
80520;Maucourt;2022;18
80521;Maurepas;2022;62
80522;Le Mazis;2022;21
80523;Méaulte;2022;268
80524;Méharicourt;2022;126
80525;Meigneux;2022;30
80526;Le Meillard;2022;18
80527;Méneslies;2022;61
80528;Méréaucourt;2022;2
80529;Mérélessart;2022;44
80530;Méricourt-l'Abbé;2022;98
80531;Méricourt-en-Vimeu;2022;23
80533;Mers-les-Bains;2022;959
80535;Le Mesge;2022;40
80536;Mesnil-Bruntel;2022;68
80537;Mesnil-Domqueur;2022;19
80538;Mesnil-en-Arrouaise;2022;39
80540;Mesnil-Martinsart;2022;37
80541;Mesnil-Saint-Georges;2022;28
80542;Mesnil-Saint-Nicaise;2022;131
80543;Métigny;2022;14
80544;Mézerolles;2022;38
80545;Mézières-en-Santerre;2022;90
80546;Miannay;2022;149
80547;Millencourt;2022;47
80548;Millencourt-en-Ponthieu;2022;94
80549;Miraumont;2022;115
80550;Mirvaux;2022;24
80552;Moislains;2022;294
80553;Molliens-au-Bois;2022;61
80554;Molliens-Dreuil;2022;202
80555;Monchy-Lagache;2022;120
80556;Mons-Boubert;2022;133
80557;Estrées-Mons;2022;97
80558;Monsures;2022;50
80559;Montagne-Fayel;2022;23
80560;Montauban-de-Picardie;2022;35
80561;Montdidier;2022;1471
80562;Montigny-sur-l'Hallue;2022;31
80563;Montigny-les-Jongleurs;2022;19
80565;Montonvillers;2022;22
80566;Fieffes-Montrelet;2022;80
80568;Morchain;2022;58
80569;Morcourt;2022;51
80570;Moreuil;2022;877
80571;Morisel;2022;100
80572;Morlancourt;2022;79
80573;Morvillers-Saint-Saturnin;2022;95
80574;Mouflers;2022;16
80575;Mouflières;2022;18
80576;Moyencourt;2022;60
80577;Moyencourt-lès-Poix;2022;27
80578;Moyenneville;2022;146
80579;Muille-Villette;2022;180
80580;Nampont;2022;75
80582;Namps-Maisnil;2022;189
80583;Nampty;2022;50
80584;Naours;2022;237
80585;Nesle;2022;603
80586;Nesle-l'Hôpital;2022;35
80587;Neslette;2022;34
80588;Neufmoulin;2022;88
80589;Neuilly-le-Dien;2022;26
80590;Neuilly-l'Hôpital;2022;77
80591;Neuville-au-Bois;2022;42
80592;Neuville-Coppegueule;2022;133
80593;La Neuville-lès-Bray;2022;70
80595;La Neuville-Sire-Bernard;2022;64
80596;Neuvillette;2022;40
80597;Nibas;2022;174
80598;Nouvion;2022;301
80599;Noyelles-en-Chaussée;2022;67
80600;Noyelles-sur-Mer;2022;191
80601;Nurlu;2022;78
80602;Occoches;2022;38
80603;Ochancourt;2022;70
80604;Offignies;2022;25
80605;Offoy;2022;44
80606;Oisemont;2022;318
80607;Oissy;2022;36
80609;Oneux;2022;69
80611;Oresmaux;2022;167
80613;Oust-Marest;2022;176
80614;Outrebois;2022;59
80615;Ovillers-la-Boisselle;2022;100
80616;Pargny;2022;38
80617;Parvillers-le-Quesnoy;2022;33
80618;Pendé;2022;312
80619;Pernois;2022;121
80620;Péronne;2022;1979
80621;Hypercourt;2022;126
80622;Picquigny;2022;302
80623;Piennes-Onvillers;2022;65
80624;Pierregot;2022;58
80625;Trois-Rivières;2022;266
80626;Pissy;2022;70
80627;Plachy-Buyon;2022;209
80628;Le Plessier-Rozainvillers;2022;114
80629;Pœuilly;2022;22
80630;Poix-de-Picardie;2022;576
80631;Ponches-Estruval;2022;25
80632;Pont-de-Metz;2022;417
80633;Ponthoile;2022;168
80634;Pont-Noyelles;2022;172
80635;Pont-Remy;2022;263
80637;Port-le-Grand;2022;58
80638;Potte;2022;16
80639;Poulainville;2022;326
80640;Pozières;2022;59
80642;Prouville;2022;55
80643;Prouzel;2022;120
80644;Proyart;2022;97
80645;Puchevillers;2022;103
80646;Punchy;2022;16
80647;Puzeaux;2022;41
80648;Pys;2022;9
80649;Quend;2022;428
80650;Querrieu;2022;146
80651;Le Quesne;2022;73
80652;Le Quesnel;2022;95
80654;Quesnoy-le-Montant;2022;121
80655;Quesnoy-sur-Airaines;2022;99
80656;Quevauvillers;2022;217
80657;Quiry-le-Sec;2022;46
80658;Quivières;2022;17
80659;Raincheval;2022;59
80661;Rainneville;2022;192
80662;Ramburelles;2022;52
80663;Rambures;2022;75
80664;Rancourt;2022;40
80665;Regnière-Écluse;2022;32
80666;Remaisnil;2022;10
80667;Remaugies;2022;21
80668;Remiencourt;2022;28
80669;Rethonvillers;2022;76
80670;Revelles;2022;126
80671;Ribeaucourt;2022;35
80672;Ribemont-sur-Ancre;2022;122
80673;Riencourt;2022;37
80674;Rivery;2022;888
80675;Rogy;2022;19
80676;Roiglise;2022;48
80677;Roisel;2022;402
80678;Rollot;2022;128
80679;Ronssoy;2022;134
80680;Rosières-en-Santerre;2022;763
80681;Rouvrel;2022;55
80682;Rouvroy-en-Santerre;2022;33
80683;Rouy-le-Grand;2022;31
80684;Rouy-le-Petit;2022;16
80685;Roye;2022;1272
80686;Rubempré;2022;134
80687;Rubescourt;2022;28
80688;Rue;2022;1046
80690;Rumigny;2022;130
80691;Saigneville;2022;106
80692;Sailly-Flibeaucourt;2022;210
80693;Sailly-Laurette;2022;47
80694;Sailly-le-Sec;2022;66
80695;Sailly-Saillisel;2022;63
80696;Sains-en-Amiénois;2022;302
80697;Saint-Acheul;2022;10
80698;Saint-Aubin-Montenoy;2022;50
80699;Saint-Aubin-Rivière;2022;40
80700;Saint-Blimont;2022;252
80701;Saint-Christ-Briost;2022;84
80702;Saint-Fuscien;2022;259
80703;Saint-Germain-sur-Bresle;2022;47
80704;Saint-Gratien;2022;77
80705;Saint-Léger-lès-Authie;2022;24
80706;Saint-Léger-lès-Domart;2022;337
80707;Saint-Léger-sur-Bresle;2022;12
80708;Saint-Mard;2022;42
80709;Saint-Maulvis;2022;49
80710;Saint-Maxent;2022;73
80711;Saint-Ouen;2022;331
80713;Saint-Quentin-en-Tourmont;2022;89
80714;Saint-Quentin-la-Motte-Croix-au-Bailly;2022;325
80716;Saint-Riquier;2022;434
80717;Saint-Sauflieu;2022;204
80718;Saint-Sauveur;2022;316
80719;Sainte-Segrée;2022;14
80721;Saint-Valery-sur-Somme;2022;1022
80722;Saint-Vaast-en-Chaussée;2022;122
80723;Saisseval;2022;55
80724;Saleux;2022;572
80725;Salouël;2022;807
80726;Sancourt;2022;64
80728;Saulchoy-sous-Poix;2022;10
80729;Sauvillers-Mongival;2022;37
80730;Saveuse;2022;267
80732;Senarpont;2022;127
80733;Senlis-le-Sec;2022;67
80734;Sentelie;2022;48
80735;Seux;2022;36
80736;Sorel-en-Vimeu;2022;42
80737;Sorel;2022;36
80738;Soues;2022;30
80740;Sourdon;2022;47
80741;Soyécourt;2022;39
80742;Surcamps;2022;19
80743;Suzanne;2022;57
80744;Tailly;2022;12
80746;Talmas;2022;212
80747;Templeux-la-Fosse;2022;37
80748;Templeux-le-Guérard;2022;31
80749;Terramesnil;2022;48
80750;Tertry;2022;35
80751;Thennes;2022;80
80752;Thézy-Glimont;2022;112
80753;Thiepval;2022;22
80754;Thieulloy-l'Abbaye;2022;65
80755;Thieulloy-la-Ville;2022;23
80756;Thièvres;2022;8
80757;Thoix;2022;40
80758;Thory;2022;32
80759;Tilloloy;2022;56
80760;Tilloy-Floriville;2022;76
80762;Tincourt-Boucly;2022;70
80763;Le Titre;2022;85
80764;Tœufles;2022;66
80765;Tours-en-Vimeu;2022;184
80766;Toutencourt;2022;95
80767;Le Translay;2022;40
80769;Treux;2022;55
80770;Tully;2022;130
80771;Ugny-l'Équipée;2022;9
80773;Vadencourt;2022;23
80774;Vaire-sous-Corbie;2022;66
80775;Valines;2022;158
80776;Varennes;2022;30
80777;Vauchelles-lès-Authie;2022;43
80778;Vauchelles-lès-Domart;2022;20
80779;Vauchelles-les-Quesnoy;2022;210
80780;Vaudricourt;2022;130
80781;Vauvillers;2022;37
80782;Vaux-en-Amiénois;2022;106
80783;Vaux-Marquenneville;2022;24
80784;Vaux-sur-Somme;2022;73
80785;Vecquemont;2022;119
80786;Velennes;2022;26
80787;Vercourt;2022;24
80788;Vergies;2022;42
80789;Vermandovillers;2022;22
80790;Verpillières;2022;40
80791;Vers-sur-Selle;2022;217
80792;La Vicogne;2022;44
80793;Vignacourt;2022;510
80794;Villecourt;2022;15
80795;Ville-le-Marclet;2022;102
80796;Villeroy;2022;40
80797;Villers-aux-Érables;2022;25
80798;Villers-Bocage;2022;335
80799;Villers-Bretonneux;2022;817
80800;Villers-Campsart;2022;22
80801;Villers-Carbonnel;2022;47
80802;Villers-Faucon;2022;109
80803;Villers-lès-Roye;2022;61
80804;Villers-sous-Ailly;2022;42
80805;Villers-Tournelle;2022;18
80806;Villers-sur-Authie;2022;100
80807;Ville-sur-Ancre;2022;66
80808;Vironchaux;2022;107
80809;Vismes;2022;76
80810;Vitz-sur-Authie;2022;31
80811;Voyennes;2022;169
80812;Vraignes-en-Vermandois;2022;28
80813;Vraignes-lès-Hornoy;2022;21
80814;Vrély;2022;65
80815;Vron;2022;183
80819;Wargnies;2022;10
80820;Warloy-Baillon;2022;204
80821;Warlus;2022;40
80822;Warsy;2022;21
80823;Warvillers;2022;19
80824;Wiencourt-l'Équipée;2022;28
80825;Wiry-au-Mont;2022;18
80826;Woignarue;2022;214
80827;Woincourt;2022;371
80828;Woirel;2022;2
80829;Y;2022;11
80832;Yvrench;2022;61
80833;Yvrencheux;2022;38
80834;Yzengremer;2022;117
80835;Yzeux;2022;52
80836;Yonval;2022;44
81001;Aguts;2022;61
81002;Aiguefonde;2022;704
81003;Alban;2022;291
81004;Albi;2022;13920
81005;Albine;2022;159
81006;Algans;2022;56
81007;Alos;2022;37
81008;Almayrac;2022;81
81009;Amarens;2022;21
81010;Ambialet;2022;109
81011;Ambres;2022;199
81012;Andillac;2022;33
81013;Andouque;2022;101
81014;Anglès;2022;212
81015;Appelle;2022;11
81016;Arfons;2022;63
81017;Arifat;2022;36
81018;Arthès;2022;619
81019;Assac;2022;38
81020;Aussac;2022;66
81021;Aussillon;2022;1998
81022;Bannières;2022;43
81023;Barre;2022;62
81024;Beauvais-sur-Tescou;2022;63
81025;Belcastel;2022;53
81026;Bellegarde-Marsal;2022;163
81027;Belleserre;2022;36
81028;Berlats;2022;42
81029;Bernac;2022;40
81030;Bertre;2022;16
81031;Le Bez;2022;203
81032;Blan;2022;248
81033;Blaye-les-Mines;2022;849
81034;Boissezon;2022;110
81035;Bournazel;2022;70
81036;Bout-du-Pont-de-Larn;2022;377
81037;Brassac;2022;431
81038;Brens;2022;487
81039;Briatexte;2022;596
81040;Brousse;2022;87
81041;Broze;2022;45
81042;Burlats;2022;461
81043;Busque;2022;189
81044;Cabanès;2022;56
81045;Les Cabannes;2022;101
81046;Cadalen;2022;378
81047;Cadix;2022;61
81048;Cagnac-les-Mines;2022;617
81049;Cahuzac;2022;163
81050;Cambon-lès-Lavaur;2022;43
81051;Cahuzac-sur-Vère;2022;354
81052;Cambon;2022;498
81053;Cambounès;2022;106
81054;Cambounet-sur-le-Sor;2022;166
81055;Les Cammazes;2022;85
81056;Campagnac;2022;36
81058;Carbes;2022;46
81059;Carlus;2022;187
81060;Carmaux;2022;3031
81061;Castanet;2022;64
81062;Fontrieu;2022;332
81063;Castelnau-de-Lévis;2022;479
81064;Castelnau-de-Montmiral;2022;276
81065;Castres;2022;11125
81066;Caucalières;2022;72
81067;Cestayrols;2022;158
81068;Combefa;2022;42
81069;Cordes-sur-Ciel;2022;384
81070;Coufouleux;2022;577
81071;Courris;2022;30
81072;Crespin;2022;34
81073;Crespinet;2022;41
81074;Cunac;2022;373
81075;Cuq;2022;98
81076;Cuq-Toulza;2022;130
81077;Curvalle;2022;141
81078;Damiatte;2022;236
81079;Dénat;2022;146
81080;Donnazac;2022;19
81081;Dourgne;2022;435
81082;Le Dourn;2022;39
81083;Durfort;2022;74
81084;Escoussens;2022;130
81085;Lacapelle-Escroux;2022;21
81086;Espérausses;2022;50
81087;Fayssac;2022;97
81088;Fauch;2022;83
81089;Faussergues;2022;51
81090;Fénols;2022;53
81092;Fiac;2022;195
81093;Florentin;2022;144
81094;Fraissines;2022;31
81095;Frausseilles;2022;33
81096;Le Fraysse;2022;97
81097;Fréjairolles;2022;289
81098;Fréjeville;2022;108
81099;Gaillac;2022;4315
81100;Garrevaques;2022;82
81101;Le Garric;2022;341
81102;Garrigues;2022;45
81103;Gijounet;2022;51
81104;Giroussens;2022;280
81105;Graulhet;2022;3453
81106;Grazac;2022;110
81108;Itzac;2022;61
81109;Jonquières;2022;147
81110;Jouqueviel;2022;33
81111;Labarthe-Bleys;2022;34
81112;Labastide-de-Lévis;2022;226
81114;Labastide-Gabausse;2022;138
81115;Labastide-Rouairoux;2022;567
81116;Labastide-Saint-Georges;2022;487
81117;Labessière-Candeil;2022;188
81118;Laboulbène;2022;36
81119;Laboutarie;2022;103
81120;Labruguière;2022;1660
81121;Lacabarède;2022;103
81122;Lacapelle-Pinet;2022;26
81123;Lacapelle-Ségalar;2022;28
81124;Lacaune;2022;687
81125;Lacaze;2022;115
81126;Lacougotte-Cadoul;2022;34
81127;Lacroisille;2022;22
81128;Lacrouzette;2022;468
81129;Lagardiolle;2022;58
81130;Lagarrigue;2022;546
81131;Lagrave;2022;582
81132;Guitalens-L'Albarède;2022;190
81133;Lamillarié;2022;98
81134;Lamontélarié;2022;21
81135;Laparrouquial;2022;36
81136;Larroque;2022;59
81137;Lasfaillades;2022;31
81138;Lasgraisses;2022;101
81139;Lautrec;2022;492
81140;Lavaur;2022;3031
81141;Lédas-et-Penthiès;2022;57
81142;Lempaut;2022;180
81143;Lescout;2022;112
81144;Lescure-d'Albigeois;2022;1217
81145;Lisle-sur-Tarn;2022;1205
81146;Livers-Cazelles;2022;74
81147;Lombers;2022;223
81148;Loubers;2022;27
81149;Loupiac;2022;80
81150;Lugan;2022;68
81151;Magrin;2022;39
81152;Mailhoc;2022;66
81154;Marnaves;2022;24
81156;Marssac-sur-Tarn;2022;894
81157;Marzens;2022;66
81158;Le Masnau-Massuguiès;2022;96
81159;Massac-Séran;2022;85
81160;Massaguel;2022;130
81161;Massals;2022;34
81162;Maurens-Scopont;2022;29
81163;Mazamet;2022;3269
81164;Mézens;2022;75
81165;Milhars;2022;110
81166;Milhavet;2022;36
81167;Miolles;2022;33
81168;Mirandol-Bourgnounac;2022;346
81169;Missècle;2022;24
81170;Monestiés;2022;494
81171;Montans;2022;254
81172;Montauriol;2022;23
81173;Montcabrier;2022;43
81174;Montdragon;2022;165
81175;Montdurausse;2022;85
81176;Montels;2022;30
81177;Montfa;2022;105
81178;Montgaillard;2022;77
81179;Montgey;2022;71
81180;Montirat;2022;100
81181;Montpinier;2022;50
81182;Montredon-Labessonnié;2022;589
81183;Mont-Roc;2022;65
81184;Montrosier;2022;12
81185;Montvalen;2022;48
81186;Moularès;2022;83
81187;Moulayrès;2022;48
81188;Moulin-Mage;2022;106
81189;Mouzens;2022;32
81190;Mouzieys-Teulet;2022;80
81191;Mouzieys-Panens;2022;77
81192;Murat-sur-Vèbre;2022;286
81193;Nages;2022;136
81195;Navès;2022;172
81196;Noailhac;2022;192
81197;Noailles;2022;62
81198;Orban;2022;74
81199;Padiès;2022;58
81200;Palleville;2022;110
81201;Pampelonne;2022;324
81202;Parisot;2022;152
81203;Paulinet;2022;147
81204;Payrin-Augmontel;2022;654
81205;Péchaudier;2022;37
81206;Penne;2022;180
81207;Peyregoux;2022;24
81208;Peyrole;2022;98
81209;Pont-de-Larn;2022;780
81210;Poudis;2022;44
81211;Poulan-Pouzols;2022;110
81212;Prades;2022;30
81213;Pratviel;2022;24
81214;Puéchoursi;2022;20
81215;Puybegon;2022;142
81216;Puycalvel;2022;48
81217;Puycelsi;2022;152
81218;Puygouzon;2022;1044
81219;Puylaurens;2022;862
81220;Rabastens;2022;1336
81221;Rayssac;2022;74
81222;Réalmont;2022;945
81223;Le Rialet;2022;31
81224;Le Riols;2022;44
81225;Rivières;2022;205
81227;Roquecourbe;2022;624
81228;Roquemaure;2022;81
81229;Roquevidal;2022;26
81230;Rosières;2022;208
81231;Rouairoux;2022;102
81232;Rouffiac;2022;177
81233;Terre-de-Bancalié;2022;374
81234;Roussayrolles;2022;15
81235;Saint-Affrique-les-Montagnes;2022;121
81236;Saint-Agnan;2022;22
81237;Saint-Amancet;2022;57
81238;Saint-Amans-Soult;2022;511
81239;Saint-Amans-Valtoret;2022;284
81240;Saint-André;2022;35
81242;Saint-Avit;2022;51
81243;Saint-Beauzile;2022;26
81244;Saint-Benoît-de-Carmaux;2022;545
81245;Saint-Christophe;2022;46
81246;Sainte-Cécile-du-Cayrou;2022;35
81247;Saint-Cirgue;2022;52
81248;Saint-Gauzens;2022;186
81249;Sainte-Gemme;2022;197
81250;Saint-Genest-de-Contest;2022;58
81251;Saint-Germain-des-Prés;2022;151
81252;Saint-Germier;2022;23
81253;Saint-Grégoire;2022;88
81254;Saint-Jean-de-Marcel;2022;105
81255;Saint-Jean-de-Rives;2022;73
81256;Saint-Jean-de-Vals;2022;15
81257;Saint-Juéry;2022;1893
81258;Saint-Julien-du-Puy;2022;90
81259;Saint-Julien-Gaulène;2022;59
81261;Saint-Lieux-lès-Lavaur;2022;142
81262;Saint-Marcel-Campes;2022;93
81263;Saint-Martin-Laguépie;2022;131
81264;Saint-Michel-Labadié;2022;24
81265;Saint-Michel-de-Vax;2022;26
81266;Saint-Paul-Cap-de-Joux;2022;298
81267;Saint-Pierre-de-Trivisy;2022;252
81268;Saint-Salvi-de-Carcavès;2022;23
81269;Saint-Salvy-de-la-Balme;2022;166
81270;Saint-Sernin-lès-Lavaur;2022;22
81271;Saint-Sulpice-la-Pointe;2022;1552
81272;Saint-Urcisse;2022;58
81273;Saïx;2022;1046
81274;Saliès;2022;182
81275;Salles;2022;78
81276;Salvagnac;2022;367
81277;Saussenac;2022;125
81278;Sauveterre;2022;56
81279;La Sauzière-Saint-Jean;2022;66
81280;Le Ségur;2022;84
81281;Sémalens;2022;475
81282;Senaux;2022;12
81283;Senouillac;2022;285
81284;Le Sequestre;2022;444
81285;Sérénac;2022;142
81286;Serviès;2022;176
81287;Sieurac;2022;37
81288;Sorèze;2022;779
81289;Soual;2022;649
81290;Souel;2022;64
81291;Taïx;2022;105
81292;Tanus;2022;154
81293;Tauriac;2022;62
81294;Técou;2022;179
81295;Teillet;2022;146
81297;Terssac;2022;334
81298;Teulat;2022;74
81299;Teyssode;2022;103
81300;Tonnac;2022;38
81302;Tréban;2022;9
81303;Trébas;2022;194
81304;Trévien;2022;57
81305;Vabre;2022;268
81306;Valderiès;2022;227
81307;Valdurenque;2022;177
81308;Valence-d'Albigeois;2022;460
81309;Vaour;2022;64
81310;Veilhes;2022;30
81311;Vénès;2022;180
81312;Verdalle;2022;259
81313;Le Verdier;2022;59
81314;Viane;2022;157
81315;Vielmur-sur-Agout;2022;297
81316;Vieux;2022;58
81317;Villefranche-d'Albigeois;2022;317
81318;Villeneuve-lès-Lavaur;2022;37
81319;Villeneuve-sur-Vère;2022;120
81320;Vindrac-Alayrac;2022;58
81321;Le Vintrou;2022;23
81322;Virac;2022;62
81323;Viterbe;2022;75
81324;Viviers-lès-Lavaur;2022;54
81325;Viviers-lès-Montagnes;2022;431
81326;Sainte-Croix;2022;91
82001;Albefeuille-Lagarde;2022;161
82002;Albias;2022;726
82003;Angeville;2022;40
82004;Asques;2022;29
82005;Aucamville;2022;217
82006;Auterive;2022;18
82007;Auty;2022;48
82008;Auvillar;2022;247
82009;Balignac;2022;8
82010;Bardigues;2022;49
82011;Barry-d'Islemade;2022;145
82012;Les Barthes;2022;95
82013;Beaumont-de-Lomagne;2022;1124
82014;Beaupuy;2022;42
82015;Belbèze-en-Lomagne;2022;35
82016;Belvèze;2022;74
82017;Bessens;2022;162
82018;Bioule;2022;229
82019;Boudou;2022;166
82020;Bouillac;2022;117
82021;Bouloc-en-Quercy;2022;67
82022;Bourg-de-Visa;2022;122
82023;Bourret;2022;154
82024;Brassac;2022;84
82025;Bressols;2022;709
82026;Bruniquel;2022;171
82027;Campsas;2022;177
82028;Canals;2022;112
82029;Castanet;2022;105
82030;Castelferrus;2022;111
82031;Castelmayran;2022;218
82032;Castelsagrat;2022;129
82033;Castelsarrasin;2022;3252
82034;Castéra-Bouzet;2022;26
82035;Caumont;2022;84
82036;Le Causé;2022;49
82037;Caussade;2022;1905
82038;Caylus;2022;529
82039;Cayrac;2022;113
82040;Cayriech;2022;69
82041;Cazals;2022;70
82042;Cazes-Mondenard;2022;329
82043;Comberouger;2022;56
82044;Corbarieu;2022;320
82045;Cordes-Tolosannes;2022;77
82046;Coutures;2022;36
82047;Cumont;2022;21
82048;Dieupentale;2022;181
82049;Donzac;2022;219
82050;Dunes;2022;286
82051;Durfort-Lacapelette;2022;222
82052;Escatalens;2022;242
82053;Escazeaux;2022;74
82054;Espalais;2022;74
82055;Esparsac;2022;83
82056;Espinas;2022;65
82057;Fabas;2022;73
82058;Fajolles;2022;29
82059;Faudoas;2022;100
82060;Fauroux;2022;64
82061;Féneyrols;2022;50
82062;Finhan;2022;253
82063;Garganvillar;2022;147
82064;Gariès;2022;41
82065;Gasques;2022;115
82066;Génébrières;2022;116
82067;Gensac;2022;28
82068;Gimat;2022;47
82069;Ginals;2022;73
82070;Glatens;2022;4
82071;Goas;2022;7
82072;Golfech;2022;156
82073;Goudourville;2022;252
82074;Gramont;2022;55
82075;Grisolles;2022;879
82076;L'Honor-de-Cos;2022;392
82077;Labarthe;2022;107
82078;Labastide-de-Penne;2022;41
82079;Labastide-Saint-Pierre;2022;721
82080;Labastide-du-Temple;2022;216
82081;Labourgade;2022;25
82082;Lacapelle-Livron;2022;51
82083;Lachapelle;2022;39
82084;Lacour;2022;62
82085;Lacourt-Saint-Pierre;2022;204
82086;Lafitte;2022;68
82087;Lafrançaise;2022;674
82088;Laguépie;2022;267
82089;Lamagistère;2022;331
82090;Lamothe-Capdeville;2022;244
82091;Lamothe-Cumont;2022;37
82092;Lapenche;2022;59
82093;Larrazet;2022;174
82094;Lauzerte;2022;500
82095;Lavaurette;2022;43
82096;La Ville-Dieu-du-Temple;2022;618
82097;Lavit;2022;548
82098;Léojac;2022;248
82099;Lizac;2022;121
82100;Loze;2022;38
82101;Malause;2022;261
82102;Mansonville;2022;85
82103;Marignac;2022;38
82104;Marsac;2022;57
82105;Mas-Grenier;2022;219
82106;Maubec;2022;52
82107;Maumusson;2022;11
82108;Meauzac;2022;308
82109;Merles;2022;39
82110;Mirabel;2022;246
82111;Miramont-de-Quercy;2022;79
82112;Moissac;2022;3522
82113;Molières;2022;382
82114;Monbéqui;2022;104
82115;Monclar-de-Quercy;2022;401
82116;Montagudet;2022;56
82117;Montaigu-de-Quercy;2022;477
82118;Montaïn;2022;25
82119;Montalzat;2022;171
82120;Montastruc;2022;66
82121;Montauban;2022;13944
82122;Montbarla;2022;66
82123;Montbartier;2022;247
82124;Montbeton;2022;747
82125;Montech;2022;1394
82126;Monteils;2022;366
82127;Montesquieu;2022;205
82128;Montfermier;2022;34
82129;Montgaillard;2022;35
82130;Montjoi;2022;60
82131;Montpezat-de-Quercy;2022;515
82132;Montricoux;2022;290
82133;Mouillac;2022;18
82134;Nègrepelisse;2022;1408
82135;Nohic;2022;228
82136;Orgueil;2022;246
82137;Parisot;2022;185
82138;Perville;2022;44
82139;Le Pin;2022;39
82140;Piquecos;2022;96
82141;Pommevic;2022;147
82142;Pompignan;2022;231
82143;Poupas;2022;32
82144;Puycornet;2022;145
82145;Puygaillard-de-Quercy;2022;78
82146;Puygaillard-de-Lomagne;2022;17
82147;Puylagarde;2022;125
82148;Puylaroque;2022;191
82149;Réalville;2022;404
82150;Reyniès;2022;201
82151;Roquecor;2022;147
82152;Saint-Aignan;2022;122
82153;Saint-Amans-du-Pech;2022;66
82154;Saint-Amans-de-Pellagal;2022;82
82155;Saint-Antonin-Noble-Val;2022;696
82156;Saint-Arroumex;2022;46
82157;Saint-Beauzeil;2022;29
82158;Saint-Cirice;2022;41
82159;Saint-Cirq;2022;110
82160;Saint-Clair;2022;65
82161;Saint-Étienne-de-Tulmont;2022;814
82162;Saint-Georges;2022;50
82163;Saint-Jean-du-Bouzet;2022;19
82164;Sainte-Juliette;2022;45
82165;Saint-Loup;2022;102
82166;Saint-Michel;2022;44
82167;Saint-Nauphary;2022;542
82168;Saint-Nazaire-de-Valentane;2022;114
82169;Saint-Nicolas-de-la-Grave;2022;585
82170;Saint-Paul-d'Espis;2022;175
82171;Saint-Porquier;2022;275
82172;Saint-Projet;2022;114
82173;Saint-Sardos;2022;186
82174;Saint-Vincent-d'Autéjac;2022;79
82175;Saint-Vincent-Lespinasse;2022;78
82176;La Salvetat-Belmontet;2022;165
82177;Sauveterre;2022;47
82178;Savenès;2022;126
82179;Septfonds;2022;717
82180;Sérignac;2022;142
82181;Sistels;2022;45
82182;Touffailles;2022;103
82183;Tréjouls;2022;77
82184;Vaïssac;2022;188
82185;Valeilles;2022;72
82186;Valence;2022;1565
82187;Varen;2022;252
82188;Varennes;2022;92
82189;Vazerac;2022;214
82190;Verdun-sur-Garonne;2022;982
82191;Verfeil;2022;108
82192;Verlhac-Tescou;2022;114
82193;Vigueron;2022;30
82194;Villebrumier;2022;306
82195;Villemade;2022;163
83001;Les Adrets-de-l'Estérel;2022;705
83002;Aiguines;2022;92
83003;Ampus;2022;225
83004;Les Arcs;2022;1847
83005;Artignosc-sur-Verdon;2022;107
83006;Artigues;2022;66
83007;Aups;2022;764
83008;Bagnols-en-Forêt;2022;780
83009;Bandol;2022;3576
83010;Bargème;2022;58
83011;Bargemon;2022;405
83012;Barjols;2022;916
83013;La Bastide;2022;62
83014;Baudinard-sur-Verdon;2022;92
83015;Bauduen;2022;95
83016;Le Beausset;2022;2487
83017;Belgentier;2022;542
83018;Besse-sur-Issole;2022;749
83019;Bormes-les-Mimosas;2022;3100
83020;Le Bourguet;2022;22
83021;Bras;2022;485
83022;Brenon;2022;3
83023;Brignoles;2022;3747
83025;Brue-Auriac;2022;274
83026;Cabasse;2022;405
83027;La Cadière-d'Azur;2022;1686
83028;Callas;2022;581
83029;Callian;2022;861
83030;Camps-la-Source;2022;449
83031;Le Cannet-des-Maures;2022;1176
83032;Carcès;2022;1100
83033;Carnoules;2022;759
83034;Carqueiranne;2022;3621
83035;Le Castellet;2022;1390
83036;Cavalaire-sur-Mer;2022;2918
83037;La Celle;2022;406
83038;Châteaudouble;2022;104
83039;Châteauvert;2022;33
83040;Châteauvieux;2022;18
83041;Claviers;2022;209
83042;Cogolin;2022;2385
83043;Collobrières;2022;493
83044;Comps-sur-Artuby;2022;92
83045;Correns;2022;238
83046;Cotignac;2022;887
83047;La Crau;2022;4193
83048;La Croix-Valmer;2022;997
83049;Cuers;2022;2619
83050;Draguignan;2022;8907
83051;Entrecasteaux;2022;389
83052;Esparron;2022;72
83053;Évenos;2022;582
83054;La Farlède;2022;2280
83055;Fayence;2022;1581
83056;Figanières;2022;690
83057;Flassans-sur-Issole;2022;757
83058;Flayosc;2022;1402
83059;Forcalqueiret;2022;653
83060;Fox-Amphoux;2022;161
83061;Fréjus;2022;17213
83062;La Garde;2022;6682
83063;La Garde-Freinet;2022;439
83064;Garéoult;2022;1783
83065;Gassin;2022;757
83066;Ginasservis;2022;404
83067;Gonfaron;2022;917
83068;Grimaud;2022;1221
83069;Hyères;2022;17080
83070;Le Lavandou;2022;2547
83071;La Londe-les-Maures;2022;4304
83072;Lorgues;2022;3132
83073;Le Luc;2022;2476
83074;La Martre;2022;61
83075;Les Mayons;2022;173
83076;Mazaugues;2022;165
83077;Méounes-lès-Montrieux;2022;512
83078;Moissac-Bellevue;2022;152
83079;La Môle;2022;229
83080;Mons;2022;275
83081;Montauroux;2022;1364
83082;Montferrat;2022;124
83083;Montfort-sur-Argens;2022;391
83084;Montmeyan;2022;231
83085;La Motte;2022;817
83086;Le Muy;2022;2370
83087;Nans-les-Pins;2022;1448
83088;Néoules;2022;579
83089;Ollières;2022;146
83090;Ollioules;2022;3845
83091;Pierrefeu-du-Var;2022;1383
83092;Pignans;2022;970
83093;Plan-d'Aups-Sainte-Baume;2022;396
83094;Le Plan-de-la-Tour;2022;655
83095;Pontevès;2022;240
83096;Pourcieux;2022;215
83097;Pourrières;2022;982
83098;Le Pradet;2022;3385
83099;Puget-sur-Argens;2022;1883
83100;Puget-Ville;2022;863
83101;Ramatuelle;2022;585
83102;Régusse;2022;1034
83103;Le Revest-les-Eaux;2022;958
83104;Rians;2022;1048
83105;Riboux;2022;6
83106;Rocbaron;2022;950
83107;Roquebrune-sur-Argens;2022;4328
83108;La Roquebrussanne;2022;591
83109;La Roque-Esclapon;2022;98
83110;Rougiers;2022;323
83111;Sainte-Anastasie-sur-Issole;2022;510
83112;Saint-Cyr-sur-Mer;2022;4232
83113;Saint-Julien;2022;609
83114;Saint-Martin-de-Pallières;2022;73
83115;Sainte-Maxime;2022;4883
83116;Saint-Maximin-la-Sainte-Baume;2022;3861
83117;Saint-Paul-en-Forêt;2022;461
83118;Saint-Raphaël;2022;15207
83119;Saint-Tropez;2022;1283
83120;Saint-Zacharie;2022;1408
83121;Salernes;2022;1234
83122;Les Salles-sur-Verdon;2022;68
83123;Sanary-sur-Mer;2022;7552
83124;Seillans;2022;830
83125;Seillons-Source-d'Argens;2022;528
83126;La Seyne-sur-Mer;2022;16598
83127;Signes;2022;572
83128;Sillans-la-Cascade;2022;239
83129;Six-Fours-les-Plages;2022;12364
83130;Solliès-Pont;2022;2980
83131;Solliès-Toucas;2022;1229
83132;Solliès-Ville;2022;551
83133;Tanneron;2022;371
83134;Taradeau;2022;532
83135;Tavernes;2022;432
83136;Le Thoronet;2022;690
83137;Toulon;2022;42570
83138;Tourrettes;2022;819
83139;Tourtour;2022;205
83140;Tourves;2022;1162
83141;Trans-en-Provence;2022;1491
83142;Trigance;2022;46
83143;Le Val;2022;1267
83144;La Valette-du-Var;2022;6140
83145;Varages;2022;344
83146;La Verdière;2022;546
83147;Vérignon;2022;3
83148;Vidauban;2022;2601
83149;Villecroze;2022;422
83150;Vinon-sur-Verdon;2022;817
83151;Vins-sur-Caramy;2022;190
83152;Rayol-Canadel-sur-Mer;2022;246
83153;Saint-Mandrier-sur-Mer;2022;1733
83154;Saint-Antonin-du-Var;2022;216
84001;Althen-des-Paluds;2022;597
84002;Ansouis;2022;254
84003;Apt;2022;2984
84004;Aubignan;2022;1215
84005;Aurel;2022;56
84006;Auribeau;2022;11
84007;Avignon;2022;17647
84008;Le Barroux;2022;172
84009;La Bastide-des-Jourdans;2022;337
84010;La Bastidonne;2022;166
84011;Le Beaucet;2022;106
84012;Beaumes-de-Venise;2022;670
84013;Beaumettes;2022;66
84014;Beaumont-de-Pertuis;2022;238
84015;Beaumont-du-Ventoux;2022;90
84016;Bédarrides;2022;1313
84017;Bédoin;2022;991
84018;Blauvac;2022;127
84019;Bollène;2022;3600
84020;Bonnieux;2022;364
84021;Brantes;2022;26
84022;Buisson;2022;75
84023;Buoux;2022;37
84024;Cabrières-d'Aigues;2022;193
84025;Cabrières-d'Avignon;2022;495
84026;Cadenet;2022;1035
84027;Caderousse;2022;665
84028;Cairanne;2022;230
84029;Camaret-sur-Aigues;2022;855
84030;Caromb;2022;918
84031;Carpentras;2022;7427
84032;Caseneuve;2022;148
84033;Castellet-en-Luberon;2022;42
84034;Caumont-sur-Durance;2022;1173
84035;Cavaillon;2022;5817
84036;Châteauneuf-de-Gadagne;2022;923
84037;Châteauneuf-du-Pape;2022;507
84038;Cheval-Blanc;2022;1044
84039;Courthézon;2022;1296
84040;Crestet;2022;122
84041;Crillon-le-Brave;2022;144
84042;Cucuron;2022;638
84043;Entraigues-sur-la-Sorgue;2022;1844
84044;Entrechaux;2022;274
84045;Faucon;2022;116
84046;Flassan;2022;106
84047;Gargas;2022;971
84048;Gignac;2022;21
84049;Gigondas;2022;133
84050;Gordes;2022;733
84051;Goult;2022;332
84052;Grambois;2022;338
84053;Grillon;2022;516
84054;L'Isle-sur-la-Sorgue;2022;5284
84055;Jonquerettes;2022;390
84056;Jonquières;2022;1084
84057;Joucas;2022;111
84058;Lacoste;2022;134
84059;Lafare;2022;17
84060;Lagarde-d'Apt;2022;10
84061;Lagarde-Paréol;2022;85
84062;Lagnes;2022;500
84063;Lamotte-du-Rhône;2022;91
84064;Lapalud;2022;714
84065;Lauris;2022;1125
84066;Lioux;2022;71
84067;Loriol-du-Comtat;2022;550
84068;Lourmarin;2022;357
84069;Malaucène;2022;837
84070;Malemort-du-Comtat;2022;345
84071;Maubec;2022;463
84072;Mazan;2022;1689
84073;Ménerbes;2022;329
84074;Mérindol;2022;511
84075;Méthamis;2022;117
84076;Mirabeau;2022;270
84077;Modène;2022;88
84078;Mondragon;2022;833
84079;Monieux;2022;87
84080;Monteux;2022;2534
84081;Morières-lès-Avignon;2022;2209
84082;Mormoiron;2022;446
84083;Mornas;2022;538
84084;La Motte-d'Aigues;2022;311
84085;Murs;2022;111
84086;Oppède;2022;379
84087;Orange;2022;7040
84088;Pernes-les-Fontaines;2022;2484
84089;Pertuis;2022;4563
84090;Peypin-d'Aigues;2022;137
84091;Piolenc;2022;1208
84092;Le Pontet;2022;3553
84093;Puget;2022;199
84094;Puyméras;2022;155
84095;Puyvert;2022;177
84096;Rasteau;2022;224
84097;Richerenches;2022;143
84098;Roaix;2022;178
84099;Robion;2022;1189
84100;La Roque-Alric;2022;15
84101;La Roque-sur-Pernes;2022;131
84102;Roussillon;2022;458
84103;Rustrel;2022;180
84104;Sablet;2022;351
84105;Saignon;2022;302
84106;Sainte-Cécile-les-Vignes;2022;605
84107;Saint-Christol;2022;225
84108;Saint-Didier;2022;763
84109;Saint-Hippolyte-le-Graveyron;2022;47
84110;Saint-Léger-du-Ventoux;2022;9
84111;Saint-Marcellin-lès-Vaison;2022;104
84112;Saint-Martin-de-Castillon;2022;193
84113;Saint-Martin-de-la-Brasque;2022;185
84114;Saint-Pantaléon;2022;39
84115;Saint-Pierre-de-Vassols;2022;111
84116;Saint-Romain-en-Viennois;2022;280
84117;Saint-Roman-de-Malegarde;2022;66
84118;Saint-Saturnin-lès-Apt;2022;959
84119;Saint-Saturnin-lès-Avignon;2022;1198
84120;Saint-Trinit;2022;52
84121;Sannes;2022;47
84122;Sarrians;2022;1374
84123;Sault;2022;422
84124;Saumane-de-Vaucluse;2022;251
84125;Savoillan;2022;22
84126;Séguret;2022;228
84127;Sérignan-du-Comtat;2022;608
84128;Sivergues;2022;16
84129;Sorgues;2022;3746
84130;Suzette;2022;43
84131;Taillades;2022;549
84132;Le Thor;2022;1856
84133;La Tour-d'Aigues;2022;1077
84134;Travaillan;2022;128
84135;Uchaux;2022;378
84136;Vacqueyras;2022;269
84137;Vaison-la-Romaine;2022;2130
84138;Valréas;2022;2771
84139;Fontaine-de-Vaucluse;2022;159
84140;Vaugines;2022;142
84141;Vedène;2022;2170
84142;Velleron;2022;818
84143;Venasque;2022;445
84144;Viens;2022;188
84145;Villars;2022;211
84146;Villedieu;2022;130
84147;Villelaure;2022;622
84148;Villes-sur-Auzon;2022;348
84149;Violès;2022;405
84150;Visan;2022;501
84151;Vitrolles-en-Lubéron;2022;50
85001;L'Aiguillon-la-Presqu'île;2022;1501
85002;L'Aiguillon-sur-Vie;2022;622
85003;Aizenay;2022;1811
85004;Angles;2022;1379
85005;Antigny;2022;309
85006;Apremont;2022;442
85008;Aubigny-Les Clouzeaux;2022;1394
85009;Auchay-sur-Vendée;2022;246
85010;Avrillé;2022;482
85011;Barbâtre;2022;778
85012;La Barre-de-Monts;2022;841
85013;Bazoges-en-Paillers;2022;153
85014;Bazoges-en-Pareds;2022;244
85015;Beaufou;2022;188
85016;Beaulieu-sous-la-Roche;2022;473
85017;Beaurepaire;2022;363
85018;Beauvoir-sur-Mer;2022;1671
85019;Bellevigny;2022;1053
85020;Benet;2022;1008
85022;Le Bernard;2022;412
85023;Bessay;2022;100
85024;Bois-de-Céné;2022;465
85025;La Boissière-de-Montaigu;2022;382
85026;La Boissière-des-Landes;2022;263
85028;Bouillé-Courdault;2022;102
85029;Bouin;2022;752
85031;Le Boupère;2022;704
85033;Bourneau;2022;134
85034;Bournezeau;2022;640
85035;Bretignolles-sur-Mer;2022;2186
85036;La Bretonnière-la-Claye;2022;133
85038;Les Brouzils;2022;484
85039;La Bruffière;2022;743
85040;La Caillère-Saint-Hilaire;2022;375
85042;Chaillé-les-Marais;2022;507
85045;La Chaize-Giraud;2022;350
85046;La Chaize-le-Vicomte;2022;615
85047;Challans;2022;7411
85049;Champagné-les-Marais;2022;497
85050;Le Champ-Saint-Père;2022;578
85051;Chantonnay;2022;1929
85054;La Chapelle-Hermier;2022;207
85055;La Chapelle-Palluau;2022;167
85056;La Chapelle-Thémer;2022;111
85058;Chasnais;2022;163
85059;La Châtaigneraie;2022;892
85061;Château-Guibert;2022;350
85062;Châteauneuf;2022;160
85064;Chauché;2022;466
85065;Chavagnes-en-Paillers;2022;766
85066;Chavagnes-les-Redoux;2022;172
85067;Cheffois;2022;172
85070;Coëx;2022;925
85071;Commequiers;2022;963
85072;La Copechagnière;2022;128
85073;Corpe;2022;176
85074;La Couture;2022;53
85076;Cugand-la-Bernardière;2022;1060
85077;Curzon;2022;132
85078;Damvix;2022;268
85080;Doix lès Fontaines;2022;440
85081;Dompierre-sur-Yon;2022;709
85082;Les Epesses;2022;529
85083;L'Épine;2022;647
85084;Essarts-en-Bocage;2022;1088
85086;Falleron;2022;307
85087;Faymoreau;2022;54
85088;Le Fenouiller;2022;1728
85089;La Ferrière;2022;1072
85090;Sèvremont;2022;1234
85092;Fontenay-le-Comte;2022;4544
85093;Fougeré;2022;179
85094;Foussais-Payré;2022;310
85095;Froidfond;2022;298
85096;La Garnache;2022;1150
85097;La Gaubretière;2022;591
85098;La Genétouze;2022;342
85099;Le Girouard;2022;173
85100;Givrand;2022;786
85101;Le Givre;2022;120
85102;Grand'Landes;2022;102
85103;Grosbreuil;2022;438
85104;Grues;2022;337
85105;Le Gué-de-Velluire;2022;124
85106;La Guérinière;2022;473
85108;L'Herbergement;2022;496
85109;Les Herbiers;2022;3324
85110;L'Hermenault;2022;303
85111;L'Île-d'Elle;2022;380
85112;L'Île-d'Olonne;2022;722
85113;L'Île-d'Yeu;2022;1614
85114;Jard-sur-Mer;2022;1829
85115;La Jaudonnière;2022;126
85116;La Jonchère;2022;147
85117;Lairoux;2022;178
85118;Landeronde;2022;445
85119;Les Landes-Genusson;2022;534
85120;Landevieille;2022;372
85121;Le Langon;2022;248
85123;Liez;2022;59
85125;Loge-Fougereuse;2022;92
85126;Longèves;2022;319
85127;Longeville-sur-Mer;2022;1159
85128;Luçon;2022;3390
85129;Les Lucs-sur-Boulogne;2022;711
85130;Maché;2022;289
85131;Les Magnils-Reigniers;2022;352
85132;Maillé;2022;204
85133;Maillezais;2022;340
85134;Mallièvre;2022;55
85135;Mareuil-sur-Lay-Dissais;2022;785
85136;Marillet;2022;33
85137;Marsais-Sainte-Radégonde;2022;139
85138;Martinet;2022;161
85139;Le Mazeau;2022;146
85140;La Meilleraie-Tillay;2022;352
85141;Menomblet;2022;135
85142;La Merlatière;2022;115
85143;Mervent;2022;285
85144;Mesnard-la-Barotière;2022;202
85145;Monsireigne;2022;159
85146;Montaigu-Vendée;2022;3621
85147;Montournais;2022;338
85148;Montreuil;2022;162
85149;Moreilles;2022;84
85151;Mortagne-sur-Sèvre;2022;1277
85152;Les Achards;2022;1032
85153;Mouchamps;2022;532
85154;Mouilleron-Saint-Germain;2022;434
85155;Mouilleron-le-Captif;2022;1182
85156;Moutiers-les-Mauxfaits;2022;653
85157;Moutiers-sur-le-Lay;2022;178
85158;Mouzeuil-Saint-Martin;2022;293
85159;Nalliers;2022;599
85160;Nesmy;2022;600
85161;Nieul-le-Dolent;2022;572
85162;Rives-d'Autise;2022;451
85163;Noirmoutier-en-l'Île;2022;1752
85164;Notre-Dame-de-Monts;2022;1012
85165;L'Oie;2022;157
85167;L'Orbrie;2022;233
85169;Palluau;2022;190
85171;Péault;2022;106
85172;Le Perrier;2022;606
85174;Petosse;2022;116
85175;Les Pineaux;2022;81
85176;Pissotte;2022;391
85177;Les Velluire-sur-Vendée;2022;322
85178;Le Poiré-sur-Vie;2022;1550
85179;Poiroux;2022;260
85181;Pouillé;2022;137
85182;Pouzauges;2022;1319
85184;Puy-de-Serre;2022;81
85185;Puyravault;2022;173
85186;La Rabatelière;2022;154
85187;Réaumur;2022;190
85188;La Réorthe;2022;222
85189;Notre-Dame-de-Riez;2022;571
85190;Rocheservière;2022;630
85191;La Roche-sur-Yon;2022;12317
85192;Rochetrejoux;2022;174
85193;Rosnay;2022;116
85194;Les Sables-d'Olonne;2022;19926
85196;Saint-André-Goule-d'Oie;2022;261
85197;Montréverd;2022;513
85198;Saint-Aubin-des-Ormeaux;2022;214
85199;Saint-Aubin-la-Plaine;2022;72
85200;Saint-Avaugourd-des-Landes;2022;207
85201;Saint-Benoist-sur-Mer;2022;179
85202;Sainte-Cécile;2022;279
85204;Saint-Christophe-du-Ligneron;2022;536
85205;Saint-Cyr-des-Gâts;2022;119
85206;Saint-Cyr-en-Talmondais;2022;134
85207;Saint-Denis-du-Payré;2022;163
85208;Saint-Denis-la-Chevasse;2022;405
85209;Saint-Étienne-de-Brillouet;2022;89
85210;Saint-Étienne-du-Bois;2022;416
85211;Sainte-Flaive-des-Loups;2022;406
85212;Sainte-Florence;2022;168
85213;Rives de l'Yon;2022;924
85214;Sainte-Foy;2022;499
85215;Saint-Fulgent;2022;791
85216;Sainte-Gemme-la-Plaine;2022;461
85218;Saint-Georges-de-Pointindoux;2022;288
85220;Saint-Germain-de-Prinçay;2022;317
85221;Saint-Gervais;2022;690
85222;Saint-Gilles-Croix-de-Vie;2022;3717
85223;Saint-Jean-d'Hermine;2022;804
85226;Saint-Hilaire-de-Riez;2022;5501
85227;Saint-Hilaire-des-Loges;2022;510
85229;Saint-Hilaire-de-Voust;2022;197
85231;Saint-Hilaire-la-Forêt;2022;279
85232;Saint-Hilaire-le-Vouhis;2022;140
85234;Saint-Jean-de-Monts;2022;3607
85235;Saint-Juire-Champgillon;2022;92
85236;Saint-Julien-des-Landes;2022;448
85237;Saint-Laurent-de-la-Salle;2022;98
85238;Saint-Laurent-sur-Sèvre;2022;916
85239;Saint-Maixent-sur-Vie;2022;203
85240;Saint-Malô-du-Bois;2022;229
85242;Saint-Mars-la-Réorthe;2022;159
85243;Brem-sur-Mer;2022;1238
85244;Saint-Martin-de-Fraigneau;2022;161
85245;Saint-Martin-des-Fontaines;2022;44
85246;Saint-Martin-des-Noyers;2022;502
85247;Saint-Martin-des-Tilleuls;2022;148
85248;Saint-Martin-Lars-en-Sainte-Hermine;2022;115
85250;Saint-Mathurin;2022;512
85251;Saint-Maurice-des-Noues;2022;160
85252;Saint-Maurice-le-Girard;2022;138
85254;Saint-Mesmin;2022;443
85255;Saint-Michel-en-l'Herm;2022;1000
85256;Saint-Michel-le-Cloucq;2022;364
85259;Saint-Paul-en-Pareds;2022;221
85260;Saint-Paul-Mont-Penit;2022;129
85261;Sainte-Pexine;2022;38
85262;Saint-Philbert-de-Bouaine;2022;527
85264;Saint-Pierre-du-Chemin;2022;400
85265;Saint-Pierre-le-Vieux;2022;194
85266;Saint-Prouant;2022;342
85267;Sainte-Radégonde-des-Noyers;2022;170
85268;Saint-Révérend;2022;345
85269;Saint-Sigismond;2022;112
85273;Saint-Urbain;2022;318
85274;Saint-Valérien;2022;137
85276;Saint-Vincent-Sterlanges;2022;126
85277;Saint-Vincent-sur-Graon;2022;308
85278;Saint-Vincent-sur-Jard;2022;797
85280;Sallertaine;2022;841
85281;Sérigné;2022;203
85282;Sigournais;2022;194
85284;Soullans;2022;1370
85285;Le Tablier;2022;114
85286;La Taillée;2022;121
85287;Tallud-Sainte-Gemme;2022;72
85288;Talmont-Saint-Hilaire;2022;2891
85289;Terval;2022;534
85290;Thiré;2022;135
85291;Thorigny;2022;183
85292;Rives-du-Fougerais;2022;350
85293;Tiffauges;2022;308
85294;La Tranche-sur-Mer;2022;1530
85295;Treize-Septiers;2022;581
85296;Treize-Vents;2022;241
85297;Triaize;2022;300
85298;Vairé;2022;423
85300;Venansault;2022;817
85301;Vendrennes;2022;249
85302;Chanverrie;2022;1247
85303;Vix;2022;491
85304;Vouillé-les-Marais;2022;202
85305;Vouvant;2022;289
85306;Xanton-Chassenon;2022;150
86001;Adriers;2022;255
86002;Amberre;2022;99
86003;Anché;2022;72
86004;Angles-sur-l'Anglin;2022;147
86005;Angliers;2022;149
86006;Antigny;2022;171
86007;Antran;2022;293
86008;Arçay;2022;104
86009;Archigny;2022;280
86010;Aslonnes;2022;174
86011;Asnières-sur-Blour;2022;75
86012;Asnois;2022;59
86013;Aulnay;2022;31
86014;Availles-en-Châtellerault;2022;351
86015;Availles-Limouzine;2022;473
86016;Avanton;2022;402
86017;Ayron;2022;242
86018;Basses;2022;97
86019;Beaumont Saint-Cyr;2022;561
86020;Bellefonds;2022;60
86022;Berrie;2022;81
86023;Berthegon;2022;68
86024;Béruges;2022;351
86025;Béthines;2022;181
86026;Beuxes;2022;115
86027;Biard;2022;390
86028;Bignoux;2022;234
86029;Blanzay;2022;217
86031;Bonnes;2022;401
86032;Bonneuil-Matours;2022;414
86034;Bouresse;2022;150
86035;Bourg-Archambault;2022;65
86036;Bournand;2022;157
86037;Brigueil-le-Chantre;2022;225
86038;Brion;2022;39
86039;Brux;2022;201
86040;La Bussière;2022;106
86041;Buxerolles;2022;2489
86042;Buxeuil;2022;261
86044;Ceaux-en-Loudun;2022;125
86045;Celle-Lévescault;2022;231
86046;Cenon-sur-Vienne;2022;476
86047;Cernay;2022;91
86048;Chabournay;2022;159
86049;Chalais;2022;145
86050;Chalandray;2022;160
86051;Champagné-le-Sec;2022;57
86052;Champagné-Saint-Hilaire;2022;213
86053;Champigny en Rochereau;2022;321
86054;Champniers;2022;120
86055;La Chapelle-Bâton;2022;96
86058;La Chapelle-Moulière;2022;122
86059;Chapelle-Viviers;2022;104
86061;Charroux;2022;425
86062;Chasseneuil-du-Poitou;2022;883
86063;Chatain;2022;89
86064;Château-Garnier;2022;236
86065;Château-Larcher;2022;184
86066;Châtellerault;2022;8629
86068;Chaunay;2022;409
86069;La Chaussée;2022;45
86070;Chauvigny;2022;2022
86072;Chenevelles;2022;78
86073;Cherves;2022;149
86074;Chiré-en-Montreuil;2022;168
86075;Chouppes;2022;175
86076;Cissé;2022;540
86077;Civaux;2022;241
86078;Civray;2022;1094
86079;La Roche-Rigault;2022;122
86080;Cloué;2022;103
86081;Colombiers;2022;284
86082;Valence-en-Poitou;2022;1131
86083;Coulombiers;2022;255
86084;Coulonges-les-Hérolles;2022;106
86085;Coussay;2022;57
86086;Coussay-les-Bois;2022;215
86087;Craon;2022;53
86088;Croutelle;2022;186
86089;Cuhon;2022;82
86090;Curçay-sur-Dive;2022;66
86091;Curzay-sur-Vonne;2022;93
86092;Dangé-Saint-Romain;2022;827
86093;Dercé;2022;47
86094;Dienné;2022;76
86095;Dissay;2022;570
86096;Doussay;2022;132
86097;La Ferrière-Airoux;2022;53
86098;Fleix;2022;30
86099;Fleuré;2022;243
86100;Fontaine-le-Comte;2022;1094
86102;Frozes;2022;78
86103;Gençay;2022;615
86104;Genouillé;2022;164
86105;Gizay;2022;61
86106;Glénouze;2022;26
86107;Gouex;2022;141
86108;La Grimaudière;2022;115
86109;Guesnes;2022;61
86110;Haims;2022;47
86111;Ingrandes;2022;439
86112;L'Isle-Jourdain;2022;561
86113;Iteuil;2022;672
86114;Jardres;2022;234
86115;Jaunay-Marigny;2022;1519
86116;Jazeneuil;2022;158
86117;Jouhet;2022;121
86118;Journet;2022;122
86119;Joussé;2022;89
86120;Lathus-Saint-Rémy;2022;429
86121;Latillé;2022;357
86122;Lauthiers;2022;11
86123;Boivre-la-Vallée;2022;532
86124;Lavoux;2022;218
86125;Leigné-les-Bois;2022;125
86126;Leignes-sur-Fontaine;2022;125
86127;Leigné-sur-Usseau;2022;85
86128;Lencloître;2022;735
86129;Lésigny;2022;141
86130;Leugny;2022;100
86131;Lhommaizé;2022;149
86132;Liglet;2022;115
86133;Ligugé;2022;887
86134;Linazay;2022;48
86135;Liniers;2022;101
86136;Lizant;2022;138
86137;Loudun;2022;2144
86138;Luchapt;2022;116
86139;Lusignan;2022;803
86140;Lussac-les-Châteaux;2022;749
86141;Magné;2022;120
86142;Maillé;2022;75
86143;Mairé;2022;44
86144;Maisonneuve;2022;72
86145;Marçay;2022;163
86147;Marigny-Chemereau;2022;105
86148;Marnay;2022;128
86149;Martaizé;2022;107
86150;Massognes;2022;61
86151;Maulay;2022;46
86152;Mauprévoir;2022;229
86153;Mazerolles;2022;191
86154;Mazeuil;2022;69
86156;Messemé;2022;38
86157;Mignaloux-Beauvoir;2022;954
86158;Migné-Auxances;2022;1381
86159;Millac;2022;162
86160;Mirebeau;2022;561
86161;Moncontour;2022;296
86162;Mondion;2022;42
86163;Montamisé;2022;790
86164;Monthoiron;2022;141
86165;Montmorillon;2022;2220
86167;Monts-sur-Guesnes;2022;278
86169;Morton;2022;59
86170;Moulismes;2022;90
86171;Moussac;2022;131
86172;Mouterre-sur-Blourde;2022;72
86173;Mouterre-Silly;2022;172
86174;Naintré;2022;1530
86175;Nalliers;2022;85
86176;Nérignac;2022;42
86177;Neuville-de-Poitou;2022;1317
86178;Nieuil-l'Espoir;2022;530
86180;Nouaillé-Maupertuis;2022;669
86181;Nueil-sous-Faye;2022;82
86182;Orches;2022;91
86183;Les Ormes;2022;365
86184;Ouzilly;2022;146
86186;Oyré;2022;227
86187;Paizay-le-Sec;2022;67
86189;Payroux;2022;154
86190;Persac;2022;222
86191;Pindray;2022;86
86192;Plaisance;2022;50
86193;Pleumartin;2022;362
86194;Poitiers;2022;14091
86195;Port-de-Piles;2022;121
86196;Pouançay;2022;51
86197;Pouant;2022;96
86198;Pouillé;2022;75
86200;Pressac;2022;195
86201;Prinçay;2022;54
86202;La Puye;2022;249
86203;Queaux;2022;165
86204;Quinçay;2022;472
86205;Ranton;2022;48
86206;Raslay;2022;29
86207;La Roche-Posay;2022;576
86209;Roches-Prémarie-Andillé;2022;429
86210;Roiffé;2022;130
86211;Romagne;2022;232
86213;Rouillé;2022;566
86214;Saint-Benoît;2022;1980
86217;Saint-Christophe;2022;70
86218;Saint-Clair;2022;63
86220;Saint-Gaudent;2022;103
86221;Saint-Genest-d'Ambière;2022;233
86222;Saint-Georges-lès-Baillargeaux;2022;897
86223;Saint-Germain;2022;312
86224;Saint-Gervais-les-Trois-Clochers;2022;373
86225;Saint-Jean-de-Sauves;2022;362
86226;Saint-Julien-l'Ars;2022;572
86227;Saint-Laon;2022;35
86228;Saint-Laurent-de-Jourdes;2022;41
86229;Saint-Léger-de-Montbrillais;2022;90
86230;Saint-Léomer;2022;54
86233;Valdivienne;2022;590
86234;Saint-Martin-l'Ars;2022;152
86235;Saint-Maurice-la-Clouère;2022;236
86236;Saint-Pierre-de-Maillé;2022;311
86237;Saint-Pierre-d'Exideuil;2022;249
86239;Sainte-Radégonde;2022;47
86241;Saint-Rémy-sur-Creuse;2022;112
86242;Saint-Romain;2022;123
86244;Saint-Sauvant;2022;325
86245;Senillé-Saint-Sauveur;2022;502
86246;Saint-Savin;2022;286
86247;Val-de-Comporté;2022;300
86248;Saint-Secondin;2022;140
86249;Saires;2022;35
86250;Saix;2022;55
86252;Sammarçolles;2022;159
86253;Sanxay;2022;158
86254;Saulgé;2022;308
86255;Savigné;2022;415
86256;Savigny-Lévescault;2022;176
86257;Savigny-sous-Faye;2022;72
86258;Scorbé-Clairvaux;2022;593
86260;Sérigny;2022;90
86261;Sèvres-Anxaumont;2022;573
86262;Sillars;2022;137
86263;Smarves;2022;773
86264;Sommières-du-Clain;2022;223
86265;Sossais;2022;90
86266;Surin;2022;44
86268;Tercé;2022;243
86269;Ternay;2022;54
86270;Thollet;2022;71
86271;Thurageau;2022;142
86272;Thuré;2022;748
86273;La Trimouille;2022;321
86274;Les Trois-Moutiers;2022;289
86275;Usseau;2022;126
86276;Usson-du-Poitou;2022;471
86279;Vaux-sur-Vienne;2022;143
86280;Vellèches;2022;85
86281;Saint-Martin-la-Pallu;2022;975
86284;Vernon;2022;107
86285;Verrières;2022;233
86286;Verrue;2022;107
86287;Vézières;2022;96
86288;Vicq-sur-Gartempe;2022;225
86289;Le Vigeant;2022;229
86290;La Villedieu-du-Clain;2022;315
86291;Villemort;2022;26
86292;Villiers;2022;114
86293;Vivonne;2022;871
86294;Vouillé;2022;878
86295;Voulême;2022;136
86296;Voulon;2022;68
86297;Vouneuil-sous-Biard;2022;1292
86298;Vouneuil-sur-Vienne;2022;511
86299;Vouzailles;2022;93
86300;Yversay;2022;51
87001;Aixe-sur-Vienne;2022;1643
87002;Ambazac;2022;1398
87003;Arnac-la-Poste;2022;317
87004;Augne;2022;36
87005;Aureil;2022;204
87006;Azat-le-Ris;2022;95
87007;Balledent;2022;68
87008;La Bazeuge;2022;36
87009;Beaumont-du-Lac;2022;50
87011;Bellac;2022;1396
87012;Berneuil;2022;93
87013;Bersac-sur-Rivalier;2022;157
87014;Bessines-sur-Gartempe;2022;787
87015;Beynac;2022;120
87016;Les Billanges;2022;83
87017;Blanzac;2022;123
87018;Blond;2022;179
87019;Boisseuil;2022;605
87020;Bonnac-la-Côte;2022;255
87021;Bosmie-l'Aiguille;2022;510
87022;Breuilaufa;2022;21
87023;Le Buis;2022;42
87024;Bujaleuf;2022;355
87025;Burgnac;2022;160
87027;Bussière-Galant;2022;489
87028;Val-d'Oire-et-Gartempe;2022;639
87029;Les Cars;2022;208
87030;Chaillac-sur-Vienne;2022;281
87031;Le Chalard;2022;91
87032;Châlus;2022;671
87033;Chamboret;2022;155
87034;Champagnac-la-Rivière;2022;207
87035;Champnétery;2022;127
87036;Champsac;2022;224
87037;La Chapelle-Montbrandeix;2022;103
87038;Chaptelat;2022;388
87039;Château-Chervix;2022;201
87040;Châteauneuf-la-Forêt;2022;586
87041;Châteauponsac;2022;722
87042;Le Châtenet-en-Dognon;2022;96
87043;Cheissoux;2022;44
87044;Chéronnac;2022;120
87045;Cieux;2022;246
87046;Cognac-la-Forêt;2022;240
87047;Compreignac;2022;372
87048;Condat-sur-Vienne;2022;1217
87049;Coussac-Bonneval;2022;414
87050;Couzeix;2022;2502
87051;La Croisille-sur-Briance;2022;234
87052;La Croix-sur-Gartempe;2022;61
87053;Cromac;2022;76
87054;Cussac;2022;515
87056;Dinsac;2022;74
87057;Dompierre-les-Églises;2022;121
87058;Domps;2022;43
87059;Le Dorat;2022;706
87060;Dournazac;2022;248
87061;Droux;2022;140
87062;Eybouleuf;2022;77
87063;Eyjeaux;2022;207
87064;Eymoutiers;2022;730
87065;Feytiat;2022;1651
87066;Flavignac;2022;246
87067;Folles;2022;174
87068;Fromental;2022;135
87069;Gajoubert;2022;52
87070;La Geneytouse;2022;175
87071;Glandon;2022;230
87072;Glanges;2022;107
87073;Gorre;2022;101
87074;Les Grands-Chézeaux;2022;70
87075;Isle;2022;2317
87076;Jabreilles-les-Bordes;2022;45
87077;Janailhac;2022;117
87078;Javerdat;2022;125
87079;La Jonchère-Saint-Maurice;2022;188
87080;Jouac;2022;73
87081;Jourgnac;2022;175
87082;Ladignac-le-Long;2022;420
87083;Laurière;2022;202
87084;Lavignac;2022;31
87085;Limoges;2022;29401
87086;Linards;2022;272
87087;Lussac-les-Églises;2022;184
87088;Magnac-Bourg;2022;302
87089;Magnac-Laval;2022;694
87090;Mailhac-sur-Benaize;2022;103
87091;Maisonnais-sur-Tardoire;2022;155
87092;Marval;2022;220
87093;Masléon;2022;68
87094;Meilhac;2022;57
87095;Meuzac;2022;254
87096;La Meyze;2022;177
87097;Val d'Issoire;2022;375
87099;Moissannes;2022;58
87100;Montrol-Sénard;2022;75
87101;Mortemart;2022;40
87103;Nantiat;2022;485
87104;Nedde;2022;154
87105;Neuvic-Entier;2022;274
87106;Nexon;2022;726
87107;Nieul;2022;431
87108;Nouic;2022;168
87109;Oradour-Saint-Genest;2022;122
87110;Oradour-sur-Glane;2022;609
87111;Oradour-sur-Vayres;2022;548
87112;Pageas;2022;174
87113;Le Palais-sur-Vienne;2022;1681
87114;Panazol;2022;3526
87115;Pensol;2022;65
87116;Peyrat-de-Bellac;2022;344
87117;Peyrat-le-Château;2022;347
87118;Peyrilhac;2022;280
87119;Pierre-Buffière;2022;293
87120;La Porcherie;2022;158
87121;Rancon;2022;130
87122;Razès;2022;255
87123;Rempnat;2022;56
87124;Rilhac-Lastours;2022;97
87125;Rilhac-Rancon;2022;1188
87126;Rochechouart;2022;1328
87127;La Roche-l'Abeille;2022;159
87128;Saint-Pardoux-le-Lac;2022;274
87129;Royères;2022;222
87130;Roziers-Saint-Georges;2022;36
87131;Saillat-sur-Vienne;2022;278
87132;Saint-Amand-le-Petit;2022;37
87133;Saint-Amand-Magnazeix;2022;131
87134;Sainte-Anne-Saint-Priest;2022;46
87135;Saint-Auvent;2022;273
87137;Saint-Bazile;2022;43
87138;Saint-Bonnet-Briance;2022;101
87139;Saint-Bonnet-de-Bellac;2022;159
87140;Saint-Brice-sur-Vienne;2022;336
87141;Saint-Cyr;2022;175
87142;Saint-Denis-des-Murs;2022;117
87143;Saint-Gence;2022;432
87144;Saint-Genest-sur-Roselle;2022;88
87145;Saint-Georges-les-Landes;2022;101
87146;Saint-Germain-les-Belles;2022;374
87147;Saint-Gilles-les-Forêts;2022;14
87148;Saint-Hilaire-Bonneval;2022;165
87149;Saint-Hilaire-la-Treille;2022;112
87150;Saint-Hilaire-les-Places;2022;241
87151;Saint-Jean-Ligoure;2022;78
87152;Saint-Jouvent;2022;304
87153;Saint-Julien-le-Petit;2022;93
87154;Saint-Junien;2022;3238
87155;Saint-Junien-les-Combes;2022;59
87156;Saint-Just-le-Martel;2022;506
87157;Saint-Laurent-les-Églises;2022;157
87158;Saint-Laurent-sur-Gorre;2022;388
87159;Saint-Léger-la-Montagne;2022;81
87160;Saint-Léger-Magnazeix;2022;180
87161;Saint-Léonard-de-Noblat;2022;1473
87162;Sainte-Marie-de-Vaux;2022;41
87163;Saint-Martial-sur-Isop;2022;47
87164;Saint-Martin-de-Jussac;2022;100
87165;Saint-Martin-le-Mault;2022;47
87166;Saint-Martin-le-Vieux;2022;211
87167;Saint-Martin-Terressus;2022;120
87168;Saint-Mathieu;2022;372
87169;Saint-Maurice-les-Brousses;2022;160
87170;Saint-Méard;2022;112
87172;Saint-Ouen-sur-Gartempe;2022;58
87174;Saint-Paul;2022;281
87176;Saint-Priest-Ligoure;2022;142
87177;Saint-Priest-sous-Aixe;2022;403
87178;Saint-Priest-Taurion;2022;682
87179;Saint-Sornin-la-Marche;2022;63
87180;Saint-Sornin-Leulac;2022;205
87181;Saint-Sulpice-Laurière;2022;250
87182;Saint-Sulpice-les-Feuilles;2022;467
87183;Saint-Sylvestre;2022;179
87185;Saint-Victurnien;2022;373
87186;Saint-Vitte-sur-Briance;2022;101
87187;Saint-Yrieix-la-Perche;2022;2462
87188;Saint-Yrieix-sous-Aixe;2022;93
87189;Les Salles-Lavauguyon;2022;43
87190;Sauviat-sur-Vige;2022;312
87191;Séreilhac;2022;389
87192;Solignac;2022;335
87193;Surdoux;2022;23
87194;Sussac;2022;121
87195;Tersannes;2022;48
87197;Thouron;2022;111
87198;Vaulry;2022;84
87199;Vayres;2022;262
87200;Verneuil-Moustiers;2022;54
87201;Verneuil-sur-Vienne;2022;990
87202;Veyrac;2022;376
87203;Vicq-sur-Breuilh;2022;234
87204;Videix;2022;79
87205;Le Vigen;2022;464
87206;Villefavard;2022;50
88001;Les Ableuvenettes;2022;14
88002;Ahéville;2022;16
88003;Aingeville;2022;15
88004;Ainvelle;2022;48
88005;Allarmont;2022;75
88006;Ambacourt;2022;63
88007;Ameuvelle;2022;18
88008;Anglemont;2022;39
88009;Anould;2022;834
88010;Aouze;2022;44
88011;Arches;2022;362
88012;Archettes;2022;270
88013;Aroffe;2022;28
88014;Arrentès-de-Corcieux;2022;42
88015;Attignéville;2022;67
88016;Attigny;2022;64
88017;Aulnois;2022;37
88019;Autigny-la-Tour;2022;36
88020;Autreville;2022;35
88021;Autrey;2022;62
88022;Auzainvilliers;2022;63
88023;Avillers;2022;17
88024;Avrainville;2022;22
88025;Avranville;2022;24
88026;Aydoilles;2022;255
88027;Badménil-aux-Bois;2022;21
88028;La Baffe;2022;131
88029;La Vôge-les-Bains;2022;501
88030;Bainville-aux-Saules;2022;33
88031;Balléville;2022;19
88032;Ban-de-Laveline;2022;324
88033;Ban-de-Sapt;2022;80
88035;Barbey-Seroux;2022;23
88036;Barville;2022;25
88037;Basse-sur-le-Rupt;2022;213
88038;Battexey;2022;9
88039;Baudricourt;2022;66
88040;Bayecourt;2022;60
88041;Bazegney;2022;14
88042;Bazien;2022;20
88043;Bazoilles-et-Ménil;2022;30
88044;Bazoilles-sur-Meuse;2022;135
88045;Beaufremont;2022;22
88046;Beauménil;2022;45
88047;Begnécourt;2022;28
88048;Bellefontaine;2022;170
88049;Belmont-lès-Darney;2022;32
88050;Belmont-sur-Buttant;2022;65
88051;Belmont-sur-Vair;2022;32
88052;Belrupt;2022;25
88053;Belval;2022;46
88054;Bertrimoutier;2022;96
88055;Bettegney-Saint-Brice;2022;23
88056;Bettoncourt;2022;16
88057;Le Beulay;2022;32
88058;Biécourt;2022;26
88059;Biffontaine;2022;91
88060;Blémerey;2022;6
88061;Bleurville;2022;98
88062;Blevaincourt;2022;27
88063;Bocquegney;2022;22
88064;Bois-de-Champ;2022;19
88065;Bonvillet;2022;125
88066;Boulaincourt;2022;10
88068;La Bourgonce;2022;169
88069;Bouxières-aux-Bois;2022;22
88070;Bouxurulles;2022;27
88071;Bouzemont;2022;9
88073;Brantigny;2022;51
88074;Brechainville;2022;12
88075;La Bresse;2022;1365
88076;Brouvelieures;2022;105
88077;Brû;2022;118
88078;Bruyères;2022;924
88079;Bulgnéville;2022;312
88080;Bult;2022;50
88081;Bussang;2022;494
88082;Celles-sur-Plaine;2022;227
88083;Certilleux;2022;70
88084;Chamagne;2022;92
88085;Champdray;2022;63
88086;Champ-le-Duc;2022;140
88087;Chantraine;2022;762
88088;La Chapelle-aux-Bois;2022;142
88089;La Chapelle-devant-Bruyères;2022;115
88090;Charmes;2022;977
88091;Charmois-devant-Bruyères;2022;80
88092;Charmois-l'Orgueilleux;2022;170
88093;Châtas;2022;12
88094;Châtel-sur-Moselle;2022;463
88095;Châtenois;2022;379
88096;Châtillon-sur-Saône;2022;43
88097;Chauffecourt;2022;12
88098;Chaumousey;2022;215
88099;Chavelot;2022;381
88100;Chef-Haut;2022;14
88101;Cheniménil;2022;292
88102;Chermisey;2022;34
88103;Circourt;2022;13
88104;Circourt-sur-Mouzon;2022;63
88105;Claudon;2022;69
88106;Ban-sur-Meurthe-Clefcy;2022;220
88107;Clérey-la-Côte;2022;11
88108;Le Clerjus;2022;150
88109;Cleurie;2022;201
88110;Clézentaine;2022;41
88111;Coinches;2022;99
88113;Combrimont;2022;39
88114;Contrexéville;2022;806
88115;Corcieux;2022;446
88116;Cornimont;2022;996
88117;Courcelles-sous-Châtenois;2022;19
88118;Coussey;2022;162
88119;Crainvilliers;2022;43
88120;La Croix-aux-Mines;2022;132
88121;Damas-aux-Bois;2022;63
88122;Damas-et-Bettegney;2022;69
88123;Damblain;2022;69
88124;Darney;2022;369
88125;Darney-aux-Chênes;2022;16
88126;Darnieulles;2022;278
88127;Deinvillers;2022;13
88128;Denipaire;2022;58
88129;Derbamont;2022;15
88130;Destord;2022;48
88131;Deycimont;2022;64
88132;Deyvillers;2022;349
88133;Dignonville;2022;58
88134;Dinozé;2022;218
88135;Docelles;2022;193
88136;Dogneville;2022;362
88137;Dolaincourt;2022;24
88138;Dombasle-devant-Darney;2022;21
88139;Dombasle-en-Xaintois;2022;18
88140;Dombrot-le-Sec;2022;82
88141;Dombrot-sur-Vair;2022;51
88142;Domèvre-sur-Avière;2022;104
88143;Domèvre-sur-Durbion;2022;65
88144;Domèvre-sous-Montfort;2022;14
88145;Domfaing;2022;58
88146;Domjulien;2022;40
88147;Dommartin-aux-Bois;2022;85
88148;Dommartin-lès-Remiremont;2022;452
88149;Dommartin-lès-Vallois;2022;9
88150;Dommartin-sur-Vraine;2022;113
88151;Dompaire;2022;232
88152;Dompierre;2022;62
88153;Domptail;2022;50
88154;Domrémy-la-Pucelle;2022;34
88155;Domvallier;2022;33
88156;Doncières;2022;28
88157;Dounoux;2022;234
88158;Éloyes;2022;789
88159;Entre-deux-Eaux;2022;122
88160;Épinal;2022;6901
88161;Escles;2022;94
88162;Esley;2022;56
88163;Essegney;2022;219
88164;Estrennes;2022;20
88165;Étival-Clairefontaine;2022;592
88166;Évaux-et-Ménil;2022;70
88167;Faucompierre;2022;52
88168;Fauconcourt;2022;33
88169;Fays;2022;77
88170;Ferdrupt;2022;197
88171;Fignévelle;2022;16
88172;Fiménil;2022;43
88173;Florémont;2022;116
88174;Fomerey;2022;22
88175;Fontenay;2022;103
88176;Fontenoy-le-Château;2022;159
88177;La Forge;2022;132
88178;Les Forges;2022;507
88179;Fouchécourt;2022;19
88180;Frain;2022;37
88181;Fraize;2022;862
88182;Frapelle;2022;35
88183;Frebécourt;2022;66
88184;Fremifontaine;2022;89
88185;Frenelle-la-Grande;2022;32
88186;Frenelle-la-Petite;2022;9
88187;Frénois;2022;12
88188;Fresse-sur-Moselle;2022;475
88189;Fréville;2022;34
88190;Frizon;2022;111
88192;Gelvécourt-et-Adompt;2022;14
88193;Gemaingoutte;2022;30
88194;Gemmelaincourt;2022;33
88195;Gendreville;2022;22
88196;Gérardmer;2022;2551
88197;Gerbamont;2022;53
88198;Gerbépal;2022;122
88199;Gignéville;2022;10
88200;Gigney;2022;16
88201;Girancourt;2022;173
88202;Gircourt-lès-Viéville;2022;40
88203;Girecourt-sur-Durbion;2022;62
88205;Girmont-Val-d'Ajol;2022;61
88206;Gironcourt-sur-Vraine;2022;213
88208;Godoncourt;2022;38
88209;Golbey;2022;1972
88210;Gorhey;2022;23
88212;Grand;2022;118
88213;La Grande-Fosse;2022;34
88214;Grandrupt-de-Bains;2022;14
88215;Grandrupt;2022;24
88216;Grandvillers;2022;165
88218;Granges-Aumontzey;2022;789
88219;Greux;2022;34
88220;Grignoncourt;2022;14
88221;Gruey-lès-Surance;2022;75
88222;Gugnécourt;2022;34
88223;Gugney-aux-Aulx;2022;26
88224;Hadigny-les-Verrières;2022;76
88225;Hadol;2022;497
88226;Hagécourt;2022;31
88227;Hagnéville-et-Roncourt;2022;24
88228;Haillainville;2022;40
88229;Harchéchamp;2022;24
88230;Hardancourt;2022;5
88231;Haréville;2022;95
88232;Harmonville;2022;36
88233;Harol;2022;121
88236;La Haye;2022;40
88237;Hennecourt;2022;69
88238;Hennezel;2022;102
88239;Hergugney;2022;36
88240;Herpelmont;2022;62
88241;Houécourt;2022;88
88242;Houéville;2022;8
88243;Housseras;2022;107
88244;La Houssière;2022;122
88245;Hurbache;2022;66
88246;Hymont;2022;138
88247;Igney;2022;215
88248;Isches;2022;42
88249;Jainvillotte;2022;25
88250;Jarménil;2022;78
88251;Jeanménil;2022;254
88252;Jésonville;2022;29
88253;Jeuxey;2022;164
88254;Jorxey;2022;15
88255;Jubainville;2022;23
88256;Jussarupt;2022;82
88257;Juvaincourt;2022;32
88258;Lamarche;2022;315
88259;Landaville;2022;77
88260;Langley;2022;45
88261;Laval-sur-Vologne;2022;146
88262;Laveline-devant-Bruyères;2022;146
88263;Laveline-du-Houx;2022;51
88264;Légéville-et-Bonfays;2022;8
88265;Lemmecourt;2022;5
88266;Lépanges-sur-Vologne;2022;207
88267;Lerrain;2022;86
88268;Lesseux;2022;32
88269;Liézey;2022;94
88270;Liffol-le-Grand;2022;674
88271;Lignéville;2022;65
88272;Lironcourt;2022;30
88273;Longchamp;2022;88
88274;Longchamp-sous-Châtenois;2022;15
88275;Lubine;2022;47
88276;Lusse;2022;99
88277;Luvigny;2022;24
88278;Maconcourt;2022;33
88279;Madecourt;2022;18
88280;Madegney;2022;25
88281;Madonne-et-Lamerey;2022;70
88283;Malaincourt;2022;21
88284;Mandray;2022;113
88285;Mandres-sur-Vair;2022;145
88286;Marainville-sur-Madon;2022;15
88287;Marey;2022;20
88288;Maroncourt;2022;4
88289;Martigny-les-Bains;2022;253
88290;Martigny-les-Gerbonvaux;2022;26
88291;Martinvelle;2022;51
88292;Mattaincourt;2022;314
88293;Maxey-sur-Meuse;2022;44
88294;Mazeley;2022;60
88295;Mazirot;2022;60
88296;Médonville;2022;23
88297;Méménil;2022;28
88298;Ménarmont;2022;9
88299;Ménil-en-Xaintois;2022;32
88300;Ménil-de-Senones;2022;24
88301;Ménil-sur-Belvitte;2022;63
88302;Le Ménil;2022;294
88303;Midrevaux;2022;51
88304;Mirecourt;2022;1187
88305;Moncel-sur-Vair;2022;63
88306;Le Mont;2022;16
88307;Mont-lès-Lamarche;2022;28
88308;Mont-lès-Neufchâteau;2022;52
88309;Monthureux-le-Sec;2022;56
88310;Monthureux-sur-Saône;2022;290
88311;Montmotier;2022;12
88312;Morelmaison;2022;38
88313;Moriville;2022;90
88314;Morizécourt;2022;32
88315;Mortagne;2022;25
88316;Morville;2022;9
88317;Moussey;2022;153
88318;Moyemont;2022;37
88319;Moyenmoutier;2022;670
88320;Nayemont-les-Fosses;2022;251
88321;Neufchâteau;2022;1940
88322;La Neuveville-devant-Lépanges;2022;69
88324;La Neuveville-sous-Châtenois;2022;78
88325;La Neuveville-sous-Montfort;2022;49
88326;Neuvillers-sur-Fave;2022;79
88327;Nomexy;2022;490
88328;Nompatelize;2022;124
88330;Nonville;2022;42
88331;Nonzeville;2022;16
88332;Norroy;2022;62
88333;Nossoncourt;2022;21
88334;Oëlleville;2022;69
88335;Offroicourt;2022;41
88336;Ollainville;2022;19
88338;Ortoncourt;2022;20
88340;Padoux;2022;93
88341;Pair-et-Grandrupt;2022;123
88342;Pallegney;2022;34
88343;Parey-sous-Montfort;2022;37
88344;Pargny-sous-Mureau;2022;42
88345;La Petite-Fosse;2022;16
88346;La Petite-Raon;2022;175
88347;Pierrefitte;2022;17
88348;Pierrepont-sur-l'Arentèle;2022;27
88349;Plainfaing;2022;408
88350;Pleuvezain;2022;17
88351;Plombières-les-Bains;2022;496
88352;Pompierre;2022;49
88353;Pont-lès-Bonfays;2022;22
88354;Pont-sur-Madon;2022;27
88355;Portieux;2022;344
88356;Les Poulières;2022;30
88357;Poussay;2022;206
88358;Pouxeux;2022;401
88359;Prey;2022;28
88360;Provenchères-lès-Darney;2022;34
88361;Provenchères-et-Colroy;2022;332
88362;Le Puid;2022;34
88363;Punerot;2022;31
88364;Puzieux;2022;37
88365;Racécourt;2022;23
88366;Rainville;2022;80
88367;Rambervillers;2022;1296
88368;Ramecourt;2022;40
88369;Ramonchamp;2022;448
88370;Rancourt;2022;16
88371;Raon-aux-Bois;2022;260
88372;Raon-l'Étape;2022;1572
88373;Raon-sur-Plaine;2022;41
88374;Rapey;2022;4
88375;Raves;2022;117
88376;Rebeuville;2022;61
88377;Regnévelle;2022;40
88378;Regney;2022;20
88379;Rehaincourt;2022;68
88380;Rehaupal;2022;51
88381;Relanges;2022;61
88382;Remicourt;2022;14
88383;Remiremont;2022;2284
88385;Remoncourt;2022;125
88386;Remomeix;2022;129
88387;Removille;2022;60
88388;Renauvoid;2022;22
88389;Repel;2022;27
88390;Robécourt;2022;43
88391;Rochesson;2022;174
88394;Romain-aux-Bois;2022;16
88395;Romont;2022;74
88398;Les Rouges-Eaux;2022;17
88399;Le Roulier;2022;41
88400;Rouvres-en-Xaintois;2022;73
88401;Rouvres-la-Chétive;2022;81
88402;Roville-aux-Chênes;2022;58
88403;Rozerotte;2022;52
88404;Rozières-sur-Mouzon;2022;26
88406;Rugney;2022;15
88407;Ruppes;2022;36
88408;Rupt-sur-Moselle;2022;874
88409;Saint-Amé;2022;474
88410;Sainte-Barbe;2022;48
88411;Saint-Baslemont;2022;18
88412;Saint-Benoît-la-Chipotte;2022;76
88413;Saint-Dié-des-Vosges;2022;4999
88415;Saint-Étienne-lès-Remiremont;2022;1006
88416;Saint-Genest;2022;81
88417;Saint-Gorgon;2022;60
88418;Sainte-Hélène;2022;99
88419;Saint-Jean-d'Ormont;2022;30
88421;Saint-Julien;2022;31
88423;Saint-Léonard;2022;294
88424;Sainte-Marguerite;2022;722
88425;Saint-Maurice-sur-Mortagne;2022;40
88426;Saint-Maurice-sur-Moselle;2022;404
88427;Saint-Menge;2022;37
88428;Saint-Michel-sur-Meurthe;2022;477
88429;Saint-Nabord;2022;922
88430;Saint-Ouen-lès-Parey;2022;111
88431;Saint-Paul;2022;38
88432;Saint-Pierremont;2022;35
88433;Saint-Prancher;2022;12
88434;Saint-Remimont;2022;55
88435;Saint-Remy;2022;124
88436;Saint-Stail;2022;20
88437;Saint-Vallier;2022;14
88438;La Salle;2022;84
88439;Sanchey;2022;218
88440;Sandaucourt;2022;46
88441;Sans-Vallois;2022;17
88442;Sapois;2022;148
88443;Sartes;2022;30
88444;Le Saulcy;2022;93
88445;Saulcy-sur-Meurthe;2022;524
88446;Saulxures-lès-Bulgnéville;2022;47
88447;Saulxures-sur-Moselotte;2022;744
88448;Sauville;2022;47
88449;Savigny;2022;40
88450;Senaide;2022;64
88451;Senones;2022;767
88452;Senonges;2022;41
88453;Seraumont;2022;11
88454;Sercœur;2022;55
88455;Serécourt;2022;26
88456;Serocourt;2022;19
88457;Sionne;2022;34
88458;Socourt;2022;57
88459;Soncourt;2022;12
88460;Soulosse-sous-Saint-Élophe;2022;144
88461;Suriauville;2022;43
88462;Le Syndicat;2022;439
88463;Taintrux;2022;364
88464;Tendon;2022;97
88465;Thaon-les-Vosges;2022;1917
88466;They-sous-Montfort;2022;34
88467;Thiéfosse;2022;159
88468;Le Thillot;2022;1025
88469;Thiraucourt;2022;19
88470;Le Tholy;2022;403
88471;Les Thons;2022;38
88472;Thuillières;2022;26
88473;Tignécourt;2022;41
88474;Tilleux;2022;17
88475;Tollaincourt;2022;39
88476;Totainville;2022;18
88477;Trampot;2022;41
88478;Tranqueville-Graux;2022;15
88479;Trémonzey;2022;65
88480;Ubexy;2022;30
88481;Uriménil;2022;321
88482;Urville;2022;11
88483;Uxegney;2022;459
88484;Uzemain;2022;235
88485;La Vacheresse-et-la-Rouillie;2022;32
88486;Vagney;2022;1107
88487;Le Val-d'Ajol;2022;1257
88488;Valfroicourt;2022;67
88489;Valleroy-aux-Saules;2022;54
88490;Valleroy-le-Sec;2022;40
88491;Les Vallois;2022;14
88492;Le Valtin;2022;25
88493;Varmonzey;2022;7
88494;Vaubexy;2022;26
88495;Vaudéville;2022;35
88496;Vaudoncourt;2022;37
88497;Vaxoncourt;2022;88
88498;Vecoux;2022;247
88499;Velotte-et-Tatignécourt;2022;40
88500;Ventron;2022;209
88501;Le Vermont;2022;23
88502;Vervezelle;2022;28
88503;Vexaincourt;2022;43
88504;Vicherey;2022;45
88505;Vienville;2022;22
88506;Vieux-Moulin;2022;85
88507;Villers;2022;52
88508;Ville-sur-Illon;2022;167
88509;Villoncourt;2022;19
88510;Villotte;2022;42
88511;Villouxel;2022;34
88512;Viménil;2022;24
88513;Vincey;2022;454
88514;Viocourt;2022;42
88515;Vioménil;2022;36
88516;Vittel;2022;1613
88517;Viviers-le-Gras;2022;42
88518;Viviers-lès-Offroicourt;2022;8
88519;La Voivre;2022;174
88520;Les Voivres;2022;63
88521;Vomécourt;2022;73
88522;Vomécourt-sur-Madon;2022;15
88523;Vouxey;2022;29
88524;Vrécourt;2022;57
88525;Vroville;2022;31
88526;Wisembach;2022;106
88527;Xaffévillers;2022;37
88528;Xamontarupt;2022;36
88529;Xaronval;2022;17
88530;Xertigny;2022;691
88531;Xonrupt-Longemer;2022;408
88532;Zincourt;2022;26
89002;Aigremont;2022;14
89003;Montholon;2022;833
89004;Aisy-sur-Armançon;2022;64
89005;Ancy-le-Franc;2022;359
89006;Ancy-le-Libre;2022;60
89007;Andryes;2022;114
89008;Angely;2022;29
89009;Annay-la-Côte;2022;107
89010;Annay-sur-Serein;2022;72
89011;Annéot;2022;24
89012;Annoux;2022;35
89013;Appoigny;2022;874
89014;Arces-Dilo;2022;236
89015;Arcy-sur-Cure;2022;149
89016;Argentenay;2022;26
89017;Argenteuil-sur-Armançon;2022;79
89018;Armeau;2022;187
89019;Arthonnay;2022;55
89020;Asnières-sous-Bois;2022;50
89021;Asquins;2022;97
89022;Athie;2022;24
89023;Augy;2022;209
89024;Auxerre;2022;8447
89025;Avallon;2022;1852
89027;Bagneaux;2022;64
89028;Baon;2022;8
89029;Bassou;2022;154
89030;Bazarnes;2022;86
89031;Beaumont;2022;101
89032;Beauvilliers;2022;15
89033;Beauvoir;2022;75
89034;Beine;2022;85
89035;Bellechaume;2022;90
89036;La Belliole;2022;60
89037;Béon;2022;120
89038;Bernouil;2022;21
89039;Béru;2022;9
89040;Bessy-sur-Cure;2022;59
89041;Beugnon;2022;82
89042;Bierry-les-Belles-Fontaines;2022;53
89043;Blacy;2022;33
89044;Blannay;2022;34
89045;Bleigny-le-Carreau;2022;83
89046;Bléneau;2022;466
89048;Bœurs-en-Othe;2022;86
89049;Bois-d'Arcy;2022;7
89050;Bonnard;2022;196
89051;Les Bordes;2022;106
89053;Branches;2022;80
89054;Brannay;2022;191
89055;Brienon-sur-Armançon;2022;752
89056;Brion;2022;131
89057;Brosses;2022;105
89058;Bussières;2022;34
89059;Bussy-en-Othe;2022;218
89060;Bussy-le-Repos;2022;80
89061;Butteaux;2022;61
89062;Carisey;2022;123
89063;La Celle-Saint-Cyr;2022;155
89064;Censy;2022;12
89065;Cérilly;2022;20
89066;Cerisiers;2022;200
89067;Cézy;2022;287
89068;Chablis;2022;516
89069;Chailley;2022;127
89071;Chamoux;2022;35
89072;Champcevrais;2022;151
89073;Champignelles;2022;319
89074;Champigny;2022;420
89075;Champlay;2022;172
89076;Champlost;2022;198
89077;Champs-sur-Yonne;2022;493
89079;Chamvres;2022;165
89080;La Chapelle-sur-Oreuse;2022;149
89081;La Chapelle-Vaupelteigne;2022;21
89083;Charbuy;2022;420
89084;Charentenay;2022;52
89085;Charmoy;2022;265
89086;Charny Orée de Puisaye;2022;1673
89087;Chassignelles;2022;82
89088;Chassy;2022;102
89089;Chastellux-sur-Cure;2022;42
89091;Châtel-Censoir;2022;244
89092;Châtel-Gérard;2022;72
89093;Chaumont;2022;134
89094;Chaumot;2022;133
89095;Chemilly-sur-Serein;2022;27
89096;Chemilly-sur-Yonne;2022;201
89098;Cheney;2022;49
89099;Cheny;2022;524
89100;Chéroy;2022;439
89101;Chéu;2022;95
89102;Chevannes;2022;550
89104;Chichée;2022;47
89105;Chichery;2022;100
89108;Chitry;2022;88
89111;Les Clérimois;2022;58
89112;Collan;2022;41
89113;Collemiers;2022;111
89115;Compigny;2022;25
89116;Cornant;2022;75
89117;Coulangeron;2022;22
89118;Coulanges-la-Vineuse;2022;235
89119;Coulanges-sur-Yonne;2022;212
89120;Coulours;2022;43
89122;Courgenay;2022;157
89123;Courgis;2022;60
89124;Courlon-sur-Yonne;2022;288
89125;Courson-les-Carrières;2022;204
89126;Courtoin;2022;10
89127;Courtois-sur-Yonne;2022;181
89128;Coutarnoux;2022;26
89129;Crain;2022;122
89130;Deux Rivières;2022;296
89131;Cruzy-le-Châtel;2022;73
89132;Cry;2022;47
89133;Cudot;2022;86
89134;Cussy-les-Forges;2022;69
89136;Cuy;2022;169
89137;Dannemoine;2022;122
89139;Diges;2022;241
89141;Dissangis;2022;24
89142;Dixmont;2022;198
89143;Dollot;2022;60
89144;Domats;2022;189
89145;Domecy-sur-Cure;2022;117
89146;Domecy-sur-le-Vault;2022;19
89147;Dracy;2022;78
89148;Druyes-les-Belles-Fontaines;2022;95
89149;Dyé;2022;40
89150;Égleny;2022;115
89151;Égriselles-le-Bocage;2022;307
89152;Épineau-les-Voves;2022;126
89153;Épineuil;2022;179
89154;Escamps;2022;134
89155;Escolives-Sainte-Camille;2022;162
89156;Esnon;2022;80
89158;Étais-la-Sauvin;2022;228
89159;Étaule;2022;91
89160;Étigny;2022;203
89161;Étivey;2022;60
89162;Évry;2022;70
89163;La Ferté-Loupière;2022;178
89164;Festigny;2022;34
89165;Flacy;2022;46
89167;Fleury-la-Vallée;2022;222
89168;Fleys;2022;27
89169;Flogny-la-Chapelle;2022;279
89170;Foissy-lès-Vézelay;2022;39
89171;Foissy-sur-Vanne;2022;59
89172;Fontaine-la-Gaillarde;2022;110
89173;Fontaines;2022;111
89175;Fontenay-près-Chablis;2022;29
89176;Fontenay-près-Vézelay;2022;37
89177;Fontenay-sous-Fouronnes;2022;21
89179;Fontenoy;2022;99
89180;Fouchères;2022;120
89181;Fournaudin;2022;48
89182;Fouronnes;2022;37
89183;Fresnes;2022;23
89184;Fulvy;2022;40
89186;Germigny;2022;131
89187;Gigny;2022;32
89188;Girolles;2022;44
89189;Gisy-les-Nobles;2022;134
89190;Givry;2022;44
89191;Gland;2022;26
89194;Grimault;2022;39
89195;Gron;2022;258
89196;Valravillon;2022;285
89197;Guillon-Terre-Plaine;2022;249
89198;Gurgy;2022;459
89199;Gy-l'Évêque;2022;109
89200;Hauterive;2022;74
89201;Héry;2022;400
89202;Irancy;2022;68
89203;Island;2022;44
89204;L'Isle-sur-Serein;2022;214
89205;Jaulges;2022;93
89206;Joigny;2022;2213
89207;Jouancy;2022;6
89208;Joux-la-Ville;2022;166
89209;Jouy;2022;69
89210;Jully;2022;46
89211;Junay;2022;28
89212;Jussy;2022;102
89214;Lailly;2022;47
89215;Lain;2022;63
89216;Lainsecq;2022;111
89217;Lalande;2022;21
89218;Laroche-Saint-Cydroine;2022;327
89219;Lasson;2022;39
89220;Lavau;2022;160
89221;Leugny;2022;74
89222;Levis;2022;57
89223;Lézinnes;2022;231
89224;Lichères-près-Aigremont;2022;37
89225;Lichères-sur-Yonne;2022;8
89226;Lignorelles;2022;32
89227;Ligny-le-Châtel;2022;329
89228;Lindry;2022;263
89229;Lixy;2022;80
89230;Looze;2022;79
89232;Lucy-le-Bois;2022;68
89233;Lucy-sur-Cure;2022;68
89234;Lucy-sur-Yonne;2022;40
89235;Magny;2022;222
89236;Maillot;2022;320
89237;Mailly-la-Ville;2022;156
89238;Mailly-le-Château;2022;212
89239;Malay-le-Grand;2022;480
89240;Malay-le-Petit;2022;83
89242;Maligny;2022;146
89244;Marmeaux;2022;25
89245;Marsangy;2022;177
89246;Massangis;2022;114
89247;Mélisey;2022;88
89248;Menades;2022;9
89249;Mercy;2022;13
89250;Méré;2022;40
89251;Merry-la-Vallée;2022;99
89252;Merry-Sec;2022;38
89253;Merry-sur-Yonne;2022;76
89254;Mézilles;2022;175
89255;Michery;2022;226
89256;Migé;2022;86
89257;Migennes;2022;1632
89259;Môlay;2022;33
89261;Molinons;2022;60
89262;Molosmes;2022;37
89263;Monéteau;2022;1265
89264;Montacher-Villegardin;2022;150
89265;Montigny-la-Resle;2022;110
89266;Montillot;2022;94
89267;Montréal;2022;54
89268;Mont-Saint-Sulpice;2022;160
89270;Mouffy;2022;27
89271;Moulins-en-Tonnerrois;2022;44
89272;Moulins-sur-Ouanne;2022;66
89273;Moutiers-en-Puisaye;2022;88
89274;Nailly;2022;282
89276;Neuvy-Sautour;2022;247
89277;Nitry;2022;74
89278;Noé;2022;93
89279;Noyers;2022;224
89280;Nuits;2022;94
89281;Les Ormes;2022;76
89282;Ormoy;2022;169
89283;Ouanne;2022;174
89284;Pacy-sur-Armançon;2022;67
89285;Pailly;2022;49
89286;Parly;2022;160
89287;Paron;2022;975
89288;Paroy-en-Othe;2022;46
89289;Paroy-sur-Tholon;2022;65
89290;Pasilly;2022;16
89291;Passy;2022;63
89292;Percey;2022;62
89295;Perrigny;2022;459
89296;Perrigny-sur-Armançon;2022;38
89297;Pierre-Perthuis;2022;32
89298;Piffonds;2022;126
89299;Pimelles;2022;7
89300;Pisy;2022;24
89302;Plessis-Saint-Jean;2022;61
89303;Poilly-sur-Serein;2022;66
89304;Poilly-sur-Tholon;2022;116
89306;Pontaubert;2022;120
89307;Pontigny;2022;188
89308;Pont-sur-Vanne;2022;54
89309;Pont-sur-Yonne;2022;877
89310;La Postolle;2022;40
89311;Pourrain;2022;362
89312;Précy-le-Sec;2022;45
89313;Précy-sur-Vrin;2022;113
89314;Prégilbert;2022;44
89315;Préhy;2022;25
89316;Provency;2022;48
89318;Quarré-les-Tombes;2022;229
89319;Quenne;2022;97
89320;Quincerot;2022;23
89321;Ravières;2022;232
89323;Roffey;2022;36
89324;Rogny-les-Sept-Écluses;2022;265
89325;Ronchères;2022;24
89326;Rosoy;2022;208
89327;Rousson;2022;90
89328;Rouvray;2022;73
89329;Rugny;2022;24
89331;Sainpuits;2022;108
89332;Saint-Agnan;2022;190
89333;Saint-André-en-Terre-Plaine;2022;46
89334;Le Val d'Ocre;2022;158
89335;Saint-Aubin-sur-Yonne;2022;105
89336;Saint-Brancher;2022;87
89337;Saint-Bris-le-Vineux;2022;322
89338;Saint-Clément;2022;875
89339;Sainte-Colombe;2022;43
89341;Saint-Cyr-les-Colons;2022;76
89342;Saint-Denis-lès-Sens;2022;207
89344;Saint-Fargeau;2022;501
89345;Saint-Florentin;2022;1182
89346;Saint-Georges-sur-Baulche;2022;1189
89347;Saint-Germain-des-Champs;2022;100
89348;Saint-Julien-du-Sault;2022;615
89349;Saint-Léger-Vauban;2022;129
89350;Saint-Loup-d'Ordon;2022;60
89351;Sainte-Magnance;2022;99
89352;Saint-Martin-des-Champs;2022;95
89353;Saint-Martin-d'Ordon;2022;83
89354;Saint-Martin-du-Tertre;2022;395
89355;Saint-Martin-sur-Armançon;2022;40
89359;Saint-Maurice-aux-Riches-Hommes;2022;172
89360;Saint-Maurice-le-Vieil;2022;102
89361;Saint-Maurice-Thizouaille;2022;42
89362;Saint-Moré;2022;62
89363;Sainte-Pallaye;2022;19
89364;Saint-Père;2022;99
89365;Saint-Privé;2022;165
89367;Saints-en-Puisaye;2022;153
89368;Saint-Sauveur-en-Puisaye;2022;382
89369;Saint-Sérotin;2022;86
89370;Saint-Valérien;2022;454
89371;Sainte-Vertu;2022;27
89373;Saligny;2022;191
89374;Sambourg;2022;14
89375;Santigny;2022;20
89376;Sarry;2022;34
89377;Sauvigny-le-Beuréal;2022;28
89378;Sauvigny-le-Bois;2022;166
89379;Savigny-en-Terre-Plaine;2022;42
89380;Savigny-sur-Clairis;2022;175
89382;Seignelay;2022;374
89383;Sementron;2022;33
89384;Senan;2022;190
89385;Sennevoy-le-Bas;2022;41
89386;Sennevoy-le-Haut;2022;37
89387;Sens;2022;6131
89388;Sépeaux-Saint Romain;2022;136
89390;Serbonnes;2022;123
89391;Sergines;2022;315
89392;Sermizelles;2022;65
89393;Serrigny;2022;26
89394;Sery;2022;24
89395;Les Sièges;2022;90
89397;Sommecaise;2022;81
89398;Sormery;2022;105
89399;Soucy;2022;388
89400;Sougères-en-Puisaye;2022;97
89402;Soumaintrain;2022;63
89403;Stigny;2022;31
89404;Subligny;2022;127
89405;Les Hauts de Forterre;2022;119
89406;Talcy;2022;24
89407;Tanlay;2022;347
89408;Tannerre-en-Puisaye;2022;81
89409;Tharoiseau;2022;21
89410;Tharot;2022;23
89411;Les Vallées de la Vanne;2022;233
89412;Thizy;2022;78
89413;Thorey;2022;21
89414;Thorigny-sur-Oreuse;2022;391
89415;Thory;2022;44
89416;Thury;2022;167
89417;Tissey;2022;28
89418;Tonnerre;2022;1154
89419;Toucy;2022;838
89420;Treigny-Perreuse-Sainte-Colombe;2022;362
89422;Trichey;2022;12
89423;Tronchoy;2022;55
89424;Trucy-sur-Yonne;2022;28
89425;Turny;2022;202
89426;Val-de-Mercy;2022;85
89427;Vallan;2022;152
89428;Vallery;2022;133
89430;Varennes;2022;55
89431;Vassy-sous-Pisy;2022;17
89432;Vaudeurs;2022;112
89433;Vault-de-Lugny;2022;92
89434;Vaumort;2022;56
89436;Venizy;2022;172
89437;Venouse;2022;55
89438;Venoy;2022;401
89439;Vergigny;2022;351
89440;Verlin;2022;83
89441;Vermenton;2022;395
89442;Vernoy;2022;47
89443;Véron;2022;388
89445;Vézannes;2022;12
89446;Vézelay;2022;155
89447;Vézinnes;2022;41
89449;Villeblevin;2022;367
89450;Villebougis;2022;115
89451;Villechétive;2022;53
89452;Villecien;2022;90
89453;Villefargeau;2022;346
89456;Villemanoche;2022;142
89458;Villenavotte;2022;47
89459;Villeneuve-la-Dondagre;2022;59
89460;Villeneuve-la-Guyard;2022;637
89461;Villeneuve-l'Archevêque;2022;294
89462;Villeneuve-les-Genêts;2022;67
89463;Villeneuve-Saint-Salves;2022;71
89464;Villeneuve-sur-Yonne;2022;1481
89465;Villeperrot;2022;64
89466;Villeroy;2022;56
89467;Villethierry;2022;110
89468;Villevallier;2022;97
89469;Perceneige;2022;240
89470;Villiers-les-Hauts;2022;41
89471;Villiers-Louis;2022;86
89472;Villiers-Saint-Benoît;2022;123
89474;Villiers-Vineux;2022;58
89475;Villon;2022;37
89477;Villy;2022;22
89478;Vincelles;2022;215
89479;Vincelottes;2022;79
89480;Vinneuf;2022;296
89481;Vireaux;2022;22
89482;Viviers;2022;25
89483;Voisines;2022;123
89485;Voutenay-sur-Cure;2022;44
89486;Yrouerre;2022;37
90001;Andelnans;2022;286
90002;Angeot;2022;67
90003;Anjoutey;2022;121
90004;Argiésans;2022;83
90005;Auxelles-Bas;2022;100
90006;Auxelles-Haut;2022;80
90007;Banvillars;2022;66
90008;Bavilliers;2022;1366
90009;Beaucourt;2022;1149
90010;Belfort;2022;8234
90011;Bermont;2022;70
90012;Bessoncourt;2022;236
90013;Bethonvilliers;2022;31
90014;Boron;2022;72
90015;Botans;2022;56
90016;Bourg-sous-Châtelet;2022;48
90017;Bourogne;2022;270
90018;Brebotte;2022;56
90019;Bretagne;2022;57
90020;Buc;2022;73
90021;Charmois;2022;63
90022;Châtenois-les-Forges;2022;679
90023;Chaux;2022;237
90024;Chavanatte;2022;23
90025;Chavannes-les-Grands;2022;69
90026;Chèvremont;2022;266
90027;Courcelles;2022;33
90028;Courtelevant;2022;85
90029;Cravanche;2022;468
90030;Croix;2022;34
90031;Cunelières;2022;58
90032;Danjoutin;2022;703
90033;Delle;2022;1193
90034;Denney;2022;163
90035;Dorans;2022;118
90036;Eguenigue;2022;78
90037;Éloie;2022;245
90039;Essert;2022;895
90041;Étueffont;2022;320
90042;Évette-Salbert;2022;575
90043;Faverois;2022;93
90044;Felon;2022;56
90045;Fêche-l'Église;2022;165
90046;Florimont;2022;108
90047;Fontaine;2022;103
90048;Fontenelle;2022;35
90049;Foussemagne;2022;113
90050;Frais;2022;46
90051;Froidefontaine;2022;88
90052;Giromagny;2022;833
90053;Grandvillars;2022;639
90054;Grosmagny;2022;148
90055;Grosne;2022;56
90056;Joncherey;2022;319
90057;Lachapelle-sous-Chaux;2022;174
90058;Lachapelle-sous-Rougemont;2022;66
90059;Lacollonge;2022;53
90060;Lagrange;2022;36
90061;Lamadeleine-Val-des-Anges;2022;7
90062;Larivière;2022;48
90063;Lebetain;2022;109
90064;Lepuix-Neuf;2022;54
90065;Lepuix;2022;254
90066;Leval;2022;47
90067;Menoncourt;2022;55
90068;Meroux-Moval;2022;263
90069;Méziré;2022;262
90070;Montbouton;2022;100
90071;Montreux-Château;2022;224
90072;Morvillars;2022;212
90074;Novillard;2022;54
90075;Offemont;2022;775
90076;Pérouse;2022;235
90077;Petit-Croix;2022;60
90078;Petitefontaine;2022;35
90079;Petitmagny;2022;73
90080;Phaffans;2022;91
90081;Réchésy;2022;162
90082;Autrechêne;2022;40
90083;Recouvrance;2022;15
90084;Reppe;2022;62
90085;Riervescemont;2022;10
90086;Romagny-sous-Rougemont;2022;57
90087;Roppe;2022;202
90088;Rougegoutte;2022;252
90089;Rougemont-le-Château;2022;370
90090;Saint-Dizier-l'Évêque;2022;99
90091;Saint-Germain-le-Châtelet;2022;130
90093;Sermamagny;2022;212
90094;Sevenans;2022;105
90095;Suarce;2022;77
90096;Thiancourt;2022;49
90097;Trévenans;2022;275
90098;Urcerey;2022;69
90099;Valdoie;2022;1224
90100;Vauthiermont;2022;52
90101;Vellescot;2022;31
90102;Vescemont;2022;171
90103;Vétrigne;2022;127
90104;Vézelois;2022;219
90105;Villars-le-Sec;2022;18
91001;Abbéville-la-Rivière;2022;48
91016;Angerville;2022;660
91017;Angervilliers;2022;291
91021;Arpajon;2022;1978
91022;Arrancourt;2022;25
91027;Athis-Mons;2022;4866
91035;Authon-la-Plaine;2022;58
91037;Auvernaux;2022;57
91038;Auvers-Saint-Georges;2022;224
91041;Avrainville;2022;123
91044;Ballainvilliers;2022;762
91045;Ballancourt-sur-Essonne;2022;1578
91047;Baulne;2022;242
91064;Bièvres;2022;746
91067;Blandy;2022;20
91069;Boigneville;2022;89
91075;Bois-Herpin;2022;18
91079;Boissy-la-Rivière;2022;99
91080;Boissy-le-Cutté;2022;223
91081;Boissy-le-Sec;2022;105
91085;Boissy-sous-Saint-Yon;2022;629
91086;Bondoufle;2022;1701
91093;Boullay-les-Troux;2022;124
91095;Bouray-sur-Juine;2022;398
91097;Boussy-Saint-Antoine;2022;1238
91098;Boutervilliers;2022;58
91099;Boutigny-sur-Essonne;2022;693
91100;Bouville;2022;140
91103;Brétigny-sur-Orge;2022;3465
91105;Breuillet;2022;1459
91106;Breux-Jouy;2022;250
91109;Brières-les-Scellés;2022;215
91111;Briis-sous-Forges;2022;646
91112;Brouy;2022;28
91114;Brunoy;2022;4787
91115;Bruyères-le-Châtel;2022;604
91121;Buno-Bonnevaux;2022;97
91122;Bures-sur-Yvette;2022;2161
91129;Cerny;2022;688
91130;Chalo-Saint-Mars;2022;216
91131;Chalou-Moulineux;2022;92
91132;Chamarande;2022;164
91135;Champcueil;2022;684
91136;Champlan;2022;437
91137;Champmotteux;2022;61
91145;Chatignonville;2022;7
91148;Chauffour-lès-Étréchy;2022;16
91156;Cheptainville;2022;309
91159;Chevannes;2022;219
91161;Chilly-Mazarin;2022;2708
91174;Corbeil-Essonnes;2022;5850
91175;Corbreuse;2022;324
91179;Le Coudray-Montceaux;2022;772
91180;Courances;2022;80
91184;Courdimanche-sur-Essonne;2022;73
91186;Courson-Monteloup;2022;116
91191;Crosne;2022;1426
91195;Dannemois;2022;171
91198;D'Huison-Longueville;2022;262
91200;Dourdan;2022;1938
91201;Draveil;2022;5683
91204;Écharcon;2022;143
91207;Égly;2022;984
91215;Épinay-sous-Sénart;2022;1480
91216;Épinay-sur-Orge;2022;2089
91223;Étampes;2022;3686
91225;Étiolles;2022;713
91226;Étréchy;2022;1561
91228;Évry-Courcouronnes;2022;7931
91232;La Ferté-Alais;2022;632
91235;Fleury-Mérogis;2022;591
91240;Fontaine-la-Rivière;2022;26
91243;Fontenay-lès-Briis;2022;280
91244;Fontenay-le-Vicomte;2022;199
91247;La Forêt-le-Roi;2022;70
91248;La Forêt-Sainte-Croix;2022;30
91249;Forges-les-Bains;2022;600
91272;Gif-sur-Yvette;2022;4280
91273;Gironville-sur-Essonne;2022;107
91274;Gometz-la-Ville;2022;222
91275;Gometz-le-Châtel;2022;448
91284;Les Granges-le-Roi;2022;196
91286;Grigny;2022;2507
91292;Guibeville;2022;82
91293;Guigneville-sur-Essonne;2022;171
91294;Guillerval;2022;137
91312;Igny;2022;1782
91315;Itteville;2022;972
91318;Janville-sur-Juine;2022;345
91319;Janvry;2022;113
91326;Juvisy-sur-Orge;2022;2225
91330;Lardy;2022;891
91332;Leudeville;2022;293
91333;Leuville-sur-Orge;2022;640
91338;Limours;2022;1387
91339;Linas;2022;1055
91340;Lisses;2022;1274
91345;Longjumeau;2022;3322
91347;Longpont-sur-Orge;2022;1025
91359;Maisse;2022;558
91363;Marcoussis;2022;1537
91374;Marolles-en-Beauce;2022;33
91376;Marolles-en-Hurepoix;2022;999
91377;Massy;2022;6470
91378;Mauchamps;2022;54
91386;Mennecy;2022;2558
91390;Le Mérévillois;2022;716
91393;Mérobert;2022;89
91399;Mespuits;2022;31
91405;Milly-la-Forêt;2022;1330
91408;Moigny-sur-École;2022;259
91411;Les Molières;2022;384
91412;Mondeville;2022;124
91414;Monnerville;2022;62
91421;Montgeron;2022;4337
91425;Montlhéry;2022;1222
91432;Morangis;2022;2504
91433;Morigny-Champigny;2022;1055
91434;Morsang-sur-Orge;2022;3221
91435;Morsang-sur-Seine;2022;111
91441;Nainville-les-Roches;2022;79
91457;La Norville;2022;870
91458;Nozay;2022;582
91461;Ollainville;2022;639
91463;Oncy-sur-École;2022;239
91468;Ormoy;2022;221
91469;Ormoy-la-Rivière;2022;194
91471;Orsay;2022;2892
91473;Orveau;2022;16
91477;Palaiseau;2022;5223
91479;Paray-Vieille-Poste;2022;1666
91482;Pecqueuse;2022;119
91494;Le Plessis-Pâté;2022;699
91495;Plessis-Saint-Benoist;2022;59
91507;Prunay-sur-Essonne;2022;83
91508;Puiselet-le-Marais;2022;42
91511;Pussay;2022;360
91514;Quincy-sous-Sénart;2022;1813
91519;Richarville;2022;98
91521;Ris-Orangis;2022;4104
91525;Roinville;2022;271
91526;Roinvilliers;2022;14
91533;Saclas;2022;358
91534;Saclay;2022;670
91538;Saint-Aubin;2022;153
91540;Saint-Chéron;2022;888
91544;Saint-Cyr-la-Rivière;2022;106
91546;Saint-Cyr-sous-Dourdan;2022;198
91547;Saint-Escobille;2022;64
91549;Sainte-Geneviève-des-Bois;2022;6339
91552;Saint-Germain-lès-Arpajon;2022;1332
91553;Saint-Germain-lès-Corbeil;2022;1482
91556;Saint-Hilaire;2022;67
91560;Saint-Jean-de-Beauregard;2022;69
91568;Saint-Maurice-Montcouronne;2022;265
91570;Saint-Michel-sur-Orge;2022;3296
91573;Saint-Pierre-du-Perray;2022;1150
91577;Saintry-sur-Seine;2022;1102
91578;Saint-Sulpice-de-Favières;2022;79
91579;Saint-Vrain;2022;751
91581;Saint-Yon;2022;185
91587;Saulx-les-Chartreux;2022;916
91589;Savigny-sur-Orge;2022;5954
91593;Sermaise;2022;312
91599;Soisy-sur-École;2022;244
91600;Soisy-sur-Seine;2022;1849
91602;Souzy-la-Briche;2022;57
91613;Congerville-Thionville;2022;34
91617;Tigery;2022;330
91619;Torfou;2022;61
91629;Valpuiseaux;2022;124
91630;Le Val-Saint-Germain;2022;283
91631;Varennes-Jarcy;2022;441
91634;Vaugrigneuse;2022;268
91635;Vauhallan;2022;436
91639;Vayres-sur-Essonne;2022;183
91645;Verrières-le-Buisson;2022;3643
91648;Vert-le-Grand;2022;327
91649;Vert-le-Petit;2022;312
91654;Videlles;2022;143
91657;Vigneux-sur-Seine;2022;4215
91659;Villabé;2022;768
91661;Villebon-sur-Yvette;2022;2054
91662;Villeconin;2022;148
91665;La Ville-du-Bois;2022;1120
91666;Villejust;2022;257
91667;Villemoisson-sur-Orge;2022;1382
91671;Villeneuve-sur-Auvers;2022;113
91679;Villiers-le-Bâcle;2022;200
91685;Villiers-sur-Orge;2022;786
91687;Viry-Châtillon;2022;4826
91689;Wissous;2022;1118
91691;Yerres;2022;5397
91692;Les Ulis;2022;3511
92002;Antony;2022;11100
92004;Asnières-sur-Seine;2022;11024
92007;Bagneux;2022;5487
92009;Bois-Colombes;2022;4055
92012;Boulogne-Billancourt;2022;20960
92014;Bourg-la-Reine;2022;3903
92019;Châtenay-Malabry;2022;5262
92020;Châtillon;2022;5769
92022;Chaville;2022;3030
92023;Clamart;2022;9303
92024;Clichy;2022;7796
92025;Colombes;2022;11768
92026;Courbevoie;2022;12173
92032;Fontenay-aux-Roses;2022;4226
92033;Garches;2022;3685
92035;La Garenne-Colombes;2022;4108
92036;Gennevilliers;2022;6612
92040;Issy-les-Moulineaux;2022;9632
92044;Levallois-Perret;2022;10268
92046;Malakoff;2022;4604
92047;Marnes-la-Coquette;2022;309
92048;Meudon;2022;8362
92049;Montrouge;2022;7532
92050;Nanterre;2022;12082
92051;Neuilly-sur-Seine;2022;13530
92060;Le Plessis-Robinson;2022;4663
92062;Puteaux;2022;6324
92063;Rueil-Malmaison;2022;13332
92064;Saint-Cloud;2022;5414
92071;Sceaux;2022;4321
92072;Sèvres;2022;4104
92073;Suresnes;2022;6550
92075;Vanves;2022;4962
92076;Vaucresson;2022;1765
92077;Ville-d'Avray;2022;2042
92078;Villeneuve-la-Garenne;2022;3488
93001;Aubervilliers;2022;9268
93005;Aulnay-sous-Bois;2022;11633
93006;Bagnolet;2022;5150
93007;Le Blanc-Mesnil;2022;7184
93008;Bobigny;2022;6486
93010;Bondy;2022;6924
93013;Le Bourget;2022;2179
93014;Clichy-sous-Bois;2022;3033
93015;Coubron;2022;940
93027;La Courneuve;2022;4502
93029;Drancy;2022;9533
93030;Dugny;2022;1059
93031;Épinay-sur-Seine;2022;6432
93032;Gagny;2022;5607
93033;Gournay-sur-Marne;2022;1236
93039;L'Île-Saint-Denis;2022;1159
93045;Les Lilas;2022;3932
93046;Livry-Gargan;2022;6627
93047;Montfermeil;2022;3883
93048;Montreuil;2022;14483
93049;Neuilly-Plaisance;2022;3457
93050;Neuilly-sur-Marne;2022;4782
93051;Noisy-le-Grand;2022;9796
93053;Noisy-le-Sec;2022;5531
93055;Pantin;2022;6998
93057;Les Pavillons-sous-Bois;2022;3053
93061;Le Pré-Saint-Gervais;2022;2542
93062;Le Raincy;2022;2498
93063;Romainville;2022;4043
93064;Rosny-sous-Bois;2022;6254
93066;Saint-Denis;2022;15807
93070;Saint-Ouen-sur-Seine;2022;5782
93071;Sevran;2022;6750
93072;Stains;2022;3848
93073;Tremblay-en-France;2022;5207
93074;Vaujours;2022;851
93077;Villemomble;2022;4174
93078;Villepinte;2022;4377
93079;Villetaneuse;2022;1514
94001;Ablon-sur-Seine;2022;836
94002;Alfortville;2022;6846
94003;Arcueil;2022;2877
94004;Boissy-Saint-Léger;2022;2365
94011;Bonneuil-sur-Marne;2022;2642
94015;Bry-sur-Marne;2022;3036
94016;Cachan;2022;4826
94017;Champigny-sur-Marne;2022;11033
94018;Charenton-le-Pont;2022;5040
94019;Chennevières-sur-Marne;2022;3174
94021;Chevilly-Larue;2022;3147
94022;Choisy-le-Roi;2022;5909
94028;Créteil;2022;13394
94033;Fontenay-sous-Bois;2022;8160
94034;Fresnes;2022;3394
94037;Gentilly;2022;2417
94038;L'Haÿ-les-Roses;2022;5795
94041;Ivry-sur-Seine;2022;7794
94042;Joinville-le-Pont;2022;3326
94043;Le Kremlin-Bicêtre;2022;3495
94044;Limeil-Brévannes;2022;3335
94046;Maisons-Alfort;2022;8903
94047;Mandres-les-Roses;2022;896
94048;Marolles-en-Brie;2022;966
94052;Nogent-sur-Marne;2022;6026
94053;Noiseau;2022;865
94054;Orly;2022;3138
94055;Ormesson-sur-Marne;2022;2382
94056;Périgny;2022;379
94058;Le Perreux-sur-Marne;2022;6107
94059;Le Plessis-Trévise;2022;3336
94060;La Queue-en-Brie;2022;1679
94065;Rungis;2022;1037
94067;Saint-Mandé;2022;4206
94068;Saint-Maur-des-Fossés;2022;15815
94069;Saint-Maurice;2022;2253
94070;Santeny;2022;800
94071;Sucy-en-Brie;2022;5445
94073;Thiais;2022;5013
94074;Valenton;2022;1721
94075;Villecresnes;2022;2253
94076;Villejuif;2022;7856
94077;Villeneuve-le-Roi;2022;3246
94078;Villeneuve-Saint-Georges;2022;3765
94079;Villiers-sur-Marne;2022;4584
94080;Vincennes;2022;7808
94081;Vitry-sur-Seine;2022;13352
95002;Ableiges;2022;194
95008;Aincourt;2022;203
95011;Ambleville;2022;59
95012;Amenucourt;2022;31
95014;Andilly;2022;535
95018;Argenteuil;2022;14239
95019;Arnouville;2022;2090
95023;Arronville;2022;110
95024;Arthies;2022;38
95026;Asnières-sur-Oise;2022;487
95028;Attainville;2022;227
95039;Auvers-sur-Oise;2022;1293
95040;Avernes;2022;159
95042;Baillet-en-France;2022;334
95046;Banthelu;2022;18
95051;Beauchamp;2022;1784
95052;Beaumont-sur-Oise;2022;1357
95054;Le Bellay-en-Vexin;2022;24
95055;Bellefontaine;2022;149
95056;Belloy-en-France;2022;284
95058;Bernes-sur-Oise;2022;372
95059;Berville;2022;58
95060;Bessancourt;2022;1220
95061;Béthemont-la-Forêt;2022;93
95063;Bezons;2022;4089
95074;Boisemont;2022;122
95078;Boissy-l'Aillerie;2022;311
95088;Bonneuil-en-France;2022;120
95091;Bouffémont;2022;1013
95094;Bouqueval;2022;50
95101;Bray-et-Lû;2022;180
95102;Bréançon;2022;81
95110;Brignancourt;2022;47
95116;Bruyères-sur-Oise;2022;473
95119;Buhy;2022;40
95120;Butry-sur-Oise;2022;332
95127;Cergy;2022;5970
95134;Champagne-sur-Oise;2022;760
95139;La Chapelle-en-Vexin;2022;41
95141;Charmont;2022;3
95142;Chars;2022;297
95144;Châtenay-en-France;2022;8
95149;Chaumontel;2022;643
95150;Chaussy;2022;82
95151;Chauvry;2022;52
95154;Chennevières-lès-Louvres;2022;25
95157;Chérence;2022;45
95166;Cléry-en-Vexin;2022;51
95169;Commeny;2022;94
95170;Condécourt;2022;100
95176;Cormeilles-en-Parisis;2022;3974
95177;Cormeilles-en-Vexin;2022;187
95181;Courcelles-sur-Viosne;2022;49
95183;Courdimanche;2022;686
95197;Deuil-la-Barre;2022;3615
95199;Domont;2022;2555
95203;Eaubonne;2022;4275
95205;Écouen;2022;1002
95210;Enghien-les-Bains;2022;2586
95211;Ennery;2022;496
95212;Épiais-lès-Louvres;2022;16
95213;Épiais-Rhus;2022;158
95214;Épinay-Champlâtreux;2022;13
95218;Éragny;2022;2568
95219;Ermont;2022;4852
95229;Ézanville;2022;1689
95241;Fontenay-en-Parisis;2022;326
95250;Fosses;2022;1307
95252;Franconville;2022;5609
95253;Frémainville;2022;86
95254;Frémécourt;2022;62
95256;Frépillon;2022;470
95257;La Frette-sur-Seine;2022;805
95258;Frouville;2022;75
95268;Garges-lès-Gonesse;2022;4558
95270;Genainville;2022;98
95271;Génicourt;2022;95
95277;Gonesse;2022;3421
95280;Goussainville;2022;3727
95287;Grisy-les-Plâtres;2022;108
95288;Groslay;2022;1183
95295;Guiry-en-Vexin;2022;30
95298;Haravilliers;2022;82
95301;Haute-Isle;2022;49
95303;Le Heaulme;2022;41
95304;Hédouville;2022;66
95306;Herblay-sur-Seine;2022;4177
95308;Hérouville-en-Vexin;2022;94
95309;Hodent;2022;39
95313;L'Isle-Adam;2022;3207
95316;Jagny-sous-Bois;2022;43
95323;Jouy-le-Moutier;2022;1867
95328;Labbeville;2022;97
95331;Lassy;2022;20
95341;Livilliers;2022;70
95348;Longuesse;2022;98
95351;Louvres;2022;1369
95352;Luzarches;2022;828
95353;Maffliers;2022;190
95355;Magny-en-Vexin;2022;981
95365;Mareil-en-France;2022;76
95369;Margency;2022;572
95370;Marines;2022;583
95371;Marly-la-Ville;2022;895
95379;Maudétour-en-Vexin;2022;38
95387;Menouville;2022;17
95388;Menucourt;2022;830
95392;Mériel;2022;857
95394;Méry-sur-Oise;2022;1223
95395;Le Mesnil-Aubry;2022;125
95409;Moisselles;2022;160
95422;Montgeroult;2022;77
95424;Montigny-lès-Cormeilles;2022;2696
95426;Montlignon;2022;556
95427;Montmagny;2022;1803
95428;Montmorency;2022;4114
95429;Montreuil-sur-Epte;2022;67
95430;Montsoult;2022;761
95436;Mours;2022;279
95438;Moussy;2022;15
95445;Nerville-la-Forêt;2022;140
95446;Nesles-la-Vallée;2022;410
95447;Neuilly-en-Vexin;2022;29
95450;Neuville-sur-Oise;2022;415
95452;Nointel;2022;143
95456;Noisy-sur-Oise;2022;124
95459;Nucourt;2022;115
95462;Omerville;2022;68
95476;Osny;2022;2889
95480;Parmain;2022;999
95483;Le Perchay;2022;72
95487;Persan;2022;1430
95488;Pierrelaye;2022;1237
95489;Piscop;2022;128
95491;Le Plessis-Bouchard;2022;1437
95492;Le Plessis-Gassot;2022;12
95493;Le Plessis-Luzarches;2022;40
95500;Pontoise;2022;4068
95504;Presles;2022;755
95509;Puiseux-en-France;2022;535
95510;Puiseux-Pontoise;2022;73
95523;La Roche-Guyon;2022;80
95527;Roissy-en-France;2022;290
95529;Ronquerolles;2022;179
95535;Sagy;2022;252
95539;Saint-Brice-sous-Forêt;2022;2152
95541;Saint-Clair-sur-Epte;2022;224
95543;Saint-Cyr-en-Arthies;2022;44
95554;Saint-Gervais;2022;176
95555;Saint-Gratien;2022;3834
95563;Saint-Leu-la-Forêt;2022;2826
95566;Saint-Martin-du-Tertre;2022;420
95572;Saint-Ouen-l'Aumône;2022;3162
95574;Saint-Prix;2022;1435
95580;Saint-Witz;2022;477
95582;Sannois;2022;3943
95584;Santeuil;2022;106
95585;Sarcelles;2022;7708
95592;Seraincourt;2022;256
95594;Seugy;2022;195
95598;Soisy-sous-Montmorency;2022;3288
95604;Survilliers;2022;521
95607;Taverny;2022;4257
95610;Théméricourt;2022;46
95611;Theuville;2022;1
95612;Le Thillay;2022;714
95625;Us;2022;240
95627;Vallangoujard;2022;98
95628;Valmondois;2022;220
95633;Vaudherland;2022;9
95637;Vauréal;2022;1828
95641;Vémars;2022;347
95651;Vétheuil;2022;210
95652;Viarmes;2022;1097
95656;Vienne-en-Arthies;2022;97
95658;Vigny;2022;185
95660;Villaines-sous-Bois;2022;128
95675;Villeron;2022;105
95676;Villers-en-Arthies;2022;83
95678;Villiers-Adam;2022;146
95680;Villiers-le-Bel;2022;3022
95682;Villiers-le-Sec;2022;21
95690;Wy-dit-Joli-Village;2022;73
97101;Les Abymes;2022;9882
97102;Anse-Bertrand;2022;1196
97103;Baie-Mahault;2022;4708
97104;Baillif;2022;1322
97105;Basse-Terre;2022;2241
97106;Bouillante;2022;1738
97107;Capesterre-Belle-Eau;2022;4403
97108;Capesterre-de-Marie-Galante;2022;953
97109;Gourbeyre;2022;1762
97110;La Désirade;2022;412
97111;Deshaies;2022;1066
97112;Grand-Bourg;2022;1246
97113;Le Gosier;2022;5721
97114;Goyave;2022;1100
97115;Lamentin;2022;2981
97116;Morne-à-l'Eau;2022;3770
97117;Le Moule;2022;4955
97118;Petit-Bourg;2022;4375
97119;Petit-Canal;2022;1750
97120;Pointe-à-Pitre;2022;2718
97121;Pointe-Noire;2022;1547
97122;Port-Louis;2022;1419
97124;Saint-Claude;2022;2400
97125;Saint-François;2022;2731
97126;Saint-Louis;2022;772
97128;Sainte-Anne;2022;5220
97129;Sainte-Rose;2022;3886
97130;Terre-de-Bas;2022;345
97131;Terre-de-Haut;2022;378
97132;Trois-Rivières;2022;1991
97133;Vieux-Fort;2022;417
97134;Vieux-Habitants;2022;1880
97201;L'Ajoupa-Bouillon;2022;427
97202;Les Anses-d'Arlet;2022;982
97203;Basse-Pointe;2022;913
97204;Le Carbet;2022;981
97205;Case-Pilote;2022;983
97206;Le Diamant;2022;1198
97207;Ducos;2022;3495
97208;Fonds-Saint-Denis;2022;211
97209;Fort-de-France;2022;17081
97210;Le François;2022;3852
97211;Grand'Rivière;2022;186
97212;Gros-Morne;2022;2559
97213;Le Lamentin;2022;7167
97214;Le Lorrain;2022;1938
97215;Macouba;2022;292
97216;Le Marigot;2022;836
97217;Le Marin;2022;2009
97218;Le Morne-Rouge;2022;1259
97219;Le Prêcheur;2022;418
97220;Rivière-Pilote;2022;2834
97221;Rivière-Salée;2022;2556
97222;Le Robert;2022;4524
97223;Saint-Esprit;2022;2350
97224;Saint-Joseph;2022;3840
97225;Saint-Pierre;2022;968
97226;Sainte-Anne;2022;1178
97227;Sainte-Luce;2022;1938
97228;Sainte-Marie;2022;3852
97229;Schœlcher;2022;4339
97230;La Trinité;2022;2703
97231;Les Trois-Îlets;2022;1384
97232;Le Vauclin;2022;2413
97233;Le Morne-Vert;2022;565
97234;Bellefontaine;2022;361
97301;Régina;2022;75
97302;Cayenne;2022;5837
97303;Iracoubo;2022;152
97304;Kourou;2022;1502
97305;Macouria;2022;1033
97306;Mana;2022;463
97307;Matoury;2022;2793
97308;Saint-Georges;2022;236
97309;Remire-Montjoly;2022;2499
97310;Roura;2022;300
97311;Saint-Laurent-du-Maroni;2022;1694
97312;Sinnamary;2022;314
97313;Montsinéry-Tonnegrande;2022;287
97314;Ouanary;2022;14
97352;Saül;2022;18
97353;Maripasoula;2022;197
97356;Camopi;2022;48
97357;Grand-Santi;2022;237
97358;Saint-Élie;2022;6
97360;Apatou;2022;243
97361;Awala-Yalimapo;2022;95
97362;Papaichton;2022;125
97401;Les Avirons;2022;1525
97402;Bras-Panon;2022;1606
97403;Entre-Deux;2022;1077
97404;L'Étang-Salé;2022;1919
97405;Petite-Île;2022;2188
97406;La Plaine-des-Palmistes;2022;978
97407;Le Port;2022;4576
97408;La Possession;2022;3559
97409;Saint-André;2022;6194
97410;Saint-Benoît;2022;4752
97411;Saint-Denis;2022;22063
97412;Saint-Joseph;2022;6111
97413;Saint-Leu;2022;4650
97414;Saint-Louis;2022;6817
97415;Saint-Paul;2022;14967
97416;Saint-Pierre;2022;11449
97417;Saint-Philippe;2022;765
97418;Sainte-Marie;2022;4143
97419;Sainte-Rose;2022;948
97420;Sainte-Suzanne;2022;2740
97421;Salazie;2022;928
97422;Le Tampon;2022;11364
97423;Les Trois-Bassins;2022;1027
97424;Cilaos;2022;789
97601;Acoua;2022;
97602;Bandraboua;2022;
97603;Bandrele;2022;
97604;Bouéni;2022;
97605;Chiconi;2022;
97606;Chirongui;2022;
97607;Dembeni;2022;
97608;Dzaoudzi;2022;
97609;Kani-Kéli;2022;
97610;Koungou;2022;
97611;Mamoudzou;2022;
97612;Mtsamboro;2022;
97613;M'Tsangamouji;2022;
97614;Ouangani;2022;
97615;Pamandzi;2022;
97616;Sada;2022;
97617;Tsingoni;2022;